id,grupo,nombre,descripcion,termino
1,programa,Generación programada PBF Hidráulica UGH,"<p>Es el programa de energía diario, con desglose horario, de las diferentes Unidades de Programación correspondientes a ventas y adquisiciones de energía en el sistema eléctrico peninsular español. En concreto este indicador se refiere a las unidades de programación con tipo de producción hidráulic",D+1
2,programa,Generación programada PBF Hidráulica no UGH,"<p>Es el programa de energía diario, con desglose horario, de las diferentes Unidades de Programación correspondientes a ventas y adquisiciones de energía en el sistema eléctrico peninsular español. En concreto este indicador se refiere a las unidades de programación con tipo de producción hidráulic",D+1
3,programa,Generación programada PBF Turbinación bombeo,"<p>Es el programa de energía diario, con desglose horario, de las diferentes Unidades de Programación correspondientes a ventas y adquisiciones de energía en el sistema eléctrico peninsular español. En concreto este indicador se refiere a las unidades de programación con tipo de producción turbinaci",D+1
4,programa,Generación programada PBF Nuclear,"<p>Es el programa de energía diario, con desglose horario, de las diferentes Unidades de Programación correspondientes a ventas y adquisiciones de energía en el sistema eléctrico peninsular español. En concreto este indicador se refiere a las unidades de programación con tipo de producción nuclear.<",D+1
5,programa,Generación programada PBF Hulla antracita Anexo II RD 134/2010,"<p>Es el programa de energía diario, con desglose horario, de las diferentes Unidades de Programación correspondientes a ventas y adquisiciones de energía en el sistema eléctrico peninsular español. En concreto este indicador se refiere a las unidades de programación con tipo de producción Hulla ant",D+1
6,programa,Generación programada PBF Hulla sub-bituminosa Anexo II RD 134/2010,"<p>Es el programa de energía diario, con desglose horario, de las diferentes Unidades de Programación correspondientes a ventas y adquisiciones de energía en el sistema eléctrico peninsular español. En concreto este indicador se refiere a las unidades de programación con tipo de producción Hulla sub",D+1
7,programa,Generación programada PBF Hulla antracita,"<p>Es el programa de energía diario, con desglose horario, de las diferentes Unidades de Programación correspondientes a ventas y adquisiciones de energía en el sistema eléctrico peninsular español. En concreto este indicador se refiere a las unidades de programación con tipo de producción Hulla ant",D+1
8,programa,Generación programada PBF Hulla sub-bituminosa,"<p>Es el programa de energía diario, con desglose horario, de las diferentes Unidades de Programación correspondientes a ventas y adquisiciones de energía en el sistema eléctrico peninsular español. En concreto este indicador se refiere a las unidades de programación con tipo de producción Hulla sub",D+1
9,programa,Generación programada PBF Ciclo combinado,"<p>Es el programa de energía diario, con desglose horario, de las diferentes Unidades de Programación correspondientes a ventas y adquisiciones de energía en el sistema eléctrico peninsular español. En concreto este indicador se refiere a las unidades de programación con tipo de producción ciclo com",D+1
10,programa,Generación programada PBF Fuel,"<p>Es el programa de energía diario, con desglose horario, de las diferentes Unidades de Programación correspondientes a ventas y adquisiciones de energía en el sistema eléctrico peninsular español. En concreto este indicador se refiere a las unidades de programación con tipo de producción fuel.</p>",D+1
11,programa,Generación programada PBF Gas Natural - Turbina de vapor,"<p>Es el programa de energía diario, con desglose horario, de las diferentes Unidades de Programación correspondientes a ventas y adquisiciones de energía en el sistema eléctrico peninsular español. En concreto este indicador se refiere a las unidades de programación con tipo de producción gas natur",D+1
12,programa,Generación programada PBF Eólica terrestre,"<p>Es el programa de energía diario, con desglose horario, de las diferentes Unidades de Programación correspondientes a ventas y adquisiciones de energía en el sistema eléctrico peninsular español. En concreto este indicador se refiere a las unidades de programación con tipo de producción eólica te",D+1
13,programa,Generación programada PBF Eólica marina,"<p>Es el programa de energía diario, con desglose horario, de las diferentes Unidades de Programación correspondientes a ventas y adquisiciones de energía en el sistema eléctrico peninsular español. En concreto este indicador se refiere a las unidades de programación con tipo de producción eólica ma",D+1
14,programa,Generación programada PBF Solar fotovoltaica,"<p>Es el programa de energía diario, con desglose horario, de las diferentes Unidades de Programación correspondientes a ventas y adquisiciones de energía en el sistema eléctrico peninsular español. En concreto este indicador se refiere a las unidades de programación con tipo de producción solar fot",D+1
15,programa,Generación programada PBF Solar térmica,"<p>Es el programa de energía diario, con desglose horario, de las diferentes Unidades de Programación correspondientes a ventas y adquisiciones de energía en el sistema eléctrico peninsular español. En concreto este indicador se refiere a las unidades de programación con tipo de producción solar tér",D+1
16,programa,Generación programada PBF Océano y geotérmica,"<p>Es el programa de energ&iacute;a diario, con desglose horario, de las diferentes Unidades de Programaci&oacute;n correspondientes a ventas y adquisiciones de energ&iacute;a en el sistema el&eacute;ctrico peninsular espa&ntilde;ol. En concreto este indicador se refiere a las unidades de programaci",D+1
17,programa,Generación programada PBF Gas Natural Cogeneración,"<p>Es el programa de energía diario, con desglose horario, de las diferentes Unidades de Programación correspondientes a ventas y adquisiciones de energía en el sistema eléctrico peninsular español. En concreto este indicador se refiere a las unidades de programación con tipo de producción gas natur",D+1
18,programa,Generación programada PBF Derivados del petróleo ó carbón,"<p>Es el programa de energía diario, con desglose horario, de las diferentes Unidades de Programación correspondientes a ventas y adquisiciones de energía en el sistema eléctrico peninsular español. En concreto este indicador se refiere a las unidades de programación con tipo de producción derivados",D+1
19,programa,Generación programada PBF Subproductos minería,"<p>Es el programa de energía diario, con desglose horario, de las diferentes Unidades de Programación correspondientes a ventas y adquisiciones de energía en el sistema eléctrico peninsular español. En concreto este indicador se refiere a las unidades de programación con tipo de producción subproduc",D+1
20,programa,Generación programada PBF Energía residual,"<p>Es el programa de energía diario, con desglose horario, de las diferentes Unidades de Programación correspondientes a ventas y adquisiciones de energía en el sistema eléctrico peninsular español. En concreto este indicador se refiere a las unidades de programación con tipo de producción energía r",D+1
21,programa,Generación programada PBF Biomasa,"<p>Es el programa de energía diario, con desglose horario, de las diferentes Unidades de Programación correspondientes a ventas y adquisiciones de energía en el sistema eléctrico peninsular español. En concreto este indicador se refiere a las unidades de programación con tipo de producción biomasa.<",D+1
22,programa,Generación programada PBF Biogás,"<p>Es el programa de energ&iacute;a diario, con desglose horario, de las diferentes Unidades de Programaci&oacute;n correspondientes a ventas y adquisiciones de energ&iacute;a en el sistema el&eacute;ctrico peninsular espa&ntilde;ol. En concreto este indicador se refiere a las unidades de programaci",D+1
23,programa,Generación programada PBF Residuos domésticos y similares,"<p>Es el programa de energía diario, con desglose horario, de las diferentes Unidades de Programación correspondientes a ventas y adquisiciones de energía en el sistema eléctrico peninsular español. En concreto este indicador se refiere a las unidades de programación con tipo de producción residuos",D+1
24,programa,Generación programada PBF Residuos varios,"<p>Es el programa de energía diario, con desglose horario, de las diferentes Unidades de Programación correspondientes a ventas y adquisiciones de energía en el sistema eléctrico peninsular español. En concreto este indicador se refiere a las unidades de programación con tipo de producción residuos",D+1
25,programa,Generación programada PBF Consumo bombeo,"<p>Es el programa de energía diario, con desglose horario, de las diferentes Unidades de Programación correspondientes a ventas y adquisiciones de energía en el sistema eléctrico peninsular español. En concreto este indicador se refiere a las unidades de programación con tipo de producción consumo b",D+1
26,programa,Generación programada PBF Enlace Baleares,"<p>Es el programa de energía diario, con desglose horario, de las diferentes Unidades de Programación correspondientes a ventas y adquisiciones de energía en el sistema eléctrico peninsular español. En concreto este indicador se refiere a las unidades de programación del enlace Baleares.</p><p>Este",D+1
27,programa,Generación programada PBF Genéricas,"<p>Es el programa de energía diario, con desglose horario, de las diferentes Unidades de Programación correspondientes a ventas y adquisiciones de energía en el sistema eléctrico peninsular español. En concreto este indicador se refiere a las unidades de programación con tipo genéricas.</p><p>Este p",D+1
28,programa,Generación programada PBF Importación Francia,"<p>Es el programa de energía diario, con desglose horario, de las diferentes Unidades de Programación correspondientes a ventas y adquisiciones de energía en el sistema eléctrico peninsular español. En concreto este indicador se refiere a las unidades de programación de importación con Francia.</p><",D+1
29,programa,Generación programada PBF Importación Portugal,"<p>Es el programa de energía diario, con desglose horario, de las diferentes Unidades de Programación correspondientes a ventas y adquisiciones de energía en el sistema eléctrico peninsular español. En concreto este indicador se refiere a las unidades de programación de importación con Portugal.</p>",D+1
30,programa,Generación programada PBF Importación Marruecos,"<p>Es el programa de energía diario, con desglose horario, de las diferentes Unidades de Programación correspondientes a ventas y adquisiciones de energía en el sistema eléctrico peninsular español. En concreto este indicador se refiere a las unidades de programación de importación con Marruecos.</p",D+1
31,programa,Generación programada PBF Importación Andorra,"<p>Es el programa de energía diario, con desglose horario, de las diferentes Unidades de Programación correspondientes a ventas y adquisiciones de energía en el sistema eléctrico peninsular español. En concreto este indicador se refiere a las unidades de programación de importación con Andorra.</p><",D+1
32,programa,Generación programada PBF Exportación Francia,"<p>Es el programa de energía diario, con desglose horario, de las diferentes Unidades de Programación correspondientes a ventas y adquisiciones de energía en el sistema eléctrico peninsular español. En concreto este indicador se refiere a las unidades de programación de exportación con Francia.</p><",D+1
33,programa,Generación programada PBF Exportación Portugal,"<p>Es el programa de energía diario, con desglose horario, de las diferentes Unidades de Programación correspondientes a ventas y adquisiciones de energía en el sistema eléctrico peninsular español. En concreto este indicador se refiere a las unidades de programación de exportación con Portugal.</p>",D+1
34,programa,Generación programada PBF Exportación Marruecos,"<p>Es el programa de energía diario, con desglose horario, de las diferentes Unidades de Programación correspondientes a ventas y adquisiciones de energía en el sistema eléctrico peninsular español. En concreto este indicador se refiere a las unidades de programación de exportación con Marruecos.</p",D+1
35,programa,Generación programada PBF Exportación Andorra,"<p>Es el programa de energía diario, con desglose horario, de las diferentes Unidades de Programación correspondientes a ventas y adquisiciones de energía en el sistema eléctrico peninsular español. En concreto este indicador se refiere a las unidades de programación de exportación con Andorra.</p><",D+1
36,programa,Generación programada PVP Hidráulica UGH,"<p>Energía correspondiente al programa diario, con desglose por periodos de programación, que incorpora las modificaciones introducidas en el PDBF para la resolución de las restricciones técnicas identificadas por criterios de seguridad y para el reequilibrio posterior generación-demanda.</p><p>En c",D+1
37,programa,Generación programada PVP Hidráulica no UGH,"<p>Energía correspondiente al programa diario, con desglose por periodos de programación, que incorpora las modificaciones introducidas en el PDBF para la resolución de las restricciones técnicas identificadas por criterios de seguridad y para el reequilibrio posterior generación-demanda.</p><p>En c",D+1
38,programa,Generación programada PVP Turbinación bombeo,"<p>Energía correspondiente al programa diario, con desglose por periodos de programación, que incorpora las modificaciones introducidas en el PDBF para la resolución de las restricciones técnicas identificadas por criterios de seguridad y para el reequilibrio posterior generación-demanda.</p><p>En c",D+1
39,programa,Generación programada PVP Nuclear,"<p>Energía correspondiente al programa diario, con desglose por periodos de programación, que incorpora las modificaciones introducidas en el PDBF para la resolución de las restricciones técnicas identificadas por criterios de seguridad y para el reequilibrio posterior generación-demanda.</p><p>En c",D+1
40,programa,Generación programada PVP Hulla antracita Anexo II RD 134/2010,"<p>Energía correspondiente al programa diario, con desglose por periodos de programación, que incorpora las modificaciones introducidas en el PDBF para la resolución de las restricciones técnicas identificadas por criterios de seguridad y para el reequilibrio posterior generación-demanda.</p><p>En c",D+1
41,programa,Generación programada PVP Hulla sub-bituminosa Anexo II RD 134/2010,"<p>Energía correspondiente al programa diario, con desglose por periodos de programación, que incorpora las modificaciones introducidas en el PDBF para la resolución de las restricciones técnicas identificadas por criterios de seguridad y para el reequilibrio posterior generación-demanda.</p><p>En c",D+1
42,programa,Generación programada PVP Hulla antracita,"<p>Energía correspondiente al programa diario, con desglose por periodos de programación, que incorpora las modificaciones introducidas en el PDBF para la resolución de las restricciones técnicas identificadas por criterios de seguridad y para el reequilibrio posterior generación-demanda.</p><p>En c",D+1
43,programa,Generación programada PVP Hulla sub-bituminosa,"<p>Energía correspondiente al programa diario, con desglose por periodos de programación, que incorpora las modificaciones introducidas en el PDBF para la resolución de las restricciones técnicas identificadas por criterios de seguridad y para el reequilibrio posterior generación-demanda.</p><p>En c",D+1
44,programa,Generación programada PVP Ciclo combinado,"<p>Energía correspondiente al programa diario, con desglose por periodos de programación, que incorpora las modificaciones introducidas en el PDBF para la resolución de las restricciones técnicas identificadas por criterios de seguridad y para el reequilibrio posterior generación-demanda.</p><p>En c",D+1
45,programa,Generación programada PVP Fuel,"<p>Energía correspondiente al programa diario, con desglose por periodos de programación, que incorpora las modificaciones introducidas en el PDBF para la resolución de las restricciones técnicas identificadas por criterios de seguridad y para el reequilibrio posterior generación-demanda.</p><p>En c",D+1
46,programa,Generación programada PVP Gas Natural - Turbina de vapor,"<p>Energía correspondiente al programa diario, con desglose por periodos de programación, que incorpora las modificaciones introducidas en el PDBF para la resolución de las restricciones técnicas identificadas por criterios de seguridad y para el reequilibrio posterior generación-demanda.</p><p>En c",D+1
47,programa,Generación programada PVP Eólica terrestre,"<p>Energía correspondiente al programa diario, con desglose por periodos de programación, que incorpora las modificaciones introducidas en el PDBF para la resolución de las restricciones técnicas identificadas por criterios de seguridad y para el reequilibrio posterior generación-demanda.</p><p>En c",D+1
48,programa,Generación programada PVP Eólica marina,"<p>Energía correspondiente al programa diario, con desglose por periodos de programación, que incorpora las modificaciones introducidas en el PDBF para la resolución de las restricciones técnicas identificadas por criterios de seguridad y para el reequilibrio posterior generación-demanda.</p><p>En c",D+1
49,programa,Generación programada PVP Solar fotovoltaica,"<p>Energía correspondiente al programa diario, con desglose por periodos de programación, que incorpora las modificaciones introducidas en el PDBF para la resolución de las restricciones técnicas identificadas por criterios de seguridad y para el reequilibrio posterior generación-demanda.</p><p>En c",D+1
50,programa,Generación programada PVP Solar térmica,"<p>Energía correspondiente al programa diario, con desglose por periodos de programación, que incorpora las modificaciones introducidas en el PDBF para la resolución de las restricciones técnicas identificadas por criterios de seguridad y para el reequilibrio posterior generación-demanda.</p><p>En c",D+1
51,programa,Generación programada PVP Océano y geotérmica,"<p>Energ&iacute;a correspondiente al programa diario, con desglose por periodos de programaci&oacute;n, que incorpora las modificaciones introducidas en el PDBF para la resoluci&oacute;n de las restricciones t&eacute;cnicas identificadas por criterios de seguridad y para el reequilibrio posterior ge",D+1
52,programa,Generación programada PVP Gas Natural Cogeneración,"<p>Energía correspondiente al programa diario, con desglose por periodos de programación, que incorpora las modificaciones introducidas en el PDBF para la resolución de las restricciones técnicas identificadas por criterios de seguridad y para el reequilibrio posterior generación-demanda.</p><p>En c",D+1
53,programa,Generación programada PVP Derivados del petróleo ó carbón,"<p>Energía correspondiente al programa diario, con desglose por periodos de programación, que incorpora las modificaciones introducidas en el PDBF para la resolución de las restricciones técnicas identificadas por criterios de seguridad y para el reequilibrio posterior generación-demanda.</p><p>En c",D+1
54,programa,Generación programada PVP Subproductos minería,"<p>Energía correspondiente al programa diario, con desglose por periodos de programación, que incorpora las modificaciones introducidas en el PDBF para la resolución de las restricciones técnicas identificadas por criterios de seguridad y para el reequilibrio posterior generación-demanda.</p><p>En c",D+1
55,programa,Generación programada PVP Energía residual,"<p>Energía correspondiente al programa diario, con desglose por periodos de programación, que incorpora las modificaciones introducidas en el PDBF para la resolución de las restricciones técnicas identificadas por criterios de seguridad y para el reequilibrio posterior generación-demanda.</p><p>En c",D+1
56,programa,Generación programada PVP Biomasa,"<p>Energía correspondiente al programa diario, con desglose por periodos de programación, que incorpora las modificaciones introducidas en el PDBF para la resolución de las restricciones técnicas identificadas por criterios de seguridad y para el reequilibrio posterior generación-demanda.</p><p>En c",D+1
57,programa,Generación programada PVP Biogás,"<p>Energ&iacute;a correspondiente al programa diario, con desglose por periodos de programaci&oacute;n, que incorpora las modificaciones introducidas en el PDBF para la resoluci&oacute;n de las restricciones t&eacute;cnicas identificadas por criterios de seguridad y para el reequilibrio posterior ge",D+1
58,programa,Generación programada PVP Residuos domésticos y similares,"<p>Energía correspondiente al programa diario, con desglose por periodos de programación, que incorpora las modificaciones introducidas en el PDBF para la resolución de las restricciones técnicas identificadas por criterios de seguridad y para el reequilibrio posterior generación-demanda.</p><p>En c",D+1
59,programa,Generación programada PVP Residuos varios,"<p>Energía correspondiente al programa diario, con desglose por periodos de programación, que incorpora las modificaciones introducidas en el PDBF para la resolución de las restricciones técnicas identificadas por criterios de seguridad y para el reequilibrio posterior generación-demanda.</p><p>En c",D+1
60,programa,Generación programada PVP Consumo bombeo,"<p>Energía correspondiente al programa diario, con desglose por periodos de programación, que incorpora las modificaciones introducidas en el PDBF para la resolución de las restricciones técnicas identificadas por criterios de seguridad y para el reequilibrio posterior generación-demanda.</p><p>En c",D+1
61,programa,Generación programada PVP Enlace Baleares,"<p>Energía correspondiente al programa diario, con desglose por periodos de programación, que incorpora las modificaciones introducidas en el PDBF para la resolución de las restricciones técnicas identificadas por criterios de seguridad y para el reequilibrio posterior generación-demanda.</p><p>En c",D+1
62,programa,Generación programada PVP Genéricas,"<p>Energía correspondiente al programa diario, con desglose por periodos de programación, que incorpora las modificaciones introducidas en el PDBF para la resolución de las restricciones técnicas identificadas por criterios de seguridad y para el reequilibrio posterior generación-demanda.</p><p>En c",D+1
63,programa,Generación programada PVP Importación Francia,"<p>Energía correspondiente al programa diario, con desglose por periodos de programación, que incorpora las modificaciones introducidas en el PDBF para la resolución de las restricciones técnicas identificadas por criterios de seguridad y para el reequilibrio posterior generación-demanda.</p><p>En c",D+1
64,programa,Generación programada PVP Importación Portugal,"<p>Energía correspondiente al programa diario, con desglose por periodos de programación, que incorpora las modificaciones introducidas en el PDBF para la resolución de las restricciones técnicas identificadas por criterios de seguridad y para el reequilibrio posterior generación-demanda.</p><p>En c",D+1
65,programa,Generación programada PVP Importación Marruecos,"<p>Energía correspondiente al programa diario, con desglose por periodos de programación, que incorpora las modificaciones introducidas en el PDBF para la resolución de las restricciones técnicas identificadas por criterios de seguridad y para el reequilibrio posterior generación-demanda.</p><p>En c",D+1
66,programa,Generación programada PVP Importación Andorra,"<p>Energía correspondiente al programa diario, con desglose por periodos de programación, que incorpora las modificaciones introducidas en el PDBF para la resolución de las restricciones técnicas identificadas por criterios de seguridad y para el reequilibrio posterior generación-demanda.</p><p>En c",D+1
67,programa,Generación programada PVP Exportación Francia,"<p>Energía correspondiente al programa diario, con desglose por periodos de programación, que incorpora las modificaciones introducidas en el PDBF para la resolución de las restricciones técnicas identificadas por criterios de seguridad y para el reequilibrio posterior generación-demanda.</p><p>En c",D+1
68,programa,Generación programada PVP Exportación Portugal,"<p>Energía correspondiente al programa diario, con desglose por periodos de programación, que incorpora las modificaciones introducidas en el PDBF para la resolución de las restricciones técnicas identificadas por criterios de seguridad y para el reequilibrio posterior generación-demanda.</p><p>En c",D+1
69,programa,Generación programada PVP Exportación Marruecos,"<p>Energía correspondiente al programa diario, con desglose por periodos de programación, que incorpora las modificaciones introducidas en el PDBF para la resolución de las restricciones técnicas identificadas por criterios de seguridad y para el reequilibrio posterior generación-demanda.</p><p>En c",D+1
70,programa,Generación programada PVP Exportación Andorra,"<p>Energía correspondiente al programa diario, con desglose por periodos de programación, que incorpora las modificaciones introducidas en el PDBF para la resolución de las restricciones técnicas identificadas por criterios de seguridad y para el reequilibrio posterior generación-demanda.</p><p>En c",D+1
71,programa,Generación programada P48 Hidráulica UGH,<p>Energía correspondiente al programa operativo que el OS establece en cada período hasta el final del horizonte de programación diario.</p><p>En concreto este indicador se refiere a las unidades de programación con tipo de producción Hidráulica UGH .</p><p><b>Publicación:</b> cada hora en torno al,D+1
72,programa,Generación programada P48 Hidráulica no UGH,<p>Energía correspondiente al programa operativo que el OS establece en cada período hasta el final del horizonte de programación diario.</p><p>En concreto este indicador se refiere a las unidades de programación con tipo de producción Hidráulica no UGH .</p><p><b>Publicación:</b> cada hora en torno,D+1
73,programa,Generación programada P48 Turbinación bombeo,<p>Energía correspondiente al programa operativo que el OS establece en cada período hasta el final del horizonte de programación diario.</p><p>En concreto este indicador se refiere a las unidades de programación con tipo de producción Turbinación bombeo.</p><p><b>Publicación:</b> cada hora en torno,D+1
74,programa,Generación programada P48 Nuclear,<p>Energía correspondiente al programa operativo que el OS establece en cada período hasta el final del horizonte de programación diario.</p><p>En concreto este indicador se refiere a las unidades de programación con tipo de producción Nuclear.</p><p><b>Publicación:</b> cada hora en torno al minuto,D+1
75,programa,Generación programada P48 Hulla antracita Anexo II RD 134/2010,<p>Energía correspondiente al programa operativo que el OS establece en cada período hasta el final del horizonte de programación diario.</p><p>En concreto este indicador se refiere a las unidades de programación con tipo de producción Hulla antracita Anexo II RD 134/2010 .</p><p><b>Publicación:</b>,D+1
76,programa,Generación programada P48 Hulla sub-bituminosa Anexo II RD 134/2010,<p>Energía correspondiente al programa operativo que el OS establece en cada período hasta el final del horizonte de programación diario.</p><p>En concreto este indicador se refiere a las unidades de programación con tipo de producción Hulla sub-bituminosa Anexo II RD 134/2010 .</p><p><b>Publicación,D+1
77,programa,Generación programada P48 Hulla antracita,<p>Energía correspondiente al programa operativo que el OS establece en cada período hasta el final del horizonte de programación diario.</p><p>En concreto este indicador se refiere a las unidades de programación con tipo de producción Hulla antracita .</p><p><b>Publicación:</b> cada hora en torno a,D+1
78,programa,Generación programada P48 Hulla sub-bituminosa,<p>Energía correspondiente al programa operativo que el OS establece en cada período hasta el final del horizonte de programación diario.</p><p>En concreto este indicador se refiere a las unidades de programación con tipo de producción Hulla sub-bituminosa .</p><p><b>Publicación:</b> cada hora en to,D+1
79,programa,Generación programada P48 Ciclo combinado,<p>Energía correspondiente al programa operativo que el OS establece en cada período hasta el final del horizonte de programación diario.</p><p>En concreto este indicador se refiere a las unidades de programación con tipo de producción Ciclo combinado.</p><p><b>Publicación:</b> cada hora en torno al,D+1
80,programa,Generación programada P48 Fuel,<p>Energía correspondiente al programa operativo que el OS establece en cada período hasta el final del horizonte de programación diario.</p><p>En concreto este indicador se refiere a las unidades de programación con tipo de producción Fuel.</p><p><b>Publicación:</b> cada hora en torno al minuto 15,D+1
81,programa,Generación programada P48 Gas Natural - Turbina de vapor,<p>Energía correspondiente al programa operativo que el OS establece en cada período hasta el final del horizonte de programación diario.</p><p>En concreto este indicador se refiere a las unidades de programación con tipo de producción Gas Natural.</p><p><b>Publicación:</b> cada hora en torno al min,D+1
82,programa,Generación programada P48 Eólica terrestre,<p>Energía correspondiente al programa operativo que el OS establece en cada período hasta el final del horizonte de programación diario.</p><p>En concreto este indicador se refiere a las unidades de programación con tipo de producción Eólica terrestre.</p><p><b>Publicación:</b> cada hora en torno a,D+1
83,programa,Generación programada P48 Eólica marina,<p>Energía correspondiente al programa operativo que el OS establece en cada período hasta el final del horizonte de programación diario.</p><p>En concreto este indicador se refiere a las unidades de programación con tipo de producción Eólica marina.</p><p><b>Publicación:</b> cada hora en torno al m,D+1
84,programa,Generación programada P48 Solar fotovoltaica,<p>Energía correspondiente al programa operativo que el OS establece en cada período hasta el final del horizonte de programación diario.</p><p>En concreto este indicador se refiere a las unidades de programación con tipo de producción Solar fotovoltaica.</p><p><b>Publicación:</b> cada hora en torno,D+1
85,programa,Generación programada P48 Solar térmica,<p>Energía correspondiente al programa operativo que el OS establece en cada período hasta el final del horizonte de programación diario.</p><p>En concreto este indicador se refiere a las unidades de programación con tipo de producción Solar térmica.</p><p><b>Publicación:</b> cada hora en torno al m,D+1
86,programa,Generación programada P48 Océano y geotérmica,"<p>Energ&iacute;a correspondiente al programa operativo que el OS establece en cada per&iacute;odo hasta el final del horizonte de programaci&oacute;n diario.</p>

<p>En concreto este indicador se refiere a las unidades de programaci&oacute;n con tipo de producci&oacute;n Oc&eacute;ano&nbsp;y geot",D+1
87,programa,Generación programada P48 Gas Natural Cogeneración,<p>Energía correspondiente al programa operativo que el OS establece en cada período hasta el final del horizonte de programación diario.</p><p>En concreto este indicador se refiere a las unidades de programación con tipo de producción Gas Natural Cogeneración.</p><p><b>Publicación:</b> cada hora en,D+1
88,programa,Generación programada P48 Derivados del petróleo ó carbón,<p>Energía correspondiente al programa operativo que el OS establece en cada período hasta el final del horizonte de programación diario.</p><p>En concreto este indicador se refiere a las unidades de programación con tipo de producción Derivados del petróleo ó carbón.</p><p><b>Publicación:</b> cada,D+1
89,programa,Generación programada P48 Subproductos minería,<p>Energía correspondiente al programa operativo que el OS establece en cada período hasta el final del horizonte de programación diario.</p><p>En concreto este indicador se refiere a las unidades de programación con tipo de producción Subproductos minería.</p><p><b>Publicación:</b> cada hora en tor,D+1
90,programa,Generación programada P48 Energía residual,<p>Energía correspondiente al programa operativo que el OS establece en cada período hasta el final del horizonte de programación diario.</p><p>En concreto este indicador se refiere a las unidades de programación con tipo de producción Energía residual.</p><p><b>Publicación:</b> cada hora en torno a,D+1
91,programa,Generación programada P48 Biomasa,<p>Energía correspondiente al programa operativo que el OS establece en cada período hasta el final del horizonte de programación diario.</p><p>En concreto este indicador se refiere a las unidades de programación con tipo de producción Biomasa.</p><p><b>Publicación:</b> cada hora en torno al minuto,D+1
92,programa,Generación programada P48 Biogás,"<p>Energ&iacute;a correspondiente al programa operativo que el OS establece en cada per&iacute;odo hasta el final del horizonte de programaci&oacute;n diario.</p>

<p>En concreto este indicador se refiere a las unidades de programaci&oacute;n con tipo de producci&oacute;n Biog&aacute;s.</p>

<p>",D+1
93,programa,Generación programada P48 Residuos domésticos y similares,<p>Energía correspondiente al programa operativo que el OS establece en cada período hasta el final del horizonte de programación diario.</p><p>En concreto este indicador se refiere a las unidades de programación con tipo de producción Residuos domésticos y similares.</p><p><b>Publicación:</b> cada,D+1
94,programa,Generación programada P48 Residuos varios,<p>Energía correspondiente al programa operativo que el OS establece en cada período hasta el final del horizonte de programación diario.</p><p>En concreto este indicador se refiere a las unidades de programación con tipo de producción Residuos varios.</p><p><b>Publicación:</b> cada hora en torno al,D+1
95,programa,Generación programada P48 Consumo bombeo,<p>Energía correspondiente al programa operativo que el OS establece en cada período hasta el final del horizonte de programación diario.</p><p>En concreto este indicador se refiere a las unidades de programación con tipo de producción Consumo bombeo.</p><p><b>Publicación:</b> cada hora en torno al,D+1
96,programa,Generación programada P48 Enlace Baleares,<p>Energía correspondiente al programa operativo que el OS establece en cada período hasta el final del horizonte de programación diario.</p><p>En concreto este indicador se refiere a las unidades de programación del enlace de Baleares.</p><p><b>Publicación:</b> cada hora en torno al minuto 15 con l,D+1
97,programa,Generación programada P48 Genéricas,<p>Energía correspondiente al programa operativo que el OS establece en cada período hasta el final del horizonte de programación diario.</p><p>En concreto este indicador se refiere a las unidades de programación de tipo genéricas.</p><p><b>Publicación:</b> cada hora en torno al minuto 15 con la inf,D+1
98,programa,Generación programada P48 Importación Francia,<p>Energía correspondiente al programa operativo que el OS establece en cada período hasta el final del horizonte de programación diario.</p><p>En concreto este indicador se refiere a las unidades de programación de importación con Francia.</p><p><b>Publicación:</b> cada hora en torno al minuto 15 c,D+1
99,programa,Generación programada P48 Importación Portugal,<p>Energía correspondiente al programa operativo que el OS establece en cada período hasta el final del horizonte de programación diario.</p><p>En concreto este indicador se refiere a las unidades de programación de importación con Portugal.</p><p><b>Publicación:</b> cada hora en torno al minuto 15,D+1
100,programa,Generación programada P48 Importación Marruecos,<p>Energía correspondiente al programa operativo que el OS establece en cada período hasta el final del horizonte de programación diario.</p><p>En concreto este indicador se refiere a las unidades de programación de importación con Marruecos.</p><p><b>Publicación:</b> cada hora en torno al minuto 15,D+1
101,programa,Generación programada P48 Importación Andorra,<p>Energía correspondiente al programa operativo que el OS establece en cada período hasta el final del horizonte de programación diario.</p><p>En concreto este indicador se refiere a las unidades de programación de importación con Andorra.</p><p><b>Publicación:</b> cada hora en torno al minuto 15 c,D+1
102,programa,Generación programada P48 Exportación Francia,<p>Energía correspondiente al programa operativo que el OS establece en cada período hasta el final del horizonte de programación diario.</p><p>En concreto este indicador se refiere a las unidades de programación de exportación con Francia.</p><p><b>Publicación:</b> cada hora en torno al minuto 15 c,D+1
103,programa,Generación programada P48 Exportación Portugal,<p>Energía correspondiente al programa operativo que el OS establece en cada período hasta el final del horizonte de programación diario.</p><p>En concreto este indicador se refiere a las unidades de programación de exportación con Portugal.</p><p><b>Publicación:</b> cada hora en torno al minuto 15,D+1
104,programa,Generación programada P48 Exportación Marruecos,<p>Energía correspondiente al programa operativo que el OS establece en cada período hasta el final del horizonte de programación diario.</p><p>En concreto este indicador se refiere a las unidades de programación de exportación con Marruecos.</p><p><b>Publicación:</b> cada hora en torno al minuto 15,D+1
105,programa,Generación programada P48 Exportación Andorra,<p>Energía correspondiente al programa operativo que el OS establece en cada período hasta el final del horizonte de programación diario.</p><p>En concreto este indicador se refiere a las unidades de programación de exportación con Andorra.</p><p><b>Publicación:</b> cada hora en torno al minuto 15 c,D+1
106,programa,Generación programada PHF1 Hidráulica UGH,<p>Energía correspondiente a la programación establecida por el OS con posterioridad a cada una de las sucesivas sesiones del mercado intradiario como resultado de la agregación de todas las transacciones firmes formalizadas para cada periodo de programación como consecuencia del programa diario via,D+1
107,programa,Generación programada PHF1 Hidráulica no UGH,<p>Energía correspondiente a la programación establecida por el OS con posterioridad a cada una de las sucesivas sesiones del mercado intradiario como resultado de la agregación de todas las transacciones firmes formalizadas para cada periodo de programación como consecuencia del programa diario via,D+1
108,programa,Generación programada PHF1 Turbinación bombeo,<p>Energía correspondiente a la programación establecida por el OS con posterioridad a cada una de las sucesivas sesiones del mercado intradiario como resultado de la agregación de todas las transacciones firmes formalizadas para cada periodo de programación como consecuencia del programa diario via,D+1
109,programa,Generación programada PHF1 Nuclear,<p>Energía correspondiente a la programación establecida por el OS con posterioridad a cada una de las sucesivas sesiones del mercado intradiario como resultado de la agregación de todas las transacciones firmes formalizadas para cada periodo de programación como consecuencia del programa diario via,D+1
110,programa,Generación programada PHF1 Hulla antracita Anexo II RD 134/2010,<p>Energía correspondiente a la programación establecida por el OS con posterioridad a cada una de las sucesivas sesiones del mercado intradiario como resultado de la agregación de todas las transacciones firmes formalizadas para cada periodo de programación como consecuencia del programa diario via,D+1
111,programa,Generación programada PHF1 Hulla sub-bituminosa Anexo II RD 134/2010,<p>Energía correspondiente a la programación establecida por el OS con posterioridad a cada una de las sucesivas sesiones del mercado intradiario como resultado de la agregación de todas las transacciones firmes formalizadas para cada periodo de programación como consecuencia del programa diario via,D+1
112,programa,Generación programada PHF1 Hulla antracita,<p>Energía correspondiente a la programación establecida por el OS con posterioridad a cada una de las sucesivas sesiones del mercado intradiario como resultado de la agregación de todas las transacciones firmes formalizadas para cada periodo de programación como consecuencia del programa diario via,D+1
113,programa,Generación programada PHF1 Hulla sub-bituminosa,<p>Energía correspondiente a la programación establecida por el OS con posterioridad a cada una de las sucesivas sesiones del mercado intradiario como resultado de la agregación de todas las transacciones firmes formalizadas para cada periodo de programación como consecuencia del programa diario via,D+1
114,programa,Generación programada PHF1 Ciclo combinado,<p>Energía correspondiente a la programación establecida por el OS con posterioridad a cada una de las sucesivas sesiones del mercado intradiario como resultado de la agregación de todas las transacciones firmes formalizadas para cada periodo de programación como consecuencia del programa diario via,D+1
115,programa,Generación programada PHF1 Fuel,<p>Energía correspondiente a la programación establecida por el OS con posterioridad a cada una de las sucesivas sesiones del mercado intradiario como resultado de la agregación de todas las transacciones firmes formalizadas para cada periodo de programación como consecuencia del programa diario via,D+1
116,programa,Generación programada PHF1 Gas Natural - Turbina de vapor,<p>Energía correspondiente a la programación establecida por el OS con posterioridad a cada una de las sucesivas sesiones del mercado intradiario como resultado de la agregación de todas las transacciones firmes formalizadas para cada periodo de programación como consecuencia del programa diario via,D+1
117,programa,Generación programada PHF1 Eólica terrestre,<p>Energía correspondiente a la programación establecida por el OS con posterioridad a cada una de las sucesivas sesiones del mercado intradiario como resultado de la agregación de todas las transacciones firmes formalizadas para cada periodo de programación como consecuencia del programa diario via,D+1
118,programa,Generación programada PHF1 Eólica marina,<p>Energía correspondiente a la programación establecida por el OS con posterioridad a cada una de las sucesivas sesiones del mercado intradiario como resultado de la agregación de todas las transacciones firmes formalizadas para cada periodo de programación como consecuencia del programa diario via,D+1
119,programa,Generación programada PHF1 Solar fotovoltaica,<p>Energía correspondiente a la programación establecida por el OS con posterioridad a cada una de las sucesivas sesiones del mercado intradiario como resultado de la agregación de todas las transacciones firmes formalizadas para cada periodo de programación como consecuencia del programa diario via,D+1
120,programa,Generación programada PHF1 Solar térmica,<p>Energía correspondiente a la programación establecida por el OS con posterioridad a cada una de las sucesivas sesiones del mercado intradiario como resultado de la agregación de todas las transacciones firmes formalizadas para cada periodo de programación como consecuencia del programa diario via,D+1
121,programa,Generación programada PHF1 Océano y geotérmica,<p>Energía correspondiente a la programación establecida por el OS con posterioridad a cada una de las sucesivas sesiones del mercado intradiario como resultado de la agregación de todas las transacciones firmes formalizadas para cada periodo de programación como consecuencia del programa diario via,D+1
122,programa,Generación programada PHF1 Gas Natural Cogeneración,<p>Energía correspondiente a la programación establecida por el OS con posterioridad a cada una de las sucesivas sesiones del mercado intradiario como resultado de la agregación de todas las transacciones firmes formalizadas para cada periodo de programación como consecuencia del programa diario via,D+1
123,programa,Generación programada PHF1 Derivados del petróleo ó carbón,<p>Energía correspondiente a la programación establecida por el OS con posterioridad a cada una de las sucesivas sesiones del mercado intradiario como resultado de la agregación de todas las transacciones firmes formalizadas para cada periodo de programación como consecuencia del programa diario via,D+1
124,programa,Generación programada PHF1 Subproductos minería,<p>Energía correspondiente a la programación establecida por el OS con posterioridad a cada una de las sucesivas sesiones del mercado intradiario como resultado de la agregación de todas las transacciones firmes formalizadas para cada periodo de programación como consecuencia del programa diario via,D+1
125,programa,Generación programada PHF1 Energía residual,<p>Energía correspondiente a la programación establecida por el OS con posterioridad a cada una de las sucesivas sesiones del mercado intradiario como resultado de la agregación de todas las transacciones firmes formalizadas para cada periodo de programación como consecuencia del programa diario via,D+1
126,programa,Generación programada PHF1 Biomasa,<p>Energía correspondiente a la programación establecida por el OS con posterioridad a cada una de las sucesivas sesiones del mercado intradiario como resultado de la agregación de todas las transacciones firmes formalizadas para cada periodo de programación como consecuencia del programa diario via,D+1
127,programa,Generación programada PHF1 Biogás,<p>Energía correspondiente a la programación establecida por el OS con posterioridad a cada una de las sucesivas sesiones del mercado intradiario como resultado de la agregación de todas las transacciones firmes formalizadas para cada periodo de programación como consecuencia del programa diario via,D+1
128,programa,Generación programada PHF1 Residuos domésticos y similares,<p>Energía correspondiente a la programación establecida por el OS con posterioridad a cada una de las sucesivas sesiones del mercado intradiario como resultado de la agregación de todas las transacciones firmes formalizadas para cada periodo de programación como consecuencia del programa diario via,D+1
129,programa,Generación programada PHF1 Residuos varios,<p>Energía correspondiente a la programación establecida por el OS con posterioridad a cada una de las sucesivas sesiones del mercado intradiario como resultado de la agregación de todas las transacciones firmes formalizadas para cada periodo de programación como consecuencia del programa diario via,D+1
130,programa,Generación programada PHF1 Consumo bombeo,<p>Energía correspondiente a la programación establecida por el OS con posterioridad a cada una de las sucesivas sesiones del mercado intradiario como resultado de la agregación de todas las transacciones firmes formalizadas para cada periodo de programación como consecuencia del programa diario via,D+1
131,programa,Generación programada PHF1 Enlace Baleares,<p>Energía correspondiente a la programación establecida por el OS con posterioridad a cada una de las sucesivas sesiones del mercado intradiario como resultado de la agregación de todas las transacciones firmes formalizadas para cada periodo de programación como consecuencia del programa diario via,D+1
132,programa,Generación programada PHF1 Genéricas,<p>Energía correspondiente a la programación establecida por el OS con posterioridad a cada una de las sucesivas sesiones del mercado intradiario como resultado de la agregación de todas las transacciones firmes formalizadas para cada periodo de programación como consecuencia del programa diario via,D+1
133,programa,Generación programada PHF1 Importación Francia,<p>Energía correspondiente a la programación establecida por el OS con posterioridad a cada una de las sucesivas sesiones del mercado intradiario como resultado de la agregación de todas las transacciones firmes formalizadas para cada periodo de programación como consecuencia del programa diario via,D+1
134,programa,Generación programada PHF1 Importación Portugal,<p>Energía correspondiente a la programación establecida por el OS con posterioridad a cada una de las sucesivas sesiones del mercado intradiario como resultado de la agregación de todas las transacciones firmes formalizadas para cada periodo de programación como consecuencia del programa diario via,D+1
135,programa,Generación programada PHF1 Importación Marruecos,<p>Energía correspondiente a la programación establecida por el OS con posterioridad a cada una de las sucesivas sesiones del mercado intradiario como resultado de la agregación de todas las transacciones firmes formalizadas para cada periodo de programación como consecuencia del programa diario via,D+1
136,programa,Generación programada PHF1 Importación Andorra,<p>Energía correspondiente a la programación establecida por el OS con posterioridad a cada una de las sucesivas sesiones del mercado intradiario como resultado de la agregación de todas las transacciones firmes formalizadas para cada periodo de programación como consecuencia del programa diario via,D+1
137,programa,Generación programada PHF1 Exportación Francia,<p>Energía correspondiente a la programación establecida por el OS con posterioridad a cada una de las sucesivas sesiones del mercado intradiario como resultado de la agregación de todas las transacciones firmes formalizadas para cada periodo de programación como consecuencia del programa diario via,D+1
138,programa,Generación programada PHF1 Exportación Portugal,<p>Energía correspondiente a la programación establecida por el OS con posterioridad a cada una de las sucesivas sesiones del mercado intradiario como resultado de la agregación de todas las transacciones firmes formalizadas para cada periodo de programación como consecuencia del programa diario via,D+1
139,programa,Generación programada PHF1 Exportación Marruecos,<p>Energía correspondiente a la programación establecida por el OS con posterioridad a cada una de las sucesivas sesiones del mercado intradiario como resultado de la agregación de todas las transacciones firmes formalizadas para cada periodo de programación como consecuencia del programa diario via,D+1
140,programa,Generación programada PHF1 Exportación Andorra,<p>Energía correspondiente a la programación establecida por el OS con posterioridad a cada una de las sucesivas sesiones del mercado intradiario como resultado de la agregación de todas las transacciones firmes formalizadas para cada periodo de programación como consecuencia del programa diario via,D+1
145,programa,Generación programada PHF2 Hulla antracita Anexo II RD 134/2010,<p>Energía correspondiente a la programación establecida por el OS con posterioridad a cada una de las sucesivas sesiones del mercado intradiario como resultado de la agregación de todas las transacciones firmes formalizadas para cada periodo de programación como consecuencia del programa diario via,D+1
146,programa,Generación programada PHF2 Hulla sub-bituminosa Anexo II RD 134/2010,<p>Energía correspondiente a la programación establecida por el OS con posterioridad a cada una de las sucesivas sesiones del mercado intradiario como resultado de la agregación de todas las transacciones firmes formalizadas para cada periodo de programación como consecuencia del programa diario via,D+1
176,programa,Generación programada PHF3 Hidráulica UGH,<p>Energía correspondiente a la programación establecida por el OS con posterioridad a cada una de las sucesivas sesiones del mercado intradiario como resultado de la agregación de todas las transacciones firmes formalizadas para cada periodo de programación como consecuencia del programa diario via,H+3
177,programa,Generación programada PHF3 Hidráulica no UGH,<p>Energía correspondiente a la programación establecida por el OS con posterioridad a cada una de las sucesivas sesiones del mercado intradiario como resultado de la agregación de todas las transacciones firmes formalizadas para cada periodo de programación como consecuencia del programa diario via,H+3
178,programa,Generación programada PHF3 Turbinación bombeo,<p>Energía correspondiente a la programación establecida por el OS con posterioridad a cada una de las sucesivas sesiones del mercado intradiario como resultado de la agregación de todas las transacciones firmes formalizadas para cada periodo de programación como consecuencia del programa diario via,H+3
179,programa,Generación programada PHF3 Nuclear,<p>Energía correspondiente a la programación establecida por el OS con posterioridad a cada una de las sucesivas sesiones del mercado intradiario como resultado de la agregación de todas las transacciones firmes formalizadas para cada periodo de programación como consecuencia del programa diario via,H+3
180,programa,Generación programada PHF3 Hulla antracita Anexo II RD 134/2010,<p>Energía correspondiente a la programación establecida por el OS con posterioridad a cada una de las sucesivas sesiones del mercado intradiario como resultado de la agregación de todas las transacciones firmes formalizadas para cada periodo de programación como consecuencia del programa diario via,D+1
181,programa,Generación programada PHF3 Hulla sub-bituminosa Anexo II RD 134/2010,<p>Energía correspondiente a la programación establecida por el OS con posterioridad a cada una de las sucesivas sesiones del mercado intradiario como resultado de la agregación de todas las transacciones firmes formalizadas para cada periodo de programación como consecuencia del programa diario via,D+1
182,programa,Generación programada PHF3 Hulla antracita,<p>Energía correspondiente a la programación establecida por el OS con posterioridad a cada una de las sucesivas sesiones del mercado intradiario como resultado de la agregación de todas las transacciones firmes formalizadas para cada periodo de programación como consecuencia del programa diario via,H+3
183,programa,Generación programada PHF3 Hulla sub-bituminosa,<p>Energía correspondiente a la programación establecida por el OS con posterioridad a cada una de las sucesivas sesiones del mercado intradiario como resultado de la agregación de todas las transacciones firmes formalizadas para cada periodo de programación como consecuencia del programa diario via,H+3
184,programa,Generación programada PHF3 Ciclo combinado,<p>Energía correspondiente a la programación establecida por el OS con posterioridad a cada una de las sucesivas sesiones del mercado intradiario como resultado de la agregación de todas las transacciones firmes formalizadas para cada periodo de programación como consecuencia del programa diario via,H+3
185,programa,Generación programada PHF3 Fuel,<p>Energía correspondiente a la programación establecida por el OS con posterioridad a cada una de las sucesivas sesiones del mercado intradiario como resultado de la agregación de todas las transacciones firmes formalizadas para cada periodo de programación como consecuencia del programa diario via,H+3
186,programa,Generación programada PHF3 Gas Natural - Turbina de vapor,<p>Energía correspondiente a la programación establecida por el OS con posterioridad a cada una de las sucesivas sesiones del mercado intradiario como resultado de la agregación de todas las transacciones firmes formalizadas para cada periodo de programación como consecuencia del programa diario via,H+3
187,programa,Generación programada PHF3 Eólica terrestre,<p>Energía correspondiente a la programación establecida por el OS con posterioridad a cada una de las sucesivas sesiones del mercado intradiario como resultado de la agregación de todas las transacciones firmes formalizadas para cada periodo de programación como consecuencia del programa diario via,H+3
188,programa,Generación programada PHF3 Eólica marina,<p>Energía correspondiente a la programación establecida por el OS con posterioridad a cada una de las sucesivas sesiones del mercado intradiario como resultado de la agregación de todas las transacciones firmes formalizadas para cada periodo de programación como consecuencia del programa diario via,H+3
189,programa,Generación programada PHF3 Solar fotovoltaica,<p>Energía correspondiente a la programación establecida por el OS con posterioridad a cada una de las sucesivas sesiones del mercado intradiario como resultado de la agregación de todas las transacciones firmes formalizadas para cada periodo de programación como consecuencia del programa diario via,H+3
190,programa,Generación programada PHF3 Solar térmica,<p>Energía correspondiente a la programación establecida por el OS con posterioridad a cada una de las sucesivas sesiones del mercado intradiario como resultado de la agregación de todas las transacciones firmes formalizadas para cada periodo de programación como consecuencia del programa diario via,H+3
191,programa,Generación programada PHF3 Océano y geotérmica,<p>Energía correspondiente a la programación establecida por el OS con posterioridad a cada una de las sucesivas sesiones del mercado intradiario como resultado de la agregación de todas las transacciones firmes formalizadas para cada periodo de programación como consecuencia del programa diario via,H+3
192,programa,Generación programada PHF3 Gas Natural Cogeneración,<p>Energía correspondiente a la programación establecida por el OS con posterioridad a cada una de las sucesivas sesiones del mercado intradiario como resultado de la agregación de todas las transacciones firmes formalizadas para cada periodo de programación como consecuencia del programa diario via,H+3
193,programa,Generación programada PHF3 Derivados del petróleo ó carbón,<p>Energía correspondiente a la programación establecida por el OS con posterioridad a cada una de las sucesivas sesiones del mercado intradiario como resultado de la agregación de todas las transacciones firmes formalizadas para cada periodo de programación como consecuencia del programa diario via,H+3
194,programa,Generación programada PHF3 Subproductos minería,<p>Energía correspondiente a la programación establecida por el OS con posterioridad a cada una de las sucesivas sesiones del mercado intradiario como resultado de la agregación de todas las transacciones firmes formalizadas para cada periodo de programación como consecuencia del programa diario via,H+3
195,programa,Generación programada PHF3 Energía residual,<p>Energía correspondiente a la programación establecida por el OS con posterioridad a cada una de las sucesivas sesiones del mercado intradiario como resultado de la agregación de todas las transacciones firmes formalizadas para cada periodo de programación como consecuencia del programa diario via,H+3
196,programa,Generación programada PHF3 Biomasa,<p>Energía correspondiente a la programación establecida por el OS con posterioridad a cada una de las sucesivas sesiones del mercado intradiario como resultado de la agregación de todas las transacciones firmes formalizadas para cada periodo de programación como consecuencia del programa diario via,H+3
197,programa,Generación programada PHF3 Biogás,<p>Energía correspondiente a la programación establecida por el OS con posterioridad a cada una de las sucesivas sesiones del mercado intradiario como resultado de la agregación de todas las transacciones firmes formalizadas para cada periodo de programación como consecuencia del programa diario via,H+3
198,programa,Generación programada PHF3 Residuos domésticos y similares,<p>Energía correspondiente a la programación establecida por el OS con posterioridad a cada una de las sucesivas sesiones del mercado intradiario como resultado de la agregación de todas las transacciones firmes formalizadas para cada periodo de programación como consecuencia del programa diario via,H+3
199,programa,Generación programada PHF3 Residuos varios,<p>Energía correspondiente a la programación establecida por el OS con posterioridad a cada una de las sucesivas sesiones del mercado intradiario como resultado de la agregación de todas las transacciones firmes formalizadas para cada periodo de programación como consecuencia del programa diario via,H+3
200,programa,Generación programada PHF3 Consumo bombeo,<p>Energía correspondiente a la programación establecida por el OS con posterioridad a cada una de las sucesivas sesiones del mercado intradiario como resultado de la agregación de todas las transacciones firmes formalizadas para cada periodo de programación como consecuencia del programa diario via,H+3
201,programa,Generación programada PHF3 Enlace Baleares,<p>Energía correspondiente a la programación establecida por el OS con posterioridad a cada una de las sucesivas sesiones del mercado intradiario como resultado de la agregación de todas las transacciones firmes formalizadas para cada periodo de programación como consecuencia del programa diario via,H+3
202,programa,Generación programada PHF3 Genéricas,<p>Energía correspondiente a la programación establecida por el OS con posterioridad a cada una de las sucesivas sesiones del mercado intradiario como resultado de la agregación de todas las transacciones firmes formalizadas para cada periodo de programación como consecuencia del programa diario via,H+3
203,programa,Generación programada PHF3 Importación Francia,<p>Energía correspondiente a la programación establecida por el OS con posterioridad a cada una de las sucesivas sesiones del mercado intradiario como resultado de la agregación de todas las transacciones firmes formalizadas para cada periodo de programación como consecuencia del programa diario via,H+3
204,programa,Generación programada PHF3 Importación Portugal,<p>Energía correspondiente a la programación establecida por el OS con posterioridad a cada una de las sucesivas sesiones del mercado intradiario como resultado de la agregación de todas las transacciones firmes formalizadas para cada periodo de programación como consecuencia del programa diario via,H+3
205,programa,Generación programada PHF3 Importación Marruecos,<p>Energía correspondiente a la programación establecida por el OS con posterioridad a cada una de las sucesivas sesiones del mercado intradiario como resultado de la agregación de todas las transacciones firmes formalizadas para cada periodo de programación como consecuencia del programa diario via,H+3
206,programa,Generación programada PHF3 Importación Andorra,<p>Energía correspondiente a la programación establecida por el OS con posterioridad a cada una de las sucesivas sesiones del mercado intradiario como resultado de la agregación de todas las transacciones firmes formalizadas para cada periodo de programación como consecuencia del programa diario via,H+3
207,programa,Generación programada PHF3 Exportación Francia,<p>Energía correspondiente a la programación establecida por el OS con posterioridad a cada una de las sucesivas sesiones del mercado intradiario como resultado de la agregación de todas las transacciones firmes formalizadas para cada periodo de programación como consecuencia del programa diario via,H+3
208,programa,Generación programada PHF3 Exportación Portugal,<p>Energía correspondiente a la programación establecida por el OS con posterioridad a cada una de las sucesivas sesiones del mercado intradiario como resultado de la agregación de todas las transacciones firmes formalizadas para cada periodo de programación como consecuencia del programa diario via,H+3
209,programa,Generación programada PHF3 Exportación Marruecos,<p>Energía correspondiente a la programación establecida por el OS con posterioridad a cada una de las sucesivas sesiones del mercado intradiario como resultado de la agregación de todas las transacciones firmes formalizadas para cada periodo de programación como consecuencia del programa diario via,H+3
210,programa,Generación programada PHF3 Exportación Andorra,<p>Energía correspondiente a la programación establecida por el OS con posterioridad a cada una de las sucesivas sesiones del mercado intradiario como resultado de la agregación de todas las transacciones firmes formalizadas para cada periodo de programación como consecuencia del programa diario via,H+3
215,programa,Generación programada PHF4 Hulla antracita Anexo II RD 134/2010,<p>Energía correspondiente a la programación establecida por el OS con posterioridad a cada una de las sucesivas sesiones del mercado intradiario como resultado de la agregación de todas las transacciones firmes formalizadas para cada periodo de programación como consecuencia del programa diario via,D+1
216,programa,Generación programada PHF4 Hulla sub-bituminosa Anexo II RD 134/2010,<p>Energía correspondiente a la programación establecida por el OS con posterioridad a cada una de las sucesivas sesiones del mercado intradiario como resultado de la agregación de todas las transacciones firmes formalizadas para cada periodo de programación como consecuencia del programa diario via,D+1
246,programa,Generación programada PHF5 Hidráulica UGH,<p>Energía correspondiente a la programación establecida por el OS con posterioridad a cada una de las sucesivas sesiones del mercado intradiario como resultado de la agregación de todas las transacciones firmes formalizadas para cada periodo de programación como consecuencia del programa diario via,D+1
247,programa,Generación programada PHF5 Hidráulica no UGH,<p>Energía correspondiente a la programación establecida por el OS con posterioridad a cada una de las sucesivas sesiones del mercado intradiario como resultado de la agregación de todas las transacciones firmes formalizadas para cada periodo de programación como consecuencia del programa diario via,D+1
248,programa,Generación programada PHF5 Turbinación bombeo,<p>Energía correspondiente a la programación establecida por el OS con posterioridad a cada una de las sucesivas sesiones del mercado intradiario como resultado de la agregación de todas las transacciones firmes formalizadas para cada periodo de programación como consecuencia del programa diario via,D+1
249,programa,Generación programada PHF5 Nuclear,<p>Energía correspondiente a la programación establecida por el OS con posterioridad a cada una de las sucesivas sesiones del mercado intradiario como resultado de la agregación de todas las transacciones firmes formalizadas para cada periodo de programación como consecuencia del programa diario via,D+1
250,programa,Generación programada PHF5 Hulla antracita Anexo II RD 134/2010,<p>Energía correspondiente a la programación establecida por el OS con posterioridad a cada una de las sucesivas sesiones del mercado intradiario como resultado de la agregación de todas las transacciones firmes formalizadas para cada periodo de programación como consecuencia del programa diario via,D+1
251,programa,Generación programada PHF5 Hulla sub-bituminosa Anexo II RD 134/2010,<p>Energía correspondiente a la programación establecida por el OS con posterioridad a cada una de las sucesivas sesiones del mercado intradiario como resultado de la agregación de todas las transacciones firmes formalizadas para cada periodo de programación como consecuencia del programa diario via,D+1
252,programa,Generación programada PHF5 Hulla antracita,<p>Energía correspondiente a la programación establecida por el OS con posterioridad a cada una de las sucesivas sesiones del mercado intradiario como resultado de la agregación de todas las transacciones firmes formalizadas para cada periodo de programación como consecuencia del programa diario via,D+1
253,programa,Generación programada PHF5 Hulla sub-bituminosa,<p>Energía correspondiente a la programación establecida por el OS con posterioridad a cada una de las sucesivas sesiones del mercado intradiario como resultado de la agregación de todas las transacciones firmes formalizadas para cada periodo de programación como consecuencia del programa diario via,D+1
254,programa,Generación programada PHF5 Ciclo combinado,<p>Energía correspondiente a la programación establecida por el OS con posterioridad a cada una de las sucesivas sesiones del mercado intradiario como resultado de la agregación de todas las transacciones firmes formalizadas para cada periodo de programación como consecuencia del programa diario via,D+1
255,programa,Generación programada PHF5 Fuel,<p>Energía correspondiente a la programación establecida por el OS con posterioridad a cada una de las sucesivas sesiones del mercado intradiario como resultado de la agregación de todas las transacciones firmes formalizadas para cada periodo de programación como consecuencia del programa diario via,D+1
256,programa,Generación programada PHF5 Gas Natural - Turbina de vapor,<p>Energía correspondiente a la programación establecida por el OS con posterioridad a cada una de las sucesivas sesiones del mercado intradiario como resultado de la agregación de todas las transacciones firmes formalizadas para cada periodo de programación como consecuencia del programa diario via,D+1
257,programa,Generación programada PHF5 Eólica terrestre,<p>Energía correspondiente a la programación establecida por el OS con posterioridad a cada una de las sucesivas sesiones del mercado intradiario como resultado de la agregación de todas las transacciones firmes formalizadas para cada periodo de programación como consecuencia del programa diario via,D+1
258,programa,Generación programada PHF5 Eólica marina,<p>Energía correspondiente a la programación establecida por el OS con posterioridad a cada una de las sucesivas sesiones del mercado intradiario como resultado de la agregación de todas las transacciones firmes formalizadas para cada periodo de programación como consecuencia del programa diario via,D+1
259,programa,Generación programada PHF5 Solar fotovoltaica,<p>Energía correspondiente a la programación establecida por el OS con posterioridad a cada una de las sucesivas sesiones del mercado intradiario como resultado de la agregación de todas las transacciones firmes formalizadas para cada periodo de programación como consecuencia del programa diario via,D+1
260,programa,Generación programada PHF5 Solar térmica,<p>Energía correspondiente a la programación establecida por el OS con posterioridad a cada una de las sucesivas sesiones del mercado intradiario como resultado de la agregación de todas las transacciones firmes formalizadas para cada periodo de programación como consecuencia del programa diario via,D+1
261,programa,Generación programada PHF5 Océano y geotérmica,<p>Energía correspondiente a la programación establecida por el OS con posterioridad a cada una de las sucesivas sesiones del mercado intradiario como resultado de la agregación de todas las transacciones firmes formalizadas para cada periodo de programación como consecuencia del programa diario via,D+1
262,programa,Generación programada PHF5 Gas Natural Cogeneración,<p>Energía correspondiente a la programación establecida por el OS con posterioridad a cada una de las sucesivas sesiones del mercado intradiario como resultado de la agregación de todas las transacciones firmes formalizadas para cada periodo de programación como consecuencia del programa diario via,D+1
263,programa,Generación programada PHF5 Derivados del petróleo ó carbón,<p>Energía correspondiente a la programación establecida por el OS con posterioridad a cada una de las sucesivas sesiones del mercado intradiario como resultado de la agregación de todas las transacciones firmes formalizadas para cada periodo de programación como consecuencia del programa diario via,D+1
264,programa,Generación programada PHF5 Subproductos minería,<p>Energía correspondiente a la programación establecida por el OS con posterioridad a cada una de las sucesivas sesiones del mercado intradiario como resultado de la agregación de todas las transacciones firmes formalizadas para cada periodo de programación como consecuencia del programa diario via,D+1
265,programa,Generación programada PHF5 Energía residual,<p>Energía correspondiente a la programación establecida por el OS con posterioridad a cada una de las sucesivas sesiones del mercado intradiario como resultado de la agregación de todas las transacciones firmes formalizadas para cada periodo de programación como consecuencia del programa diario via,D+1
266,programa,Generación programada PHF5 Biomasa,<p>Energía correspondiente a la programación establecida por el OS con posterioridad a cada una de las sucesivas sesiones del mercado intradiario como resultado de la agregación de todas las transacciones firmes formalizadas para cada periodo de programación como consecuencia del programa diario via,D+1
267,programa,Generación programada PHF5 Biogás,<p>Energía correspondiente a la programación establecida por el OS con posterioridad a cada una de las sucesivas sesiones del mercado intradiario como resultado de la agregación de todas las transacciones firmes formalizadas para cada periodo de programación como consecuencia del programa diario via,D+1
268,programa,Generación programada PHF5 Residuos domésticos y similares,<p>Energía correspondiente a la programación establecida por el OS con posterioridad a cada una de las sucesivas sesiones del mercado intradiario como resultado de la agregación de todas las transacciones firmes formalizadas para cada periodo de programación como consecuencia del programa diario via,D+1
269,programa,Generación programada PHF5 Residuos varios,<p>Energía correspondiente a la programación establecida por el OS con posterioridad a cada una de las sucesivas sesiones del mercado intradiario como resultado de la agregación de todas las transacciones firmes formalizadas para cada periodo de programación como consecuencia del programa diario via,D+1
270,programa,Generación programada PHF5 Consumo bombeo,<p>Energía correspondiente a la programación establecida por el OS con posterioridad a cada una de las sucesivas sesiones del mercado intradiario como resultado de la agregación de todas las transacciones firmes formalizadas para cada periodo de programación como consecuencia del programa diario via,D+1
271,programa,Generación programada PHF5 Enlace Baleares,<p>Energía correspondiente a la programación establecida por el OS con posterioridad a cada una de las sucesivas sesiones del mercado intradiario como resultado de la agregación de todas las transacciones firmes formalizadas para cada periodo de programación como consecuencia del programa diario via,D+1
272,programa,Generación programada PHF5 Genéricas,<p>Energía correspondiente a la programación establecida por el OS con posterioridad a cada una de las sucesivas sesiones del mercado intradiario como resultado de la agregación de todas las transacciones firmes formalizadas para cada periodo de programación como consecuencia del programa diario via,D+1
273,programa,Generación programada PHF5 Importación Francia,<p>Energía correspondiente a la programación establecida por el OS con posterioridad a cada una de las sucesivas sesiones del mercado intradiario como resultado de la agregación de todas las transacciones firmes formalizadas para cada periodo de programación como consecuencia del programa diario via,D+1
274,programa,Generación programada PHF5 Importación Portugal,<p>Energía correspondiente a la programación establecida por el OS con posterioridad a cada una de las sucesivas sesiones del mercado intradiario como resultado de la agregación de todas las transacciones firmes formalizadas para cada periodo de programación como consecuencia del programa diario via,D+1
275,programa,Generación programada PHF5 Importación Marruecos,<p>Energía correspondiente a la programación establecida por el OS con posterioridad a cada una de las sucesivas sesiones del mercado intradiario como resultado de la agregación de todas las transacciones firmes formalizadas para cada periodo de programación como consecuencia del programa diario via,D+1
276,programa,Generación programada PHF5 Importación Andorra,<p>Energía correspondiente a la programación establecida por el OS con posterioridad a cada una de las sucesivas sesiones del mercado intradiario como resultado de la agregación de todas las transacciones firmes formalizadas para cada periodo de programación como consecuencia del programa diario via,D+1
277,programa,Generación programada PHF5 Exportación Francia,<p>Energía correspondiente a la programación establecida por el OS con posterioridad a cada una de las sucesivas sesiones del mercado intradiario como resultado de la agregación de todas las transacciones firmes formalizadas para cada periodo de programación como consecuencia del programa diario via,D+1
278,programa,Generación programada PHF5 Exportación Portugal,<p>Energía correspondiente a la programación establecida por el OS con posterioridad a cada una de las sucesivas sesiones del mercado intradiario como resultado de la agregación de todas las transacciones firmes formalizadas para cada periodo de programación como consecuencia del programa diario via,D+1
279,programa,Generación programada PHF5 Exportación Marruecos,<p>Energía correspondiente a la programación establecida por el OS con posterioridad a cada una de las sucesivas sesiones del mercado intradiario como resultado de la agregación de todas las transacciones firmes formalizadas para cada periodo de programación como consecuencia del programa diario via,D+1
280,programa,Generación programada PHF5 Exportación Andorra,<p>Energía correspondiente a la programación establecida por el OS con posterioridad a cada una de las sucesivas sesiones del mercado intradiario como resultado de la agregación de todas las transacciones firmes formalizadas para cada periodo de programación como consecuencia del programa diario via,D+1
281,programa,Generación programada PHF6 Hidráulica UGH,<p>Energía correspondiente a la programación establecida por el OS con posterioridad a cada una de las sucesivas sesiones del mercado intradiario como resultado de la agregación de todas las transacciones firmes formalizadas para cada periodo de programación como consecuencia del programa diario via,D+1
282,programa,Generación programada PHF6 Hidráulica no UGH,<p>Energía correspondiente a la programación establecida por el OS con posterioridad a cada una de las sucesivas sesiones del mercado intradiario como resultado de la agregación de todas las transacciones firmes formalizadas para cada periodo de programación como consecuencia del programa diario via,D+1
283,programa,Generación programada PHF6 Turbinación bombeo,<p>Energía correspondiente a la programación establecida por el OS con posterioridad a cada una de las sucesivas sesiones del mercado intradiario como resultado de la agregación de todas las transacciones firmes formalizadas para cada periodo de programación como consecuencia del programa diario via,D+1
284,programa,Generación programada PHF6 Nuclear,<p>Energía correspondiente a la programación establecida por el OS con posterioridad a cada una de las sucesivas sesiones del mercado intradiario como resultado de la agregación de todas las transacciones firmes formalizadas para cada periodo de programación como consecuencia del programa diario via,D+1
285,programa,Generación programada PHF6 Hulla antracita Anexo II RD 134/2010,<p>Energía correspondiente a la programación establecida por el OS con posterioridad a cada una de las sucesivas sesiones del mercado intradiario como resultado de la agregación de todas las transacciones firmes formalizadas para cada periodo de programación como consecuencia del programa diario via,D+1
286,programa,Generación programada PHF6 Hulla sub-bituminosa Anexo II RD 134/2010,<p>Energía correspondiente a la programación establecida por el OS con posterioridad a cada una de las sucesivas sesiones del mercado intradiario como resultado de la agregación de todas las transacciones firmes formalizadas para cada periodo de programación como consecuencia del programa diario via,D+1
287,programa,Generación programada PHF6 Hulla antracita,<p>Energía correspondiente a la programación establecida por el OS con posterioridad a cada una de las sucesivas sesiones del mercado intradiario como resultado de la agregación de todas las transacciones firmes formalizadas para cada periodo de programación como consecuencia del programa diario via,D+1
288,programa,Generación programada PHF6 Hulla sub-bituminosa,<p>Energía correspondiente a la programación establecida por el OS con posterioridad a cada una de las sucesivas sesiones del mercado intradiario como resultado de la agregación de todas las transacciones firmes formalizadas para cada periodo de programación como consecuencia del programa diario via,D+1
289,programa,Generación programada PHF6 Ciclo combinado,<p>Energía correspondiente a la programación establecida por el OS con posterioridad a cada una de las sucesivas sesiones del mercado intradiario como resultado de la agregación de todas las transacciones firmes formalizadas para cada periodo de programación como consecuencia del programa diario via,D+1
290,programa,Generación programada PHF6 Fuel,<p>Energía correspondiente a la programación establecida por el OS con posterioridad a cada una de las sucesivas sesiones del mercado intradiario como resultado de la agregación de todas las transacciones firmes formalizadas para cada periodo de programación como consecuencia del programa diario via,D+1
291,programa,Generación programada PHF6 Gas Natural - Turbina de vapor,<p>Energía correspondiente a la programación establecida por el OS con posterioridad a cada una de las sucesivas sesiones del mercado intradiario como resultado de la agregación de todas las transacciones firmes formalizadas para cada periodo de programación como consecuencia del programa diario via,D+1
292,programa,Generación programada PHF6 Eólica terrestre,<p>Energía correspondiente a la programación establecida por el OS con posterioridad a cada una de las sucesivas sesiones del mercado intradiario como resultado de la agregación de todas las transacciones firmes formalizadas para cada periodo de programación como consecuencia del programa diario via,D+1
293,programa,Generación programada PHF6 Eólica marina,<p>Energía correspondiente a la programación establecida por el OS con posterioridad a cada una de las sucesivas sesiones del mercado intradiario como resultado de la agregación de todas las transacciones firmes formalizadas para cada periodo de programación como consecuencia del programa diario via,D+1
294,programa,Generación programada PHF6 Solar fotovoltaica,<p>Energía correspondiente a la programación establecida por el OS con posterioridad a cada una de las sucesivas sesiones del mercado intradiario como resultado de la agregación de todas las transacciones firmes formalizadas para cada periodo de programación como consecuencia del programa diario via,D+1
295,programa,Generación programada PHF6 Solar térmica,<p>Energía correspondiente a la programación establecida por el OS con posterioridad a cada una de las sucesivas sesiones del mercado intradiario como resultado de la agregación de todas las transacciones firmes formalizadas para cada periodo de programación como consecuencia del programa diario via,D+1
296,programa,Generación programada PHF6 Océano y geotérmica,<p>Energía correspondiente a la programación establecida por el OS con posterioridad a cada una de las sucesivas sesiones del mercado intradiario como resultado de la agregación de todas las transacciones firmes formalizadas para cada periodo de programación como consecuencia del programa diario via,D+1
297,programa,Generación programada PHF6 Gas Natural Cogeneración,<p>Energía correspondiente a la programación establecida por el OS con posterioridad a cada una de las sucesivas sesiones del mercado intradiario como resultado de la agregación de todas las transacciones firmes formalizadas para cada periodo de programación como consecuencia del programa diario via,D+1
298,programa,Generación programada PHF6 Derivados del petróleo ó carbón,<p>Energía correspondiente a la programación establecida por el OS con posterioridad a cada una de las sucesivas sesiones del mercado intradiario como resultado de la agregación de todas las transacciones firmes formalizadas para cada periodo de programación como consecuencia del programa diario via,D+1
299,programa,Generación programada PHF6 Subproductos minería,<p>Energía correspondiente a la programación establecida por el OS con posterioridad a cada una de las sucesivas sesiones del mercado intradiario como resultado de la agregación de todas las transacciones firmes formalizadas para cada periodo de programación como consecuencia del programa diario via,D+1
300,programa,Generación programada PHF6 Energía residual,<p>Energía correspondiente a la programación establecida por el OS con posterioridad a cada una de las sucesivas sesiones del mercado intradiario como resultado de la agregación de todas las transacciones firmes formalizadas para cada periodo de programación como consecuencia del programa diario via,D+1
301,programa,Generación programada PHF6 Biomasa,<p>Energía correspondiente a la programación establecida por el OS con posterioridad a cada una de las sucesivas sesiones del mercado intradiario como resultado de la agregación de todas las transacciones firmes formalizadas para cada periodo de programación como consecuencia del programa diario via,D+1
302,programa,Generación programada PHF6 Biogás,<p>Energía correspondiente a la programación establecida por el OS con posterioridad a cada una de las sucesivas sesiones del mercado intradiario como resultado de la agregación de todas las transacciones firmes formalizadas para cada periodo de programación como consecuencia del programa diario via,D+1
303,programa,Generación programada PHF6 Residuos domésticos y similares,<p>Energía correspondiente a la programación establecida por el OS con posterioridad a cada una de las sucesivas sesiones del mercado intradiario como resultado de la agregación de todas las transacciones firmes formalizadas para cada periodo de programación como consecuencia del programa diario via,D+1
304,programa,Generación programada PHF6 Residuos varios,<p>Energía correspondiente a la programación establecida por el OS con posterioridad a cada una de las sucesivas sesiones del mercado intradiario como resultado de la agregación de todas las transacciones firmes formalizadas para cada periodo de programación como consecuencia del programa diario via,D+1
305,programa,Generación programada PHF6 Consumo bombeo,<p>Energía correspondiente a la programación establecida por el OS con posterioridad a cada una de las sucesivas sesiones del mercado intradiario como resultado de la agregación de todas las transacciones firmes formalizadas para cada periodo de programación como consecuencia del programa diario via,D+1
306,programa,Generación programada PHF6 Enlace Baleares,<p>Energía correspondiente a la programación establecida por el OS con posterioridad a cada una de las sucesivas sesiones del mercado intradiario como resultado de la agregación de todas las transacciones firmes formalizadas para cada periodo de programación como consecuencia del programa diario via,D+1
307,programa,Generación programada PHF6 Genéricas,<p>Energía correspondiente a la programación establecida por el OS con posterioridad a cada una de las sucesivas sesiones del mercado intradiario como resultado de la agregación de todas las transacciones firmes formalizadas para cada periodo de programación como consecuencia del programa diario via,D+1
308,programa,Generación programada PHF6 Importación Francia,<p>Energía correspondiente a la programación establecida por el OS con posterioridad a cada una de las sucesivas sesiones del mercado intradiario como resultado de la agregación de todas las transacciones firmes formalizadas para cada periodo de programación como consecuencia del programa diario via,D+1
309,programa,Generación programada PHF6 Importación Portugal,<p>Energía correspondiente a la programación establecida por el OS con posterioridad a cada una de las sucesivas sesiones del mercado intradiario como resultado de la agregación de todas las transacciones firmes formalizadas para cada periodo de programación como consecuencia del programa diario via,D+1
310,programa,Generación programada PHF6 Importación Marruecos,<p>Energía correspondiente a la programación establecida por el OS con posterioridad a cada una de las sucesivas sesiones del mercado intradiario como resultado de la agregación de todas las transacciones firmes formalizadas para cada periodo de programación como consecuencia del programa diario via,D+1
311,programa,Generación programada PHF6 Importación Andorra,<p>Energía correspondiente a la programación establecida por el OS con posterioridad a cada una de las sucesivas sesiones del mercado intradiario como resultado de la agregación de todas las transacciones firmes formalizadas para cada periodo de programación como consecuencia del programa diario via,D+1
312,programa,Generación programada PHF6 Exportación Francia,<p>Energía correspondiente a la programación establecida por el OS con posterioridad a cada una de las sucesivas sesiones del mercado intradiario como resultado de la agregación de todas las transacciones firmes formalizadas para cada periodo de programación como consecuencia del programa diario via,D+1
313,programa,Generación programada PHF6 Exportación Portugal,<p>Energía correspondiente a la programación establecida por el OS con posterioridad a cada una de las sucesivas sesiones del mercado intradiario como resultado de la agregación de todas las transacciones firmes formalizadas para cada periodo de programación como consecuencia del programa diario via,D+1
314,programa,Generación programada PHF6 Exportación Marruecos,<p>Energía correspondiente a la programación establecida por el OS con posterioridad a cada una de las sucesivas sesiones del mercado intradiario como resultado de la agregación de todas las transacciones firmes formalizadas para cada periodo de programación como consecuencia del programa diario via,D+1
315,programa,Generación programada PHF6 Exportación Andorra,<p>Energía correspondiente a la programación establecida por el OS con posterioridad a cada una de las sucesivas sesiones del mercado intradiario como resultado de la agregación de todas las transacciones firmes formalizadas para cada periodo de programación como consecuencia del programa diario via,D+1
316,programa,Generación programada PHF7 Hidráulica UGH,<p>Energía correspondiente a la programación establecida por el OS con posterioridad a cada una de las sucesivas sesiones del mercado intradiario como resultado de la agregación de todas las transacciones firmes formalizadas para cada periodo de programación como consecuencia del programa diario via,D+1
317,programa,Generación programada PHF7 Hidráulica no UGH,<p>Energía correspondiente a la programación establecida por el OS con posterioridad a cada una de las sucesivas sesiones del mercado intradiario como resultado de la agregación de todas las transacciones firmes formalizadas para cada periodo de programación como consecuencia del programa diario via,D+1
318,programa,Generación programada PHF7 Turbinación bombeo,<p>Energía correspondiente a la programación establecida por el OS con posterioridad a cada una de las sucesivas sesiones del mercado intradiario como resultado de la agregación de todas las transacciones firmes formalizadas para cada periodo de programación como consecuencia del programa diario via,D+1
319,programa,Generación programada PHF7 Nuclear,<p>Energía correspondiente a la programación establecida por el OS con posterioridad a cada una de las sucesivas sesiones del mercado intradiario como resultado de la agregación de todas las transacciones firmes formalizadas para cada periodo de programación como consecuencia del programa diario via,D+1
320,programa,Generación programada PHF7 Hulla antracita Anexo II RD 134/2010,<p>Energía correspondiente a la programación establecida por el OS con posterioridad a cada una de las sucesivas sesiones del mercado intradiario como resultado de la agregación de todas las transacciones firmes formalizadas para cada periodo de programación como consecuencia del programa diario via,D+1
321,programa,Generación programada PHF7 Hulla sub-bituminosa Anexo II RD 134/2010,<p>Energía correspondiente a la programación establecida por el OS con posterioridad a cada una de las sucesivas sesiones del mercado intradiario como resultado de la agregación de todas las transacciones firmes formalizadas para cada periodo de programación como consecuencia del programa diario via,D+1
322,programa,Generación programada PHF7 Hulla antracita,<p>Energía correspondiente a la programación establecida por el OS con posterioridad a cada una de las sucesivas sesiones del mercado intradiario como resultado de la agregación de todas las transacciones firmes formalizadas para cada periodo de programación como consecuencia del programa diario via,D+1
323,programa,Generación programada PHF7 Hulla sub-bituminosa,<p>Energía correspondiente a la programación establecida por el OS con posterioridad a cada una de las sucesivas sesiones del mercado intradiario como resultado de la agregación de todas las transacciones firmes formalizadas para cada periodo de programación como consecuencia del programa diario via,D+1
324,programa,Generación programada PHF7 Ciclo combinado,<p>Energía correspondiente a la programación establecida por el OS con posterioridad a cada una de las sucesivas sesiones del mercado intradiario como resultado de la agregación de todas las transacciones firmes formalizadas para cada periodo de programación como consecuencia del programa diario via,D+1
325,programa,Generación programada PHF7 Fuel,<p>Energía correspondiente a la programación establecida por el OS con posterioridad a cada una de las sucesivas sesiones del mercado intradiario como resultado de la agregación de todas las transacciones firmes formalizadas para cada periodo de programación como consecuencia del programa diario via,D+1
326,programa,Generación programada PHF7 Gas Natural - Turbina de vapor,<p>Energía correspondiente a la programación establecida por el OS con posterioridad a cada una de las sucesivas sesiones del mercado intradiario como resultado de la agregación de todas las transacciones firmes formalizadas para cada periodo de programación como consecuencia del programa diario via,D+1
327,programa,Generación programada PHF7 Eólica terrestre,<p>Energía correspondiente a la programación establecida por el OS con posterioridad a cada una de las sucesivas sesiones del mercado intradiario como resultado de la agregación de todas las transacciones firmes formalizadas para cada periodo de programación como consecuencia del programa diario via,D+1
328,programa,Generación programada PHF7 Eólica marina,<p>Energía correspondiente a la programación establecida por el OS con posterioridad a cada una de las sucesivas sesiones del mercado intradiario como resultado de la agregación de todas las transacciones firmes formalizadas para cada periodo de programación como consecuencia del programa diario via,D+1
329,programa,Generación programada PHF7 Solar fotovoltaica,<p>Energía correspondiente a la programación establecida por el OS con posterioridad a cada una de las sucesivas sesiones del mercado intradiario como resultado de la agregación de todas las transacciones firmes formalizadas para cada periodo de programación como consecuencia del programa diario via,D+1
330,programa,Generación programada PHF7 Solar térmica,<p>Energía correspondiente a la programación establecida por el OS con posterioridad a cada una de las sucesivas sesiones del mercado intradiario como resultado de la agregación de todas las transacciones firmes formalizadas para cada periodo de programación como consecuencia del programa diario via,D+1
331,programa,Generación programada PHF7 Océano y geotérmica,<p>Energía correspondiente a la programación establecida por el OS con posterioridad a cada una de las sucesivas sesiones del mercado intradiario como resultado de la agregación de todas las transacciones firmes formalizadas para cada periodo de programación como consecuencia del programa diario via,D+1
332,programa,Generación programada PHF7 Gas Natural Cogeneración,<p>Energía correspondiente a la programación establecida por el OS con posterioridad a cada una de las sucesivas sesiones del mercado intradiario como resultado de la agregación de todas las transacciones firmes formalizadas para cada periodo de programación como consecuencia del programa diario via,D+1
333,programa,Generación programada PHF7 Derivados del petróleo ó carbón,<p>Energía correspondiente a la programación establecida por el OS con posterioridad a cada una de las sucesivas sesiones del mercado intradiario como resultado de la agregación de todas las transacciones firmes formalizadas para cada periodo de programación como consecuencia del programa diario via,D+1
334,programa,Generación programada PHF7 Subproductos minería,<p>Energía correspondiente a la programación establecida por el OS con posterioridad a cada una de las sucesivas sesiones del mercado intradiario como resultado de la agregación de todas las transacciones firmes formalizadas para cada periodo de programación como consecuencia del programa diario via,D+1
335,programa,Generación programada PHF7 Energía residual,<p>Energía correspondiente a la programación establecida por el OS con posterioridad a cada una de las sucesivas sesiones del mercado intradiario como resultado de la agregación de todas las transacciones firmes formalizadas para cada periodo de programación como consecuencia del programa diario via,D+1
336,programa,Generación programada PHF7 Biomasa,<p>Energía correspondiente a la programación establecida por el OS con posterioridad a cada una de las sucesivas sesiones del mercado intradiario como resultado de la agregación de todas las transacciones firmes formalizadas para cada periodo de programación como consecuencia del programa diario via,D+1
337,programa,Generación programada PHF7 Biogás,<p>Energía correspondiente a la programación establecida por el OS con posterioridad a cada una de las sucesivas sesiones del mercado intradiario como resultado de la agregación de todas las transacciones firmes formalizadas para cada periodo de programación como consecuencia del programa diario via,D+1
338,programa,Generación programada PHF7 Residuos domésticos y similares,<p>Energía correspondiente a la programación establecida por el OS con posterioridad a cada una de las sucesivas sesiones del mercado intradiario como resultado de la agregación de todas las transacciones firmes formalizadas para cada periodo de programación como consecuencia del programa diario via,D+1
339,programa,Generación programada PHF7 Residuos varios,<p>Energía correspondiente a la programación establecida por el OS con posterioridad a cada una de las sucesivas sesiones del mercado intradiario como resultado de la agregación de todas las transacciones firmes formalizadas para cada periodo de programación como consecuencia del programa diario via,D+1
340,programa,Generación programada PHF7 Consumo bombeo,<p>Energía correspondiente a la programación establecida por el OS con posterioridad a cada una de las sucesivas sesiones del mercado intradiario como resultado de la agregación de todas las transacciones firmes formalizadas para cada periodo de programación como consecuencia del programa diario via,D+1
341,programa,Generación programada PHF7 Enlace Baleares,<p>Energía correspondiente a la programación establecida por el OS con posterioridad a cada una de las sucesivas sesiones del mercado intradiario como resultado de la agregación de todas las transacciones firmes formalizadas para cada periodo de programación como consecuencia del programa diario via,D+1
342,programa,Generación programada PHF7 Genéricas,<p>Energía correspondiente a la programación establecida por el OS con posterioridad a cada una de las sucesivas sesiones del mercado intradiario como resultado de la agregación de todas las transacciones firmes formalizadas para cada periodo de programación como consecuencia del programa diario via,D+1
343,programa,Generación programada PHF7 Importación Francia,<p>Energía correspondiente a la programación establecida por el OS con posterioridad a cada una de las sucesivas sesiones del mercado intradiario como resultado de la agregación de todas las transacciones firmes formalizadas para cada periodo de programación como consecuencia del programa diario via,D+1
344,programa,Generación programada PHF7 Importación Portugal,<p>Energía correspondiente a la programación establecida por el OS con posterioridad a cada una de las sucesivas sesiones del mercado intradiario como resultado de la agregación de todas las transacciones firmes formalizadas para cada periodo de programación como consecuencia del programa diario via,D+1
345,programa,Generación programada PHF7 Importación Marruecos,<p>Energía correspondiente a la programación establecida por el OS con posterioridad a cada una de las sucesivas sesiones del mercado intradiario como resultado de la agregación de todas las transacciones firmes formalizadas para cada periodo de programación como consecuencia del programa diario via,D+1
346,programa,Generación programada PHF7 Importación Andorra,<p>Energía correspondiente a la programación establecida por el OS con posterioridad a cada una de las sucesivas sesiones del mercado intradiario como resultado de la agregación de todas las transacciones firmes formalizadas para cada periodo de programación como consecuencia del programa diario via,D+1
347,programa,Generación programada PHF7 Exportación Francia,<p>Energía correspondiente a la programación establecida por el OS con posterioridad a cada una de las sucesivas sesiones del mercado intradiario como resultado de la agregación de todas las transacciones firmes formalizadas para cada periodo de programación como consecuencia del programa diario via,D+1
348,programa,Generación programada PHF7 Exportación Portugal,<p>Energía correspondiente a la programación establecida por el OS con posterioridad a cada una de las sucesivas sesiones del mercado intradiario como resultado de la agregación de todas las transacciones firmes formalizadas para cada periodo de programación como consecuencia del programa diario via,D+1
349,programa,Generación programada PHF7 Exportación Marruecos,<p>Energía correspondiente a la programación establecida por el OS con posterioridad a cada una de las sucesivas sesiones del mercado intradiario como resultado de la agregación de todas las transacciones firmes formalizadas para cada periodo de programación como consecuencia del programa diario via,D+1
350,programa,Generación programada PHF7 Exportación Andorra,<p>Energía correspondiente a la programación establecida por el OS con posterioridad a cada una de las sucesivas sesiones del mercado intradiario como resultado de la agregación de todas las transacciones firmes formalizadas para cada periodo de programación como consecuencia del programa diario via,D+1
351,programa,Demanda programada PBF Comercializadores mercado libre,"<p>Es el programa de energía diario, con desglose horario, de las diferentes Unidades de Programación correspondientes a ventas y adquisiciones de energía en el sistema eléctrico peninsular español. </p><p>En concreto este indicador se refiere a las unidades de programación de tipo Comercializadores",D+1
352,programa,Demanda programada PBF Comercializadores de referencia,"<p>Es el programa de energía diario, con desglose horario, de las diferentes Unidades de Programación correspondientes a ventas y adquisiciones de energía en el sistema eléctrico peninsular español. </p><p>En concreto este indicador se refiere a las unidades de programación de tipo Comercializadores",D+1
353,programa,Demanda programada PBF Consumos directos en mercado,"<p>Es el programa de energía diario, con desglose horario, de las diferentes Unidades de Programación correspondientes a ventas y adquisiciones de energía en el sistema eléctrico peninsular español. </p><p>En concreto este indicador se refiere a las unidades de programación de tipo Consumos directos",D+1
354,programa,Demanda programada PBF Consumo de Servicios Auxiliares,"<p>Es el programa de energía diario, con desglose horario, de las diferentes Unidades de Programación correspondientes a ventas y adquisiciones de energía en el sistema eléctrico peninsular español. </p><p>En concreto este indicador se refiere a las unidades de programación de tipo Consumo de Servic",D+1
355,programa,Demanda programada PBF Corrección eólica,"<p>Es el programa de energía diario, con desglose horario, de las diferentes Unidades de Programación correspondientes a ventas y adquisiciones de energía en el sistema eléctrico peninsular español. </p><p>Este programa es establecido por el OS a partir de la casación del OM y de las nominaciones de",D+1
356,programa,Demanda programada PBF Corrección solar,"<p>Es el programa de energía diario, con desglose horario, de las diferentes Unidades de Programación correspondientes a ventas y adquisiciones de energía en el sistema eléctrico peninsular español. </p><p>Este programa es establecido por el OS a partir de la casación del OM y de las nominaciones de",D+1
357,programa,Demanda programada PBF Corrección REE,"<p>Es el programa de energía diario, con desglose horario, de las diferentes Unidades de Programación correspondientes a ventas y adquisiciones de energía en el sistema eléctrico peninsular español. </p><p>Este programa es establecido por el OS a partir de la casación del OM y de las nominaciones de",D+1
358,programa,Demanda programada PVP Comercializadores mercado libre,"<p>Energía correspondiente al programa diario, con desglose por periodos de programación, que incorpora las modificaciones introducidas en el PDBF para la resolución de las restricciones técnicas identificadas por criterios de seguridad y para el reequilibrio posterior generación-demanda.</p><p>En c",D+1
359,programa,Demanda programada PVP Comercializadores de referencia,"<p>Energía correspondiente al programa diario, con desglose por periodos de programación, que incorpora las modificaciones introducidas en el PDBF para la resolución de las restricciones técnicas identificadas por criterios de seguridad y para el reequilibrio posterior generación-demanda.</p><p>En c",D+1
360,programa,Demanda programada PVP Consumos directos en mercado,"<p>Energía correspondiente al programa diario, con desglose por periodos de programación, que incorpora las modificaciones introducidas en el PDBF para la resolución de las restricciones técnicas identificadas por criterios de seguridad y para el reequilibrio posterior generación-demanda.</p><p>En c",D+1
361,programa,Demanda programada PVP Consumo de Servicios Auxiliares,"<p>Energía correspondiente al programa diario, con desglose por periodos de programación, que incorpora las modificaciones introducidas en el PDBF para la resolución de las restricciones técnicas identificadas por criterios de seguridad y para el reequilibrio posterior generación-demanda.</p><p>En c",D+1
362,programa,Demanda programada PVP Corrección eólica,"<p>Energía correspondiente al programa diario, con desglose por periodos de programación, que incorpora las modificaciones introducidas en el PDBF para la resolución de las restricciones técnicas identificadas por criterios de seguridad y para el reequilibrio posterior generación-demanda.</p><p>En c",D+1
363,programa,Demanda programada PVP Corrección solar,"<p>Energía correspondiente al programa diario, con desglose por periodos de programación, que incorpora las modificaciones introducidas en el PDBF para la resolución de las restricciones técnicas identificadas por criterios de seguridad y para el reequilibrio posterior generación-demanda.</p><p>En c",D+1
364,programa,Demanda programada PVP Corrección REE,"<p>Energía correspondiente al programa diario, con desglose por periodos de programación, que incorpora las modificaciones introducidas en el PDBF para la resolución de las restricciones técnicas identificadas por criterios de seguridad y para el reequilibrio posterior generación-demanda.</p><p>En c",D+1
365,programa,Demanda programada P48 Comercializadores mercado libre,<p>Energía correspondiente al programa operativo que el OS establece en cada período hasta el final del horizonte de programación diario.</p><p>En concreto este indicador se refiere a las unidades de tipo Comercializadores mercado libre.</p><p><b>Publicación:</b> cada hora en torno al minuto 15 con,D+1
366,programa,Demanda programada P48 Comercializadores de referencia,<p>Energía correspondiente al programa operativo que el OS establece en cada período hasta el final del horizonte de programación diario.</p><p>En concreto este indicador se refiere a las unidades de programación de tipo Comercializadores de referencia.</p><p><b>Publicación:</b> cada hora en torno a,D+1
367,programa,Demanda programada P48 Consumos directos en mercado,<p>Energía correspondiente al programa operativo que el OS establece en cada período hasta el final del horizonte de programación diario.</p><p>En concreto este indicador se refiere a las unidades de programación de tipo sumos directos en mercado.</p><p><b>Publicación:</b> cada hora en torno al minu,D+1
368,programa,Demanda programada P48 Consumo de Servicios Auxiliares,<p>Energía correspondiente al programa operativo que el OS establece en cada período hasta el final del horizonte de programación diario.</p><p>En concreto este indicador se refiere a las unidades de programación de tipo sumo de Servicios Auxiliares.</p><p><b>Publicación:</b> cada hora en torno al m,D+1
369,programa,Demanda programada P48 Corrección eólica,"<p>Energía correspondiente al programa operativo que el OS establece en cada período hasta el final del horizonte de programación diario.</p><p>En concreto este indicador se refiere a las unidades de programación de tipo Corrección eólica, que es el saldo entre el generación programada de las unidad",D+1
370,programa,Demanda programada P48 Corrección solar,<p>Energía correspondiente al programa operativo que el OS establece en cada período hasta el final del horizonte de programación diario.</p><p>En concreto este indicador se refiere al saldo entre el generación programada de las unidades solares fotovoltaicas y la telemedida de estas en tiempo real.,D+1
371,programa,Demanda programada P48 Corrección REE,"<p>Energía correspondiente al programa operativo que el OS establece en cada período hasta el final del horizonte de programación diario.</p><p>En concreto este indicador  es la corrección de la demanda en tiempo real, solo tiene valores para el P48.</p><p><b>Publicación:</b> cada hora en torno al m",D+1
372,programa,Demanda programada PHF1 Comercializadores mercado libre,<p>Energía correspondiente a la programación establecida por el OS con posterioridad a cada una de las sucesivas sesiones del mercado intradiario como resultado de la agregación de todas las transacciones firmes formalizadas para cada periodo de programación como consecuencia del programa diario via,D+1
373,programa,Demanda programada PHF1 Comercializadores de referencia,<p>Energía correspondiente a la programación establecida por el OS con posterioridad a cada una de las sucesivas sesiones del mercado intradiario como resultado de la agregación de todas las transacciones firmes formalizadas para cada periodo de programación como consecuencia del programa diario via,D+1
374,programa,Demanda programada PHF1 Consumos directos en mercado,<p>Energía correspondiente a la programación establecida por el OS con posterioridad a cada una de las sucesivas sesiones del mercado intradiario como resultado de la agregación de todas las transacciones firmes formalizadas para cada periodo de programación como consecuencia del programa diario via,D+1
375,programa,Demanda programada PHF1 Consumo de Servicios Auxiliares,<p>Energía correspondiente a la programación establecida por el OS con posterioridad a cada una de las sucesivas sesiones del mercado intradiario como resultado de la agregación de todas las transacciones firmes formalizadas para cada periodo de programación como consecuencia del programa diario via,D+1
376,programa,Demanda programada PHF1 Corrección eólica,<p>Energía correspondiente a la programación establecida por el OS con posterioridad a cada una de las sucesivas sesiones del mercado intradiario como resultado de la agregación de todas las transacciones firmes formalizadas para cada periodo de programación como consecuencia del programa diario via,D+1
377,programa,Demanda programada PHF1 Corrección solar,<p>Energía correspondiente a la programación establecida por el OS con posterioridad a cada una de las sucesivas sesiones del mercado intradiario como resultado de la agregación de todas las transacciones firmes formalizadas para cada periodo de programación como consecuencia del programa diario via,D+1
378,programa,Demanda programada PHF1 Corrección REE,<p>Energía correspondiente a la programación establecida por el OS con posterioridad a cada una de las sucesivas sesiones del mercado intradiario como resultado de la agregación de todas las transacciones firmes formalizadas para cada periodo de programación como consecuencia del programa diario via,D+1
386,programa,Demanda programada PHF3 Comercializadores mercado libre,<p>Energía correspondiente a la programación establecida por el OS con posterioridad a cada una de las sucesivas sesiones del mercado intradiario como resultado de la agregación de todas las transacciones firmes formalizadas para cada periodo de programación como consecuencia del programa diario via,H+3
387,programa,Demanda programada PHF3 Comercializadores de referencia,<p>Energía correspondiente a la programación establecida por el OS con posterioridad a cada una de las sucesivas sesiones del mercado intradiario como resultado de la agregación de todas las transacciones firmes formalizadas para cada periodo de programación como consecuencia del programa diario via,H+3
388,programa,Demanda programada PHF3 Consumos directos en mercado,<p>Energía correspondiente a la programación establecida por el OS con posterioridad a cada una de las sucesivas sesiones del mercado intradiario como resultado de la agregación de todas las transacciones firmes formalizadas para cada periodo de programación como consecuencia del programa diario via,H+3
389,programa,Demanda programada PHF3 Consumo de Servicios Auxiliares,<p>Energía correspondiente a la programación establecida por el OS con posterioridad a cada una de las sucesivas sesiones del mercado intradiario como resultado de la agregación de todas las transacciones firmes formalizadas para cada periodo de programación como consecuencia del programa diario via,H+3
390,programa,Demanda programada PHF3 Corrección eólica,<p>Energía correspondiente a la programación establecida por el OS con posterioridad a cada una de las sucesivas sesiones del mercado intradiario como resultado de la agregación de todas las transacciones firmes formalizadas para cada periodo de programación como consecuencia del programa diario via,H+3
391,programa,Demanda programada PHF3 Corrección solar,<p>Energía correspondiente a la programación establecida por el OS con posterioridad a cada una de las sucesivas sesiones del mercado intradiario como resultado de la agregación de todas las transacciones firmes formalizadas para cada periodo de programación como consecuencia del programa diario via,H+3
392,programa,Demanda programada PHF3 Corrección REE,<p>Energía correspondiente a la programación establecida por el OS con posterioridad a cada una de las sucesivas sesiones del mercado intradiario como resultado de la agregación de todas las transacciones firmes formalizadas para cada periodo de programación como consecuencia del programa diario via,H+3
400,programa,Demanda programada PHF5 Comercializadores mercado libre,<p>Energía correspondiente a la programación establecida por el OS con posterioridad a cada una de las sucesivas sesiones del mercado intradiario como resultado de la agregación de todas las transacciones firmes formalizadas para cada periodo de programación como consecuencia del programa diario via,D+1
401,programa,Demanda programada PHF5 Comercializadores de referencia,<p>Energía correspondiente a la programación establecida por el OS con posterioridad a cada una de las sucesivas sesiones del mercado intradiario como resultado de la agregación de todas las transacciones firmes formalizadas para cada periodo de programación como consecuencia del programa diario via,D+1
402,programa,Demanda programada PHF5 Consumos directos en mercado,<p>Energía correspondiente a la programación establecida por el OS con posterioridad a cada una de las sucesivas sesiones del mercado intradiario como resultado de la agregación de todas las transacciones firmes formalizadas para cada periodo de programación como consecuencia del programa diario via,D+1
403,programa,Demanda programada PHF5 Consumo de Servicios Auxiliares,<p>Energía correspondiente a la programación establecida por el OS con posterioridad a cada una de las sucesivas sesiones del mercado intradiario como resultado de la agregación de todas las transacciones firmes formalizadas para cada periodo de programación como consecuencia del programa diario via,D+1
404,programa,Demanda programada PHF5 Corrección eólica,<p>Energía correspondiente a la programación establecida por el OS con posterioridad a cada una de las sucesivas sesiones del mercado intradiario como resultado de la agregación de todas las transacciones firmes formalizadas para cada periodo de programación como consecuencia del programa diario via,D+1
405,programa,Demanda programada PHF5 Corrección solar,<p>Energía correspondiente a la programación establecida por el OS con posterioridad a cada una de las sucesivas sesiones del mercado intradiario como resultado de la agregación de todas las transacciones firmes formalizadas para cada periodo de programación como consecuencia del programa diario via,D+1
406,programa,Demanda programada PHF5 Corrección REE,<p>Energía correspondiente a la programación establecida por el OS con posterioridad a cada una de las sucesivas sesiones del mercado intradiario como resultado de la agregación de todas las transacciones firmes formalizadas para cada periodo de programación como consecuencia del programa diario via,D+1
407,programa,Demanda programada PHF6 Comercializadores mercado libre,<p>Energía correspondiente a la programación establecida por el OS con posterioridad a cada una de las sucesivas sesiones del mercado intradiario como resultado de la agregación de todas las transacciones firmes formalizadas para cada periodo de programación como consecuencia del programa diario via,D+1
408,programa,Demanda programada PHF6 Comercializadores de referencia,<p>Energía correspondiente a la programación establecida por el OS con posterioridad a cada una de las sucesivas sesiones del mercado intradiario como resultado de la agregación de todas las transacciones firmes formalizadas para cada periodo de programación como consecuencia del programa diario via,D+1
409,programa,Demanda programada PHF6 Consumos directos en mercado,<p>Energía correspondiente a la programación establecida por el OS con posterioridad a cada una de las sucesivas sesiones del mercado intradiario como resultado de la agregación de todas las transacciones firmes formalizadas para cada periodo de programación como consecuencia del programa diario via,D+1
410,programa,Demanda programada PHF6 Consumo de Servicios Auxiliares,<p>Energía correspondiente a la programación establecida por el OS con posterioridad a cada una de las sucesivas sesiones del mercado intradiario como resultado de la agregación de todas las transacciones firmes formalizadas para cada periodo de programación como consecuencia del programa diario via,D+1
411,programa,Demanda programada PHF6 Corrección eólica,<p>Energía correspondiente a la programación establecida por el OS con posterioridad a cada una de las sucesivas sesiones del mercado intradiario como resultado de la agregación de todas las transacciones firmes formalizadas para cada periodo de programación como consecuencia del programa diario via,D+1
412,programa,Demanda programada PHF6 Corrección solar,<p>Energía correspondiente a la programación establecida por el OS con posterioridad a cada una de las sucesivas sesiones del mercado intradiario como resultado de la agregación de todas las transacciones firmes formalizadas para cada periodo de programación como consecuencia del programa diario via,D+1
413,programa,Demanda programada PHF6 Corrección REE,<p>Energía correspondiente a la programación establecida por el OS con posterioridad a cada una de las sucesivas sesiones del mercado intradiario como resultado de la agregación de todas las transacciones firmes formalizadas para cada periodo de programación como consecuencia del programa diario via,D+1
414,programa,Demanda programada PHF7 Comercializadores mercado libre,<p>Energía correspondiente a la programación establecida por el OS con posterioridad a cada una de las sucesivas sesiones del mercado intradiario como resultado de la agregación de todas las transacciones firmes formalizadas para cada periodo de programación como consecuencia del programa diario via,D+1
415,programa,Demanda programada PHF7 Comercializadores de referencia,<p>Energía correspondiente a la programación establecida por el OS con posterioridad a cada una de las sucesivas sesiones del mercado intradiario como resultado de la agregación de todas las transacciones firmes formalizadas para cada periodo de programación como consecuencia del programa diario via,D+1
416,programa,Demanda programada PHF7 Consumos directos en mercado,<p>Energía correspondiente a la programación establecida por el OS con posterioridad a cada una de las sucesivas sesiones del mercado intradiario como resultado de la agregación de todas las transacciones firmes formalizadas para cada periodo de programación como consecuencia del programa diario via,D+1
417,programa,Demanda programada PHF7 Consumo de Servicios Auxiliares,<p>Energía correspondiente a la programación establecida por el OS con posterioridad a cada una de las sucesivas sesiones del mercado intradiario como resultado de la agregación de todas las transacciones firmes formalizadas para cada periodo de programación como consecuencia del programa diario via,D+1
418,programa,Demanda programada PHF7 Corrección eólica,<p>Energía correspondiente a la programación establecida por el OS con posterioridad a cada una de las sucesivas sesiones del mercado intradiario como resultado de la agregación de todas las transacciones firmes formalizadas para cada periodo de programación como consecuencia del programa diario via,D+1
419,programa,Demanda programada PHF7 Corrección solar,<p>Energía correspondiente a la programación establecida por el OS con posterioridad a cada una de las sucesivas sesiones del mercado intradiario como resultado de la agregación de todas las transacciones firmes formalizadas para cada periodo de programación como consecuencia del programa diario via,D+1
420,programa,Demanda programada PHF7 Corrección REE,<p>Energía correspondiente a la programación establecida por el OS con posterioridad a cada una de las sucesivas sesiones del mercado intradiario como resultado de la agregación de todas las transacciones firmes formalizadas para cada periodo de programación como consecuencia del programa diario via,D+1
421,programa,Programa bilateral PBF Hidráulica UGH,"<p>Es el programa de energía diario, con desglose horario, de las diferentes Unidades de Programación correspondientes a ventas y adquisiciones de energía en el sistema eléctrico peninsular español. </p><p>En concreto este indicador se refiere a las unidades de programación con tipo de producción Hi",D+1
422,programa,Programa bilateral PBF Hidráulica no UGH,"<p>Es el programa de energía diario, con desglose horario, de las diferentes Unidades de Programación correspondientes a ventas y adquisiciones de energía en el sistema eléctrico peninsular español. </p><p>En concreto este indicador se refiere a las unidades de programación con tipo de producción Hi",D+1
423,programa,Programa bilateral PBF Turbinación bombeo,"<p>Es el programa de energía diario, con desglose horario, de las diferentes Unidades de Programación correspondientes a ventas y adquisiciones de energía en el sistema eléctrico peninsular español. </p><p>En concreto este indicador se refiere a las unidades de programación con tipo de producción Tu",D+1
424,programa,Programa bilateral PBF Nuclear,"<p>Es el programa de energía diario, con desglose horario, de las diferentes Unidades de Programación correspondientes a ventas y adquisiciones de energía en el sistema eléctrico peninsular español. </p><p>En concreto este indicador se refiere a las unidades de programación con tipo de producción Nu",D+1
425,programa,Programa bilateral PBF Hulla antracita Anexo II RD 134/2010,"<p>Es el programa de energía diario, con desglose horario, de las diferentes Unidades de Programación correspondientes a ventas y adquisiciones de energía en el sistema eléctrico peninsular español. </p><p>En concreto este indicador se refiere a las unidades de programación con tipo de producción Hu",D+1
426,programa,Programa bilateral PBF Hulla sub-bituminosa Anexo II RD 134/2010,"<p>Es el programa de energía diario, con desglose horario, de las diferentes Unidades de Programación correspondientes a ventas y adquisiciones de energía en el sistema eléctrico peninsular español. </p><p>En concreto este indicador se refiere a las unidades de programación con tipo de producción Hu",D+1
427,programa,Programa bilateral PBF Hulla antracita,"<p>Es el programa de energía diario, con desglose horario, de las diferentes Unidades de Programación correspondientes a ventas y adquisiciones de energía en el sistema eléctrico peninsular español. </p><p>En concreto este indicador se refiere a las unidades de programación con tipo de producción Hu",D+1
428,programa,Programa bilateral PBF Hulla sub-bituminosa,"<p>Es el programa de energía diario, con desglose horario, de las diferentes Unidades de Programación correspondientes a ventas y adquisiciones de energía en el sistema eléctrico peninsular español. </p><p>En concreto este indicador se refiere a las unidades de programación con tipo de producción Hu",D+1
429,programa,Programa bilateral PBF Ciclo combinado,"<p>Es el programa de energía diario, con desglose horario, de las diferentes Unidades de Programación correspondientes a ventas y adquisiciones de energía en el sistema eléctrico peninsular español. </p><p>En concreto este indicador se refiere a las unidades de programación con tipo de producción Ci",D+1
430,programa,Programa bilateral PBF Fuel,"<p>Es el programa de energía diario, con desglose horario, de las diferentes Unidades de Programación correspondientes a ventas y adquisiciones de energía en el sistema eléctrico peninsular español. </p><p>En concreto este indicador se refiere a las unidades de programación con tipo de producción Fu",D+1
431,programa,Programa bilateral PBF Gas Natural,"<p>Es el programa de energía diario, con desglose horario, de las diferentes Unidades de Programación correspondientes a ventas y adquisiciones de energía en el sistema eléctrico peninsular español. </p><p>En concreto este indicador se refiere a las unidades de programación con tipo de producción Ga",D+1
432,programa,Programa bilateral PBF Eólica terrestre,"<p>Es el programa de energía diario, con desglose horario, de las diferentes Unidades de Programación correspondientes a ventas y adquisiciones de energía en el sistema eléctrico peninsular español. </p><p>En concreto este indicador se refiere a las unidades de programación con tipo de producción Eó",D+1
433,programa,Programa bilateral PBF Eólica marina,"<p>Es el programa de energía diario, con desglose horario, de las diferentes Unidades de Programación correspondientes a ventas y adquisiciones de energía en el sistema eléctrico peninsular español. </p><p>En concreto este indicador se refiere a las unidades de programación con tipo de producción Eó",D+1
434,programa,Programa bilateral PBF Solar fotovoltaica,"<p>Es el programa de energía diario, con desglose horario, de las diferentes Unidades de Programación correspondientes a ventas y adquisiciones de energía en el sistema eléctrico peninsular español. </p><p>En concreto este indicador se refiere a las unidades de programación con tipo de producción So",D+1
435,programa,Programa bilateral PBF Solar térmica,"<p>Es el programa de energía diario, con desglose horario, de las diferentes Unidades de Programación correspondientes a ventas y adquisiciones de energía en el sistema eléctrico peninsular español. </p><p>En concreto este indicador se refiere a las unidades de programación con tipo de producción So",D+1
436,programa,Programa bilateral PBF Océano y geotérmica,"<p>Es el programa de energ&iacute;a diario, con desglose horario, de las diferentes Unidades de Programaci&oacute;n correspondientes a ventas y adquisiciones de energ&iacute;a en el sistema el&eacute;ctrico peninsular espa&ntilde;ol.</p>

<p>En concreto este indicador se refiere a las unidades de",D+1
437,programa,Programa bilateral PBF Gas Natural Cogeneración,"<p>Es el programa de energía diario, con desglose horario, de las diferentes Unidades de Programación correspondientes a ventas y adquisiciones de energía en el sistema eléctrico peninsular español. </p><p>En concreto este indicador se refiere a las unidades de programación con tipo de producción Ga",D+1
438,programa,Programa bilateral PBF Derivados del petróleo ó carbón,"<p>Es el programa de energía diario, con desglose horario, de las diferentes Unidades de Programación correspondientes a ventas y adquisiciones de energía en el sistema eléctrico peninsular español. </p><p>En concreto este indicador se refiere a las unidades de programación con tipo de producción De",D+1
439,programa,Programa bilateral PBF Subproductos minería,"<p>Es el programa de energía diario, con desglose horario, de las diferentes Unidades de Programación correspondientes a ventas y adquisiciones de energía en el sistema eléctrico peninsular español. </p><p>En concreto este indicador se refiere a las unidades de programación con tipo de producción Su",D+1
440,programa,Programa bilateral PBF Energía residual,"<p>Es el programa de energía diario, con desglose horario, de las diferentes Unidades de Programación correspondientes a ventas y adquisiciones de energía en el sistema eléctrico peninsular español. </p><p>En concreto este indicador se refiere a las unidades de programación con tipo de producción En",D+1
441,programa,Programa bilateral PBF Biomasa,"<p>Es el programa de energía diario, con desglose horario, de las diferentes Unidades de Programación correspondientes a ventas y adquisiciones de energía en el sistema eléctrico peninsular español. </p><p>En concreto este indicador se refiere a las unidades de programación con tipo de producción Bi",D+1
442,programa,Programa bilateral PBF Biogás,"<p>Es el programa de energ&iacute;a diario, con desglose horario, de las diferentes Unidades de Programaci&oacute;n correspondientes a ventas y adquisiciones de energ&iacute;a en el sistema el&eacute;ctrico peninsular espa&ntilde;ol.</p>

<p>En concreto este indicador se refiere a las unidades de",D+1
443,programa,Programa bilateral PBF Residuos domésticos y similares,"<p>Es el programa de energía diario, con desglose horario, de las diferentes Unidades de Programación correspondientes a ventas y adquisiciones de energía en el sistema eléctrico peninsular español. </p><p>En concreto este indicador se refiere a las unidades de programación con tipo de producción Re",D+1
444,programa,Programa bilateral PBF Residuos varios,"<p>Es el programa de energía diario, con desglose horario, de las diferentes Unidades de Programación correspondientes a ventas y adquisiciones de energía en el sistema eléctrico peninsular español. </p><p>En concreto este indicador se refiere a las unidades de programación con tipo de producción Re",D+1
445,programa,Programa bilateral PBF Consumo bombeo,"<p>Es el programa de energía diario, con desglose horario, de las diferentes Unidades de Programación correspondientes a ventas y adquisiciones de energía en el sistema eléctrico peninsular español. </p><p>En concreto este indicador se refiere a las unidades de programación con tipo de producción Co",D+1
446,programa,Programa bilateral PBF Importación Francia,"<p>Es el programa de energía diario, con desglose horario, de las diferentes Unidades de Programación correspondientes a ventas y adquisiciones de energía en el sistema eléctrico peninsular español. </p><p>En concreto este indicador se refiere a las unidades de programación de tipo Importación Franc",D+1
447,programa,Programa bilateral PBF Importación Portugal,"<p>Es el programa de energía diario, con desglose horario, de las diferentes Unidades de Programación correspondientes a ventas y adquisiciones de energía en el sistema eléctrico peninsular español. </p><p>En concreto este indicador se refiere a las unidades de programación de tipo Importación Portu",D+1
448,programa,Programa bilateral PBF Importación Marruecos,"<p>Es el programa de energía diario, con desglose horario, de las diferentes Unidades de Programación correspondientes a ventas y adquisiciones de energía en el sistema eléctrico peninsular español. </p><p>En concreto este indicador se refiere a las unidades de programación de tipo Importación Marru",D+1
449,programa,Programa bilateral PBF Importación Andorra,"<p>Es el programa de energía diario, con desglose horario, de las diferentes Unidades de Programación correspondientes a ventas y adquisiciones de energía en el sistema eléctrico peninsular español. </p><p>En concreto este indicador se refiere a las unidades de programación de tipo Importación Andor",D+1
450,programa,Programa bilateral PBF Exportación Francia,"<p>Es el programa de energía diario, con desglose horario, de las diferentes Unidades de Programación correspondientes a ventas y adquisiciones de energía en el sistema eléctrico peninsular español. </p><p>En concreto este indicador se refiere a las unidades de programación de Exportación Francia.</",D+1
451,programa,Programa bilateral PBF Exportación Portugal,"<p>Es el programa de energía diario, con desglose horario, de las diferentes Unidades de Programación correspondientes a ventas y adquisiciones de energía en el sistema eléctrico peninsular español. </p><p>En concreto este indicador se refiere a las unidades de programación de Exportación Portugal.<",D+1
452,programa,Programa bilateral PBF Exportación Marruecos,"<p>Es el programa de energía diario, con desglose horario, de las diferentes Unidades de Programación correspondientes a ventas y adquisiciones de energía en el sistema eléctrico peninsular español. </p><p>En concreto este indicador se refiere a las unidades de programación de Exportación Marruecos.",D+1
453,programa,Programa bilateral PBF Exportación Andorra,"<p>Es el programa de energía diario, con desglose horario, de las diferentes Unidades de Programación correspondientes a ventas y adquisiciones de energía en el sistema eléctrico peninsular español. </p><p>En concreto este indicador se refiere a las unidades de programación de Exportación Andorra.</",D+1
454,programa,Programa bilateral PBF Comercialización Mercado Libre ventas,"<p>Es el programa de energía diario, con desglose horario, de las diferentes Unidades de Programación correspondientes a ventas y adquisiciones de energía en el sistema eléctrico peninsular español. </p><p>En concreto este indicador se refiere a las unidades de programación de tipo  Comercialización",D+1
455,programa,Programa bilateral PBF Genéricas ventas,"<p>Es el programa de energía diario, con desglose horario, de las diferentes Unidades de Programación correspondientes a ventas y adquisiciones de energía en el sistema eléctrico peninsular español. </p><p>En concreto este indicador se refiere a las unidades de programación de tipo Genéricas ventas.",D+1
456,programa,Programa bilateral PBF Comercialización Mercado Libre bajar,"<p>Es el programa de energía diario, con desglose horario, de las diferentes Unidades de Programación correspondientes a ventas y adquisiciones de energía en el sistema eléctrico peninsular español. </p><p>En concreto este indicador se refiere a las unidades de programación de tipo  Comercialización",D+1
457,programa,Programa bilateral PBF Comercialización Último Recurso,"<p>Es el programa de energía diario, con desglose horario, de las diferentes Unidades de Programación correspondientes a ventas y adquisiciones de energía en el sistema eléctrico peninsular español. </p><p>En concreto este indicador se refiere a las unidades de programación de tipo Comercialización",D+1
458,programa,Programa bilateral PBF Consumo Directo en Mercado,"<p>Es el programa de energía diario, con desglose horario, de las diferentes Unidades de Programación correspondientes a ventas y adquisiciones de energía en el sistema eléctrico peninsular español. </p><p>En concreto este indicador se refiere a las unidades de programación de tipo Consumo Directo e",D+1
459,programa,Programa bilateral PBF Genéricas bajar,"<p>Es el programa de energía diario, con desglose horario, de las diferentes Unidades de Programación correspondientes a ventas y adquisiciones de energía en el sistema eléctrico peninsular español. </p><p>En concreto este indicador se refiere a las unidades de programación de tipo Genéricas bajar.<",D+1
460,prevision,Previsión diaria de la demanda eléctrica peninsular,"<p>Es la previsión de consumo que Red Eléctrica elabora teniendo en cuenta los valores de consumo registrados en periodos precedentes similares, así como otros factores con influencia en el consumo eléctrico como la laboralidad, la climatología y la actividad económica.</p>

<p><strong>Important",previsión
461,prevision,Previsión mensual de la demanda eléctrica peninsular,"<p>Previsi&oacute;n de la demanda del sistema peninsular espa&ntilde;ol.</p>

<p>En concreto este indicador muestra la previsi&oacute;n de la demanda para todo el a&ntilde;o m&oacute;vil siguiente.</p>

<p><b>Publicaci&oacute;n:</b> mensualmente con la informaci&oacute;n del total de demanda men",previsión
462,programa,Potencia indisponible de generación en PBF,<p>Suma total de indisponibilidades de potencia activa de las Unidades Físicas de generación declaradas por los Sujetos del Mercado hasta el momento de publicación del Programa Diario Básico de Funcionamiento y que han afectado a los periodos horarios del día D+1.</p><p><b>Publicación:</b> en el día,D+1
463,programa,Potencia indisponible de generación en el cierre,<p>Suma total de indisponibilidades de potencia activa de las Unidades Físicas de generación que afectan a periodos horarios del día D.</p><p><b>Publicación:</b> en el día D+1 una vez finalizado el horizonte diario de programación del día D.</p><p></p>,D+1
464,programa,Potencia instalada de generación convencional Hidráulica UGH,"<p>Potencia instalada de generaci&oacute;n convencional. Es la que resulta aprobada por Resoluci&oacute;n de la Direcci&oacute;n General de Pol&iacute;tica Energ&eacute;tica y Minas para cada instalaci&oacute;n. Este valor, una vez comunicado a REE, es registrado en el sistema e&middot;sios. La pote",H+3
465,programa,Potencia instalada de generación convencional Turbinación bombeo,"<p>Potencia instalada de generaci&oacute;n convencional. Es la que resulta aprobada por Resoluci&oacute;n de la Direcci&oacute;n General de Pol&iacute;tica Energ&eacute;tica y Minas para cada instalaci&oacute;n. Este valor, una vez comunicado a REE, es registrado en el sistema e&middot;sios. La pote",H+3
466,programa,Potencia instalada de generación convencional Nuclear,"<p>Potencia instalada de generaci&oacute;n convencional. Es la que resulta aprobada por Resoluci&oacute;n de la Direcci&oacute;n General de Pol&iacute;tica Energ&eacute;tica y Minas para cada instalaci&oacute;n. Este valor, una vez comunicado a REE, es registrado en el sistema e&middot;sios. La pote",H+3
467,programa,Potencia instalada de generación convencional Hulla antracita,"<p>Potencia instalada de generaci&oacute;n convencional. Es la que resulta aprobada por Resoluci&oacute;n de la Direcci&oacute;n General de Pol&iacute;tica Energ&eacute;tica y Minas para cada instalaci&oacute;n. Este valor, una vez comunicado a REE, es registrado en el sistema e&middot;sios. La pote",H+3
468,programa,Potencia instalada de generación convencional Hulla sub-bituminosa,"<p>Potencia instalada de generaci&oacute;n convencional. Es la que resulta aprobada por Resoluci&oacute;n de la Direcci&oacute;n General de Pol&iacute;tica Energ&eacute;tica y Minas para cada instalaci&oacute;n. Este valor, una vez comunicado a REE, es registrado en el sistema e&middot;sios. La pote",H+3
469,programa,Potencia instalada de generación convencional Ciclo combinado,"<p>Potencia instalada de generaci&oacute;n convencional. Es la que resulta aprobada por Resoluci&oacute;n de la Direcci&oacute;n General de Pol&iacute;tica Energ&eacute;tica y Minas para cada instalaci&oacute;n. Este valor, una vez comunicado a REE, es registrado en el sistema e&middot;sios. La pote",H+3
470,programa,Potencia instalada de generación convencional Fuel,"<p>Potencia instalada de generaci&oacute;n convencional. Es la que resulta aprobada por Resoluci&oacute;n de la Direcci&oacute;n General de Pol&iacute;tica Energ&eacute;tica y Minas para cada instalaci&oacute;n. Este valor, una vez comunicado a REE, es registrado en el sistema e&middot;sios. La pote",H+3
471,programa,Potencia instalada de generación convencional Gas Natural,"<p>Potencia instalada de generaci&oacute;n convencional. Es la que resulta aprobada por Resoluci&oacute;n de la Direcci&oacute;n General de Pol&iacute;tica Energ&eacute;tica y Minas para cada instalaci&oacute;n. Este valor, una vez comunicado a REE, es registrado en el sistema e&middot;sios. La pote",H+3
472,programa,Potencia disponible de generación Hidráulica UGH horizonte horario,"<p>Calculada, para cada tipo de producci&oacute;n de generaci&oacute;n convencional, como diferencia entre la suma de potencias netas instaladas registradas en el sistema e&middot;sios y el total de la potencia indisponible declarada por los Sujetos del Mercado.</p>

<p>En concreto este indicador",H+3
473,programa,Potencia disponible de generación Turbinación bombeo horizonte horario,"<p>Calculada, para cada tipo de producci&oacute;n de generaci&oacute;n convencional, como diferencia entre la suma de potencias netas instaladas registradas en el sistema e&middot;sios y el total de la potencia indisponible declarada por los Sujetos del Mercado.</p>

<p>En concreto este indicador",H+3
474,programa,Potencia disponible de generación Nuclear horizonte horario,"<p>Calculada, para cada tipo de producci&oacute;n de generaci&oacute;n convencional, como diferencia entre la suma de potencias netas instaladas registradas en el sistema e&middot;sios y el total de la potencia indisponible declarada por los Sujetos del Mercado.</p>

<p>En concreto este indicador",H+3
475,programa,Potencia disponible de generación Hulla antracita horizonte horario,"<p>Calculada, para cada tipo de producci&oacute;n de generaci&oacute;n convencional, como diferencia entre la suma de potencias netas instaladas registradas en el sistema e&middot;sios y el total de la potencia indisponible declarada por los Sujetos del Mercado.</p>

<p>En concreto este indicador",H+3
476,programa,Potencia disponible de generación Hulla sub-bituminosa horizonte horario,"<p>Calculada, para cada tipo de producci&oacute;n de generaci&oacute;n convencional, como diferencia entre la suma de potencias netas instaladas registradas en el sistema e&middot;sios y el total de la potencia indisponible declarada por los Sujetos del Mercado.</p>

<p>En concreto este indicador",H+3
477,programa,Potencia disponible de generación Ciclo combinado horizonte horario,"<p>Calculada, para cada tipo de producci&oacute;n de generaci&oacute;n convencional, como diferencia entre la suma de potencias netas instaladas registradas en el sistema e&middot;sios y el total de la potencia indisponible declarada por los Sujetos del Mercado.</p>

<p>En concreto este indicador",H+3
478,programa,Potencia disponible de generación Fuel horizonte horario,"<p>Calculada, para cada tipo de producci&oacute;n de generaci&oacute;n convencional, como diferencia entre la suma de potencias netas instaladas registradas en el sistema e&middot;sios y el total de la potencia indisponible declarada por los Sujetos del Mercado.</p>

<p>En concreto este indicador",H+3
479,programa,Potencia disponible de generación Gas Natural horizonte horario,"<p>Calculada, para cada tipo de producci&oacute;n de generaci&oacute;n convencional, como diferencia entre la suma de potencias netas instaladas registradas en el sistema e&middot;sios y el total de la potencia indisponible declarada por los Sujetos del Mercado.</p>

<p>En concreto este indicador",H+3
480,prevision,Potencia disponible de generación Hidráulica UGH horizonte año móvil,"<p>Calculada, para cada tipo de producci&oacute;n de generaci&oacute;n convencional, como diferencia entre la suma de potencias netas instaladas registradas en el sistema e&middot;sios y el total de la potencia indisponible declarada por los Sujetos del Mercado.</p>

<p>En concreto este indicador",previsto
481,prevision,Potencia disponible de generación Turbinación bombeo horizonte año móvil,"<p>Calculada, para cada tipo de producci&oacute;n de generaci&oacute;n convencional, como diferencia entre la suma de potencias netas instaladas registradas en el sistema e&middot;sios y el total de la potencia indisponible declarada por los Sujetos del Mercado.</p>

<p>En concreto este indicador",previsto
482,prevision,Potencia disponible de generación Nuclear horizonte año móvil,"<p>Calculada, para cada tipo de producci&oacute;n de generaci&oacute;n convencional, como diferencia entre la suma de potencias netas instaladas registradas en el sistema e&middot;sios y el total de la potencia indisponible declarada por los Sujetos del Mercado.</p>

<p>En concreto este indicador",previsto
483,prevision,Potencia disponible de generación Hulla antracita horizonte año móvil,"<p>Calculada, para cada tipo de producci&oacute;n de generaci&oacute;n convencional, como diferencia entre la suma de potencias netas instaladas registradas en el sistema e&middot;sios y el total de la potencia indisponible declarada por los Sujetos del Mercado.</p>

<p>En concreto este indicador",previsto
484,prevision,Potencia disponible de generación Hulla sub-bituminosa horizonte año móvil,"<p>Calculada, para cada tipo de producci&oacute;n de generaci&oacute;n convencional, como diferencia entre la suma de potencias netas instaladas registradas en el sistema e&middot;sios y el total de la potencia indisponible declarada por los Sujetos del Mercado.</p>

<p>En concreto este indicador",previsto
485,prevision,Potencia disponible de generación Ciclo combinado horizonte año móvil,"<p>Calculada, para cada tipo de producci&oacute;n de generaci&oacute;n convencional como diferencia entre la suma de potencias netas instaladas registradas en el sistema e&middot;sios y el total de la potencia indisponible declarada por los Sujetos del Mercado.</p>

<p>En concreto este indicador s",previsto
486,prevision,Potencia disponible de generación Fuel horizonte año móvil,"<p>Calculada, para cada tipo de producci&oacute;n de generaci&oacute;n convencional, como diferencia entre la suma de potencias netas instaladas registradas en el sistema e&middot;sios y el total de la potencia indisponible declarada por los Sujetos del Mercado.</p>

<p>En concreto este indicador",previsto
487,prevision,Potencia disponible de generación Gas Natural horizonte año móvil,"<p>Calculada, para cada tipo de producci&oacute;n de generaci&oacute;n convencional, como diferencia entre la suma de potencias netas instaladas registradas en el sistema e&middot;sios y el total de la potencia indisponible declarada por los Sujetos del Mercado.</p>

<p>En concreto este indicador",previsto
488,programa,Capacidad de intercambio (NTC) con Francia importación,"<p>M&aacute;ximo valor admisible del programa de intercambio de energ&iacute;a entre dos sistemas el&eacute;ctricos interconectados, compatible con el cumplimiento de los criterios de seguridad y con las posibles incertidumbres t&eacute;cnicas sobre las condiciones futuras de funcionamiento.</p><p>E",D+1
489,programa,Capacidad de intercambio (NTC) con Portugal importación,"<p>M&aacute;ximo valor admisible del programa de intercambio de energ&iacute;a entre dos sistemas el&eacute;ctricos interconectados, compatible con el cumplimiento de los criterios de seguridad y con las posibles incertidumbres t&eacute;cnicas sobre las condiciones futuras de funcionamiento.</p><p>E",D+1
490,programa,Capacidad de intercambio (NTC) con Marruecos importación,"<p>M&aacute;ximo valor admisible del programa de intercambio de energ&iacute;a entre dos sistemas el&eacute;ctricos interconectados, compatible con el cumplimiento de los criterios de seguridad y con las posibles incertidumbres t&eacute;cnicas sobre las condiciones futuras de funcionamiento.</p><p>E",D+1
491,programa,Capacidad de intercambio (NTC) con Andorra importación,"<p>M&aacute;ximo valor admisible del programa de intercambio de energ&iacute;a entre dos sistemas el&eacute;ctricos interconectados, compatible con el cumplimiento de los criterios de seguridad y con las posibles incertidumbres t&eacute;cnicas sobre las condiciones futuras de funcionamiento.</p><p>E",D+1
492,programa,Capacidad de intercambio (NTC) con Francia exportación,"<p>M&aacute;ximo valor admisible del programa de intercambio de energ&iacute;a entre dos sistemas el&eacute;ctricos interconectados, compatible con el cumplimiento de los criterios de seguridad y con las posibles incertidumbres t&eacute;cnicas sobre las condiciones futuras de funcionamiento.</p><p>E",D+1
493,programa,Capacidad de intercambio (NTC) con Portugal exportación,"<p>M&aacute;ximo valor admisible del programa de intercambio de energ&iacute;a entre dos sistemas el&eacute;ctricos interconectados, compatible con el cumplimiento de los criterios de seguridad y con las posibles incertidumbres t&eacute;cnicas sobre las condiciones futuras de funcionamiento.</p><p>E",D+1
494,programa,Capacidad de intercambio (NTC) con Marruecos exportación,"<p>M&aacute;ximo valor admisible del programa de intercambio de energ&iacute;a entre dos sistemas el&eacute;ctricos interconectados, compatible con el cumplimiento de los criterios de seguridad y con las posibles incertidumbres t&eacute;cnicas sobre las condiciones futuras de funcionamiento.</p><p>E",D+1
495,programa,Capacidad de intercambio (NTC) con Andorra exportación,"<p>M&aacute;ximo valor admisible del programa de intercambio de energ&iacute;a entre dos sistemas el&eacute;ctricos interconectados, compatible con el cumplimiento de los criterios de seguridad y con las posibles incertidumbres t&eacute;cnicas sobre las condiciones futuras de funcionamiento.</p><p>E",D+1
496,programa,Capacidad de intercambio autorizada con Francia importación,"<p>Las subastas expl&iacute;citas de capacidad son un mecanismo de mercado para gestionar la congesti&oacute;n de la interconexi&oacute;n entre Francia y España.  La capacidad de intercambio comercial se subasta en forma de Derechos F&iacute;sicos de Capacidad (PTRs, por sus siglas en ingl&eacute;s)",D+1
497,programa,Capacidad de intercambio autorizada con Francia exportación,"<p>Las subastas expl&iacute;citas de capacidad son un mecanismo de mercado para gestionar la congesti&oacute;n de la interconexi&oacute;n entre Francia y España.  La capacidad de intercambio comercial se subasta en forma de Derechos F&iacute;sicos de Capacidad (PTRs, por sus siglas en ingl&eacute;s)",D+1
498,prevision,Capacidad de intercambio prevista (NTC) con Francia horizonte semanal importación,"<p>M&aacute;ximo valor admisible del programa de intercambio de energ&iacute;a entre dos sistemas el&eacute;ctricos interconectados, compatible con el cumplimiento de los criterios de seguridad y con las posibles incertidumbres t&eacute;cnicas sobre las condiciones futuras de funcionamiento.</p><p>E",prevista
499,prevision,Capacidad de intercambio prevista (NTC) con Portugal horizonte semanal importación,"<p>M&aacute;ximo valor admisible del programa de intercambio de energ&iacute;a entre dos sistemas el&eacute;ctricos interconectados, compatible con el cumplimiento de los criterios de seguridad y con las posibles incertidumbres t&eacute;cnicas sobre las condiciones futuras de funcionamiento.</p><p>E",prevista
500,prevision,Capacidad de intercambio prevista (NTC) con Marruecos horizonte semanal importación,"<p>M&aacute;ximo valor admisible del programa de intercambio de energ&iacute;a entre dos sistemas el&eacute;ctricos interconectados, compatible con el cumplimiento de los criterios de seguridad y con las posibles incertidumbres t&eacute;cnicas sobre las condiciones futuras de funcionamiento.</p><p>E",prevista
501,prevision,Capacidad de intercambio prevista (NTC) con Andorra horizonte semanal importación,"<p>M&aacute;ximo valor admisible del programa de intercambio de energ&iacute;a entre dos sistemas el&eacute;ctricos interconectados, compatible con el cumplimiento de los criterios de seguridad y con las posibles incertidumbres t&eacute;cnicas sobre las condiciones futuras de funcionamiento.</p><p>E",prevista
502,prevision,Capacidad de intercambio prevista (NTC) con Francia horizonte semanal exportación,"<p>M&aacute;ximo valor admisible del programa de intercambio de energ&iacute;a entre dos sistemas el&eacute;ctricos interconectados, compatible con el cumplimiento de los criterios de seguridad y con las posibles incertidumbres t&eacute;cnicas sobre las condiciones futuras de funcionamiento.</p><p>E",prevista
503,prevision,Capacidad de intercambio prevista (NTC) con Portugal horizonte semanal exportación,"<p>M&aacute;ximo valor admisible del programa de intercambio de energ&iacute;a entre dos sistemas el&eacute;ctricos interconectados, compatible con el cumplimiento de los criterios de seguridad y con las posibles incertidumbres t&eacute;cnicas sobre las condiciones futuras de funcionamiento.</p><p>E",prevista
504,prevision,Capacidad de intercambio prevista (NTC) con Marruecos horizonte semanal exportación,"<p>M&aacute;ximo valor admisible del programa de intercambio de energ&iacute;a entre dos sistemas el&eacute;ctricos interconectados, compatible con el cumplimiento de los criterios de seguridad y con las posibles incertidumbres t&eacute;cnicas sobre las condiciones futuras de funcionamiento.</p><p>E",prevista
505,prevision,Capacidad de intercambio prevista (NTC) con Andorra horizonte semanal exportación,"<p>M&aacute;ximo valor admisible del programa de intercambio de energ&iacute;a entre dos sistemas el&eacute;ctricos interconectados, compatible con el cumplimiento de los criterios de seguridad y con las posibles incertidumbres t&eacute;cnicas sobre las condiciones futuras de funcionamiento.</p><p>E",prevista
506,programa,Capacidad de intercambio disponible (ATC) con Francia horizonte diario importación,<p>Capacidad de intercambio disponible tras los procesos de asignaci&oacute;n de capacidad previos en el largo plazo.</p><p>El proceso de programaci&oacute;n se recoge en la en el P.O.3.1</p><p>En concreto este indicador se refiere a la capacidad de intercambio [MW] disponible en la interconexi&oacu,D+1
507,programa,Capacidad de intercambio disponible (ATC) con Francia horizonte diario exportación,<p>Capacidad de intercambio disponible tras los procesos de asignaci&oacute;n de capacidad previos en el largo plazo.</p><p>El proceso de programaci&oacute;n se recoge en la en el P.O.3.1</p><p>En concreto este indicador se refiere a la capacidad de intercambio [MW] disponible en la interconexi&oacu,D+1
510,prevision,Capacidad de intercambio prevista (NTC) con Francia horizonte mensual importación,"<p>M&aacute;ximo valor admisible del programa de intercambio de energ&iacute;a entre dos sistemas el&eacute;ctricos interconectados, compatible con el cumplimiento de los criterios de seguridad y con las posibles incertidumbres t&eacute;cnicas sobre las condiciones futuras de funcionamiento.</p><p>E",prevista
511,prevision,Capacidad de intercambio prevista (NTC) con Portugal horizonte mensual importación,"<p>M&aacute;ximo valor admisible del programa de intercambio de energ&iacute;a entre dos sistemas el&eacute;ctricos interconectados, compatible con el cumplimiento de los criterios de seguridad y con las posibles incertidumbres t&eacute;cnicas sobre las condiciones futuras de funcionamiento.</p><p>E",prevista
512,prevision,Capacidad de intercambio prevista (NTC) con Marruecos horizonte mensual importación,"<p>M&aacute;ximo valor admisible del programa de intercambio de energ&iacute;a entre dos sistemas el&eacute;ctricos interconectados, compatible con el cumplimiento de los criterios de seguridad y con las posibles incertidumbres t&eacute;cnicas sobre las condiciones futuras de funcionamiento.</p><p>E",prevista
513,prevision,Capacidad de intercambio prevista (NTC) con Andorra horizonte mensual importación,"<p>M&aacute;ximo valor admisible del programa de intercambio de energ&iacute;a entre dos sistemas el&eacute;ctricos interconectados, compatible con el cumplimiento de los criterios de seguridad y con las posibles incertidumbres t&eacute;cnicas sobre las condiciones futuras de funcionamiento.</p><p>E",prevista
514,prevision,Capacidad de intercambio prevista (NTC) con Francia horizonte mensual exportación,"<p>M&aacute;ximo valor admisible del programa de intercambio de energ&iacute;a entre dos sistemas el&eacute;ctricos interconectados, compatible con el cumplimiento de los criterios de seguridad y con las posibles incertidumbres t&eacute;cnicas sobre las condiciones futuras de funcionamiento.</p><p>E",prevista
515,prevision,Capacidad de intercambio prevista (NTC) con Portugal horizonte mensual exportación,"<p>M&aacute;ximo valor admisible del programa de intercambio de energ&iacute;a entre dos sistemas el&eacute;ctricos interconectados, compatible con el cumplimiento de los criterios de seguridad y con las posibles incertidumbres t&eacute;cnicas sobre las condiciones futuras de funcionamiento.</p><p>E",prevista
516,prevision,Capacidad de intercambio prevista (NTC) con Marruecos horizonte mensual exportación,"<p>M&aacute;ximo valor admisible del programa de intercambio de energ&iacute;a entre dos sistemas el&eacute;ctricos interconectados, compatible con el cumplimiento de los criterios de seguridad y con las posibles incertidumbres t&eacute;cnicas sobre las condiciones futuras de funcionamiento.</p><p>E",prevista
517,prevision,Capacidad de intercambio prevista (NTC) con Andorra horizonte mensual exportación,"<p>M&aacute;ximo valor admisible del programa de intercambio de energ&iacute;a entre dos sistemas el&eacute;ctricos interconectados, compatible con el cumplimiento de los criterios de seguridad y con las posibles incertidumbres t&eacute;cnicas sobre las condiciones futuras de funcionamiento.</p><p>E",prevista
518,prevision,Capacidad de intercambio prevista (NTC) con Francia horizonte año móvil importación,"<p>M&aacute;ximo valor admisible del programa de intercambio de energ&iacute;a entre dos sistemas el&eacute;ctricos interconectados, compatible con el cumplimiento de los criterios de seguridad y con las posibles incertidumbres t&eacute;cnicas sobre las condiciones futuras de funcionamiento.</p><p>E",prevista
519,prevision,Capacidad de intercambio prevista (NTC) con Portugal horizonte año móvil importación,"<p>M&aacute;ximo valor admisible del programa de intercambio de energ&iacute;a entre dos sistemas el&eacute;ctricos interconectados, compatible con el cumplimiento de los criterios de seguridad y con las posibles incertidumbres t&eacute;cnicas sobre las condiciones futuras de funcionamiento.</p><p>E",prevista
520,prevision,Capacidad de intercambio prevista (NTC) con Marruecos horizonte año móvil importación,"<p>M&aacute;ximo valor admisible del programa de intercambio de energ&iacute;a entre dos sistemas el&eacute;ctricos interconectados, compatible con el cumplimiento de los criterios de seguridad y con las posibles incertidumbres t&eacute;cnicas sobre las condiciones futuras de funcionamiento.</p><p>E",prevista
521,prevision,Capacidad de intercambio prevista (NTC) con Andorra horizonte año móvil importación,"<p>M&aacute;ximo valor admisible del programa de intercambio de energ&iacute;a entre dos sistemas el&eacute;ctricos interconectados, compatible con el cumplimiento de los criterios de seguridad y con las posibles incertidumbres t&eacute;cnicas sobre las condiciones futuras de funcionamiento.</p><p>E",prevista
522,prevision,Capacidad de intercambio prevista (NTC) con Francia horizonte año móvil exportación,"<p>M&aacute;ximo valor admisible del programa de intercambio de energ&iacute;a entre dos sistemas el&eacute;ctricos interconectados, compatible con el cumplimiento de los criterios de seguridad y con las posibles incertidumbres t&eacute;cnicas sobre las condiciones futuras de funcionamiento.</p><p>E",prevista
523,prevision,Capacidad de intercambio prevista (NTC) con Portugal horizonte año móvil exportación,"<p>M&aacute;ximo valor admisible del programa de intercambio de energ&iacute;a entre dos sistemas el&eacute;ctricos interconectados, compatible con el cumplimiento de los criterios de seguridad y con las posibles incertidumbres t&eacute;cnicas sobre las condiciones futuras de funcionamiento.</p><p>E",prevista
524,prevision,Capacidad de intercambio prevista (NTC) con Marruecos horizonte año móvil exportación,"<p>M&aacute;ximo valor admisible del programa de intercambio de energ&iacute;a entre dos sistemas el&eacute;ctricos interconectados, compatible con el cumplimiento de los criterios de seguridad y con las posibles incertidumbres t&eacute;cnicas sobre las condiciones futuras de funcionamiento.</p><p>E",prevista
525,prevision,Capacidad de intercambio prevista (NTC) con Andorra horizonte año móvil exportación,"<p>M&aacute;ximo valor admisible del programa de intercambio de energ&iacute;a entre dos sistemas el&eacute;ctricos interconectados, compatible con el cumplimiento de los criterios de seguridad y con las posibles incertidumbres t&eacute;cnicas sobre las condiciones futuras de funcionamiento.</p><p>E",prevista
533,programa,Programa comercial en la interconexión con Francia importación,"<p>Programa resultante en la interconexi&oacute;n establecidos desde el largo plazo hasta el horizonte intradiario.</p><p>El proceso de programaci&oacute;n se recoge en el P.O.3.1.</p><p>En concreto se refiere a la energ&iacute;a programada para cada hora, en [MWh], para la frontera con Francia en e",D+1
534,programa,Programa comercial en la interconexión con Francia exportación,"<p>Programa resultante en la interconexi&oacute;n establecidos desde el largo plazo hasta el horizonte intradiario.</p><p>El proceso de programaci&oacute;n se recoge en el P.O.3.1.</p><p>En concreto se refiere a la energ&iacute;a programada para cada hora, en [MWh], para la frontera con Francia en e",D+1
535,programa,Programas balance transfronterizo con Francia importación,"<p>El proceso de activaci&oacute;n de ofertas de energ&iacute;as procedentes de reservas de sustituci&oacute;n (RR, por sus siglas en ingl&eacute;s) tiene por objeto restablecer o mantener el nivel requerido de energ&iacute;as de recuperaci&oacute;n de la frecuencia con activaci&oacute;n manual y au",D+1
536,programa,Programas balance transfronterizo con Francia exportación,"<p>El proceso de activaci&oacute;n de ofertas de energ&iacute;as procedentes de reservas de sustituci&oacute;n (RR, por sus siglas en ingl&eacute;s) tiene por objeto restablecer o mantener el nivel requerido de energ&iacute;as de recuperaci&oacute;n de la frecuencia con activaci&oacute;n manual y au",D+1
537,programa,Programa comercial en la interconexión con Portugal importación,"<p>Programa resultante en la interconexi&oacute;n establecidos desde el largo plazo hasta el horizonte intradiario.</p><p>El proceso de programaci&oacute;n se recoge en el P.O.3.1.</p><p>En concreto se refiere a la energ&iacute;a programada para cada hora, en [MWh], para la frontera con Francia en e",D+1
538,programa,Programa comercial en la interconexión con Portugal exportación,"<p>Programa resultante en la interconexi&oacute;n establecidos desde el largo plazo hasta el horizonte intradiario.</p><p>El proceso de programaci&oacute;n se recoge en el P.O.3.1.</p><p>En concreto se refiere a la energ&iacute;a programada para cada hora, en [MWh], para la frontera con Francia en e",D+1
539,programa,Programas balance transfronterizo con Portugal importación,"<p>El proceso de activaci&oacute;n de ofertas de energ&iacute;as procedentes de reservas de sustituci&oacute;n (RR, por sus siglas en ingl&eacute;s) tiene por objeto restablecer o mantener el nivel requerido de energ&iacute;as de recuperaci&oacute;n de la frecuencia con activaci&oacute;n manual y au",D+1
540,programa,Programas balance transfronterizo con Portugal exportación,"<p>El proceso de activaci&oacute;n de ofertas de energ&iacute;as procedentes de reservas de sustituci&oacute;n (RR, por sus siglas en ingl&eacute;s) tiene por objeto restablecer o mantener el nivel requerido de energ&iacute;as de recuperaci&oacute;n de la frecuencia con activaci&oacute;n manual y au",D+1
541,prevision,Previsión de la producción eólica peninsular,"<p>Previsi&oacute;n horaria de energ&iacute;a e&oacute;lica seg&uacute;n el Modelo de Predicci&oacute;n E&oacute;lica del Operador del Sistema.</p>

<p><b>Publicaci&oacute;n:</b> cada hora con la previsi&oacute;n desde la hora en curso del d&iacute;a D hasta la &uacute;ltima hora del d&iacute;a D+",previsión
542,prevision,Generación prevista Solar fotovoltaica,<p>Previsión horaria de generación de energía solar recibida de los Modelos de Predicción.</p><p>En concreto este indicador se refiere a la previsión de energía solar fotovoltaica.</p><p><b>Publicación:</b> cada hora con la información del día D desde la hora H+1 hasta el final del día y el día D+1,previsión
543,prevision,Generación prevista Solar térmica,<p>Previsión horaria de generación de energía solar recibida de los Modelos de Predicción.</p><p>En concreto este indicador se refiere a la previsión de energía solar térmica.</p><p><b>Publicación:</b> cada hora con la información del día D desde la hora H+1 hasta el final del día y el día D+1 compl,previsión
544,prevision,Demanda prevista,"<p>Es la previsi&oacute;n de consumo que RE elabora teniendo en cuenta los valores de consumo registrados en periodos precedentes similares, as&iacute; como otros factores con influencia en el consumo el&eacute;ctrico como la laboralidad, la climatolog&iacute;a y la actividad econ&oacute;mica. Los v",prevista
545,programa,Demanda programada,"<p>Es la demanda de energía programada calculada mediante los intercambios internacionales programados y los programas de los grupos de generación a los que se les haya asignado suministro de energía en la casación de los mercados diario e intradiario, así como en los mercados de energías de balance",D+1
546,programa,Generación T.Real hidráulica,"<p>Generación medida en tiempo real del tipo de producción hidráulica.</p>
<p>Los datos representados en este indicador se refieren a datos Peninsulares.</p>
<p><b>Publicación:</b> cada 5 minutos con la información de las tres últimas horas del día D-1 hasta la hora actual del día D.</p>",D+1
547,programa,Generación T.Real carbón,"<p>Generación medida en tiempo real del tipo de producción carbón.</p>
<p>Los datos representados en este indicador se refieren a datos Peninsulares.</p>
<p><b>Publicación:</b> cada 5 minutos con la información de las tres últimas horas del día D-1 hasta la hora actual del día D.</p>",D+1
548,programa,Generación T.Real fuel-gas,"<p>Generación medida en tiempo real de los tipos de producción fuel y gas.</p>
<p>Los datos representados en este indicador se refieren a datos Peninsulares.</p>
<p><b>Publicación:</b> cada 5 minutos con la información de las tres últimas horas del día D-1 hasta la hora actual del día D.</p>",D+1
549,programa,Generación T.Real nuclear,"<p>Generación medida en tiempo real del tipo de producción nuclear.</p>
<p>Los datos representados en este indicador se refieren a datos Peninsulares.</p>
<p><b>Publicación:</b> cada 5 minutos con la información de las tres últimas horas del día D-1 hasta la hora actual del día D.</p>",D+1
550,programa,Generación T.Real C.Combinado,"<p>Generación medida en tiempo real del tipo de producción ciclo combinado.</p>
<p>Los datos representados en este indicador se refieren a datos Peninsulares.</p>
<p><b>Publicación:</b> cada 5 minutos con la información de las tres últimas horas del día D-1 hasta la hora actual del día D.</p>",D+1
551,programa,Generación T.Real eólica,"<p>Generaci&oacute;n medida en tiempo real del tipo de producci&oacute;n e&oacute;lica.</p>
<p>Los datos representados en este indicador se refieren a datos Peninsulares.</p>
<p><b>Publicaci&oacute;n:</b> cada 5 minutos con la informaci&oacute;n de las tres &uacute;ltimas horas del d&iacute;a D-1",D+1
552,programa,Generación T.Real solar,"<p>Generación medida en tiempo real del tipo de producción solar.</p><p>Este indicador tiene datos hasta el 02/06/2015 a las 20:50 horas, momento a partir del cual se empezaron a registrar telemedidas de generación solar con desglose de fotovoltaica y térmica.</p>
<p>Los datos representados en este",D+1
553,programa,Generación T.Real intercambios,<p>Generación medida en tiempo real producida como consecuencia de intercambios internacionales.</p><p><b>Publicación:</b> cada 5 minutos con la información de las tres últimas horas del día D-1 hasta la hora actual del día D.</p>,D+1
554,programa,Generación T.Real enlace balear,<p>Generación medida en tiempo real en el enlace Península-Baleres.</p><p><b>Publicación:</b> cada 5 minutos con la información de las tres últimas horas del día D-1 hasta la hora actual del día D.</p>,D+1
555,programa,Resto generación T.Real,"<p>Generaci&oacute;n medida en tiempo real de los tipos de producci&oacute;n t&eacute;rmica renovable, cogeneraci&oacute;n y resto de generaci&oacute;n no convencional.</p>

<p>Los datos representados en este indicador se refieren a datos Peninsulares.</p>

<p>Este indicador tiene datos hasta el 02/",D+1
564,programa,Programas de countertrading Francia importación,"<p>Programa coordinado establecido por los gestores de redes interconectadas, superpuesto sobre los programas de intercambio existentes, en una magnitud y direcci&oacute;n adecuada para que el flujo neto de programas de intercambio entre los dos sistemas el&eacute;ctricos respete el valor de la capa",D+1
565,programa,Programas de countertrading Francia exportación,"<p>Programa coordinado establecido por los gestores de redes interconectadas, superpuesto sobre los programas de intercambio existentes, en una magnitud y direcci&oacute;n adecuada para que el flujo neto de programas de intercambio entre los dos sistemas el&eacute;ctricos respete el valor de la capa",D+1
566,programa,Programas de countertrading Portugal importación,"<p>Programa coordinado establecido por los gestores de redes interconectadas, superpuesto sobre los programas de intercambio existentes, en una magnitud y direcci&oacute;n adecuada para que el flujo neto de programas de intercambio entre los dos sistemas el&eacute;ctricos respete el valor de la capa",D+1
567,programa,Programas de countertrading Portugal exportación,"<p>Programa coordinado establecido por los gestores de redes interconectadas, superpuesto sobre los programas de intercambio existentes, en una magnitud y direcci&oacute;n adecuada para que el flujo neto de programas de intercambio entre los dos sistemas el&eacute;ctricos respete el valor de la capa",D+1
568,programa,Posición Neta diaria Sistema Peninsular con Portugal y Francia importación,"<p>Saldo horario de programas en las interconexiones con Francia y Portugal tras la casaci&oacute;n del mercado diario.</p><p>El proceso de programaci&oacute;n se recoge en el P.O.3.1.</p><p>En concreto este indicador indica para cada hora, en [MWh], el balance de los programas resultantes tras la c",D+1
569,programa,Posición Neta diaria Sistema Peninsular con Portugal y Francia exportación,"<p>Saldo horario de programas en las interconexiones con Francia y Portugal tras la casaci&oacute;n del mercado diario.</p><p>El proceso de programaci&oacute;n se recoge en el P.O.3.1.</p><p>En concreto este indicador indica para cada hora, en [MWh], el balance de los programas resultantes tras la c",D+1
570,prevision,Capacidad prevista en el enlace Península - Baleares,<p>Es la capacidad disponible en el enlace HVDC Península-Baleares para la programación del intercambio de energía a través del enlace entre el sistema eléctrico peninsular y el balear.</p><p><b>Publicación:</b> diariamente sobre las 10:30 para el día D+1 y actualización durante el día D si existe u,previsión
572,programa,Programas horarios en el enlace Península - Baleares sentido Península-Baleares,"<p>Es la energía de las diferentes Unidades de Programación correspondientes asociadas al enlace HVDC Península-Baleares, para la programación del intercambio de energía a través del enlace entre el sistema eléctrico peninsular y el balear.</p><p>En concreto este indicador se refiere a los programas",D+1
578,programa,Precio TNP Balear con enlace SEPE,<p>Precio medio asociado a la generación de categoría A en la programación diaria considerando el intercambio programado de energía entre el SEPE y el SEB (a través del enlace HVDC Península-Baleares).</p><p><b>Publicación:</b> Diariamente a partir de las 14:20 con la información del día D+1.</p>,D+1
579,programa,Precio TNP Balear sin enlace SEPE,<p>Precio medio asociado a la generación de categoría A en la programación diaria sin considerar intercambio programado de energía entre el SEPE y el SEB (a través del enlace HVDC Península-Baleares).</p><p><b>Publicación:</b> Diariamente a partir de las 14:20 con la información del día D+1.</p>,D+1
600,programa,Precio mercado SPOT Diario,"<p>El Mercado Diario es un mercado mayorista en el que se establecen transacciones de energ&iacute;a el&eacute;ctrica para el d&iacute;a siguiente, mediante la presentaci&oacute;n de ofertas de venta y adquisici&oacute;n de energ&iacute;a el&eacute;ctrica por parte de los participantes en el mercado",D+1
602,programa,Energía asignada en Mercado SPOT Diario España,"<p>El Mercado Diario es el mecanismo integrante del mercado de producción de energía eléctrica que tiene por objeto llevar a cabo las transacciones de energía eléctrica para el día siguiente, mediante la presentación de ofertas de venta y adquisición de energía eléctrica por parte de los sujetos del",D+1
603,prevision,Previsión semanal de la demanda eléctrica peninsular,<p>Previsión de la demanda del sistema peninsular español.</p><p>En concreto este indicador muestra la previsión demanda actualizada semanalmente.</p><p><b>Publicación:</b> cada viernes con la información de la semana S+1 de lunes a domingo. Actualización los domingos.</p>,previsión
604,prevision,Previsión máxima mensual de la demanda eléctrica peninsular,<p>Previsión de la demanda del sistema peninsular español.</p><p>En concreto este indicador muestra la previsión de la demanda máxima para cada semana del mes siguiente.</p><p><b>Publicación:</b> mensualmente antes del día 22 con la información de las semanas del mes siguiente. Una semana pertenece,previsión
605,programa,Energía asignada en Mercado SPOT Intradiario sesión 1,"<p>Mecanismo integrante del mercado de producción de energía eléctrica que tiene por objeto atender, mediante la presentación de ofertas de venta y adquisición de energía eléctrica por parte de los sujetos del mercado diario, los ajustes que sean necesarios sobre el programa diario viable.</p><p>Las",D+1
606,programa,Energía asignada en Mercado SPOT Intradiario sesión 2,"<p>Mecanismo integrante del mercado de producción de energía eléctrica que tiene por objeto atender, mediante la presentación de ofertas de venta y adquisición de energía eléctrica por parte de los sujetos del mercado diario, los ajustes que sean necesarios sobre el programa diario viable.</p><p>Las",D+1
607,programa,Energía asignada en Mercado SPOT Intradiario sesión 3,"<p>Mecanismo integrante del mercado de producción de energía eléctrica que tiene por objeto atender, mediante la presentación de ofertas de venta y adquisición de energía eléctrica por parte de los sujetos del mercado diario, los ajustes que sean necesarios sobre el programa diario viable.</p><p>Las",D+1
608,programa,Energía asignada en Mercado SPOT Intradiario sesión 4,"<p>Mecanismo integrante del mercado de producción de energía eléctrica que tiene por objeto atender, mediante la presentación de ofertas de venta y adquisición de energía eléctrica por parte de los sujetos del mercado diario, los ajustes que sean necesarios sobre el programa diario viable.</p><p>Las",D+1
609,programa,Energía asignada en Mercado SPOT Intradiario sesión 5,"<p>Mecanismo integrante del mercado de producción de energía eléctrica que tiene por objeto atender, mediante la presentación de ofertas de venta y adquisición de energía eléctrica por parte de los sujetos del mercado diario, los ajustes que sean necesarios sobre el programa diario viable.</p><p>Las",D+1
610,programa,Energía asignada en Mercado SPOT Intradiario sesión 6,"<p>Mecanismo integrante del mercado de producción de energía eléctrica que tiene por objeto atender, mediante la presentación de ofertas de venta y adquisición de energía eléctrica por parte de los sujetos del mercado diario, los ajustes que sean necesarios sobre el programa diario viable.</p><p>Las",D+1
611,programa,Energía asignada en Mercado SPOT Intradiario sesión 7,"<p>Mecanismo integrante del mercado de producción de energía eléctrica que tiene por objeto atender, mediante la presentación de ofertas de venta y adquisición de energía eléctrica por parte de los sujetos del mercado diario, los ajustes que sean necesarios sobre el programa diario viable.</p><p>Las",D+1
612,programa,Precio mercado SPOT Intradiario Sesión 1,"<p>Mecanismo integrante del mercado de producción de energía eléctrica que tiene por objeto atender, mediante la presentación de ofertas de venta y adquisición de energía eléctrica por parte de los sujetos del mercado diario, los ajustes que sean necesarios sobre el programa diario viable.</p><p>Las",D+1
613,programa,Precio mercado SPOT Intradiario Sesión 2,"<p>Mecanismo integrante del mercado de producción de energía eléctrica que tiene por objeto atender, mediante la presentación de ofertas de venta y adquisición de energía eléctrica por parte de los sujetos del mercado diario, los ajustes que sean necesarios sobre el programa diario viable.</p><p>Las",D+1
614,programa,Precio mercado SPOT Intradiario Sesión 3,"<p>Mecanismo integrante del mercado de producción de energía eléctrica que tiene por objeto atender, mediante la presentación de ofertas de venta y adquisición de energía eléctrica por parte de los sujetos del mercado diario, los ajustes que sean necesarios sobre el programa diario viable.</p><p>Las",D+1
615,programa,Precio mercado SPOT Intradiario Sesión 4,"<p>Mecanismo integrante del mercado de producción de energía eléctrica que tiene por objeto atender, mediante la presentación de ofertas de venta y adquisición de energía eléctrica por parte de los sujetos del mercado diario, los ajustes que sean necesarios sobre el programa diario viable.</p><p>Las",D+1
616,programa,Precio mercado SPOT Intradiario Sesión 5,"<p>Mecanismo integrante del mercado de producción de energía eléctrica que tiene por objeto atender, mediante la presentación de ofertas de venta y adquisición de energía eléctrica por parte de los sujetos del mercado diario, los ajustes que sean necesarios sobre el programa diario viable.</p><p>Las",D+1
617,programa,Precio mercado SPOT Intradiario Sesión 6,"<p>Mecanismo integrante del mercado de producción de energía eléctrica que tiene por objeto atender, mediante la presentación de ofertas de venta y adquisición de energía eléctrica por parte de los sujetos del mercado diario, los ajustes que sean necesarios sobre el programa diario viable.</p><p>Las",D+1
618,programa,Precio mercado SPOT Intradiario Sesión 7,"<p>Mecanismo integrante del mercado de producción de energía eléctrica que tiene por objeto atender, mediante la presentación de ofertas de venta y adquisición de energía eléctrica por parte de los sujetos del mercado diario, los ajustes que sean necesarios sobre el programa diario viable.</p><p>Las",D+1
619,prevision,Previsión mínima mensual de la demanda eléctrica peninsular,<p>Previsión de la demanda del sistema peninsular español.</p><p>En concreto este indicador muestra la previsión de la demanda mínima para cada semana del mes siguiente.</p><p><b>Publicación:</b> mensualmente antes del día 22 con la información de las semanas del mes siguiente. Una semana pertenece,previsión
620,prevision,Previsión máxima anual de la demanda eléctrica peninsular,<p>Previsión de la demanda del sistema peninsular español.</p><p>En concreto este indicador muestra la previsión de la demanda máxima para cada semana del año siguiente.</p><p><b>Publicación:</b> anualmente antes del 16 de Diciembre con la información de las semanas del año siguiente. Se publicarán,previsión
621,prevision,Previsión mínima anual de la demanda eléctrica peninsular,<p>Previsión de la demanda del sistema peninsular español.</p><p>En concreto este indicador muestra la previsión de la demanda mínima para cada semana del año siguiente.</p><p><b>Publicación:</b> anualmente antes del 16 de Diciembre con la información de las semanas del año siguiente. Se publicarán,previsión
622,prevision,Margen generación disponible - máxima demanda prevista,<p>Resta de la previsión de generación disponible menos la previsión de demanda para el año siguiente.</p><p><b>Publicación:</b> anualmente antes del día 15 a las 23:00 horas para el año A+1.</p>,previsión
623,programa,Índice de llenado medio semanal de almacenamiento hidráulico,"<p>Índice de llenado medio semanal agregado de todos los depósitos de agua e instalaciones de almacenamiento hidroeléctrico (MWh) pertenecientes a cada Sujeto del Mercado, durante la semana S.</p><p><b>Publicación:</b> semanalmente el tercer día laborable de cada semana con la información de la sema",D+1
624,programa,Demanda real máximo diario,"<p>Es el m&aacute;ximo valor de la demanda de energ&iacute;a el&eacute;ctrica medida en tiempo real.</p>
<p>Los datos representados en este indicador se refieren a datos Peninsulares.</p>
<p><b>Publicaci&oacute;n:</b> diariamente con los datos del d&iacute;a D y actualizaci&oacute;n el d&iacute;a",D+1
625,programa,Demanda real mínimo diario,"<p>Es el m&iacute;nimo valor de la demanda de energ&iacute;a el&eacute;ctrica medida en tiempo real.</p>
<p>Los datos representados en este indicador se refieren a datos Peninsulares.</p>
<p><b>Publicaci&oacute;n:</b> diariamente con los datos del d&iacute;a D y actualizaci&oacute;n el d&iacute;a",D+1
626,programa,Requerimientos Reserva de potencia adicional a subir,"<p>La contratación y gestión de reserva de potencia adicional a subir es un servicio complementario de oferta obligatoria, gestionado y retribuido por mecanismos de mercado. Tiene por objeto contratar la reserva de potencia adicional a subir, que pueda ser necesaria con respecto a la disponible en e",D+1
627,programa,Asignación Reserva de potencia adicional a subir,"<p>La contratación y gestión de reserva de potencia adicional a subir es un servicio complementario de oferta obligatoria, gestionado y retribuido por mecanismos de mercado. Tiene por objeto contratar la reserva de potencia adicional a subir, que pueda ser necesaria con respecto a la disponible en e",D+1
628,programa,Precio Reserva de potencia adicional a subir,"<p>La contratación y gestión de reserva de potencia adicional a subir es un servicio complementario de oferta obligatoria, gestionado y retribuido por mecanismos de mercado. Tiene por objeto contratar la reserva de potencia adicional a subir, que pueda ser necesaria con respecto a la disponible en e",D+1
630,prevision,Requerimientos reserva de regulación secundaria a subir,"<p>La regulación secundaria es un servicio complementario de carácter potestativo que tiene por objeto el mantenimiento del equilibrio generación-demanda, corrigiendo los desvíos respecto a los programas de intercambio previstos en la interconexión España-Francia, y las desviaciones de la frecuencia",previsto
631,prevision,Requerimientos reserva de regulación secundaria a bajar,"<p>La regulación secundaria es un servicio complementario de carácter potestativo que tiene por objeto el mantenimiento del equilibrio generación-demanda, corrigiendo los desvíos respecto a los programas de intercambio previstos en la interconexión España-Francia, y las desviaciones de la frecuencia",previsto
632,prevision,Asignación reserva de regulación secundaria a subir,"<p>La regulación secundaria es un servicio complementario de carácter potestativo que tiene por objeto el mantenimiento del equilibrio generación-demanda, corrigiendo los desvíos respecto a los programas de intercambio previstos en la interconexión España-Francia, y las desviaciones de la frecuencia",previsto
633,prevision,Asignación reserva de regulación secundaria a bajar,"<p>La regulación secundaria es un servicio complementario de carácter potestativo que tiene por objeto el mantenimiento del equilibrio generación-demanda, corrigiendo los desvíos respecto a los programas de intercambio previstos en la interconexión España-Francia, y las desviaciones de la frecuencia",previsto
634,prevision,Precio reserva de regulación secundaria a bajar,"<p>La regulación secundaria es un servicio complementario de carácter potestativo que tiene por objeto el mantenimiento del equilibrio generación-demanda, corrigiendo los desvíos respecto a los programas de intercambio previstos en la interconexión España-Francia, y las desviaciones de la frecuencia",previsto
664,programa,Requerimientos Gestión de Desvíos subir,<p>El mecanismo de gestión de desvíos es un servicio de carácter potestativo que tiene por objeto resolver los desvíos entre generación y consumo que pudieran aparecer con posterioridad al cierre de cada sesión del mercado intradiario y hasta el inicio del horizonte de efectividad de la siguiente se,D+1
665,programa,Requerimientos Gestión de Desvíos bajar,<p>El mecanismo de gestión de desvíos es un servicio de carácter potestativo que tiene por objeto resolver los desvíos entre generación y consumo que pudieran aparecer con posterioridad al cierre de cada sesión del mercado intradiario y hasta el inicio del horizonte de efectividad de la siguiente se,D+1
666,programa,Necesidades cubiertas de energías de balance RR subir,<p>El mecanismo de asignación de energías de balance RR es un servicio que tiene por objeto restablecer o mantener el nivel de energías de recuperación de la frecuencia con activación manual y automática (energías de regulación secundaria y terciaria) requerido al objeto de prepararse para desequili,D+1
667,programa,Necesidades cubiertas de energías de balance RR bajar,<p>El mecanismo de asignación de energías de balance RR es un servicio que tiene por objeto restablecer o mantener el nivel de energías de recuperación de la frecuencia con activación manual y automática (energías de regulación secundaria y terciaria) requerido al objeto de prepararse para desequili,D+1
668,programa,Precio Gestión de Desvíos subir,<p>El mecanismo de gestión de desvíos es un servicio de carácter potestativo que tiene por objeto resolver los desvíos entre generación y consumo que pudieran aparecer con posterioridad al cierre de cada sesión del mercado intradiario y hasta el inicio del horizonte de efectividad de la siguiente se,D+1
669,programa,Precio Gestión de Desvíos bajar,<p>El mecanismo de gestión de desvíos es un servicio de carácter potestativo que tiene por objeto resolver los desvíos entre generación y consumo que pudieran aparecer con posterioridad al cierre de cada sesión del mercado intradiario y hasta el inicio del horizonte de efectividad de la siguiente se,D+1
672,programa,Necesidad de Regulación Terciaria subir,"<p>La regulaci&oacute;n terciaria es un servicio complementario de oferta obligatoria, gestionado y retribuido por mecanismos de mercado. Tiene por objeto la restituci&oacute;n de la reserva de regulaci&oacute;n secundaria que haya sido utilizada. La asignaci&oacute;n del servicio de regulaci&oacute",D+1
673,programa,Necesidad de Regulación Terciaria bajar,"<p>La regulaci&oacute;n terciaria es un servicio complementario de oferta obligatoria, gestionado y retribuido por mecanismos de mercado. Tiene por objeto la restituci&oacute;n de la reserva de regulaci&oacute;n secundaria que haya sido utilizada. La asignaci&oacute;n del servicio de regulaci&oacute",D+1
680,prevision,Energía activada  de regulación secundaria a subir en el sepe,"<p>La regulación secundaria es un servicio complementario de carácter potestativo que tiene por objeto el mantenimiento del equilibrio generación-demanda, corrigiendo los desvíos respecto a los programas de intercambio previstos en la interconexión España-Francia, y las desviaciones de la frecuencia",previsto
681,prevision,Energía activada  de regulación secundaria a bajar en el sepe,"<p>La regulación secundaria es un servicio complementario de carácter potestativo que tiene por objeto el mantenimiento del equilibrio generación-demanda, corrigiendo los desvíos respecto a los programas de intercambio previstos en la interconexión España-Francia, y las desviaciones de la frecuencia",previsto
682,prevision,Precio de energía de regulación secundaria a subir,"<p>La regulación secundaria es un servicio complementario de carácter potestativo que tiene por objeto el mantenimiento del equilibrio generación-demanda, corrigiendo los desvíos respecto a los programas de intercambio previstos en la interconexión España-Francia, y las desviaciones de la frecuencia",previsto
683,prevision,Precio de energía de regulación secundaria a bajar,"<p>La regulación secundaria es un servicio complementario de carácter potestativo que tiene por objeto el mantenimiento del equilibrio generación-demanda, corrigiendo los desvíos respecto a los programas de intercambio previstos en la interconexión España-Francia, y las desviaciones de la frecuencia",previsto
684,programa,Sentido de los desvíos contrarios al sistema,"<p>Los desvíos medidos son la diferencia entre la energía programada y la energía medida. </p><p>El precio de los desvíos se calcula de acuerdo a lo establecido en el P.O. 14.4.</p><p>En concreto este indicador se refiere al sentido de los desvíos contarios al sistema, esto es, si </p><p>%CosteDesvC",D+1
685,programa,Coste del desvíos contrario respecto al precio del mercado SPOT diario,"<p>Los desv&iacute;os medidos son la diferencia entre la energ&iacute;a programada y la energ&iacute;a medida.</p>

<p>El precio de los desv&iacute;os se calcula de acuerdo a lo establecido en el P.O. 14.4.</p>

<p>En concreto este indicador se refiere al porcentaje que se cobra de menos o se pa",D+1
686,programa,Precio de cobro desvíos a subir,"<p>Los desv&iacute;os medidos son la diferencia entre la energ&iacute;a programada y la energ&iacute;a medida.</p>

<p>El precio de los desv&iacute;os se calcula de acuerdo a lo establecido en el P.O. 14.4.</p>

<p><b>Publicaci&oacute;n:</b> cada hora con la informaci&oacute;n disponible hasta e",D+1
687,programa,Precio de pago desvíos a bajar,"<p>Los desv&iacute;os medidos son la diferencia entre la energ&iacute;a programada y la energ&iacute;a medida.</p>

<p>El precio de los desv&iacute;os se calcula de acuerdo a lo establecido en el P.O. 14.4.</p>

<p><b>Publicaci&oacute;n:</b> cada hora con la informaci&oacute;n disponible hasta e",D+1
701,programa,Energía asignada restricciones técnicas diario Fase I subir,<p>Proceso de solución de restricciones técnicas PBF o Mercado de seguridad del diario es el proceso realizado por el Operador del sistema consistente en la resolución de las restricciones técnicas identificadas en el Programa Diario Base de Funcionamiento (Fase I) mediante la modificación de los pr,D+1
702,programa,Energía asignada restricciones técnicas diario Fase I bajar,<p>Proceso de solución de restricciones técnicas PBF o Mercado de seguridad del diario es el proceso realizado por el Operador del sistema consistente en la resolución de las restricciones técnicas identificadas en el Programa Diario Base de Funcionamiento (Fase I) mediante la modificación de los pr,D+1
703,programa,Energía asignada restricciones técnicas diario Fase II subir,<p>Proceso de soluci&oacute;n de restricciones t&eacute;cnicas PBF o Mercado de seguridad del diario es el proceso realizado por el Operador del sistema consistente en la resoluci&oacute;n de las restricciones t&eacute;cnicas identificadas en el Programa Diario Base de Funcionamiento (Fase I) median,D+1
704,programa,Energía asignada restricciones técnicas diario Fase II bajar,<p>Proceso de solución de restricciones técnicas PBF o Mercado de seguridad del diario es el proceso realizado por el Operador del sistema consistente en la resolución de las restricciones técnicas identificadas en el Programa Diario Base de Funcionamiento (Fase I) mediante la modificación de los pr,D+1
705,programa,Precio medio restricciones técnicas diario Fase I subir,<p>Proceso de solución de restricciones técnicas PBF o Mercado de seguridad del diario es el proceso realizado por el Operador del sistema consistente en la resolución de las restricciones técnicas identificadas en el Programa Diario Base de Funcionamiento (Fase I) mediante la modificación de los pr,D+1
706,programa,Precio medio restricciones técnicas diario Fase I bajar,<p>Proceso de solución de restricciones técnicas PBF o Mercado de seguridad del diario es el proceso realizado por el Operador del sistema consistente en la resolución de las restricciones técnicas identificadas en el Programa Diario Base de Funcionamiento (Fase I) mediante la modificación de los pr,D+1
707,programa,Precio medio restricciones técnicas diario Fase II subir,<p>Proceso de solución de restricciones técnicas PBF o Mercado de seguridad del diario es el proceso realizado por el Operador del sistema consistente en la resolución de las restricciones técnicas identificadas en el Programa Diario Base de Funcionamiento (Fase I) mediante la modificación de los pr,D+1
708,programa,Precio medio restricciones técnicas diario Fase II bajar,<p>Proceso de solución de restricciones técnicas PBF o Mercado de seguridad del diario es el proceso realizado por el Operador del sistema consistente en la resolución de las restricciones técnicas identificadas en el Programa Diario Base de Funcionamiento (Fase I) mediante la modificación de los pr,D+1
709,programa,Coste de solución de Restricciones técnicas diario,<p>Proceso de solución de restricciones técnicas PBF o Mercado de seguridad del diario es el proceso realizado por el Operador del sistema consistente en la resolución de las restricciones técnicas identificadas en el Programa Diario Base de Funcionamiento (Fase I) mediante la modificación de los pr,D+1
710,programa,Coste unitario soportado por demanda de solución de Restricciones técnicas diario,<p>Proceso de soluci&oacute;n de restricciones t&eacute;cnicas PBF o Mercado de seguridad del diario es el proceso realizado por el Operador del sistema consistente en la resoluci&oacute;n de las restricciones t&eacute;cnicas identificadas en el Programa Diario Base de Funcionamiento (Fase I) median,D+1
711,programa,Coste de Reserva de Potencia Adicional a Subir,"<p>La contratación y gestión de reserva de potencia adicional a subir es un servicio complementario de oferta obligatoria, gestionado y retribuido por mecanismos de mercado. Tiene por objeto contratar la reserva de potencia adicional a subir, que pueda ser necesaria con respecto a la disponible en e",D+1
712,prevision,Coste de reserva de regulación secundaria a subir,"<p>La regulación secundaria es un servicio complementario de carácter potestativo que tiene por objeto el mantenimiento del equilibrio generación-demanda, corrigiendo los desvíos respecto a los programas de intercambio previstos en la interconexión España-Francia, y las desviaciones de la frecuencia",previsto
713,prevision,Coste unitario soportado por la demanda de reserva de regulación secundaria,"<p>La regulación secundaria es un servicio complementario de carácter potestativo que tiene por objeto el mantenimiento del equilibrio generación-demanda, corrigiendo los desvíos respecto a los programas de intercambio previstos en la interconexión España-Francia, y las desviaciones de la frecuencia",previsto
714,programa,Derechos de Cobro de las necesidades cubiertas de energías de balance RR,<p>El mecanismo de asignación de energías de balance RR es un servicio que tiene por objeto restablecer o mantener el nivel de energías de recuperación de la frecuencia con activación manual y automática (energías de regulación secundaria y terciaria) requerido al objeto de prepararse para desequili,D+1
715,programa,Obligaciones de Pago de las necesidades cubiertas de energías de balance RR,<p>El mecanismo de asignación de energías de balance RR es un servicio que tiene por objeto restablecer o mantener el nivel de energías de recuperación de la frecuencia con activación manual y automática (energías de regulación secundaria y terciaria) requerido al objeto de prepararse para desequili,D+1
716,programa,Derechos de Cobro de las necesidades cubiertas de energías mFRR,"<p>La regulación terciaria se corresponde con el producto estándar europeo de reserva manual para la recuperación de la frecuencia (mFRR, por sus siglas en inglés). Es un servicio de balance de activación de reservas de potencia activa que tiene por objeto mantener la frecuencia y el equilibrio gene",H+3
718,prevision,Derechos de cobro por energía de regulación secundaria,"<p>La regulación secundaria es un servicio complementario de carácter potestativo que tiene por objeto el mantenimiento del equilibrio generación-demanda, corrigiendo los desvíos respecto a los programas de intercambio previstos en la interconexión España-Francia, y las desviaciones de la frecuencia",previsto
719,prevision,Obligaciones de pago por energía de regulación secundaria,"<p>La regulación secundaria es un servicio complementario de carácter potestativo que tiene por objeto el mantenimiento del equilibrio generación-demanda, corrigiendo los desvíos respecto a los programas de intercambio previstos en la interconexión España-Francia, y las desviaciones de la frecuencia",previsto
720,programa,Energía asignada por restricciones en tiempo real a subir,<p>El proceso de solución de restricciones técnicas en Tiempo Real es realizado por el Operador del sistema que consiste en la resolución de las restricciones técnicas identificadas durante la operación en tiempo real mediante la modificación de los programas de las Unidades de Programación. </p><p>,D+1
721,programa,Energía asignada por restricciones en tiempo real a bajar,<p>El proceso de solución de restricciones técnicas en Tiempo Real es realizado por el Operador del sistema que consiste en la resolución de las restricciones técnicas identificadas durante la operación en tiempo real mediante la modificación de los programas de las Unidades de Programación. </p><p>,D+1
724,programa,Coste del proceso de solución de Restricciones Técnicas de Seguridad en Tiempo Real,<p>El proceso de solución de restricciones técnicas en Tiempo Real es realizado por el Operador del sistema que consiste en la resolución de las restricciones técnicas identificadas durante la operación en tiempo real mediante la modificación de los programas de las Unidades de Programación. </p><p>,D+1
725,programa,Coste unitario soportado por la demanda del proceso de solución de Restricciones Técnicas de Seguridad en Tiempo Real,<p>El proceso de soluci&oacute;n de restricciones t&eacute;cnicas en Tiempo Real es realizado por el Operador del sistema que consiste en la resoluci&oacute;n de las restricciones t&eacute;cnicas identificadas durante la operaci&oacute;n en tiempo real mediante la modificaci&oacute;n de los programa,D+1
726,programa,Coste de los desvíos medidos de mayor producción,<p>Los desvíos medidos son la diferencia entre la energía programada y la energía medida. </p><p>El precio de los desvíos se calcula de acuerdo a lo establecido en el P.O. 14.4.</p><p>En concreto este indicador se refiere coste de los desvíos cuando se genera más de lo programado.</p><p>  </p><p><b>,D+1
727,programa,Coste de los desvíos medidos de menor producción,<p>Los desvíos medidos son la diferencia entre la energía programada y la energía medida. </p><p>El precio de los desvíos se calcula de acuerdo a lo establecido en el P.O. 14.4.</p><p>En concreto este indicador se refiere coste de los desvíos cuando se genera menos de lo programado.</p><p>  </p><p><,D+1
762,programa,Energía neta de balance,"<p>Saldo de las energías procedentes de los mercados de ajuste de energías de balance RR, regulación terciaria y regulación secundaria. Se basa en los desvíos medidos y es utilizado para el cálculo del precio de los desvíos.</p><p>Los desvíos medidos son diferencia entre la energía programada y la e",D+1
763,programa,Precio de los desvíos medidos a subir,"<p>Los desv&iacute;os medidos son la diferencia entre la energ&iacute;a programada y la energ&iacute;a medida.</p>

<p>El precio de los desv&iacute;os se calcula de acuerdo a lo establecido en el P.O. 14.4.</p>

<p><b>Publicaci&oacute;n:</b> diariamente a las 7:45 con la informaci&oacute;n del d",D+1
764,programa,Precio de los desvíos medidos a bajar,"<p>Los desv&iacute;os medidos son la diferencia entre la energ&iacute;a programada y la energ&iacute;a medida.</p>

<p>El precio de los desv&iacute;os se calcula de acuerdo a lo establecido en el P.O. 14.4.</p>

<p><b>Publicaci&oacute;n:</b> diariamente a las 7:45 con la informaci&oacute;n del d",D+1
765,programa,Precio del desvío medido entre precio marginal diario a subir,<p>Los desvíos medidos son la diferencia entre la energía programada y la energía medida. </p><p>El precio de los desvíos se calcula de acuerdo a lo establecido en el P.O. 14.4.</p><p>En concreto este indicador se refiere al cociente entre el precio del desvio medido a subir entre el precio marginal,D+1
766,programa,Precio del desvío medido entre precio marginal diario a bajar,<p>Los desvíos medidos son la diferencia entre la energía programada y la energía medida. </p><p>El precio de los desvíos se calcula de acuerdo a lo establecido en el P.O. 14.4.</p><p>En concreto este indicador se refiere al cociente entre el precio del desvio medido a bajar entre el precio marginal,D+1
767,programa,Exceso/déficit de desvíos medidos,"<p>Saldo resultante de sumar las energías gestionadas finalmente en todos los servicios de ajuste del sistema con la energía utilizada en el cálculo del precio de los desvíos medidos. Dicha energía se calcula como el saldo total de la energía de balance RR, regulación terciaria y regulación secundar",D+1
768,programa,Ingreso/Coste unitario para la demanda por el excedente/déficit de los desvíos,<p>Es el resultado del dividir por la demanda el saldo resultante de sumar las energías gestionadas finalmente en todos los servicios de ajuste del sistema con la energía utilizada en el cálculo del precio de los desvíos medidos. Dicha energía se calcula como el saldo total de la energía de balance,D+1
769,programa,Pagos por capacidad tarifa 2.0.A,"<p>Los Pagos por Capacidad consisten, en un pago regulado para financiar el servicio de capacidad de potencia a medio y largo plazo ofrecido por las instalaciones de generaci&oacute;n al sistema el&eacute;ctrico. Este concepto regulado se encuentra incluido en el T&eacute;rmino de Energ&iacute;a.</p",D+1
770,programa,Pagos por capacidad tarifa 2.0.DHA,"<p>Los Pagos por Capacidad consisten, en un pago regulado para financiar el servicio de capacidad de potencia a medio y largo plazo ofrecido por las instalaciones de generación al sistema eléctrico. Este concepto regulado se encuentra incluido en el Término de Energía.</p><p>En concreto este indicad",D+1
771,programa,Pagos por capacidad tarifa 3.0A,"<p>Los Pagos por Capacidad consisten, en un pago regulado para financiar el servicio de capacidad de potencia a medio y largo plazo ofrecido por las instalaciones de generación al sistema eléctrico. Este concepto regulado se encuentra incluido en el Término de Energía.</p><p>En concreto este indicad",D+1
772,programa,Pagos por capacidad tarifa 3.1A,"<p>Los Pagos por Capacidad consisten, en un pago regulado para financiar el servicio de capacidad de potencia a medio y largo plazo ofrecido por las instalaciones de generación al sistema eléctrico. Este concepto regulado se encuentra incluido en el Término de Energía.</p><p>En concreto este indicad",D+1
773,programa,Pagos por capacidad tarifa seis periodos,"<p>Los Pagos por Capacidad consisten, en un pago regulado para financiar el servicio de capacidad de potencia a medio y largo plazo ofrecido por las instalaciones de generación al sistema eléctrico. Este concepto regulado se encuentra incluido en el Término de Energía.</p><p>En concreto este indicad",D+1
774,programa,Pagos por capacidad tarifa 2.0.DHS,"<p>Los Pagos por Capacidad consisten, en un pago regulado para financiar el servicio de capacidad de potencia a medio y largo plazo ofrecido por las instalaciones de generación al sistema eléctrico. Este concepto regulado se encuentra incluido en el Término de Energía.</p><p>En concreto este indicad",D+1
775,programa,Pagos por capacidad tarifa 2.1A,"<p>Los Pagos por Capacidad consisten, en un pago regulado para financiar el servicio de capacidad de potencia a medio y largo plazo ofrecido por las instalaciones de generación al sistema eléctrico. Este concepto regulado se encuentra incluido en el Término de Energía.</p><p>En concreto este indicad",D+1
776,programa,Pagos por capacidad tarifa 2.1.DHA,"<p>Los Pagos por Capacidad consisten, en un pago regulado para financiar el servicio de capacidad de potencia a medio y largo plazo ofrecido por las instalaciones de generación al sistema eléctrico. Este concepto regulado se encuentra incluido en el Término de Energía.</p><p>En concreto este indicad",D+1
777,programa,Pagos por capacidad tarifa 2.1.DHS,"<p>Los Pagos por Capacidad consisten, en un pago regulado para financiar el servicio de capacidad de potencia a medio y largo plazo ofrecido por las instalaciones de generación al sistema eléctrico. Este concepto regulado se encuentra incluido en el Término de Energía.</p><p>En concreto este indicad",D+1
778,programa,Precio medio pagos por capacidad para demanda,"<p>Los Pagos por Capacidad consisten, en un pago regulado para financiar el servicio de capacidad de potencia a medio y largo plazo ofrecido por las instalaciones de generación al sistema eléctrico. Este concepto regulado se encuentra incluido en el Término de Energía.</p><p>En concreto este indicad",D+1
779,programa,Precio medio cuarto horario componente mercado diario comercializadores de referencia,<p>En este apartado se publica el precio final medio de la energía calculado según el criterio de la Resolución vigente.</p><p>En concreto este indicador se refiere a la componente del mercado diario del precio medio ponderado cuarto horario de la energía para el tipo de consumidor comercializadores,D+1
780,programa,Precio medio cuarto horario componente restricciones PBF comercializadores de referencia,<p>En este apartado se publica el precio final medio de la energía calculado según el criterio de la Resolución vigente.</p><p>En concreto este indicador se refiere a la componente restricciones PBF del precio medio ponderado cuarto horario de la energía para el tipo de consumidor comercializadores,D+1
781,programa,Precio medio cuarto horario componente restricciones tiempo real comercializadores de referencia,<p>En este apartado se publica el precio final medio de la energía calculado según el criterio de la Resolución vigente.</p><p>En concreto este indicador se refiere a la componente restricciones tiempo real del precio medio ponderado cuarto horario de la energía para el tipo de consumidor comerciali,D+1
782,programa,Precio medio cuarto horario componente mercado intradiario comercializadores de referencia,<p>En este apartado se publica el precio final medio de la energía calculado según el criterio de la Resolución vigente.</p><p>En concreto este indicador se refiere a la componente del mercado intradiario del precio medio ponderado cuarto horario de la energía para el tipo de consumidor comercializa,D+1
783,programa,Precio medio horario componente restricciones intradiario comercializadores de referencia,"<p>Cumpliendo con lo especificado en la disposición adicional quinta de la Orden ITC/1659/2009, en este apartado se publica el coste final de la energía, así como los componentes del precio final, en agregado y para cada tipo de consumidor.</p><p>En concreto este indicador se refiere a la componente",D+1
784,programa,Precio medio horario componente reserva de potencia adicional a subir comercializadores de referencia,"<p>Cumpliendo con lo especificado en la disposición adicional quinta de la Orden ITC/1659/2009, en este apartado se publica el coste final de la energía, así como los componentes del precio final, en agregado y para cada tipo de consumidor.</p><p>En concreto este indicador se refiere a la componente",D+1
785,programa,Precio medio cuarto horario componente banda secundaria comercializadores de referencia,<p>En este apartado se publica el precio final medio de la energía calculado según el criterio de la Resolución vigente.</p><p>En concreto este indicador se refiere a la componente de banda secundaria del precio medio ponderado cuarto horario de la energía para el tipo de consumidor comercializadore,D+1
786,programa,Precio medio cuarto horario componente desvíos comercializadores de referencia,<p>En este apartado se publica el precio final medio de la energía calculado según el criterio de la Resolución vigente.</p><p>En concreto este indicador se refiere a la componente de los desvíos del precio medio ponderado cuarto horario de la energía para el tipo de consumidor comercializadores de,D+1
787,programa,Precio medio cuarto horario componente saldo desvíos comercializadores de referencia,<p>En este apartado se publica el precio final medio de la energía calculado según el criterio de la Resolución vigente.</p><p>En concreto este indicador se refiere a la componente saldo desvíos del precio medio ponderado cuarto horario de la energía para el tipo de consumidor comercializadores de r,D+1
788,programa,Precio medio cuarto horario componente pagos capacidad comercializadores de referencia,<p>En este apartado se publica el precio final medio de la energía calculado según el criterio de la Resolución vigente.</p><p>En concreto este indicador se refiere a la componente de los pagos por capacidad del precio medio ponderado cuarto horario de la energía para el tipo de consumidor comercial,D+1
789,programa,Precio medio cuarto horario componente saldo P. O.14. 6 comercializadores de referencia,<p>En este apartado se publica el precio final medio de la energía calculado según el criterio de la Resolución vigente.</p><p>En concreto este indicador se refiere a la componente saldo P.O.14.6 del precio medio ponderado cuarto horario de la energía para el tipo de consumidor comercializadores de,D+1
790,programa,Precio medio horario componente fallo nominación UPG comercializadores de referencia,"<p>Cumpliendo con lo especificado en la disposición adicional quinta de la Orden ITC/1659/2009, en este apartado se publica el coste final de la energía, así como los componentes del precio final, en agregado y para cada tipo de consumidor.</p><p>En concreto este indicador se refiere a la componente",D+1
791,programa,Precio medio cuarto horario final comercializadores de referencia,<p>En este apartado se publica el precio final medio de la energía calculado según el criterio de la Resolución vigente.</p><p>En concreto este indicador se refiere al precio medio ponderado cuarto horario de la energía para el tipo de consumidor comercializadores de referencia.</p><p>Para fechas an,D+1
792,programa,Precio medio cuarto horario componente mercado diario contratación libre,<p>En este apartado se publica el precio final medio de la energía calculado según el criterio de la Resolución vigente.</p><p>En concreto este indicador se refiere a la componente del mercado diario del precio medio ponderado cuarto horario de la energía para el tipo de consumidor de contratación l,D+1
793,programa,Precio medio cuarto horario componente restricciones PBF contratación libre,<p>En este apartado se publica el precio final medio de la energía calculado según el criterio de la Resolución vigente.</p><p>En concreto este indicador se refiere a la componente restricciones PBF del precio medio ponderado cuarto horario de la energía para el tipo de consumidor de contratación li,D+1
794,programa,Precio medio cuarto horario componente restricciones tiempo real contratación libre,<p>En este apartado se publica el precio final medio de la energía calculado según el criterio de la Resolución vigente.</p><p>En concreto este indicador se refiere a la componente restricciones tiempo real del precio medio ponderado cuarto horario de la energía para el tipo de consumidor de contrat,D+1
795,programa,Precio medio cuarto horario componente mercado intradiario contratación libre,<p>En este apartado se publica el precio final medio de la energía calculado según el criterio de la Resolución vigente.</p><p>En concreto este indicador se refiere a la componente del mercado intradiario del precio medio ponderado cuarto horario de la energía para el tipo de consumidor de contratac,D+1
796,programa,Precio medio horario componente restricciones intradiario contratación libre,"<p>Cumpliendo con lo especificado en la disposición adicional quinta de la Orden ITC/1659/2009, en este apartado se publica el coste final de la energía, así como los componentes del precio final, en agregado y para cada tipo de consumidor.</p><p>En concreto este indicador se refiere a la componente",D+1
797,programa,Precio medio horario componente reserva de potencia adicional a subir contratación libre,"<p>Cumpliendo con lo especificado en la disposición adicional quinta de la Orden ITC/1659/2009, en este apartado se publica el coste final de la energía, así como los componentes del precio final, en agregado y para cada tipo de consumidor.</p><p>En concreto este indicador se refiere a la componente",D+1
798,programa,Precio medio cuarto horario componente banda secundaria contratación libre,<p>En este apartado se publica el precio final medio de la energía calculado según el criterio de la Resolución vigente.</p><p>En concreto este indicador se refiere a la componente de banda secundaria del precio medio ponderado cuarto horario de la energía para el tipo de consumidor de contratación,D+1
799,programa,Precio medio cuarto horario componente desvíos contratación libre,<p>En este apartado se publica el precio final medio de la energía calculado según el criterio de la Resolución vigente.</p><p>En concreto este indicador se refiere a la componente de los desvíos del precio medio ponderado cuarto horario de la energía para el tipo de consumidor de contratación libre,D+1
800,programa,Precio medio cuarto horario componente saldo desvíos contratación libre,<p>En este apartado se publica el precio final medio de la energía calculado según el criterio de la Resolución vigente.</p><p>En concreto este indicador se refiere a la componente saldo desvíos del precio medio ponderado cuarto horario de la energía para el tipo de consumidor de contratación libre.,D+1
801,programa,Precio medio cuarto horario componente pagos capacidad contratación libre,<p>En este apartado se publica el precio final medio de la energía calculado según el criterio de la Resolución vigente.</p><p>En concreto este indicador se refiere a la componente de los pagos por capacidad del precio medio ponderado cuarto horario de la energía para el tipo de consumidor de contra,D+1
802,programa,Precio medio cuarto horario componente saldo P.O.14.6. contratación libre,<p>En este apartado se publica el precio final medio de la energía calculado según el criterio de la Resolución vigente.</p><p>En concreto este indicador se refiere a la componente saldo P.O.14.6 del precio medio ponderado cuarto horario de la energía para el tipo de consumidor de contratación libre,D+1
803,programa,Precio medio horario componente fallo nominación UPG contratación libre,"<p>Cumpliendo con lo especificado en la disposición adicional quinta de la Orden ITC/1659/2009, en este apartado se publica el coste final de la energía, así como los componentes del precio final, en agregado y para cada tipo de consumidor.</p><p>En concreto este indicador se refiere a la componente",D+1
804,programa,Precio medio cuarto horario final contratación libre,"<p>En este apartado se publica el precio final medio de la energía calculado según el criterio de la Resolución vigente.</p>
<p>En concreto este indicador se refiere al precio medio ponderado cuarto horario de la energía para el tipo de consumidor de contratación libre.</p>
<p>Para fechas anterior",D+1
805,programa,Precio medio cuarto horario componente mercado diario,<p>En este apartado se publica el precio final medio de la energía calculado según el criterio de la Resolución vigente.</p><p>En concreto este indicador se refiere a la componente del mercado diario del precio medio ponderado cuarto horario de la energía para todos los tipos de consumidores.</p><p>,D+1
806,programa,Precio medio cuarto horario componente restricciones PBF,<p>En este apartado se publica el precio final medio de la energía calculado según el criterio de la Resolución vigente.</p><p>En concreto este indicador se refiere a la componente restricciones PBF del precio medio ponderado cuarto horario de la energía para todos los tipos de consumidores.</p><p>P,D+1
807,programa,Precio medio cuarto horario componente restricciones tiempo real,<p>En este apartado se publica el precio final medio de la energía calculado según el criterio de la Resolución vigente.</p><p>En concreto este indicador se refiere a la componente restricciones tiempo real del precio medio ponderado cuarto horario de la energía para todos los tipos de consumidores.,D+1
808,programa,Precio medio cuarto horario componente mercado intradiario,<p>En este apartado se publica el precio final medio de la energía calculado según el criterio de la Resolución vigente.</p><p>En concreto este indicador se refiere a la componente del mercado intradiario del precio medio ponderado cuarto horario de la energía para todos los tipos de consumidores.</,D+1
809,programa,Precio medio horario componente restricciones intradiario,"<p>Cumpliendo con lo especificado en la disposición adicional quinta de la Orden ITC/1659/2009, en este apartado se publica el coste final de la energía, así como los componentes del precio final, en agregado y para cada tipo de consumidor.</p><p>En concreto este indicador se refiere a la componente",D+1
810,programa,Precio medio horario componente reserva de potencia adicional a subir,"<p>Cumpliendo con lo especificado en la disposición adicional quinta de la Orden ITC/1659/2009, en este apartado se publica el coste final de la energía, así como los componentes del precio final, en agregado y para cada tipo de consumidor.</p><p>En concreto este indicador se refiere a la componente",D+1
811,programa,Precio medio cuarto horario componente banda secundaria,<p>En este apartado se publica el precio final medio de la energía calculado según el criterio de la Resolución vigente.</p><p>En concreto este indicador se refiere a la componente de banda secundaria del precio medio ponderado cuarto horario de la energía para todos los tipos de consumidores.</p><p,D+1
812,programa,Precio medio cuarto horario componente desvíos,<p>En este apartado se publica el precio final medio de la energía calculado según el criterio de la Resolución vigente.</p><p>En concreto este indicador se refiere a la componente de los desvíos del precio medio ponderado cuarto horario de la energía para todos los tipos de consumidores.</p><p>Para,D+1
813,programa,Precio medio cuarto horario componente saldo desvíos,<p>En este apartado se publica el precio final medio de la energía calculado según el criterio de la Resolución vigente.</p><p>En concreto este indicador se refiere a la componente saldo desvíos del precio medio ponderado cuarto horario de la energía para todos los tipos de consumidores.</p><p>Para,D+1
814,programa,Precio medio cuarto horario componente pagos capacidad,<p>En este apartado se publica el precio final medio de la energía calculado según el criterio de la Resolución vigente.</p><p>En concreto este indicador se refiere a la componente de los pagos por capacidad del precio medio ponderado cuarto horario de la energía para todos los tipos de consumidores,D+1
815,programa,Precio medio cuarto horario componente saldo P.O.14.6.,<p>En este apartado se publica el precio final medio de la energía calculado según el criterio de la Resolución vigente.</p><p>En concreto este indicador se refiere a la componente saldo P.O.14.6 del precio medio ponderado cuarto horario de la energía para todos los tipos de consumidores.</p><p>Para,D+1
816,programa,Precio medio horario componente fallo nominación UPG,"<p>Cumpliendo con lo especificado en la disposición adicional quinta de la Orden ITC/1659/2009, en este apartado se publica el coste final de la energía, así como los componentes del precio final, en agregado y para cada tipo de consumidor.</p><p>En concreto este indicador se refiere a la componente",D+1
817,programa,Precio medio cuarto horario final,<p>En este apartado se publica el precio final medio de la energía calculado según el criterio de la Resolución vigente.</p><p>En concreto este indicador se refiere al precio medio ponderado cuarto horario de la energía para todos los tipos de consumidores.</p><p>Para fechas anteriores al 1 de Enero,D+1
818,programa,Energía mensual final contratación libre cuota,"<p>Cumpliendo con lo especificado en la disposición adicional quinta de la Orden ITC/1659/2009, en este apartado se publica el coste final de la energía, así como los componentes del precio final, en agregado y para cada tipo de consumidor.</p><p>En concreto este indicador se refiere al porcentaje d",D+1
819,programa,Energía mensual final comercializadores de referencia cuota,"<p>Cumpliendo con lo especificado en la disposición adicional quinta de la Orden ITC/1659/2009, en este apartado se publica el coste final de la energía, así como los componentes del precio final, en agregado y para cada tipo de consumidor.</p><p>En concreto este indicador se refiere al porcentaje d",D+1
820,programa,Energía mensual final cuota,"<p>Cumpliendo con lo especificado en la disposición adicional quinta de la Orden ITC/1659/2009, en este apartado se publica el coste final de la energía, así como los componentes del precio final, en agregado y para cada tipo de consumidor.</p><p>En concreto este indicador se refiere al porcentaje d",D+1
821,programa,Energía anual final comercialización libre cuota,"<p>Cumpliendo con lo especificado en la disposición adicional quinta de la Orden ITC/1659/2009, en este apartado se publica el coste final de la energía, así como los componentes del precio final, en agregado y para cada tipo de consumidor.</p><p>En concreto este indicador se refiere al porcentaje d",D+1
822,programa,Energía anual final comercializadores de referencia cuota,"<p>Cumpliendo con lo especificado en la disposición adicional quinta de la Orden ITC/1659/2009, en este apartado se publica el coste final de la energía, así como los componentes del precio final, en agregado y para cada tipo de consumidor.</p><p>En concreto este indicador se refiere al porcentaje d",D+1
823,programa,Energía anual final cuota,"<p>Cumpliendo con lo especificado en la disposición adicional quinta de la Orden ITC/1659/2009, en este apartado se publica el coste final de la energía, así como los componentes del precio final, en agregado y para cada tipo de consumidor.</p><p>En concreto este indicador se refiere al porcentaje d",D+1
824,programa,CO2 evitable Madera,<p>Toneladas de CO2 totales que se dejarían de producir si se ejecutase una orden de reducción de potencia a los proveedores del servicio de interrumpibilidad del sector industrial de la madera.</p><p><b>Publicación:</b> cada 10 minutos con la información de los 10 minutos anteriores.</p>,D+1
825,programa,CO2 evitable Siderurgia,<p>Toneladas de CO2 totales que se dejarían de producir si se ejecutase una orden de reducción de potencia a los proveedores del servicio de interrumpibilidad del sector industrial de la siderurgia.</p><p><b>Publicación:</b> cada 10 minutos con la información de los 10 minutos anteriores.</p>,D+1
826,programa,CO2 evitable Papel,<p>Toneladas de CO2 totales que se dejarían de producir si se ejecutase una orden de reducción de potencia a los proveedores del servicio de interrumpibilidad del sector industrial del papel.</p><p><b>Publicación:</b> cada 10 minutos con la información de los 10 minutos anteriores.</p>,D+1
827,programa,CO2 evitable Desalación,<p>Toneladas de CO2 totales que se dejarían de producir si se ejecutase una orden de reducción de potencia a los proveedores del servicio de interrumpibilidad del sector industrial de la desalación.</p><p><b>Publicación:</b> cada 10 minutos con la información de los 10 minutos anteriores.</p>,D+1
828,programa,CO2 evitable Metalurgia,<p>Toneladas de CO2 totales que se dejarían de producir si se ejecutase una orden de reducción de potencia a los proveedores del servicio de interrumpibilidad del sector industrial de la metalurgia.</p><p><b>Publicación:</b> cada 10 minutos con la información de los 10 minutos anteriores.</p>,D+1
829,programa,CO2 evitable Química,<p>Toneladas de CO2 totales que se dejarían de producir si se ejecutase una orden de reducción de potencia a los proveedores del servicio de interrumpibilidad del sector industrial de la química.</p><p><b>Publicación:</b> cada 10 minutos con la información de los 10 minutos anteriores.</p>,D+1
830,programa,Energía horaria final comercializadores último recurso,"<p>Cumpliendo con lo especificado en la disposición adicional quinta de la Orden ITC/1659/2009, en este apartado se publica el coste final de la energía, así como los componentes del precio final, en agregado y para cada tipo de consumidor.</p><p>En concreto este indicador se refiere a energía sobre",D+1
831,programa,CO2 evitable Maquinaria,<p>Toneladas de CO2 totales que se dejarían de producir si se ejecutase una orden de reducción de potencia a los proveedores del servicio de interrumpibilidad del sector industrial de la maquinaria.</p><p><b>Publicación:</b> cada 10 minutos con la información de los 10 minutos anteriores.</p>,D+1
832,programa,CO2 evitable Vidrio,<p>Toneladas de CO2 totales que se dejarían de producir si se ejecutase una orden de reducción de potencia a los proveedores del servicio de interrumpibilidad del sector industrial del vidrio.</p><p><b>Publicación:</b> cada 10 minutos con la información de los 10 minutos anteriores.</p>,D+1
833,programa,CO2 evitable Cemento,<p>Toneladas de CO2 totales que se dejarían de producir si se ejecutase una orden de reducción de potencia a los proveedores del servicio de interrumpibilidad del sector industrial del cemento.</p><p><b>Publicación:</b> cada 10 minutos con la información de los 10 minutos anteriores.</p>,D+1
834,programa,CO2 evitable Varios,<p>Toneladas de CO2 totales que se dejarían de producir si se ejecutase una orden de reducción de potencia a los proveedores del servicio de interrumpibilidad de varios sectores industriales.</p><p><b>Publicación:</b> cada 10 minutos con la información de los 10 minutos anteriores.</p>,D+1
835,programa,CO2 evitable,<p>Toneladas de CO2 totales que se dejarían de producir si se ejecutase una orden de reducción de potencia a los proveedores del servicio de interrumpibilidad</p><p>Este indicador se puede desglosar por Comunidades Autónomas.</p><p><b>Publicación:</b> cada 10 minutos con la información de los 10 min,D+1
836,programa,Demanda proveedores del servicio de interrumpibilidad Madera,<p>Es el valor de potencia activa que se podría dejar de consumir por los proveedores del servicio de interrumpibilidad en el caso de la aplicación de una orden de reducción de potencia menos su potencia residual (potencia máxima contratada).</p><p>En concreto este indicador se refiere a los proveed,D+1
837,programa,Demanda proveedores del servicio de interrumpibilidad Siderurgia,<p>Es el valor de potencia activa que se podría dejar de consumir por los proveedores del servicio de interrumpibilidad en el caso de la aplicación de una orden de reducción de potencia menos su potencia residual (potencia máxima contratada).</p><p>En concreto este indicador se refiere a los proveed,D+1
838,programa,Demanda proveedores del servicio de interrumpibilidad Papel,<p>Es el valor de potencia activa que se podría dejar de consumir por los proveedores del servicio de interrumpibilidad en el caso de la aplicación de una orden de reducción de potencia menos su potencia residual (potencia máxima contratada).</p><p>En concreto este indicador se refiere a los proveed,D+1
839,programa,Demanda proveedores del servicio de interrumpibilidad Desalación,<p>Es el valor de potencia activa que se podría dejar de consumir por los proveedores del servicio de interrumpibilidad en el caso de la aplicación de una orden de reducción de potencia menos su potencia residual (potencia máxima contratada).</p><p>En concreto este indicador se refiere a los proveed,D+1
840,programa,Demanda proveedores del servicio de interrumpibilidad Metalurgia,<p>Es el valor de potencia activa que se podría dejar de consumir por los proveedores del servicio de interrumpibilidad en el caso de la aplicación de una orden de reducción de potencia menos su potencia residual (potencia máxima contratada).</p><p>En concreto este indicador se refiere a los proveed,D+1
841,programa,Demanda proveedores del servicio de interrumpibilidad Química,<p>Es el valor de potencia activa que se podría dejar de consumir por los proveedores del servicio de interrumpibilidad en el caso de la aplicación de una orden de reducción de potencia menos su potencia residual (potencia máxima contratada).</p><p>En concreto este indicador se refiere a los proveed,D+1
842,programa,Demanda proveedores del servicio de interrumpibilidad Maquinaria,<p>Es el valor de potencia activa que se podría dejar de consumir por los proveedores del servicio de interrumpibilidad en el caso de la aplicación de una orden de reducción de potencia menos su potencia residual (potencia máxima contratada).</p><p>En concreto este indicador se refiere a los proveed,D+1
843,programa,Energía horaria final comercialización libre,"<p>Cumpliendo con lo especificado en la disposición adicional quinta de la Orden ITC/1659/2009, en este apartado se publica el coste final de la energía, así como los componentes del precio final, en agregado y para cada tipo de consumidor.</p><p>En concreto este indicador se refiere a energía sobre",D+1
844,programa,Demanda proveedores del servicio de interrumpibilidad Vidrio,<p>Es el valor de potencia activa que se podría dejar de consumir por los proveedores del servicio de interrumpibilidad en el caso de la aplicación de una orden de reducción de potencia menos su potencia residual (potencia máxima contratada).</p><p>En concreto este indicador se refiere a los proveed,D+1
845,programa,Demanda proveedores del servicio de interrumpibilidad Cemento,<p>Es el valor de potencia activa que se podría dejar de consumir por los proveedores del servicio de interrumpibilidad en el caso de la aplicación de una orden de reducción de potencia menos su potencia residual (potencia máxima contratada).</p><p>En concreto este indicador se refiere a los proveed,D+1
846,programa,Demanda proveedores del servicio de interrumpibilidad Varios,<p>Es el valor de potencia activa que se podría dejar de consumir por los proveedores del servicio de interrumpibilidad en el caso de la aplicación de una orden de reducción de potencia menos su potencia residual (potencia máxima contratada).</p><p>En concreto este indicador se refiere a los proveed,D+1
847,programa,Demanda proveedores del servicio de interrumpibilidad,<p>Es el valor de potencia activa que se podría dejar de consumir por los proveedores del servicio de interrumpibilidad en el caso de la aplicación de una orden de reducción de potencia menos su potencia residual (potencia máxima contratada).</p><p>Este indicador se puede desglosar por Comunidades A,D+1
856,programa,Energía horaria final,"<p>Cumpliendo con lo especificado en la disposición adicional quinta de la Orden ITC/1659/2009, en este apartado se publica el coste final de la energía, así como los componentes del precio final, en agregado y para cada tipo de consumidor.</p><p>En concreto este indicador se refiere a energía sobre",D+1
857,programa,Precio medio mensual componente mercado diario contratación libre,"<p>Cumpliendo con lo especificado en la disposición adicional quinta de la Orden ITC/1659/2009, en este apartado se publica el coste final de la energía, así como los componentes del precio final, en agregado y para cada tipo de consumidor.</p><p>En concreto este indicador se refiere a la componente",D+1
858,programa,Precio medio mensual componente restricciones PBF contratación libre,"<p>Cumpliendo con lo especificado en la disposición adicional quinta de la Orden ITC/1659/2009, en este apartado se publica el coste final de la energía, así como los componentes del precio final, en agregado y para cada tipo de consumidor.</p><p>En concreto este indicador se refiere a la componente",D+1
859,programa,Precio medio mensual componente restricciones tiempo real contratación libre,"<p>Cumpliendo con lo especificado en la disposición adicional quinta de la Orden ITC/1659/2009, en este apartado se publica el coste final de la energía, así como los componentes del precio final, en agregado y para cada tipo de consumidor.</p><p>En concreto este indicador se refiere a la componente",D+1
860,programa,Precio medio mensual componente mercado intradiario contratación libre,"<p>Cumpliendo con lo especificado en la disposición adicional quinta de la Orden ITC/1659/2009, en este apartado se publica el coste final de la energía, así como los componentes del precio final, en agregado y para cada tipo de consumidor.</p><p>En concreto este indicador se refiere a la componente",D+1
862,programa,Precio medio mensual componente reserva de potencia adicional a subir contratación libre,"<p>Cumpliendo con lo especificado en la disposición adicional quinta de la Orden ITC/1659/2009, en este apartado se publica el coste final de la energía, así como los componentes del precio final, en agregado y para cada tipo de consumidor.</p><p>En concreto este indicador se refiere a la componente",D+1
863,programa,Precio medio mensual componente banda secundaria contratación libre,"<p>Cumpliendo con lo especificado en la disposición adicional quinta de la Orden ITC/1659/2009, en este apartado se publica el coste final de la energía, así como los componentes del precio final, en agregado y para cada tipo de consumidor.</p><p>En concreto este indicador se refiere a la componente",D+1
864,programa,Precio medio mensual componente desvíos medidos contratación libre,"<p>Cumpliendo con lo especificado en la disposición adicional quinta de la Orden ITC/1659/2009, en este apartado se publica el coste final de la energía, así como los componentes del precio final, en agregado y para cada tipo de consumidor.</p><p>En concreto este indicador se refiere a la componente",D+1
865,programa,Precio medio mensual componente saldo de desvíos contratación libre,"<p>Cumpliendo con lo especificado en la disposición adicional quinta de la Orden ITC/1659/2009, en este apartado se publica el coste final de la energía, así como los componentes del precio final, en agregado y para cada tipo de consumidor.</p><p>En concreto este indicador se refiere a la componente",D+1
866,programa,Precio medio mensual componente pago de capacidad contratación libre,"<p>Cumpliendo con lo especificado en la disposición adicional quinta de la Orden ITC/1659/2009, en este apartado se publica el coste final de la energía, así como los componentes del precio final, en agregado y para cada tipo de consumidor.</p><p>En concreto este indicador se refiere a la componente",D+1
867,programa,Precio medio mensual componente saldo P.O.14.6 contratación libre,"<p>Cumpliendo con lo especificado en la disposición adicional quinta de la Orden ITC/1659/2009, en este apartado se publica el coste final de la energía, así como los componentes del precio final, en agregado y para cada tipo de consumidor.</p><p>En concreto este indicador se refiere a la componente",D+1
869,programa,Precio medio mensual final contratación libre,"<p>Cumpliendo con lo especificado en la disposición adicional quinta de la Orden ITC/1659/2009, en este apartado se publica el coste final de la energía, así como los componentes del precio final, en agregado y para cada tipo de consumidor.</p><p>En concreto este indicador se refiere al precio medio",D+1
870,programa,Precio medio mensual componente mercado diario comercialización de referencia,"<p>Cumpliendo con lo especificado en la disposición adicional quinta de la Orden ITC/1659/2009, en este apartado se publica el coste final de la energía, así como los componentes del precio final, en agregado y para cada tipo de consumidor.</p><p>En concreto este indicador se refiere a la componente",D+1
871,programa,Precio medio mensual componente restricciones PBF comercialización de referencia,"<p>Cumpliendo con lo especificado en la disposición adicional quinta de la Orden ITC/1659/2009, en este apartado se publica el coste final de la energía, así como los componentes del precio final, en agregado y para cada tipo de consumidor.</p><p>En concreto este indicador se refiere a la componente",D+1
872,programa,Precio medio mensual componente restricciones tiempo real comercialización de referencia,"<p>Cumpliendo con lo especificado en la disposición adicional quinta de la Orden ITC/1659/2009, en este apartado se publica el coste final de la energía, así como los componentes del precio final, en agregado y para cada tipo de consumidor.</p><p>En concreto este indicador se refiere a la componente",D+1
873,programa,Precio medio mensual componente mercado intradiario comercialización de referencia,"<p>Cumpliendo con lo especificado en la disposición adicional quinta de la Orden ITC/1659/2009, en este apartado se publica el coste final de la energía, así como los componentes del precio final, en agregado y para cada tipo de consumidor.</p><p>En concreto este indicador se refiere a la componente",D+1
875,programa,Precio medio mensual componente reserva de potencia adicional a subir comercialización de referencia,"<p>Cumpliendo con lo especificado en la disposición adicional quinta de la Orden ITC/1659/2009, en este apartado se publica el coste final de la energía, así como los componentes del precio final, en agregado y para cada tipo de consumidor.</p><p>En concreto este indicador se refiere a la componente",D+1
876,programa,Precio medio mensual componente banda secundaria comercialización de referencia,"<p>Cumpliendo con lo especificado en la disposición adicional quinta de la Orden ITC/1659/2009, en este apartado se publica el coste final de la energía, así como los componentes del precio final, en agregado y para cada tipo de consumidor.</p><p>En concreto este indicador se refiere a la componente",D+1
877,programa,Precio medio mensual componente desvíos medidos comercialización de referencia,"<p>Cumpliendo con lo especificado en la disposición adicional quinta de la Orden ITC/1659/2009, en este apartado se publica el coste final de la energía, así como los componentes del precio final, en agregado y para cada tipo de consumidor.</p><p>En concreto este indicador se refiere a la componente",D+1
878,programa,Precio medio mensual componente saldo de desvíos comercialización de referencia,"<p>Cumpliendo con lo especificado en la disposición adicional quinta de la Orden ITC/1659/2009, en este apartado se publica el coste final de la energía, así como los componentes del precio final, en agregado y para cada tipo de consumidor.</p><p>En concreto este indicador se refiere a la componente",D+1
879,programa,Precio medio mensual componente pago de capacidad comercialización de referencia,"<p>Cumpliendo con lo especificado en la disposición adicional quinta de la Orden ITC/1659/2009, en este apartado se publica el coste final de la energía, así como los componentes del precio final, en agregado y para cada tipo de consumidor.</p><p>En concreto este indicador se refiere a la componente",D+1
880,programa,Precio medio mensual componente saldo P.O.14.6 comercialización de referencia,"<p>Cumpliendo con lo especificado en la disposición adicional quinta de la Orden ITC/1659/2009, en este apartado se publica el coste final de la energía, así como los componentes del precio final, en agregado y para cada tipo de consumidor.</p><p>En concreto este indicador se refiere a la componente",D+1
882,programa,Precio medio mensual final comercialización de referencia,"<p>Cumpliendo con lo especificado en la disposición adicional quinta de la Orden ITC/1659/2009, en este apartado se publica el coste final de la energía, así como los componentes del precio final, en agregado y para cada tipo de consumidor.</p><p>En concreto este indicador se refiere al precio medio",D+1
883,programa,Precio medio mensual componente mercado diario,"<p>Cumpliendo con lo especificado en la disposición adicional quinta de la Orden ITC/1659/2009, en este apartado se publica el coste final de la energía, así como los componentes del precio final, en agregado y para cada tipo de consumidor.</p><p>En concreto este indicador se refiere a la componente",D+1
884,programa,Precio medio mensual componente restricciones PBF,"<p>Cumpliendo con lo especificado en la disposición adicional quinta de la Orden ITC/1659/2009, en este apartado se publica el coste final de la energía, así como los componentes del precio final, en agregado y para cada tipo de consumidor.</p><p>En concreto este indicador se refiere a la componente",D+1
885,programa,Precio medio mensual componente restricciones tiempo real,"<p>Cumpliendo con lo especificado en la disposición adicional quinta de la Orden ITC/1659/2009, en este apartado se publica el coste final de la energía, así como los componentes del precio final, en agregado y para cada tipo de consumidor.</p><p>En concreto este indicador se refiere a la componente",D+1
886,programa,Precio medio mensual componente mercado intradiario,"<p>Cumpliendo con lo especificado en la disposición adicional quinta de la Orden ITC/1659/2009, en este apartado se publica el coste final de la energía, así como los componentes del precio final, en agregado y para cada tipo de consumidor.</p><p>En concreto este indicador se refiere a la componente",D+1
888,programa,Precio medio mensual componente reserva de potencia adicional a subir,"<p>Cumpliendo con lo especificado en la disposición adicional quinta de la Orden ITC/1659/2009, en este apartado se publica el coste final de la energía, así como los componentes del precio final, en agregado y para cada tipo de consumidor.</p><p>En concreto este indicador se refiere a la componente",D+1
889,programa,Precio medio mensual componente banda secundaria,"<p>Cumpliendo con lo especificado en la disposición adicional quinta de la Orden ITC/1659/2009, en este apartado se publica el coste final de la energía, así como los componentes del precio final, en agregado y para cada tipo de consumidor.</p><p>En concreto este indicador se refiere a la componente",D+1
890,programa,Precio medio mensual componente desvíos medidos,"<p>Cumpliendo con lo especificado en la disposición adicional quinta de la Orden ITC/1659/2009, en este apartado se publica el coste final de la energía, así como los componentes del precio final, en agregado y para cada tipo de consumidor.</p><p>En concreto este indicador se refiere a la componente",D+1
891,programa,Precio medio mensual componente saldo de desvíos,"<p>Cumpliendo con lo especificado en la disposición adicional quinta de la Orden ITC/1659/2009, en este apartado se publica el coste final de la energía, así como los componentes del precio final, en agregado y para cada tipo de consumidor.</p><p>En concreto este indicador se refiere a la componente",D+1
892,programa,Precio medio mensual componente pago de capacidad,"<p>Cumpliendo con lo especificado en la disposición adicional quinta de la Orden ITC/1659/2009, en este apartado se publica el coste final de la energía, así como los componentes del precio final, en agregado y para cada tipo de consumidor.</p><p>En concreto este indicador se refiere a la componente",D+1
893,programa,Precio medio mensual componente saldo P.O.14.6,"<p>Cumpliendo con lo especificado en la disposición adicional quinta de la Orden ITC/1659/2009, en este apartado se publica el coste final de la energía, así como los componentes del precio final, en agregado y para cada tipo de consumidor.</p><p>En concreto este indicador se refiere a la componente",D+1
895,programa,Precio medio mensual final,"<p>Cumpliendo con lo especificado en la disposición adicional quinta de la Orden ITC/1659/2009, en este apartado se publica el coste final de la energía, así como los componentes del precio final, en agregado y para cada tipo de consumidor.</p><p>En concreto este indicador se refiere al precio medio",D+1
899,prevision,Coste asignación de reserva de regulación secundaria a subir,"<p>La regulación secundaria es un servicio complementario de carácter potestativo que tiene por objeto el mantenimiento del equilibrio generación-demanda, corrigiendo los desvíos respecto a los programas de intercambio previstos en la interconexión España-Francia, y las desviaciones de la frecuencia",previsto
908,programa,Energía mensual final contratación libre,"<p>Cumpliendo con lo especificado en la disposición adicional quinta de la Orden ITC/1659/2009, en este apartado se publica el coste final de la energía, así como los componentes del precio final, en agregado y para cada tipo de consumidor.</p><p>En concreto este indicador se refiere a energía sobre",D+1
921,programa,Energía mensual final comercializador de referencia,"<p>Cumpliendo con lo especificado en la disposición adicional quinta de la Orden ITC/1659/2009, en este apartado se publica el coste final de la energía, así como los componentes del precio final, en agregado y para cada tipo de consumidor.</p><p>En concreto este indicador se refiere a la energía so",D+1
934,programa,Energía mensual final,"<p>Cumpliendo con lo especificado en la disposición adicional quinta de la Orden ITC/1659/2009, en este apartado se publica el coste final de la energía, así como los componentes del precio final, en agregado y para cada tipo de consumidor.</p><p>En concreto este indicador se refiere a energía sobre",D+1
935,programa,Precio medio anual componente mercado diario contratación libre,"<p>Cumpliendo con lo especificado en la disposición adicional quinta de la Orden ITC/1659/2009, en este apartado se publica el coste final de la energía, así como los componentes del precio final, en agregado y para cada tipo de consumidor.</p><p>En concreto este indicador se refiere a la componente",D+1
936,programa,Precio medio anual componente restricciones PBF contratación libre,"<p>Cumpliendo con lo especificado en la disposición adicional quinta de la Orden ITC/1659/2009, en este apartado se publica el coste final de la energía, así como los componentes del precio final, en agregado y para cada tipo de consumidor.</p><p>En concreto este indicador se refiere a la componente",D+1
937,programa,Precio medio anual componente restricciones tiempo real contratación libre,"<p>Cumpliendo con lo especificado en la disposición adicional quinta de la Orden ITC/1659/2009, en este apartado se publica el coste final de la energía, así como los componentes del precio final, en agregado y para cada tipo de consumidor.</p><p>En concreto este indicador se refiere a la componente",D+1
938,programa,Precio medio anual componente mercado intradiario contratación libre,"<p>Cumpliendo con lo especificado en la disposición adicional quinta de la Orden ITC/1659/2009, en este apartado se publica el coste final de la energía, así como los componentes del precio final, en agregado y para cada tipo de consumidor.</p><p>En concreto este indicador se refiere a la componente",D+1
939,programa,Precio medio anual componente restricciones intradiario contratación libre,"<p>Cumpliendo con lo especificado en la disposición adicional quinta de la Orden ITC/1659/2009, en este apartado se publica el coste final de la energía, así como los componentes del precio final, en agregado y para cada tipo de consumidor.</p><p>En concreto este indicador se refiere a la componente",D+1
940,programa,Precio medio anual componente reserva de potencia adicional a subir contratación libre,"<p>Cumpliendo con lo especificado en la disposición adicional quinta de la Orden ITC/1659/2009, en este apartado se publica el coste final de la energía, así como los componentes del precio final, en agregado y para cada tipo de consumidor.</p><p>En concreto este indicador se refiere a la componente",D+1
941,programa,Precio medio anual componente banda secundaria contratación libre,"<p>Cumpliendo con lo especificado en la disposición adicional quinta de la Orden ITC/1659/2009, en este apartado se publica el coste final de la energía, así como los componentes del precio final, en agregado y para cada tipo de consumidor.</p><p>En concreto este indicador se refiere a la componente",D+1
942,programa,Precio medio anual componente desvíos medidos contratación libre,"<p>Cumpliendo con lo especificado en la disposición adicional quinta de la Orden ITC/1659/2009, en este apartado se publica el coste final de la energía, así como los componentes del precio final, en agregado y para cada tipo de consumidor.</p><p>En concreto este indicador se refiere a la componente",D+1
943,programa,Precio medio anual componente saldo de desvíos contratación libre,"<p>Cumpliendo con lo especificado en la disposición adicional quinta de la Orden ITC/1659/2009, en este apartado se publica el coste final de la energía, así como los componentes del precio final, en agregado y para cada tipo de consumidor.</p><p>En concreto este indicador se refiere a la componente",D+1
944,programa,Precio medio anual componente pago de capacidad contratación libre,"<p>Cumpliendo con lo especificado en la disposición adicional quinta de la Orden ITC/1659/2009, en este apartado se publica el coste final de la energía, así como los componentes del precio final, en agregado y para cada tipo de consumidor.</p><p>En concreto este indicador se refiere a la componente",D+1
945,programa,Precio medio anual componente saldo P.O.14.6 contratación libre,"<p>Cumpliendo con lo especificado en la disposición adicional quinta de la Orden ITC/1659/2009, en este apartado se publica el coste final de la energía, así como los componentes del precio final, en agregado y para cada tipo de consumidor.</p><p>En concreto este indicador se refiere a la componente",D+1
946,programa,Precio medio anual componente fallo nominación UPG contratación libre,"<p>Cumpliendo con lo especificado en la disposición adicional quinta de la Orden ITC/1659/2009, en este apartado se publica el coste final de la energía, así como los componentes del precio final, en agregado y para cada tipo de consumidor.</p><p>En concreto este indicador se refiere a la componente",D+1
947,programa,Precio medio anual final contratación libre,"<p>Cumpliendo con lo especificado en la disposición adicional quinta de la Orden ITC/1659/2009, en este apartado se publica el coste final de la energía, así como los componentes del precio final, en agregado y para cada tipo de consumidor.</p><p>En concreto este indicador se refiere al precio medio",D+1
948,programa,Precio medio anual componente mercado diario comercialización de referencia,"<p>Cumpliendo con lo especificado en la disposición adicional quinta de la Orden ITC/1659/2009, en este apartado se publica el coste final de la energía, así como los componentes del precio final, en agregado y para cada tipo de consumidor.</p><p>En concreto este indicador se refiere a la componente",D+1
949,programa,Precio medio anual componente restricciones PBF comercialización de referencia,"<p>Cumpliendo con lo especificado en la disposición adicional quinta de la Orden ITC/1659/2009, en este apartado se publica el coste final de la energía, así como los componentes del precio final, en agregado y para cada tipo de consumidor.</p><p>En concreto este indicador se refiere a la componente",D+1
950,programa,Precio medio anual componente restricciones tiempo real comercialización de referencia,"<p>Cumpliendo con lo especificado en la disposición adicional quinta de la Orden ITC/1659/2009, en este apartado se publica el coste final de la energía, así como los componentes del precio final, en agregado y para cada tipo de consumidor.</p><p>En concreto este indicador se refiere a la componente",D+1
951,programa,Precio medio anual componente mercado intradiario comercialización de referencia,"<p>Cumpliendo con lo especificado en la disposición adicional quinta de la Orden ITC/1659/2009, en este apartado se publica el coste final de la energía, así como los componentes del precio final, en agregado y para cada tipo de consumidor.</p><p>En concreto este indicador se refiere a la componente",D+1
952,programa,Precio medio anual componente restricciones intradiario comercialización de referencia,"<p>Cumpliendo con lo especificado en la disposición adicional quinta de la Orden ITC/1659/2009, en este apartado se publica el coste final de la energía, así como los componentes del precio final, en agregado y para cada tipo de consumidor.</p><p>En concreto este indicador se refiere a la componente",D+1
953,programa,Precio medio anual componente reserva de potencia adicional a subir comercialización de referencia,"<p>Cumpliendo con lo especificado en la disposición adicional quinta de la Orden ITC/1659/2009, en este apartado se publica el coste final de la energía, así como los componentes del precio final, en agregado y para cada tipo de consumidor.</p><p>En concreto este indicador se refiere a la componente",D+1
954,programa,Precio medio anual componente banda secundaria comercialización de referencia,"<p>Cumpliendo con lo especificado en la disposición adicional quinta de la Orden ITC/1659/2009, en este apartado se publica el coste final de la energía, así como los componentes del precio final, en agregado y para cada tipo de consumidor.</p><p>En concreto este indicador se refiere a la componente",D+1
955,programa,Precio medio anual componente desvíos medidos comercialización de referencia,"<p>Cumpliendo con lo especificado en la disposición adicional quinta de la Orden ITC/1659/2009, en este apartado se publica el coste final de la energía, así como los componentes del precio final, en agregado y para cada tipo de consumidor.</p><p>En concreto este indicador se refiere a la componente",D+1
956,programa,Precio medio anual componente saldo de desvíos comercialización de referencia,"<p>Cumpliendo con lo especificado en la disposición adicional quinta de la Orden ITC/1659/2009, en este apartado se publica el coste final de la energía, así como los componentes del precio final, en agregado y para cada tipo de consumidor.</p><p>En concreto este indicador se refiere a la componente",D+1
957,programa,Precio medio anual componente pago de capacidad comercialización de referencia,"<p>Cumpliendo con lo especificado en la disposición adicional quinta de la Orden ITC/1659/2009, en este apartado se publica el coste final de la energía, así como los componentes del precio final, en agregado y para cada tipo de consumidor.</p><p>En concreto este indicador se refiere a la componente",D+1
958,programa,Precio medio anual componente saldo P.O.14.6 comercialización de referencia,"<p>Cumpliendo con lo especificado en la disposición adicional quinta de la Orden ITC/1659/2009, en este apartado se publica el coste final de la energía, así como los componentes del precio final, en agregado y para cada tipo de consumidor.</p><p>En concreto este indicador se refiere a la componente",D+1
959,programa,Precio medio anual componente fallo nominación UPG comercialización de referencia,"<p>Cumpliendo con lo especificado en la disposición adicional quinta de la Orden ITC/1659/2009, en este apartado se publica el coste final de la energía, así como los componentes del precio final, en agregado y para cada tipo de consumidor.</p><p>En concreto este indicador se refiere a la componente",D+1
960,programa,Precio medio anual final comercialización de referencia,"<p>Cumpliendo con lo especificado en la disposición adicional quinta de la Orden ITC/1659/2009, en este apartado se publica el coste final de la energía, así como los componentes del precio final, en agregado y para cada tipo de consumidor.</p><p>En concreto este indicador se refiere al precio medio",D+1
961,programa,Precio medio anual componente mercado diario,"<p>Cumpliendo con lo especificado en la disposición adicional quinta de la Orden ITC/1659/2009, en este apartado se publica el coste final de la energía, así como los componentes del precio final, en agregado y para cada tipo de consumidor.</p><p>En concreto este indicador se refiere la componente d",D+1
962,programa,Precio medio anual componente restricciones PBF,"<p>Cumpliendo con lo especificado en la disposición adicional quinta de la Orden ITC/1659/2009, en este apartado se publica el coste final de la energía, así como los componentes del precio final, en agregado y para cada tipo de consumidor.</p><p>En concreto este indicador se refiere la componente d",D+1
963,programa,Precio medio anual componente restricciones tiempo real,"<p>Cumpliendo con lo especificado en la disposición adicional quinta de la Orden ITC/1659/2009, en este apartado se publica el coste final de la energía, así como los componentes del precio final, en agregado y para cada tipo de consumidor.</p><p>En concreto este indicador se refiere la componente d",D+1
964,programa,Precio medio anual componente mercado intradiario,"<p>Cumpliendo con lo especificado en la disposición adicional quinta de la Orden ITC/1659/2009, en este apartado se publica el coste final de la energía, así como los componentes del precio final, en agregado y para cada tipo de consumidor.</p><p>En concreto este indicador se refiere la componente d",D+1
965,programa,Precio medio anual componente restricciones intradiario,"<p>Cumpliendo con lo especificado en la disposición adicional quinta de la Orden ITC/1659/2009, en este apartado se publica el coste final de la energía, así como los componentes del precio final, en agregado y para cada tipo de consumidor.</p><p>En concreto este indicador se refiere la componente d",D+1
966,programa,Precio medio anual componente reserva de potencia adicional a subir,"<p>Cumpliendo con lo especificado en la disposición adicional quinta de la Orden ITC/1659/2009, en este apartado se publica el coste final de la energía, así como los componentes del precio final, en agregado y para cada tipo de consumidor.</p><p>En concreto este indicador se refiere a la componente",D+1
967,programa,Precio medio anual componente banda secundaria,"<p>Cumpliendo con lo especificado en la disposición adicional quinta de la Orden ITC/1659/2009, en este apartado se publica el coste final de la energía, así como los componentes del precio final, en agregado y para cada tipo de consumidor.</p><p>En concreto este indicador se refiere a la componente",D+1
968,programa,Precio medio anual componente desvíos medidos,"<p>Cumpliendo con lo especificado en la disposición adicional quinta de la Orden ITC/1659/2009, en este apartado se publica el coste final de la energía, así como los componentes del precio final, en agregado y para cada tipo de consumidor.</p><p>En concreto este indicador se refiere la componente d",D+1
969,programa,Precio medio anual componente saldo de desvíos,"<p>Cumpliendo con lo especificado en la disposición adicional quinta de la Orden ITC/1659/2009, en este apartado se publica el coste final de la energía, así como los componentes del precio final, en agregado y para cada tipo de consumidor.</p><p>En concreto este indicador se refiere la componente d",D+1
970,programa,Precio medio anual componente pago de capacidad,"<p>Cumpliendo con lo especificado en la disposición adicional quinta de la Orden ITC/1659/2009, en este apartado se publica el coste final de la energía, así como los componentes del precio final, en agregado y para cada tipo de consumidor.</p><p>En concreto este indicador se refiere la componente d",D+1
971,programa,Precio medio anual componente saldo P.O.14.6,"<p>Cumpliendo con lo especificado en la disposición adicional quinta de la Orden ITC/1659/2009, en este apartado se publica el coste final de la energía, así como los componentes del precio final, en agregado y para cada tipo de consumidor.</p><p>En concreto este indicador se refiere la componente d",D+1
972,programa,Precio medio anual componente fallo nominación UPG,"<p>Cumpliendo con lo especificado en la disposición adicional quinta de la Orden ITC/1659/2009, en este apartado se publica el coste final de la energía, así como los componentes del precio final, en agregado y para cada tipo de consumidor.</p><p>En concreto este indicador se refiere la componente f",D+1
973,programa,Precio medio anual final,"<p>Cumpliendo con lo especificado en la disposición adicional quinta de la Orden ITC/1659/2009, en este apartado se publica el coste final de la energía, así como los componentes del precio final, en agregado y para cada tipo de consumidor.</p><p>En concreto este indicador se refiere al precio medio",D+1
986,programa,Energía anual final comercialización libre,"<p>Cumpliendo con lo especificado en la disposición adicional quinta de la Orden ITC/1659/2009, en este apartado se publica el coste final de la energía, así como los componentes del precio final, en agregado y para cada tipo de consumidor.</p><p>En concreto este indicador se refiere a energía sobre",D+1
999,programa,Energía anual final comercializadores de referencia,"<p>Cumpliendo con lo especificado en la disposición adicional quinta de la Orden ITC/1659/2009, en este apartado se publica el coste final de la energía, así como los componentes del precio final, en agregado y para cada tipo de consumidor.</p><p>En concreto este indicador se refiere a energía sobre",D+1
1000,programa,Cierre liquidación,"<p>Es el cierre asociado a los datos de liquidación publicados para una fecha en concreto.  Su agrupación temporal es mensual por lo que siempre se muestra un único valor por mes, que puede ser negativo cuando el cierre de la liquidación todavía es avance o positivo cuando el cierre ya es definitivo",D+1
1001,programa,Término de facturación de energía activa del PVPC 2.0TD,<p>Precio horario del t&eacute;rmino de energ&iacute;a que se aplican en la factura el&eacute;ctrica de los consumidores con una potencia contratada no superior a 10 kW y que est&eacute;n acogidos al PVPC (Precio Voluntario para el Peque&ntilde;o Consumidor).</p><p>Incluye el t&eacute;rmino de energ,D+1
1002,programa,Periodo Tarifario del PVPC 2.0TD,<p>Periodo tarifario del t&eacute;rmino de energ&iacute;a que se aplican en la factura el&eacute;ctrica de los consumidores con una potencia contratada no superior a 10 kW y que est&eacute;n acogidos al PVPC (Precio Voluntario para el Peque&ntilde;o Consumidor).</p><p><b>Publicaci&oacute;n:</b> diar,D+1
1003,programa,Término de facturación de energía activa del PVPC 2.0TD P1 punta,<p>Precio horario del periodo tarifario 1 del t&eacute;rmino de energ&iacute;a que se aplican en la factura el&eacute;ctrica de los consumidores con una potencia contratada no superior a 10 kW y que est&eacute;n acogidos al PVPC (Precio Voluntario para el Peque&ntilde;o Consumidor).</p><p>Incluye el,D+1
1004,programa,Término de facturación de energía activa del PVPC 2.0TD P2 llano,<p>Precio horario del periodo tarifario 2 del t&eacute;rmino de energ&iacute;a que se aplican en la factura el&eacute;ctrica de los consumidores con una potencia contratada no superior a 10 kW y que est&eacute;n acogidos al PVPC (Precio Voluntario para el Peque&ntilde;o Consumidor).</p><p>Incluye el,D+1
1005,programa,Término de facturación de energía activa del PVPC 2.0TD P3 valle,<p>Precio horario del periodo tarifario 3 del t&eacute;rmino de energ&iacute;a que se aplican en la factura el&eacute;ctrica de los consumidores con una potencia contratada no superior a 10 kW y que est&eacute;n acogidos al PVPC (Precio Voluntario para el Peque&ntilde;o Consumidor).</p><p>Incluye el,D+1
1006,prevision,"Perfiles de consumo a efectos de facturación del PVPC Tarifa 2.0 GENERAL BAJA TENSIÓN, POTENCIA INFERIOR A 15 kW","<p>Perfil de carga que se utilizar&aacute; para calcular la facturaci&oacute;n en consumidores acogidos al PVPC cuando el suministro no disponga de equipo de medida con capacidad para telemedida y telegesti&oacute;n, y efectivamente integrado en los correspondientes sistemas, aplicando a las lectura",prevista
1012,programa,Energía anual final,"<p>Cumpliendo con lo especificado en la disposici&oacute;n adicional quinta de la Orden ITC/1659/2009, en este apartado se publica el coste final de la energ&iacute;a, as&iacute; como los componentes del precio final, en agregado y para cada tipo de consumidor.</p>

<p>En concreto este indicador s",D+1
1013,programa,Término de facturación de energía activa del PVPC peaje por defecto,"<p>Precio horario del t&eacute;rmino de energ&iacute;a que se aplican en la factura el&eacute;ctrica de los consumidores con una potencia contratada no superior a 10 kW y que est&eacute;n acogidos al PVPC (Precio Voluntario para el Peque&ntilde;o Consumidor).</p>

<p>Incluye el t&eacute;rmino de e",D+1
1014,programa,Término de facturación de energía activa del PVPC eficiencia 2 periodos (DHA),<p>Precio horario del término de energía que se aplican en la factura eléctrica de los consumidores con una potencia contratada no superior a 10 kW y que estén acogidos al PVPC (Precio Voluntario para el Pequeño Consumidor).</p><p>Incluye el término de energía de los peajes de acceso (Orden IET/107/,D+1
1015,programa,Término de facturación de energía activa del PVPC vehículo eléctrico,<p>Precio horario del término de energía que se aplican en la factura eléctrica de los consumidores con una potencia contratada no superior a 10 kW y que estén acogidos al PVPC (Precio Voluntario para el Pequeño Consumidor).</p><p>Incluye el término de energía de los peajes de acceso (Orden IET/107/,D+1
1016,programa,Desglose peaje por defecto 2.0.A Mercado diario e intradiario,<p>Concepto que forma parte del t&eacute;rmino de facturaci&oacute;n de energ&iacute;a activa del PVPC que es el precio horario del t&eacute;rmino de energ&iacute;a que se aplican en la factura el&eacute;ctrica de los consumidores con una potencia contratada no superior a 10 kW y que est&eacute;n ac,D+1
1017,programa,Desglose peaje por defecto 2.0.A Servicios de ajuste,<p>Concepto que forma parte del t&eacute;rmino de facturaci&oacute;n de energ&iacute;a activa del PVPC que es el precio horario del t&eacute;rmino de energ&iacute;a que se aplican en la factura el&eacute;ctrica de los consumidores con una potencia contratada no superior a 10 kW y que est&eacute;n ac,D+1
1018,programa,Desglose peaje por defecto 2.0.A Peaje de acceso,<p>Concepto que forma parte del t&eacute;rmino de facturaci&oacute;n de energ&iacute;a activa del PVPC que es el precio horario del t&eacute;rmino de energ&iacute;a que se aplican en la factura el&eacute;ctrica de los consumidores con una potencia contratada no superior a 10 kW y que est&eacute;n ac,D+1
1019,programa,Desglose peaje por defecto 2.0.A Pago por capacidad,<p>Concepto que forma parte del t&eacute;rmino de facturaci&oacute;n de energ&iacute;a activa del PVPC que es el precio horario del t&eacute;rmino de energ&iacute;a que se aplican en la factura el&eacute;ctrica de los consumidores con una potencia contratada no superior a 10 kW y que est&eacute;n ac,D+1
1020,programa,Desglose peaje por defecto 2.0.A Servicio de interrumpibilidad,<p>Concepto que forma parte del t&eacute;rmino de facturaci&oacute;n de energ&iacute;a activa del PVPC que es el precio horario del t&eacute;rmino de energ&iacute;a que se aplican en la factura el&eacute;ctrica de los consumidores con una potencia contratada no superior a 10 kW y que est&eacute;n ac,D+1
1021,programa,Desglose peaje por defecto 2.0.A Financiación OS,<p>Concepto que forma parte del t&eacute;rmino de facturaci&oacute;n de energ&iacute;a activa del PVPC que es el precio horario del t&eacute;rmino de energ&iacute;a que se aplican en la factura el&eacute;ctrica de los consumidores con una potencia contratada no superior a 10 kW y que est&eacute;n ac,D+1
1022,programa,Desglose peaje por defecto 2.0.A Financiación OM,<p>Concepto que forma parte del t&eacute;rmino de facturaci&oacute;n de energ&iacute;a activa del PVPC que es el precio horario del t&eacute;rmino de energ&iacute;a que se aplican en la factura el&eacute;ctrica de los consumidores con una potencia contratada no superior a 10 kW y que est&eacute;n ac,D+1
1023,programa,Desglose eficiencia 2 periodos (DHA) 2.0.DHA Mercado diario e intradiario,<p>Concepto que forma parte del t&eacute;rmino de facturaci&oacute;n de energ&iacute;a activa del PVPC que es el precio horario del t&eacute;rmino de energ&iacute;a que se aplican en la factura el&eacute;ctrica de los consumidores con una potencia contratada no superior a 10 kW y que est&eacute;n ac,D+1
1024,programa,Desglose eficiencia 2 periodos (DHA) 2.0.DHA Servicios de ajuste,<p>Concepto que forma parte del t&eacute;rmino de facturaci&oacute;n de energ&iacute;a activa del PVPC que es el precio horario del t&eacute;rmino de energ&iacute;a que se aplican en la factura el&eacute;ctrica de los consumidores con una potencia contratada no superior a 10 kW y que est&eacute;n ac,D+1
1025,programa,Desglose eficiencia 2 periodos (DHA) 2.0.DHA Peaje de acceso,<p>Concepto que forma parte del t&eacute;rmino de facturaci&oacute;n de energ&iacute;a activa del PVPC que es el precio horario del t&eacute;rmino de energ&iacute;a que se aplican en la factura el&eacute;ctrica de los consumidores con una potencia contratada no superior a 10 kW y que est&eacute;n ac,D+1
1026,programa,Desglose eficiencia 2 periodos (DHA) 2.0.DHA Pago por capacidad,<p>Concepto que forma parte del t&eacute;rmino de facturaci&oacute;n de energ&iacute;a activa del PVPC que es el precio horario del t&eacute;rmino de energ&iacute;a que se aplican en la factura el&eacute;ctrica de los consumidores con una potencia contratada no superior a 10 kW y que est&eacute;n ac,D+1
1027,programa,Desglose eficiencia 2 periodos (DHA) 2.0.DHA Servicio de interrumpibilidad,<p>Concepto que forma parte del t&eacute;rmino de facturaci&oacute;n de energ&iacute;a activa del PVPC que es el precio horario del t&eacute;rmino de energ&iacute;a que se aplican en la factura el&eacute;ctrica de los consumidores con una potencia contratada no superior a 10 kW y que est&eacute;n ac,D+1
1028,programa,Desglose eficiencia 2 periodos (DHA) 2.0.DHA Financiación OS,<p>Concepto que forma parte del t&eacute;rmino de facturaci&oacute;n de energ&iacute;a activa del PVPC que es el precio horario del t&eacute;rmino de energ&iacute;a que se aplican en la factura el&eacute;ctrica de los consumidores con una potencia contratada no superior a 10 kW y que est&eacute;n ac,D+1
1029,programa,Desglose eficiencia 2 periodos (DHA) 2.0.DHA Financiación OM,<p>Concepto que forma parte del t&eacute;rmino de facturaci&oacute;n de energ&iacute;a activa del PVPC que es el precio horario del t&eacute;rmino de energ&iacute;a que se aplican en la factura el&eacute;ctrica de los consumidores con una potencia contratada no superior a 10 kW y que est&eacute;n ac,D+1
1030,programa,Desglose vehículo eléctrico 2.0.DHS Mercado diario e intradiario,<p>Concepto que forma parte del t&eacute;rmino de facturaci&oacute;n de energ&iacute;a activa del PVPC que es el precio horario del t&eacute;rmino de energ&iacute;a que se aplican en la factura el&eacute;ctrica de los consumidores con una potencia contratada no superior a 10 kW y que est&eacute;n ac,D+1
1031,programa,Desglose vehículo eléctrico 2.0.DHS Servicios de ajuste,<p>Concepto que forma parte del t&eacute;rmino de facturaci&oacute;n de energ&iacute;a activa del PVPC que es el precio horario del t&eacute;rmino de energ&iacute;a que se aplican en la factura el&eacute;ctrica de los consumidores con una potencia contratada no superior a 10 kW y que est&eacute;n ac,D+1
1032,programa,Desglose vehículo eléctrico 2.0.DHS Peaje de acceso,<p>Concepto que forma parte del t&eacute;rmino de facturaci&oacute;n de energ&iacute;a activa del PVPC que es el precio horario del t&eacute;rmino de energ&iacute;a que se aplican en la factura el&eacute;ctrica de los consumidores con una potencia contratada no superior a 10 kW y que est&eacute;n ac,D+1
1033,programa,Desglose vehículo eléctrico 2.0.DHS Pago por capacidad,<p>Concepto que forma parte del t&eacute;rmino de facturaci&oacute;n de energ&iacute;a activa del PVPC que es el precio horario del t&eacute;rmino de energ&iacute;a que se aplican en la factura el&eacute;ctrica de los consumidores con una potencia contratada no superior a 10 kW y que est&eacute;n ac,D+1
1034,programa,Desglose vehículo eléctrico 2.0.DHS Servicio de interrumpibilidad,<p>Concepto que forma parte del t&eacute;rmino de facturaci&oacute;n de energ&iacute;a activa del PVPC que es el precio horario del t&eacute;rmino de energ&iacute;a que se aplican en la factura el&eacute;ctrica de los consumidores con una potencia contratada no superior a 10 kW y que est&eacute;n ac,D+1
1035,programa,Desglose vehículo eléctrico 2.0.DHS Financiación OS,<p>Concepto que forma parte del t&eacute;rmino de facturaci&oacute;n de energ&iacute;a activa del PVPC que es el precio horario del t&eacute;rmino de energ&iacute;a que se aplican en la factura el&eacute;ctrica de los consumidores con una potencia contratada no superior a 10 kW y que est&eacute;n ac,D+1
1036,programa,Desglose vehículo eléctrico 2.0.DHS Financiación OM,<p>Concepto que forma parte del t&eacute;rmino de facturaci&oacute;n de energ&iacute;a activa del PVPC que es el precio horario del t&eacute;rmino de energ&iacute;a que se aplican en la factura el&eacute;ctrica de los consumidores con una potencia contratada no superior a 10 kW y que est&eacute;n ac,D+1
1037,programa,Gastos mensuales de balance (GMB),"<p>Importe mensual resultante de la liquidación de los mercados de banda de regulación secundaria, regulación terciaria, energías de balance RR y utilización de secundaria.</p><p><b>Publicación:</b> mensualmente antes del día 28 a las 12:00 horas para el mes M-3.</p>",D+1
1038,programa,Ingresos mensuales de balance (IMB),<p>Importe mensual resultante de la liquidación de desvíos de la generación respecto de la demanda.</p><p><b>Publicación:</b> mensualmente antes del día 28 a las 12:00 horas para el mes M-3.</p>,D+1
1045,programa,Capacidad ofrecida subasta explícita mensual con Francia sentido importador,"<p>Las subastas expl&iacute;citas de capacidad son un mecanismo de mercado para gestionar la congesti&oacute;n de la interconexi&oacute;n entre Francia y España.  La capacidad de intercambio comercial se subasta en forma de Derechos F&iacute;sicos de Capacidad (PTRs, por sus siglas en ingl&eacute;s)",D+1
1046,programa,Capacidad ofrecida subasta explícita mensual con Francia sentido exportador,"<p>Las subastas expl&iacute;citas de capacidad son un mecanismo de mercado para gestionar la congesti&oacute;n de la interconexi&oacute;n entre Francia y España.  La capacidad de intercambio comercial se subasta en forma de Derechos F&iacute;sicos de Capacidad (PTRs, por sus siglas en ingl&eacute;s)",D+1
1047,programa,Capacidad ofrecida subasta explícita anual con Francia sentido importador,"<p>Las subastas expl&iacute;citas de capacidad son un mecanismo de mercado para gestionar la congesti&oacute;n de la interconexi&oacute;n entre Francia y España.  La capacidad de intercambio comercial se subasta en forma de Derechos F&iacute;sicos de Capacidad (PTRs, por sus siglas en ingl&eacute;s)",D+1
1048,programa,Capacidad ofrecida subasta explícita anual con Francia sentido exportador,"<p>Las subastas expl&iacute;citas de capacidad son un mecanismo de mercado para gestionar la congesti&oacute;n de la interconexi&oacute;n entre Francia y España.  La capacidad de intercambio comercial se subasta en forma de Derechos F&iacute;sicos de Capacidad (PTRs, por sus siglas en ingl&eacute;s)",D+1
1073,programa,Participantes en subasta explícita mensual  con Francia sentido importador,"<p>Las subastas expl&iacute;citas de capacidad son un mecanismo de mercado para gestionar la congesti&oacute;n de la interconexi&oacute;n entre Francia y España.  La capacidad de intercambio comercial se subasta en forma de Derechos F&iacute;sicos de Capacidad (PTRs, por sus siglas en ingl&eacute;s)",D+1
1074,programa,Participantes en subasta explícita mensual  con Francia sentido exportador,"<p>Las subastas expl&iacute;citas de capacidad son un mecanismo de mercado para gestionar la congesti&oacute;n de la interconexi&oacute;n entre Francia y España.  La capacidad de intercambio comercial se subasta en forma de Derechos F&iacute;sicos de Capacidad (PTRs, por sus siglas en ingl&eacute;s)",D+1
1075,programa,Participantes Adjudicatarios en subasta explícita mensual  con Francia sentido importador,"<p>Las subastas expl&iacute;citas de capacidad son un mecanismo de mercado para gestionar la congesti&oacute;n de la interconexi&oacute;n entre Francia y España.  La capacidad de intercambio comercial se subasta en forma de Derechos F&iacute;sicos de Capacidad (PTRs, por sus siglas en ingl&eacute;s)",D+1
1076,programa,Participantes Adjudicatarios en subasta explícita mensual  con Francia sentido exportador,"<p>Las subastas expl&iacute;citas de capacidad son un mecanismo de mercado para gestionar la congesti&oacute;n de la interconexi&oacute;n entre Francia y España.  La capacidad de intercambio comercial se subasta en forma de Derechos F&iacute;sicos de Capacidad (PTRs, por sus siglas en ingl&eacute;s)",D+1
1077,programa,Capacidad asignada en subasta explícita mensual con Francia sentido importador,"<p>Las subastas expl&iacute;citas de capacidad son un mecanismo de mercado para gestionar la congesti&oacute;n de la interconexi&oacute;n entre Francia y España.  La capacidad de intercambio comercial se subasta en forma de Derechos F&iacute;sicos de Capacidad (PTRs, por sus siglas en ingl&eacute;s)",D+1
1078,programa,Capacidad asignada en subasta explícita mensual con Francia sentido exportador,"<p>Las subastas expl&iacute;citas de capacidad son un mecanismo de mercado para gestionar la congesti&oacute;n de la interconexi&oacute;n entre Francia y España.  La capacidad de intercambio comercial se subasta en forma de Derechos F&iacute;sicos de Capacidad (PTRs, por sus siglas en ingl&eacute;s)",D+1
1079,programa,Precio de subasta explícita mensual con Francia sentido importador,"<p>Las subastas expl&iacute;citas de capacidad son un mecanismo de mercado para gestionar la congesti&oacute;n de la interconexi&oacute;n entre Francia y España.  La capacidad de intercambio comercial se subasta en forma de Derechos F&iacute;sicos de Capacidad (PTRs, por sus siglas en ingl&eacute;s)",D+1
1080,programa,Precio de subasta explícita mensual con Francia sentido exportador,"<p>Las subastas expl&iacute;citas de capacidad son un mecanismo de mercado para gestionar la congesti&oacute;n de la interconexi&oacute;n entre Francia y España.  La capacidad de intercambio comercial se subasta en forma de Derechos F&iacute;sicos de Capacidad (PTRs, por sus siglas en ingl&eacute;s)",D+1
1081,programa,Participantes en subasta explícita anual  con Francia sentido importador,"<p>Las subastas expl&iacute;citas de capacidad son un mecanismo de mercado para gestionar la congesti&oacute;n de la interconexi&oacute;n entre Francia y España.  La capacidad de intercambio comercial se subasta en forma de Derechos F&iacute;sicos de Capacidad (PTRs, por sus siglas en ingl&eacute;s)",D+1
1082,programa,Participantes en subasta explícita anual  con Francia sentido exportador,"<p>Las subastas expl&iacute;citas de capacidad son un mecanismo de mercado para gestionar la congesti&oacute;n de la interconexi&oacute;n entre Francia y España.  La capacidad de intercambio comercial se subasta en forma de Derechos F&iacute;sicos de Capacidad (PTRs, por sus siglas en ingl&eacute;s)",D+1
1083,programa,Participantes Adjudicatarios en subasta explícita anual  con Francia sentido importador,"<p>Las subastas expl&iacute;citas de capacidad son un mecanismo de mercado para gestionar la congesti&oacute;n de la interconexi&oacute;n entre Francia y España.  La capacidad de intercambio comercial se subasta en forma de Derechos F&iacute;sicos de Capacidad (PTRs, por sus siglas en ingl&eacute;s)",D+1
1084,programa,Participantes Adjudicatarios en subasta explícita anual  con Francia sentido exportador,"<p>Las subastas expl&iacute;citas de capacidad son un mecanismo de mercado para gestionar la congesti&oacute;n de la interconexi&oacute;n entre Francia y España.  La capacidad de intercambio comercial se subasta en forma de Derechos F&iacute;sicos de Capacidad (PTRs, por sus siglas en ingl&eacute;s)",D+1
1085,programa,Capacidad asignada en subasta explícita anual con Francia sentido importador,"<p>Las subastas expl&iacute;citas de capacidad son un mecanismo de mercado para gestionar la congesti&oacute;n de la interconexi&oacute;n entre Francia y España.  La capacidad de intercambio comercial se subasta en forma de Derechos F&iacute;sicos de Capacidad (PTRs, por sus siglas en ingl&eacute;s)",D+1
1086,programa,Capacidad asignada en subasta explícita anual con Francia sentido exportador,"<p>Las subastas expl&iacute;citas de capacidad son un mecanismo de mercado para gestionar la congesti&oacute;n de la interconexi&oacute;n entre Francia y España.  La capacidad de intercambio comercial se subasta en forma de Derechos F&iacute;sicos de Capacidad (PTRs, por sus siglas en ingl&eacute;s)",D+1
1087,programa,Precio de subasta explícita anual con Francia sentido importador,"<p>Las subastas expl&iacute;citas de capacidad son un mecanismo de mercado para gestionar la congesti&oacute;n de la interconexi&oacute;n entre Francia y España.  La capacidad de intercambio comercial se subasta en forma de Derechos F&iacute;sicos de Capacidad (PTRs, por sus siglas en ingl&eacute;s)",D+1
1088,programa,Precio de subasta explícita anual con Francia sentido exportador,"<p>Las subastas expl&iacute;citas de capacidad son un mecanismo de mercado para gestionar la congesti&oacute;n de la interconexi&oacute;n entre Francia y España.  La capacidad de intercambio comercial se subasta en forma de Derechos F&iacute;sicos de Capacidad (PTRs, por sus siglas en ingl&eacute;s)",D+1
1105,programa,Capacidad Nominada subasta anual+mensual con Francia importación,"<p>Las subastas expl&iacute;citas de capacidad son un mecanismo de mercado para gestionar la congesti&oacute;n de la interconexi&oacute;n entre Francia y España.  La capacidad de intercambio comercial se subasta en forma de Derechos F&iacute;sicos de Capacidad (PTRs, por sus siglas en ingl&eacute;s)",D+1
1106,programa,Capacidad Nominada subasta anual+mensual con Francia exportación,"<p>Las subastas expl&iacute;citas de capacidad son un mecanismo de mercado para gestionar la congesti&oacute;n de la interconexi&oacute;n entre Francia y España.  La capacidad de intercambio comercial se subasta en forma de Derechos F&iacute;sicos de Capacidad (PTRs, por sus siglas en ingl&eacute;s)",D+1
1113,programa,Rentas de congestión subasta explícita mensual Francia importación,"<p>Las subastas expl&iacute;citas de capacidad son un mecanismo de mercado para gestionar la congesti&oacute;n de la interconexi&oacute;n entre Francia y España.  La capacidad de intercambio comercial se subasta en forma de Derechos F&iacute;sicos de Capacidad (PTRs, por sus siglas en ingl&eacute;s)",D+1
1114,programa,Rentas de congestión subasta explícita mensual Francia exportación,"<p>Las subastas expl&iacute;citas de capacidad son un mecanismo de mercado para gestionar la congesti&oacute;n de la interconexi&oacute;n entre Francia y España.  La capacidad de intercambio comercial se subasta en forma de Derechos F&iacute;sicos de Capacidad (PTRs, por sus siglas en ingl&eacute;s)",D+1
1115,programa,Rentas de congestión subasta explícita anual Francia importación,"<p>Las subastas expl&iacute;citas de capacidad son un mecanismo de mercado para gestionar la congesti&oacute;n de la interconexi&oacute;n entre Francia y España.  La capacidad de intercambio comercial se subasta en forma de Derechos F&iacute;sicos de Capacidad (PTRs, por sus siglas en ingl&eacute;s)",D+1
1116,programa,Rentas de congestión subasta explícita anual Francia exportación,"<p>Las subastas expl&iacute;citas de capacidad son un mecanismo de mercado para gestionar la congesti&oacute;n de la interconexi&oacute;n entre Francia y España.  La capacidad de intercambio comercial se subasta en forma de Derechos F&iacute;sicos de Capacidad (PTRs, por sus siglas en ingl&eacute;s)",D+1
1117,programa,Rentas de congestión mecanismos implícitos diario Francia importación,<p>Ingresos brutos para los sistemas el&eacute;ctricos español y franc&eacute;s derivados de la asignaci&oacute;n de la capacidad de intercambio a trav&eacute;s del acoplamiento de mercados diarios &#39;Single Day-Ahead Coupling&#39; (SDAC). Estos ingresos son repartidos entre ambos sistemas conform,D+1
1118,programa,Rentas de congestión mecanismos implícitos diario Francia exportación,<p>Ingresos brutos para los sistemas el&eacute;ctricos español y franc&eacute;s derivados de la asignaci&oacute;n de la capacidad de intercambio a trav&eacute;s del acoplamiento de mercados diarios &#39;Single Day-Ahead Coupling&#39; (SDAC). Estos ingresos son repartidos entre ambos sistemas conform,D+1
1119,programa,Rentas de congestión mecanismos implícitos diario Portugal importación,<p>Ingresos brutos para los sistemas el&eacute;ctricos español y portugu&eacute;s derivados de la asignaci&oacute;n de la capacidad de intercambio a trav&eacute;s del acoplamiento de mercados diarios &#39;Single Day-Ahead Coupling&#39; (SDAC). Estos ingresos son repartidos entre ambos sistemas confo,D+1
1120,programa,Rentas de congestión mecanismos implícitos diario Portugal exportación,<p>Ingresos brutos para los sistemas el&eacute;ctricos español y portugu&eacute;s derivados de la asignaci&oacute;n de la capacidad de intercambio a trav&eacute;s del acoplamiento de mercados diarios &#39;Single Day-Ahead Coupling&#39; (SDAC). Estos ingresos son repartidos entre ambos sistemas confo,D+1
1121,programa,Rentas de congestión mecanismos implícitos intradiario 1 Portugal importación,<p>Ingresos brutos para los sistemas eléctricos español y portugués derivados de la asignación de la capacidad de intercambio en sentido importador a través mecanismos implícitos de gestión de la capacidad de interconexión. Estos ingresos son repartidos entre ambos sistemas conforme a la metodología,D+1
1122,programa,Rentas de congestión mecanismos implícitos intradiario 2 Portugal importación,<p>Ingresos brutos para los sistemas eléctricos español y portugués derivados de la asignación de la capacidad de intercambio en sentido importador a través mecanismos implícitos de gestión de la capacidad de interconexión. Estos ingresos son repartidos entre ambos sistemas conforme a la metodología,D+1
1123,programa,Rentas de congestión mecanismos implícitos intradiario 3 Portugal importación,<p>Ingresos brutos para los sistemas eléctricos español y portugués derivados de la asignación de la capacidad de intercambio en sentido importador a través mecanismos implícitos de gestión de la capacidad de interconexión. Estos ingresos son repartidos entre ambos sistemas conforme a la metodología,D+1
1124,programa,Rentas de congestión mecanismos implícitos intradiario 4 Portugal importación,<p>Ingresos brutos para los sistemas eléctricos español y portugués derivados de la asignación de la capacidad de intercambio en sentido importador a través mecanismos implícitos de gestión de la capacidad de interconexión. Estos ingresos son repartidos entre ambos sistemas conforme a la metodología,D+1
1125,programa,Rentas de congestión mecanismos implícitos intradiario 5 Portugal importación,<p>Ingresos brutos para los sistemas eléctricos español y portugués derivados de la asignación de la capacidad de intercambio en sentido importador a través mecanismos implícitos de gestión de la capacidad de interconexión. Estos ingresos son repartidos entre ambos sistemas conforme a la metodología,D+1
1126,programa,Rentas de congestión mecanismos implícitos intradiario 6 Portugal importación,<p>Ingresos brutos para los sistemas eléctricos español y portugués derivados de la asignación de la capacidad de intercambio en sentido importador a través mecanismos implícitos de gestión de la capacidad de interconexión. Estos ingresos son repartidos entre ambos sistemas conforme a la metodología,D+1
1127,programa,Rentas de congestión mecanismos implícitos intradiario 7 Portugal importación,<p>Ingresos brutos para los sistemas eléctricos español y portugués derivados de la asignación de la capacidad de intercambio en sentido importador a través mecanismos implícitos de gestión de la capacidad de interconexión. Estos ingresos son repartidos entre ambos sistemas conforme a la metodología,D+1
1128,programa,Rentas de congestión mecanismos implícitos intradiario 1 Portugal exportación,<p>Ingresos brutos para los sistemas eléctricos español y portugués derivados de la asignación de la capacidad de intercambio en sentido importador a través mecanismos implícitos de gestión de la capacidad de interconexión. Estos ingresos son repartidos entre ambos sistemas conforme a la metodología,D+1
1129,programa,Rentas de congestión mecanismos implícitos intradiario 2 Portugal exportación,<p>Ingresos brutos para los sistemas eléctricos español y portugués derivados de la asignación de la capacidad de intercambio en sentido importador a través mecanismos implícitos de gestión de la capacidad de interconexión. Estos ingresos son repartidos entre ambos sistemas conforme a la metodología,D+1
1130,programa,Rentas de congestión mecanismos implícitos intradiario 3 Portugal exportación,<p>Ingresos brutos para los sistemas eléctricos español y portugués derivados de la asignación de la capacidad de intercambio en sentido importador a través mecanismos implícitos de gestión de la capacidad de interconexión. Estos ingresos son repartidos entre ambos sistemas conforme a la metodología,D+1
1131,programa,Rentas de congestión mecanismos implícitos intradiario 4 Portugal exportación,<p>Ingresos brutos para los sistemas eléctricos español y portugués derivados de la asignación de la capacidad de intercambio en sentido importador a través de mecanismos implícitos de gestión de la capacidad de interconexión. Estos ingresos son repartidos entre ambos sistemas conforme a la metodolo,D+1
1132,programa,Rentas de congestión mecanismos implícitos intradiario 5 Portugal exportación,<p>Ingresos brutos para los sistemas eléctricos español y portugués derivados de la asignación de la capacidad de intercambio en sentido importador a través de mecanismos implícitos de gestión de la capacidad de interconexión. Estos ingresos son repartidos entre ambos sistemas conforme a la metodolo,D+1
1133,programa,Rentas de congestión mecanismos implícitos intradiario 6 Portugal exportación,<p>Ingresos brutos para los sistemas eléctricos español y portugués derivados de la asignación de la capacidad de intercambio en sentido importador a través de mecanismos implícitos de gestión de la capacidad de interconexión. Estos ingresos son repartidos entre ambos sistemas conforme a la metodolo,D+1
1134,programa,Rentas de congestión mecanismos implícitos intradiario 7 Portugal exportación,<p>Ingresos brutos para los sistemas eléctricos español y portugués derivados de la asignación de la capacidad de intercambio en sentido importador a través de mecanismos implícitos de gestión de la capacidad de interconexión. Estos ingresos son repartidos entre ambos sistemas conforme a la metodolo,D+1
1135,programa,Coste Mensual Countertrading (IPE +IFE),"<p>Programa coordinado establecido por los gestores de redes interconectadas, superpuesto sobre los programas comercilaes de intercambio existentes, en una magnitud y direcci&oacute;n adecuada para que el flujo neto de programas de intercambio entre los dos sistemas el&eacute;ctricos respete el valo",D+1
1136,programa,Pérdidas de transporte,<p>Energía perdida en el paso de los puntos de generación a la red de transporte.</p><p><b>Publicación:</b> diariamente cada vez que lleguen nuevas medidas a partir del mes M+1.</p>,D+1
1150,programa,Generación medida Hidráulica UGH,<p>Medidas de la generación según el tipo de producción utilizado.</p><p>En concreto este indicador se refiere a las medidas de generación del tipo de producción Hidráulica UGH.</p><p>Este indicador se puede desglosar por provincias.</p><p><b>Publicación:</b> diariamente cada vez que lleguen nuevas,D+1
1151,programa,Generación medida Hidráulica no UGH,<p>Medidas de la generación según el tipo de producción utilizado.</p><p>En concreto este indicador se refiere a las medidas de generación del tipo de producción Hidráulica no UGH.</p><p>Este indicador se puede desglosar por provincias.</p><p><b>Publicación:</b> diariamente cada vez que lleguen nuev,D+1
1152,programa,Generación medida Turbinación bombeo,<p>Medidas de la generación según el tipo de producción utilizado.</p><p>En concreto este indicador se refiere a las medidas de generación del tipo de producción Turbinación bombeo.</p><p>Este indicador se puede desglosar por provincias.</p><p><b>Publicación:</b> diariamente cada vez que lleguen nue,D+1
1153,programa,Generación medida Nuclear,<p>Medidas de la generación según el tipo de producción utilizado.</p><p>En concreto este indicador se refiere a las medidas de generación del tipo de producción Nuclear.</p><p>Este indicador se puede desglosar por provincias.</p><p><b>Publicación:</b> diariamente cada vez que lleguen nuevas medidas,D+1
1154,programa,Generación medida Hulla antracita,<p>Medidas de la generación según el tipo de producción utilizado.</p><p>En concreto este indicador se refiere a las medidas de generación del tipo de producción Hulla antracita.</p><p>Este indicador se puede desglosar por provincias.</p><p><b>Publicación:</b> diariamente cada vez que lleguen nuevas,D+1
1155,programa,Generación medida Hulla sub-bituminosa,<p>Medidas de la generación según el tipo de producción utilizado.</p><p>En concreto este indicador se refiere a las medidas de generación del tipo de producción Hulla sub-bituminosa.</p><p>Este indicador se puede desglosar por provincias.</p><p><b>Publicación:</b> diariamente cada vez que lleguen n,D+1
1156,programa,Generación medida Ciclo combinado,<p>Medidas de la generación según el tipo de producción utilizado.</p><p>En concreto este indicador se refiere a las medidas de generación del tipo de producción Ciclo combinado.</p><p>Este indicador se puede desglosar por provincias.</p><p><b>Publicación:</b> diariamente cada vez que lleguen nuevas,D+1
1157,programa,Generación medida Fuel,<p>Medidas de la generación según el tipo de producción utilizado.</p><p>En concreto este indicador se refiere a las medidas de generación del tipo de producción Fuel.</p><p>Este indicador se puede desglosar por provincias.</p><p><b>Publicación:</b> diariamente cada vez que lleguen nuevas medidas a,D+1
1158,programa,Generación medida Gas Natural - Turbina de vapor,<p>Medidas de la generación según el tipo de producción utilizado.</p><p>En concreto este indicador se refiere a las medidas de generación del tipo de producción Gas Natural.</p><p>Este indicador se puede desglosar por provincias.</p><p><b>Publicación:</b> diariamente cada vez que lleguen nuevas med,D+1
1159,programa,Generación medida Eólica terrestre,"<p>Medidas de la generaci&oacute;n seg&uacute;n el tipo de producci&oacute;n utilizado.</p>

<p>En concreto este indicador se refiere a las medidas de generaci&oacute;n del tipo de producci&oacute;n E&oacute;lica terrestre.</p>

<p>Este indicador se puede desglosar por provincias.</p>

<p><b>P",D+1
1160,programa,Generación medida Eólica marina,<p>Medidas de la generación según el tipo de producción utilizado.</p><p>En concreto este indicador se refiere a las medidas de generación del tipo de producción Eólica marina.</p><p><b>Publicación:</b> diariamente cada vez que lleguen nuevas medidas a partir del mes M+1.</p>,D+1
1161,programa,Generación medida Solar fotovoltaica,<p>Medidas de la generación según el tipo de producción utilizado.</p><p>En concreto este indicador se refiere a las medidas de generación del tipo de producción Solar fotovoltaica.</p><p>Este indicador se puede desglosar por provincias.</p><p><b>Publicación:</b> diariamente cada vez que lleguen nue,D+1
1162,programa,Generación medida Solar térmica,<p>Medidas de la generación según el tipo de producción utilizado.</p><p>En concreto este indicador se refiere a las medidas de generación del tipo de producción Solar térmica.</p><p>Este indicador se puede desglosar por provincias.</p><p><b>Publicación:</b> diariamente cada vez que lleguen nuevas m,D+1
1163,programa,Generación medida Océano y geotérmica,"<p>Medidas de la generaci&oacute;n seg&uacute;n el tipo de producci&oacute;n utilizado.</p>

<p>En concreto este indicador se refiere a las medidas de generaci&oacute;n del tipo de producci&oacute;n Oc&eacute;ano&nbsp;y geot&eacute;rmica.</p>

<p>Este indicador se puede desglosar por provincias.",D+1
1164,programa,Generación medida Gas Natural Cogeneración,<p>Medidas de la generación según el tipo de producción utilizado.</p><p>En concreto este indicador se refiere a las medidas de generación del tipo de producción Gas Natural Cogeneración.</p><p>Este indicador se puede desglosar por provincias.</p><p><b>Publicación:</b> diariamente cada vez que llegu,D+1
1165,programa,Generación medida Derivados del petróleo ó carbón,<p>Medidas de la generación según el tipo de producción utilizado.</p><p>En concreto este indicador se refiere a las medidas de generación del tipo de producción Derivados del petróleo ó carbón.</p><p>Este indicador se puede desglosar por provincias.</p><p><b>Publicación:</b> diariamente cada vez qu,D+1
1166,programa,Generación medida Subproductos minería,<p>Medidas de la generación según el tipo de producción utilizado.</p><p>En concreto este indicador se refiere a las medidas de generación del tipo de producción Subproductos minería.</p><p>Este indicador se puede desglosar por provincias.</p><p><b>Publicación:</b> diariamente cada vez que lleguen n,D+1
1167,programa,Generación medida Energía residual,<p>Medidas de la generación según el tipo de producción utilizado.</p><p>En concreto este indicador se refiere a las medidas de generación del tipo de producción Energía residual.</p><p>Este indicador se puede desglosar por provincias.</p><p><b>Publicación:</b> diariamente cada vez que lleguen nueva,D+1
1168,programa,Generación medida Biomasa,<p>Medidas de la generación según el tipo de producción utilizado.</p><p>En concreto este indicador se refiere a las medidas de generación del tipo de producción Biomasa.</p><p>Este indicador se puede desglosar por provincias.</p><p><b>Publicación:</b> diariamente cada vez que lleguen nuevas medidas,D+1
1169,programa,Generación medida Biogás,"<p>Medidas de la generaci&oacute;n seg&uacute;n el tipo de producci&oacute;n utilizado.</p>

<p>En concreto este indicador se refiere a las medidas de generaci&oacute;n del tipo de producci&oacute;n Biog&aacute;s.</p>

<p>Este indicador se puede desglosar por provincias.</p>

<p><b>Publicaci&o",D+1
1170,programa,Generación medida Residuos domésticos y similares,<p>Medidas de la generación según el tipo de producción utilizado.</p><p>En concreto este indicador se refiere a las medidas de generación del tipo de producción Residuos domésticos y similares.</p><p>Este indicador se puede desglosar por provincias.</p><p><b>Publicación:</b> diariamente cada vez qu,D+1
1171,programa,Generación medida Residuos varios,<p>Medidas de la generación según el tipo de producción utilizado.</p><p>En concreto este indicador se refiere a las medidas de generación del tipo de producción Residuos varios.</p><p>Este indicador se puede desglosar por provincias.</p><p><b>Publicación:</b> diariamente cada vez que lleguen nuevas,D+1
1172,programa,Generación medida Consumo bombeo,<p>Medidas de la generación en el consumo de bombeo.</p><p>Este indicador se puede desglosar por provincias.</p><p><b>Publicación:</b> diariamente cada vez que lleguen nuevas medidas a partir del mes M+1.</p>,D+1
1173,programa,Generación medida Enlace Baleares,"<p>Medidas de la generaci&oacute;n en el enlace con Baleares.</p>

<p>Este indicador se puede desglosar por provincias.</p>

<p><b>Publicaci&oacute;n:</b> diariamente cada vez que lleguen nuevas medidas a partir del mes M+1.</p>",D+1
1174,programa,Generación medida Importación Francia,<p>Medidas de la generación en las interconexiones internacionales.</p><p>En concreto este indicador se refiere a las medidas de generación en la interconexión con Francia en el sentido FR->ES. Este indicador se puede desglosar por provincias.</p><p><b>Publicación:</b> diariamente cada vez que llegu,D+1
1175,programa,Generación medida Importación Portugal,<p>Medidas de la generación en las interconexiones internacionales.</p><p>En concreto este indicador se refiere a las medidas de generación en la interconexión con Portugal en el sentido PT->ES. Este indicador se puede desglosar por provincias.</p><p><b>Publicación:</b> diariamente cada vez que lleg,D+1
1176,programa,Generación medida Importación Marruecos,<p>Medidas de la generación en las interconexiones internacionales.</p><p>En concreto este indicador se refiere a las medidas de generación en la interconexión con Marruecos en el sentido MA->ES. Este indicador se puede desglosar por provincias.</p><p><b>Publicación:</b> diariamente cada vez que lle,D+1
1177,programa,Generación medida Importación Andorra,<p>Medidas de la generación en las interconexiones internacionales.</p><p>En concreto este indicador se refiere a las medidas de generación en la interconexión con Andorra en el sentido AD->ES. Este indicador se puede desglosar por provincias.</p><p><b>Publicación:</b> diariamente cada vez que llegu,D+1
1178,programa,Generación medida Exportación Francia,<p>Medidas de la generación en las interconexiones internacionales.</p><p>En concreto este indicador se refiere a las medidas de generación en la interconexión con Francia en el sentido ES->FR. Este indicador se puede desglosar por provincias.</p><p><b>Publicación:</b> diariamente cada vez que llegu,D+1
1179,programa,Generación medida Exportación Portugal,<p>Medidas de la generación en las interconexiones internacionales.</p><p>En concreto este indicador se refiere a las medidas de generación en la interconexión con Portugal en el sentido ES->PT. Este indicador se puede desglosar por provincias.</p><p><b>Publicación:</b> diariamente cada vez que lleg,D+1
1180,programa,Generación medida Exportación Marruecos,<p>Medidas de la generación en las interconexiones internacionales.</p><p>En concreto este indicador se refiere a las medidas de generación en la interconexión con Marruecos en el sentido ES->MA. Este indicador se puede desglosar por provincias.</p><p><b>Publicación:</b> diariamente cada vez que lle,D+1
1181,programa,Generación medida Exportación Andorra,<p>Medidas de la generación en las interconexiones internacionales.</p><p>En concreto este indicador se refiere a las medidas de generación en la interconexión con Andorra en el sentido ES->AD. Este indicador se puede desglosar por provincias.</p><p><b>Publicación:</b> diariamente cada vez que llegu,D+1
1182,programa,Generación medida red de transporte,<p>Total de generación medida en la red de transporte.</p><p>Este indicador se puede desglosar por provincias.</p><p><b>Publicación:</b> diariamente cada vez que lleguen nuevas medidas a partir del mes M+1.</p>,D+1
1183,programa,Generación medida red de distribución,<p>Total de generación medida en la red de distribución.</p><p>Este indicador se puede desglosar por provincias.</p><p><b>Publicación:</b> diariamente cada vez que lleguen nuevas medidas a partir del mes M+1.</p>,D+1
1184,programa,Nº Puntos Frontera Distribución - Distribución,"<p>Los puntos frontera del sistema de medidas son los lugares del sistema eléctrico donde es necesario instalar equipos para poder medir la transacción de energía realizada en los mismos. Los puntos fronteras se pueden clasificar, por tanto, por las actividades a ambos lados de los mismos.</p><p>En",D+1
1185,programa,Nº Puntos Frontera Distribución - Transporte,"<p>Los puntos frontera del sistema de medidas son los lugares del sistema eléctrico donde es necesario instalar equipos para poder medir la transacción de energía realizada en los mismos. Los puntos fronteras se pueden clasificar, por tanto, por las actividades a ambos lados de los mismos.</p><p>En",D+1
1186,programa,Nº Puntos Frontera Generación RE - Transporte,"<p>Los puntos frontera del sistema de medidas son los lugares del sistema eléctrico donde es necesario instalar equipos para poder medir la transacción de energía realizada en los mismos. Los puntos fronteras se pueden clasificar, por tanto, por las actividades a ambos lados de los mismos.</p><p>En",D+1
1187,programa,Nº Puntos Frontera Generación RE - Distribución,"<p>Los puntos frontera del sistema de medidas son los lugares del sistema eléctrico donde es necesario instalar equipos para poder medir la transacción de energía realizada en los mismos. Los puntos fronteras se pueden clasificar, por tanto, por las actividades a ambos lados de los mismos.</p><p>En",D+1
1188,programa,Nº Puntos Frontera Generación RO - Distribución,"<p>Los puntos frontera del sistema de medidas son los lugares del sistema eléctrico donde es necesario instalar equipos para poder medir la transacción de energía realizada en los mismos. Los puntos fronteras se pueden clasificar, por tanto, por las actividades a ambos lados de los mismos.</p><p>En",D+1
1189,programa,Nº Puntos Frontera Generación RO - Transporte,"<p>Los puntos frontera del sistema de medidas son los lugares del sistema eléctrico donde es necesario instalar equipos para poder medir la transacción de energía realizada en los mismos. Los puntos fronteras se pueden clasificar, por tanto, por las actividades a ambos lados de los mismos.</p><p>En",D+1
1190,programa,Nº Puntos Frontera Transporte - Internacional,"<p>Los puntos frontera del sistema de medidas son los lugares del sistema eléctrico donde es necesario instalar equipos para poder medir la transacción de energía realizada en los mismos. Los puntos fronteras se pueden clasificar, por tanto, por las actividades a ambos lados de los mismos.</p><p>En",D+1
1191,programa,Nº de Clientes > 450 kW discriminación horaria Sin discriminación horaria,<p>Número de clientes de potencia contratada superior a 450kW para las diferentes tarifas.</p><p>En concreto este indicador se refiere al número de clientes con tarifa discriminación horaria Sin discriminación horaria.</p><p>Este indicador se puede desglosar por provincias.</p><p><b>Publicación:</b>,H+3
1193,programa,Demanda en consumo,"<p>Energía que ha consumido por los distintos clientes. La demanda de consumo llega al Sistema de Medidas (SIMEL) en distintos momentos, según el tipo de punto frontera.</p><p>La demanda de los clientes tipo 1 y 2 está disponible en SIMEL el mes M+1 y la demanda de los clientes tipo 3, 4 y 5 está di",D+1
1198,programa,Demanda medida discriminación horaria E3 TARIFA DE TRES PERIODOS,"<p>La discriminación horaria es una modalidad de tarifa eléctrica, donde se establece un precio diferente según el tramo del día.</p><p>En concreto este indicador se refiere a las medidas de consumo para la discriminación horaria de 3 periodos.</p><p><b>Publicación:</b> diariamente cada vez que lleg",H+3
1202,programa,Demanda medida nivel de tensión E1 >= 1 kV y < 14 kV,<p>Medidas de consumo según el nivel de tensión.</p><p>En concreto este indicador se refiere a las medidas de consumo para el nivel de tensión E1 >= 1 kV y < 14 kV.</p><p><b>Publicación:</b> diariamente cada vez que lleguen nuevas medidas a partir del mes M+8.</p><p></p>,D+1
1203,programa,Demanda medida nivel de tensión E2 >= 14 kV y < 36 kV,<p>Medidas de consumo según el nivel de tensión.</p><p>En concreto este indicador se refiere a las medidas de consumo para el nivel de tensión  E2 >= 14 kV y < 36 kV.</p><p><b>Publicación:</b> diariamente cada vez que lleguen nuevas medidas a partir del mes M+8.</p><p></p>,D+1
1205,programa,Demanda medida nivel de tensión E4 >= 72.5 kV y < 145 kV,<p>Medidas de consumo según el nivel de tensión.</p><p>En concreto este indicador se refiere a las medidas de consumo para el nivel de tensión E4 >= 72.5 kV y < 145 kV.</p><p><b>Publicación:</b> diariamente cada vez que lleguen nuevas medidas a partir del mes M+8.</p><p></p>,D+1
1206,programa,Demanda medida nivel de tensión E5 >= 145 kV y < 220 kV,<p>Medidas de consumo según el nivel de tensión.</p><p>En concreto este indicador se refiere a las medidas de consumo para el nivel de tensión E5 >= 145 kV y < 220 kV.</p><p><b>Publicación:</b> diariamente cada vez que lleguen nuevas medidas a partir del mes M+8.</p><p></p>,D+1
1209,programa,"Demanda medida tarifa de acceso 2.0 GENERAL BAJA TENSIÓN, POTENCIA NO SUPERIOR A 15 KW","<p>La tarifa de acceso es la tarifa que paga la compa&ntilde;&iacute;a Comercializadora a la compa&ntilde;&iacute;a Distribuidora por el uso de la red de distribuci&oacute;n de la energ&iacute;a.</p>

<p>Es una tarifa fijada por el Gobierno y que paga el cliente a trav&eacute;s de su compa&nti",D+1
1217,programa,Demanda medida tarifa de acceso 6.3 >= 72.5 KV Y < 145 KV,"<p>La tarifa de acceso es la tarifa que paga la compa&ntilde;&iacute;a Comercializadora a la compa&ntilde;&iacute;a Distribuidora por el uso de la red de distribuci&oacute;n de la energ&iacute;a.</p>

<p>Es una tarifa fijada por el Gobierno y que paga el cliente a trav&eacute;s de su compa&nti",D+1
1218,programa,Demanda medida tarifa de acceso 6.4 >= 145 KV,"<p>La tarifa de acceso es la tarifa que paga la compa&ntilde;&iacute;a Comercializadora a la compa&ntilde;&iacute;a Distribuidora por el uso de la red de distribuci&oacute;n de la energ&iacute;a.</p>

<p>Es una tarifa fijada por el Gobierno y que paga el cliente a trav&eacute;s de su compa&nti",D+1
1235,programa,Nº de Clientes > 450 kW discriminación horaria G0 GENERAL ALTA TENSIÓN,<p>Número de clientes de potencia contratada superior a 450kW para las diferentes tarifas.</p><p>En concreto este indicador se refiere al número de clientes con tarifa discriminación horaria G0 GENERAL ALTA TENSIÓN.</p><p>Este indicador se puede desglosar por provincias.</p><p><b>Publicación:</b> di,H+3
1238,programa,Nº de Clientes > 450 kW discriminación horaria E3 TARIFA DE TRES PERIODOS,<p>Número de clientes de potencia contratada superior a 450kW para las diferentes tarifas.</p><p>En concreto este indicador se refiere al número de clientes con tarifa discriminación horaria E3 TARIFA DE TRES PERIODOS.</p><p>Este indicador se puede desglosar por provincias.</p><p><b>Publicación:</b>,H+3
1242,programa,Nº de Clientes > 450 kW nivel de tensión E1 >= 1 kV y < 14 kV,<p>Número de clientes de potencia contratada superior a 450kW para las diferentes tarifas.</p><p>En concreto este indicador se refiere al número de clientes con tarifa nivel de tensión E1 >= 1 kV y < 14 kV.</p><p>Este indicador se puede desglosar por provincias.</p><p><b>Publicación:</b> diariamente,D+1
1243,programa,Nº de Clientes > 450 kW nivel de tensión E2 >= 14 kV y < 36 kV,<p>Número de clientes de potencia contratada superior a 450kW para las diferentes tarifas.</p><p>En concreto este indicador se refiere al número de clientes con tarifa nivel de tensión E2 >= 14 kV y < 36 kV.</p><p>Este indicador se puede desglosar por provincias.</p><p><b>Publicación:</b> diariament,D+1
1245,programa,Nº de Clientes > 450 kW nivel de tensión E4 >= 72.5 kV y < 145 kV,<p>Número de clientes de potencia contratada superior a 450kW para las diferentes tarifas.</p><p>En concreto este indicador se refiere al número de clientes con tarifa nivel de tensión E4 >= 72.5 kV y < 145 kV.</p><p>Este indicador se puede desglosar por provincias.</p><p><b>Publicación:</b> diariam,D+1
1246,programa,Nº de Clientes > 450 kW nivel de tensión E5 >= 145 kV y < 220 kV,<p>Número de clientes de potencia contratada superior a 450kW para las diferentes tarifas.</p><p>En concreto este indicador se refiere al número de clientes con tarifa nivel de tensión E5 >= 145 kV y < 220 kV.</p><p>Este indicador se puede desglosar por provincias.</p><p><b>Publicación:</b> diariame,D+1
1249,programa,"Nº de Clientes > 450 kW tarifa de acceso 2.0 GENERAL BAJA TENSIÓN, POTENCIA NO SUPERIOR A 15 KW","<p>N&uacute;mero de clientes de potencia contratada superior a 450kW para las diferentes tarifas.</p>

<p>En concreto este indicador se refiere al n&uacute;mero de clientes con tarifa tarifa de acceso 2.0 GENERAL BAJA TENSI&Oacute;N, POTENCIA NO SUPERIOR A 15 KW .</p>

<p>Este indicador se p",D+1
1257,programa,Nº de Clientes > 450 kW tarifa de acceso 6.3 >= 72.5 KV Y < 145 KV,"<p>N&uacute;mero de clientes de potencia contratada superior a 450kW para las diferentes tarifas.</p>

<p>En concreto este indicador se refiere al n&uacute;mero de clientes con tarifa tarifa de acceso 6.3 &gt;= 72.5 KV Y &lt; 145 KV.</p>

<p>Este indicador se puede desglosar por provincias.<",D+1
1258,programa,Nº de Clientes > 450 kW tarifa de acceso 6.4 >= 145 KV,"<p>N&uacute;mero de clientes de potencia contratada superior a 450kW para las diferentes tarifas.</p>

<p>En concreto este indicador se refiere al n&uacute;mero de clientes con tarifa tarifa de acceso 6.4 &gt;= 145 KV.</p>

<p>Este indicador se puede desglosar por provincias.</p>

<p><b>Pu",D+1
1275,programa,Precio medio horario componente servicio de interrumpibilidad comercializadores de referencia,"<p>Cumpliendo con lo especificado en la disposici&oacute;n adicional quinta de la Orden ITC/1659/2009, en este apartado se publica el coste final de la energ&iacute;a, as&iacute; como los componentes del precio final, en agregado y para cada tipo de consumidor.</p>

<p>En concreto este indicador s",D+1
1276,programa,Precio medio horario componente servicio de interrumpibilidad contratación libre,"<p>Cumpliendo con lo especificado en la disposici&oacute;n adicional quinta de la Orden ITC/1659/2009, en este apartado se publica el coste final de la energ&iacute;a, as&iacute; como los componentes del precio final, en agregado y para cada tipo de consumidor.</p>

<p>En concreto este indicador s",D+1
1277,programa,Precio medio horario componente servicio de interrumpibilidad,"<p>Cumpliendo con lo especificado en la disposici&oacute;n adicional quinta de la Orden ITC/1659/2009, en este apartado se publica el coste final de la energ&iacute;a, as&iacute; como los componentes del precio final, en agregado y para cada tipo de consumidor.</p>

<p>En concreto este indicador s",D+1
1278,programa,Precio medio mensual componente servicio de interrumpibilidad contratación libre,"<p>Cumpliendo con lo especificado en la disposici&oacute;n adicional quinta de la Orden ITC/1659/2009, en este apartado se publica el coste final de la energ&iacute;a, as&iacute; como los componentes del precio final, en agregado y para cada tipo de consumidor.</p>

<p>En concreto este indicador s",D+1
1279,programa,Precio medio mensual componente servicio de interrumpibilidad comercializadores de referencia,"<p>Cumpliendo con lo especificado en la disposici&oacute;n adicional quinta de la Orden ITC/1659/2009, en este apartado se publica el coste final de la energ&iacute;a, as&iacute; como los componentes del precio final, en agregado y para cada tipo de consumidor.</p>

<p>En concreto este indicador s",D+1
1280,programa,Precio medio mensual componente servicio de interrumpibilidad,"<p>Cumpliendo con lo especificado en la disposici&oacute;n adicional quinta de la Orden ITC/1659/2009, en este apartado se publica el coste final de la energ&iacute;a, as&iacute; como los componentes del precio final, en agregado y para cada tipo de consumidor.</p>

<p>En concreto este indicador s",D+1
1281,programa,Precio medio anual componente servicio de interrumpibilidad contratación libre,"<p>Cumpliendo con lo especificado en la disposici&oacute;n adicional quinta de la Orden ITC/1659/2009, en este apartado se publica el coste final de la energ&iacute;a, as&iacute; como los componentes del precio final, en agregado y para cada tipo de consumidor.</p>

<p>En concreto este indicador s",D+1
1282,programa,Precio medio anual componente servicio de interrumpibilidad comercializadores de referencia,"<p>Cumpliendo con lo especificado en la disposici&oacute;n adicional quinta de la Orden ITC/1659/2009, en este apartado se publica el coste final de la energ&iacute;a, as&iacute; como los componentes del precio final, en agregado y para cada tipo de consumidor.</p>

<p>En concreto este indicador s",D+1
1283,programa,Precio medio anual componente servicio de interrumpibilidad,"<p>Cumpliendo con lo especificado en la disposici&oacute;n adicional quinta de la Orden ITC/1659/2009, en este apartado se publica el coste final de la energ&iacute;a, as&iacute; como los componentes del precio final, en agregado y para cada tipo de consumidor.</p>

<p>En concreto este indicador s",D+1
1284,programa,Precio medio cuarto horario componente control factor de potencia comercializadores de referencia,<p>En este apartado se publica el precio final medio de la energía calculado según el criterio de la Resolución vigente.</p><p>En concreto este indicador se refiere a la componente control factor de potencia del precio medio ponderado cuarto horario de la energía para el tipo de consumidor comercial,D+1
1285,programa,Precio medio cuarto horario componente control factor potencia contratación libre,<p>En este apartado se publica el precio final medio de la energía calculado según el criterio de la Resolución vigente.</p><p>En concreto este indicador se refiere a la componente control factor de potencia del precio medio ponderado cuarto horario de la energía para el tipo de consumidor de contra,D+1
1286,programa,Precio medio cuarto horario componente control factor potencia,<p>En este apartado se publica el precio final medio de la energía calculado según el criterio de la Resolución vigente.</p><p>En concreto este indicador se refiere a la componente control factor de potencia del precio medio ponderado cuarto horario de la energía para todos los tipos de consumidores,D+1
1287,programa,Precio medio mensual componente control factor potencia contratación libre,"<p>Cumpliendo con lo especificado en la disposición adicional quinta de la Orden ITC/1659/2009, en este apartado se publica el coste final de la energía, así como los componentes del precio final, en agregado y para cada tipo de consumidor.</p><p>En concreto este indicador se refiere a la componente",D+1
1288,programa,Precio medio mensual componente control factor potencia comercializador de referencia,"<p>Cumpliendo con lo especificado en la disposición adicional quinta de la Orden ITC/1659/2009, en este apartado se publica el coste final de la energía, así como los componentes del precio final, en agregado y para cada tipo de consumidor.</p><p>En concreto este indicador se refiere a la componente",D+1
1289,programa,Precio medio mensual componente control factor potencia,"<p>Cumpliendo con lo especificado en la disposición adicional quinta de la Orden ITC/1659/2009, en este apartado se publica el coste final de la energía, así como los componentes del precio final, en agregado y para cada tipo de consumidor.</p><p>En concreto este indicador se refiere a la componente",D+1
1290,programa,Precio medio anual componente control factor potencia contratación libre,"<p>Cumpliendo con lo especificado en la disposición adicional quinta de la Orden ITC/1659/2009, en este apartado se publica el coste final de la energía, así como los componentes del precio final, en agregado y para cada tipo de consumidor.</p><p>En concreto este indicador se refiere a la componente",D+1
1291,programa,Precio medio anual componente control factor potencia comercializadores de referencia,"<p>Cumpliendo con lo especificado en la disposición adicional quinta de la Orden ITC/1659/2009, en este apartado se publica el coste final de la energía, así como los componentes del precio final, en agregado y para cada tipo de consumidor.</p><p>En concreto este indicador se refiere a la componente",D+1
1292,programa,Precio medio anual componente control factor potencia,"<p>Cumpliendo con lo especificado en la disposición adicional quinta de la Orden ITC/1659/2009, en este apartado se publica el coste final de la energía, así como los componentes del precio final, en agregado y para cada tipo de consumidor.</p><p>En concreto este indicador se refiere la componente d",D+1
1294,programa,Generación T.Real Solar térmica,"<p>Generación medida en tiempo real del tipo de producción solar térmica.</p>
<p>Los datos representados en este indicador se refieren a datos Peninsulares.</p>
<p>Este indicador tiene datos desde el 02/06/2015 a las 21:00 horas, momento a partir del cual se empezaron a registrar telemedidas de ge",D+1
1295,programa,Generación T.Real Solar fotovoltaica,"<p>Generación medida en tiempo real del tipo de producción solar fotovoltaica.</p>
<p>Los datos representados en este indicador se refieren a datos Peninsulares.</p>
<p>Este indicador tiene datos desde el 02/06/2015 a las 21:00 horas, momento a partir del cual se empezaron a registrar telemedidas",D+1
1296,programa,Generación T.Real Térmica renovable,"<p>Generaci&oacute;n medida en tiempo real de los tipos de producci&oacute;n biog&aacute;s, biomasa y oc&eacute;ano y geot&eacute;rmica.</p>
<p>Los datos representados en este indicador se refieren a datos Peninsulares.</p>
<p>Este indicador tiene datos desde el 02/06/2015 a las 21:00 horas, momen",D+1
1297,programa,Generación T.Real Cogeneración y resto,"<p>Generación medida en tiempo real de los tipos de producción de cogeneración y resto de generación no convencional. </p>
<p>Los datos representados en este indicador se refieren a datos Peninsulares.</p>
<p>Este indicador tiene datos desde el 02/06/2015 a las 21:00 horas, momento a partir del cu",D+1
1334,programa,Energía asignada en Mercado SPOT Diario Francia,"<p>El Mercado Diario es el mecanismo integrante del mercado de producción de energía eléctrica que tiene por objeto llevar a cabo las transacciones de energía eléctrica para el día siguiente, mediante la presentación de ofertas de venta y adquisición de energía eléctrica por parte de los sujetos del",D+1
1335,prevision,Demanda del sistema a efectos del cálculo de perfiles,"<p>Perfil final es el perfil de carga que se utilizará para obtener las medidas horarias de los consumidores de un determinado tipo, a partir de registros de medida no horarios.</p><p>Los perfiles finales se calculan según el método de cálculo descrito en la <a href=http://www.boe.es/boe/dias/2015/1",prevista
1338,programa,Volumen neto de los desvíos generación-demanda,"<p>Saldo de las energías procedentes de los mercados de ajuste de energías de balance RR, regulación terciaria y regulación secundaria.</p><p><b>Publicación:</b> cada cuarto de hora con la información disponible hasta ese momento del día D y a partir de las 19:30 para días pasados según el calendari",D+1
1360,programa,Precio medio mensual componente incumplimiento energía de balance contratación libre,"<p>Cumpliendo con lo especificado en la disposición adicional quinta de la Orden ITC/1659/2009, en este apartado se publica el coste final de la energía, así como los componentes del precio final, en agregado y para cada tipo de consumidor.</p><p>En concreto este indicador se refiere a la componente",D+1
1361,programa,Precio medio mensual componente incumplimiento energía de balance comercialización de referencia,"<p>Cumpliendo con lo especificado en la disposición adicional quinta de la Orden ITC/1659/2009, en este apartado se publica el coste final de la energía, así como los componentes del precio final, en agregado y para cada tipo de consumidor.</p><p>En concreto este indicador se refiere a la componente",D+1
1362,programa,Precio medio mensual componente incumplimiento energía de balance,"<p>Cumpliendo con lo especificado en la disposición adicional quinta de la Orden ITC/1659/2009, en este apartado se publica el coste final de la energía, así como los componentes del precio final, en agregado y para cada tipo de consumidor.</p><p>En concreto este indicador se refiere a la componente",D+1
1363,programa,Precio medio anual componente incumplimiento energía de balance contratación libre,"<p>Cumpliendo con lo especificado en la disposición adicional quinta de la Orden ITC/1659/2009, en este apartado se publica el coste final de la energía, así como los componentes del precio final, en agregado y para cada tipo de consumidor.</p><p>En concreto este indicador se refiere a la componente",D+1
1364,programa,Precio medio anual componente incumplimiento energía de balance comercialización de referencia,"<p>Cumpliendo con lo especificado en la disposición adicional quinta de la Orden ITC/1659/2009, en este apartado se publica el coste final de la energía, así como los componentes del precio final, en agregado y para cada tipo de consumidor.</p><p>En concreto este indicador se refiere a la componente",D+1
1365,programa,Precio medio anual componente incumplimiento energía de balance,"<p>Cumpliendo con lo especificado en la disposición adicional quinta de la Orden ITC/1659/2009, en este apartado se publica el coste final de la energía, así como los componentes del precio final, en agregado y para cada tipo de consumidor.</p><p>En concreto este indicador se refiere la componente d",D+1
1366,programa,Precio medio cuarto horario componente incumplimiento energía de balance contratación libre,<p>En este apartado se publica el precio final medio de la energía calculado según el criterio de la Resolución vigente.</p><p>En concreto este indicador se refiere a la componente incumplimiento energía de balance del precio medio ponderado cuarto horario de la energía para el tipo de consumidor de,D+1
1367,programa,Precio medio cuarto horario componente incumplimiento energía de balance comercializadores de referencia,<p>En este apartado se publica el precio final medio de la energía calculado según el criterio de la Resolución vigente.</p><p>En concreto este indicador se refiere a la componente incumplimiento energía de balance del precio medio ponderado cuarto horario de la energía para el tipo de consumidor co,D+1
1368,programa,Precio medio cuarto horario componente incumplimiento energía de balance,<p>En este apartado se publica el precio final medio de la energía calculado según el criterio de la Resolución vigente.</p><p>En concreto este indicador se refiere a la componente incumplimiento energía de balance del precio medio ponderado cuarto horario de la energía para todos los tipos de consu,D+1
1369,programa,Demanda medida tarifa de acceso 6.1A >= 1 KV Y < 30 KV,"<p>La tarifa de acceso es la tarifa que paga la compa&ntilde;&iacute;a Comercializadora a la compa&ntilde;&iacute;a Distribuidora por el uso de la red de distribuci&oacute;n de la energ&iacute;a.</p>

<p>Es una tarifa fijada por el Gobierno y que paga el cliente a trav&eacute;s de su compa&nti",D+1
1371,programa,Nº de Clientes > 450 kW tarifa de acceso 6.1A >= 1 KV Y < 30 KV,"<p>N&uacute;mero de clientes de potencia contratada superior a 450kW para las diferentes tarifas.</p>

<p>En concreto este indicador se refiere al n&uacute;mero de clientes con tarifa tarifa de acceso 6.1A&nbsp;&gt;= 1 KV Y &lt; 30 KV.</p>

<p>Este indicador se puede desglosar por provincias",D+1
1373,programa,Coste de solución de restricciones técnicas diario Fase I subir,<p>Proceso de solución de restricciones técnicas PBF o Mercado de seguridad del diario es el proceso realizado por el Operador del sistema consistente en la resolución de las restricciones técnicas identificadas en el Programa Diario Base de Funcionamiento (Fase I) mediante la modificación de los pr,D+1
1374,programa,Coste de solución de restricciones técnicas diario Fase I bajar,<p>Proceso de solución de restricciones técnicas PBF o Mercado de seguridad del diario es el proceso realizado por el Operador del sistema consistente en la resolución de las restricciones técnicas identificadas en el Programa Diario Base de Funcionamiento (Fase I) mediante la modificación de los pr,D+1
1375,programa,Coste de solución de restricciones técnicas diario Fase II subir,<p>Proceso de solución de restricciones técnicas PBF o Mercado de seguridad del diario es el proceso realizado por el Operador del sistema consistente en la resolución de las restricciones técnicas identificadas en el Programa Diario Base de Funcionamiento (Fase I) mediante la modificación de los pr,D+1
1376,programa,Coste de solución de restricciones técnicas diario Fase II bajar,<p>Proceso de solución de restricciones técnicas PBF o Mercado de seguridad del diario es el proceso realizado por el Operador del sistema consistente en la resolución de las restricciones técnicas identificadas en el Programa Diario Base de Funcionamiento (Fase I) mediante la modificación de los pr,D+1
1388,programa,Desglose peaje por defecto 2.0.A Coste de comercialización,<p>Concepto que forma parte del t&eacute;rmino de facturaci&oacute;n de energ&iacute;a activa del PVPC que es el precio horario del t&eacute;rmino de energ&iacute;a que se aplican en la factura el&eacute;ctrica de los consumidores con una potencia contratada no superior a 10 kW y que est&eacute;n ac,D+1
1389,programa,Desglose eficiencia 2 periodos (DHA) 2.0.DHA Coste de comercialización,<p>Concepto que forma parte del t&eacute;rmino de facturaci&oacute;n de energ&iacute;a activa del PVPC que es el precio horario del t&eacute;rmino de energ&iacute;a que se aplican en la factura el&eacute;ctrica de los consumidores con una potencia contratada no superior a 10 kW y que est&eacute;n ac,D+1
1390,programa,Desglose vehículo eléctrico 2.0.DHS Coste de comercialización,<p>Concepto que forma parte del t&eacute;rmino de facturaci&oacute;n de energ&iacute;a activa del PVPC que es el precio horario del t&eacute;rmino de energ&iacute;a que se aplican en la factura el&eacute;ctrica de los consumidores con una potencia contratada no superior a 10 kW y que est&eacute;n ac,D+1
1391,programa,Precio de derechos de emisión de despacho de los TNP (PCO2D),<p>Precio de derechos de emisi&oacute;n de despacho calculado seg&uacute;n el art. 66 del RD 738/2015</p><p><b>Publicaci&oacute;n:</b>&nbsp;mensualmente&nbsp;con los datos del mes&nbsp;M.</p>,D+1
1400,programa,Generación programada PHFC Hidráulica UGH,<p>Energía correspondiente a la programación establecida por el OS con posterioridad a cada una de las sucesivas sesiones del mercado intradiario continuo como resultado de la agregación de todas las transacciones firmes formalizadas para cada periodo de programación como consecuencia del programa d,D+1
1401,programa,Generación programada PHFC Hidráulica no UGH,<p>Energía correspondiente a la programación establecida por el OS con posterioridad a cada una de las sucesivas sesiones del mercado intradiario continuo como resultado de la agregación de todas las transacciones firmes formalizadas para cada periodo de programación como consecuencia del programa d,D+1
1402,programa,Generación programada PHFC Turbinación bombeo,<p>Energía correspondiente a la programación establecida por el OS con posterioridad a cada una de las sucesivas sesiones del mercado intradiario continuo como resultado de la agregación de todas las transacciones firmes formalizadas para cada periodo de programación como consecuencia del programa d,D+1
1403,programa,Generación programada PHFC Nuclear,<p>Energía correspondiente a la programación establecida por el OS con posterioridad a cada una de las sucesivas sesiones del mercado intradiario continuo como resultado de la agregación de todas las transacciones firmes formalizadas para cada periodo de programación como consecuencia del programa d,D+1
1404,programa,Generación programada PHFC Hulla antracita Anexo II RD 134/2010,<p>Energía correspondiente a la programación establecida por el OS con posterioridad a cada una de las sucesivas sesiones del mercado intradiario continuo como resultado de la agregación de todas las transacciones firmes formalizadas para cada periodo de programación como consecuencia del programa d,D+1
1405,programa,Generación programada PHFC Hulla sub-bituminosa Anexo II RD 134/2010,<p>Energía correspondiente a la programación establecida por el OS con posterioridad a cada una de las sucesivas sesiones del mercado intradiario continuo como resultado de la agregación de todas las transacciones firmes formalizadas para cada periodo de programación como consecuencia del programa d,D+1
1406,programa,Generación programada PHFC Hulla antracita,<p>Energía correspondiente a la programación establecida por el OS con posterioridad a cada una de las sucesivas sesiones del mercado intradiario continuo como resultado de la agregación de todas las transacciones firmes formalizadas para cada periodo de programación como consecuencia del programa d,D+1
1407,programa,Generación programada PHFC Hulla sub-bituminosa,<p>Energía correspondiente a la programación establecida por el OS con posterioridad a cada una de las sucesivas sesiones del mercado intradiario continuo como resultado de la agregación de todas las transacciones firmes formalizadas para cada periodo de programación como consecuencia del programa d,D+1
1408,programa,Generación programada PHFC Ciclo combinado,<p>Energía correspondiente a la programación establecida por el OS con posterioridad a cada una de las sucesivas sesiones del mercado intradiario continuo como resultado de la agregación de todas las transacciones firmes formalizadas para cada periodo de programación como consecuencia del programa d,D+1
1409,programa,Generación programada PHFC Fuel,<p>Energía correspondiente a la programación establecida por el OS con posterioridad a cada una de las sucesivas sesiones del mercado intradiario continuo como resultado de la agregación de todas las transacciones firmes formalizadas para cada periodo de programación como consecuencia del programa d,D+1
1410,programa,Generación programada PHFC Gas Natural - Turbina de vapor,<p>Energía correspondiente a la programación establecida por el OS con posterioridad a cada una de las sucesivas sesiones del mercado intradiario continuo como resultado de la agregación de todas las transacciones firmes formalizadas para cada periodo de programación como consecuencia del programa d,D+1
1411,programa,Generación programada PHFC Eólica terrestre,<p>Energía correspondiente a la programación establecida por el OS con posterioridad a cada una de las sucesivas sesiones del mercado intradiario continuo como resultado de la agregación de todas las transacciones firmes formalizadas para cada periodo de programación como consecuencia del programa d,D+1
1412,programa,Generación programada PHFC Eólica marina,<p>Energía correspondiente a la programación establecida por el OS con posterioridad a cada una de las sucesivas sesiones del mercado intradiario continuo como resultado de la agregación de todas las transacciones firmes formalizadas para cada periodo de programación como consecuencia del programa d,D+1
1413,programa,Generación programada PHFC Solar fotovoltaica,<p>Energía correspondiente a la programación establecida por el OS con posterioridad a cada una de las sucesivas sesiones del mercado intradiario continuo como resultado de la agregación de todas las transacciones firmes formalizadas para cada periodo de programación como consecuencia del programa d,D+1
1414,programa,Generación programada PHFC Solar térmica,<p>Energía correspondiente a la programación establecida por el OS con posterioridad a cada una de las sucesivas sesiones del mercado intradiario continuo como resultado de la agregación de todas las transacciones firmes formalizadas para cada periodo de programación como consecuencia del programa d,D+1
1415,programa,Generación programada PHFC Océano y geotérmica,<p>Energía correspondiente a la programación establecida por el OS con posterioridad a cada una de las sucesivas sesiones del mercado intradiario continuo como resultado de la agregación de todas las transacciones firmes formalizadas para cada periodo de programación como consecuencia del programa d,D+1
1416,programa,Generación programada PHFC Gas Natural Cogeneración,<p>Energía correspondiente a la programación establecida por el OS con posterioridad a cada una de las sucesivas sesiones del mercado intradiario continuo como resultado de la agregación de todas las transacciones firmes formalizadas para cada periodo de programación como consecuencia del programa d,D+1
1417,programa,Generación programada PHFC Derivados del petróleo ó carbón,<p>Energía correspondiente a la programación establecida por el OS con posterioridad a cada una de las sucesivas sesiones del mercado intradiario continuo como resultado de la agregación de todas las transacciones firmes formalizadas para cada periodo de programación como consecuencia del programa d,D+1
1418,programa,Generación programada PHFC Subproductos minería,<p>Energía correspondiente a la programación establecida por el OS con posterioridad a cada una de las sucesivas sesiones del mercado intradiario continuo como resultado de la agregación de todas las transacciones firmes formalizadas para cada periodo de programación como consecuencia del programa d,D+1
1419,programa,Generación programada PHFC Energía residual,<p>Energía correspondiente a la programación establecida por el OS con posterioridad a cada una de las sucesivas sesiones del mercado intradiario continuo como resultado de la agregación de todas las transacciones firmes formalizadas para cada periodo de programación como consecuencia del programa d,D+1
1420,programa,Generación programada PHFC Biomasa,<p>Energía correspondiente a la programación establecida por el OS con posterioridad a cada una de las sucesivas sesiones del mercado intradiario continuo como resultado de la agregación de todas las transacciones firmes formalizadas para cada periodo de programación como consecuencia del programa d,D+1
1421,programa,Generación programada PHFC Biogás,<p>Energía correspondiente a la programación establecida por el OS con posterioridad a cada una de las sucesivas sesiones del mercado intradiario continuo como resultado de la agregación de todas las transacciones firmes formalizadas para cada periodo de programación como consecuencia del programa d,D+1
1422,programa,Generación programada PHFC Residuos domésticos y similares,<p>Energía correspondiente a la programación establecida por el OS con posterioridad a cada una de las sucesivas sesiones del mercado intradiario continuo como resultado de la agregación de todas las transacciones firmes formalizadas para cada periodo de programación como consecuencia del programa d,D+1
1423,programa,Generación programada PHFC Residuos varios,<p>Energía correspondiente a la programación establecida por el OS con posterioridad a cada una de las sucesivas sesiones del mercado intradiario continuo como resultado de la agregación de todas las transacciones firmes formalizadas para cada periodo de programación como consecuencia del programa d,D+1
1424,programa,Generación programada PHFC Consumo bombeo,<p>Energía correspondiente a la programación establecida por el OS con posterioridad a cada una de las sucesivas sesiones del mercado intradiario continuo como resultado de la agregación de todas las transacciones firmes formalizadas para cada periodo de programación como consecuencia del programa d,D+1
1425,programa,Generación programada PHFC Enlace Baleares,<p>Energía correspondiente a la programación establecida por el OS con posterioridad a cada una de las sucesivas sesiones del mercado intradiario continuo como resultado de la agregación de todas las transacciones firmes formalizadas para cada periodo de programación como consecuencia del programa d,D+1
1426,programa,Generación programada PHFC Genéricas,<p>Energía correspondiente a la programación establecida por el OS con posterioridad a cada una de las sucesivas sesiones del mercado intradiario continuo como resultado de la agregación de todas las transacciones firmes formalizadas para cada periodo de programación como consecuencia del programa d,D+1
1427,programa,Generación programada PHFC Importación Francia,<p>Energía correspondiente a la programación establecida por el OS con posterioridad a cada una de las sucesivas sesiones del mercado intradiario continuo como resultado de la agregación de todas las transacciones firmes formalizadas para cada periodo de programación como consecuencia del programa d,D+1
1428,programa,Generación programada PHFC Importación Portugal,<p>Energía correspondiente a la programación establecida por el OS con posterioridad a cada una de las sucesivas sesiones del mercado intradiario continuo como resultado de la agregación de todas las transacciones firmes formalizadas para cada periodo de programación como consecuencia del programa d,D+1
1429,programa,Generación programada PHFC Importación Marruecos,<p>Energía correspondiente a la programación establecida por el OS con posterioridad a cada una de las sucesivas sesiones del mercado intradiario continuo como resultado de la agregación de todas las transacciones firmes formalizadas para cada periodo de programación como consecuencia del programa d,D+1
1430,programa,Generación programada PHFC Importación Andorra,<p>Energía correspondiente a la programación establecida por el OS con posterioridad a cada una de las sucesivas sesiones del mercado intradiario continuo como resultado de la agregación de todas las transacciones firmes formalizadas para cada periodo de programación como consecuencia del programa d,D+1
1431,programa,Generación programada PHFC Exportación Francia,<p>Energía correspondiente a la programación establecida por el OS con posterioridad a cada una de las sucesivas sesiones del mercado intradiario continuo como resultado de la agregación de todas las transacciones firmes formalizadas para cada periodo de programación como consecuencia del programa d,D+1
1432,programa,Generación programada PHFC Exportación Portugal,<p>Energía correspondiente a la programación establecida por el OS con posterioridad a cada una de las sucesivas sesiones del mercado intradiario continuo como resultado de la agregación de todas las transacciones firmes formalizadas para cada periodo de programación como consecuencia del programa d,D+1
1433,programa,Generación programada PHFC Exportación Marruecos,<p>Energía correspondiente a la programación establecida por el OS con posterioridad a cada una de las sucesivas sesiones del mercado intradiario continuo como resultado de la agregación de todas las transacciones firmes formalizadas para cada periodo de programación como consecuencia del programa d,D+1
1434,programa,Generación programada PHFC Exportación Andorra,<p>Energía correspondiente a la programación establecida por el OS con posterioridad a cada una de las sucesivas sesiones del mercado intradiario continuo como resultado de la agregación de todas las transacciones firmes formalizadas para cada periodo de programación como consecuencia del programa d,D+1
1435,programa,Demanda programada PHFC Comercializadores mercado libre,<p>Energía correspondiente a la programación establecida por el OS con posterioridad a cada una de las sucesivas sesiones del mercado intradiario continuo como resultado de la agregación de todas las transacciones firmes formalizadas para cada periodo de programación como consecuencia del programa d,D+1
1436,programa,Demanda programada PHFC Comercializadores de referencia,<p>Energía correspondiente a la programación establecida por el OS con posterioridad a cada una de las sucesivas sesiones del mercado intradiario continuo como resultado de la agregación de todas las transacciones firmes formalizadas para cada periodo de programación como consecuencia del programa d,D+1
1437,programa,Demanda programada PHFC Consumos directos en mercado,<p>Energía correspondiente a la programación establecida por el OS con posterioridad a cada una de las sucesivas sesiones del mercado intradiario continuo como resultado de la agregación de todas las transacciones firmes formalizadas para cada periodo de programación como consecuencia del programa d,D+1
1438,programa,Demanda programada PHFC Consumo de Servicios Auxiliares,<p>Energía correspondiente a la programación establecida por el OS con posterioridad a cada una de las sucesivas sesiones del mercado intradiario continuo como resultado de la agregación de todas las transacciones firmes formalizadas para cada periodo de programación como consecuencia del programa d,D+1
1439,programa,Demanda programada PHFC Corrección eólica,<p>Energía correspondiente a la programación establecida por el OS con posterioridad a cada una de las sucesivas sesiones del mercado intradiario continuo como resultado de la agregación de todas las transacciones firmes formalizadas para cada periodo de programación como consecuencia del programa d,D+1
1440,programa,Demanda programada PHFC Corrección solar,<p>Energía correspondiente a la programación establecida por el OS con posterioridad a cada una de las sucesivas sesiones del mercado intradiario continuo como resultado de la agregación de todas las transacciones firmes formalizadas para cada periodo de programación como consecuencia del programa d,D+1
1441,programa,Demanda programada PHFC Corrección REE,<p>Energía correspondiente a la programación establecida por el OS con posterioridad a cada una de las sucesivas sesiones del mercado intradiario continuo como resultado de la agregación de todas las transacciones firmes formalizadas para cada periodo de programación como consecuencia del programa d,D+1
1442,programa,Energía asignada en Mercado Intradiario Continuo,"<p>Mecanismo integrante del mercado de producci&oacute;n de energ&iacute;a el&eacute;ctrica que tiene por objeto atender, mediante la presentaci&oacute;n de ofertas de venta y adquisici&oacute;n de energ&iacute;a el&eacute;ctrica por parte de los sujetos del mercado, los ajustes que sean necesarios",D+1
1632,programa,Capacidad ofrecida subasta explícita mensual con Portugal sentido importador,"<p>Las subastas expl&iacute;citas de capacidad son un mecanismo de mercado para gestionar la congesti&oacute;n de la interconexi&oacute;n entre Portugal y España. La capacidad de intercambio comercial se subasta en forma de Derechos Financieros de Capacidad (FTRs, por sus siglas en ingl&eacute;s) pa",D+1
1633,programa,Capacidad ofrecida subasta explícita mensual con Portugal sentido exportador,"<p>Las subastas expl&iacute;citas de capacidad son un mecanismo de mercado para gestionar la congesti&oacute;n de la interconexi&oacute;n entre Portugal y España. La capacidad de intercambio comercial se subasta en forma de Derechos Financieros de Capacidad (FTRs, por sus siglas en ingl&eacute;s) pa",D+1
1634,programa,Capacidad ofrecida subasta explícita trimestral con Portugal sentido importador,"<p>Las subastas expl&iacute;citas de capacidad son un mecanismo de mercado para gestionar la congesti&oacute;n de la interconexi&oacute;n entre Portugal y España. La capacidad de intercambio comercial se subasta en forma de Derechos Financieros de Capacidad (FTRs, por sus siglas en ingl&eacute;s) pa",D+1
1635,programa,Capacidad ofrecida subasta explícita trimestral con Portugal sentido exportador,"<p>Las subastas expl&iacute;citas de capacidad son un mecanismo de mercado para gestionar la congesti&oacute;n de la interconexi&oacute;n entre Portugal y España. La capacidad de intercambio comercial se subasta en forma de Derechos Financieros de Capacidad (FTRs, por sus siglas en ingl&eacute;s) pa",D+1
1636,programa,Capacidad ofrecida subasta explícita anual con Portugal sentido importador,"<p>Las subastas expl&iacute;citas de capacidad son un mecanismo de mercado para gestionar la congesti&oacute;n de la interconexi&oacute;n entre Portugal y España. La capacidad de intercambio comercial se subasta en forma de Derechos Financieros de Capacidad (FTRs, por sus siglas en ingl&eacute;s) pa",D+1
1637,programa,Capacidad ofrecida subasta explícita anual con Portugal sentido exportador,"<p>Las subastas expl&iacute;citas de capacidad son un mecanismo de mercado para gestionar la congesti&oacute;n de la interconexi&oacute;n entre Portugal y España. La capacidad de intercambio comercial se subasta en forma de Derechos Financieros de Capacidad (FTRs, por sus siglas en ingl&eacute;s) pa",D+1
1638,programa,Participantes en subasta explícita mensual  con Portugal sentido importador,"<p>Las subastas expl&iacute;citas de capacidad son un mecanismo de mercado para gestionar la congesti&oacute;n de la interconexi&oacute;n entre Portugal y España. La capacidad de intercambio comercial se subasta en forma de Derechos Financieros de Capacidad (FTRs, por sus siglas en ingl&eacute;s) pa",D+1
1639,programa,Participantes en subasta explícita mensual  con Portugal sentido exportador,"<p>Las subastas expl&iacute;citas de capacidad son un mecanismo de mercado para gestionar la congesti&oacute;n de la interconexi&oacute;n entre Portugal y España. La capacidad de intercambio comercial se subasta en forma de Derechos Financieros de Capacidad (FTRs, por sus siglas en ingl&eacute;s) pa",D+1
1640,programa,Participantes adjudicatarios en subasta explícita mensual  con Portugal sentido importador,"<p>Las subastas expl&iacute;citas de capacidad son un mecanismo de mercado para gestionar la congesti&oacute;n de la interconexi&oacute;n entre Portugal y España. La capacidad de intercambio comercial se subasta en forma de Derechos Financieros de Capacidad (FTRs, por sus siglas en ingl&eacute;s) pa",D+1
1641,programa,Participantes adjudicatarios en subasta explícita mensual  con Portugal sentido exportador,"<p>Las subastas expl&iacute;citas de capacidad son un mecanismo de mercado para gestionar la congesti&oacute;n de la interconexi&oacute;n entre Portugal y España. La capacidad de intercambio comercial se subasta en forma de Derechos Financieros de Capacidad (FTRs, por sus siglas en ingl&eacute;s) pa",D+1
1642,programa,Capacidad asignada en subasta explícita mensual con Portugal sentido importador,"<p>Las subastas expl&iacute;citas de capacidad son un mecanismo de mercado para gestionar la congesti&oacute;n de la interconexi&oacute;n entre Portugal y España. La capacidad de intercambio comercial se subasta en forma de Derechos Financieros de Capacidad (FTRs, por sus siglas en ingl&eacute;s) pa",D+1
1643,programa,Capacidad asignada en subasta explícita mensual con Portugal sentido exportador,"<p>Las subastas expl&iacute;citas de capacidad son un mecanismo de mercado para gestionar la congesti&oacute;n de la interconexi&oacute;n entre Portugal y España. La capacidad de intercambio comercial se subasta en forma de Derechos Financieros de Capacidad (FTRs, por sus siglas en ingl&eacute;s) pa",D+1
1644,programa,Precio de subasta explícita mensual con Portugal sentido importador,"<p>Las subastas expl&iacute;citas de capacidad son un mecanismo de mercado para gestionar la congesti&oacute;n de la interconexi&oacute;n entre Portugal y España. La capacidad de intercambio comercial se subasta en forma de Derechos Financieros de Capacidad (FTRs, por sus siglas en ingl&eacute;s) pa",D+1
1645,programa,Precio de subasta explícita mensual con Portugal sentido exportador,"<p>Las subastas expl&iacute;citas de capacidad son un mecanismo de mercado para gestionar la congesti&oacute;n de la interconexi&oacute;n entre Portugal y España. La capacidad de intercambio comercial se subasta en forma de Derechos Financieros de Capacidad (FTRs, por sus siglas en ingl&eacute;s) pa",D+1
1646,programa,Participantes en subasta explícita trimestral  con Portugal sentido importador,"<p>Las subastas expl&iacute;citas de capacidad son un mecanismo de mercado para gestionar la congesti&oacute;n de la interconexi&oacute;n entre Portugal y España. La capacidad de intercambio comercial se subasta en forma de Derechos Financieros de Capacidad (FTRs, por sus siglas en ingl&eacute;s) pa",D+1
1647,programa,Participantes en subasta explícita trimestral  con Portugal sentido exportador,"<p>Las subastas expl&iacute;citas de capacidad son un mecanismo de mercado para gestionar la congesti&oacute;n de la interconexi&oacute;n entre Portugal y España. La capacidad de intercambio comercial se subasta en forma de Derechos Financieros de Capacidad (FTRs, por sus siglas en ingl&eacute;s) pa",D+1
1648,programa,Participantes adjudicatarios en subasta explícita trimestral  con Portugal sentido importador,"<p>Las subastas expl&iacute;citas de capacidad son un mecanismo de mercado para gestionar la congesti&oacute;n de la interconexi&oacute;n entre Portugal y España. La capacidad de intercambio comercial se subasta en forma de Derechos Financieros de Capacidad (FTRs, por sus siglas en ingl&eacute;s) pa",D+1
1649,programa,Participantes adjudicatarios en subasta explícita trimestral  con Portugal sentido exportador,"<p>Las subastas expl&iacute;citas de capacidad son un mecanismo de mercado para gestionar la congesti&oacute;n de la interconexi&oacute;n entre Portugal y España. La capacidad de intercambio comercial se subasta en forma de Derechos Financieros de Capacidad (FTRs, por sus siglas en ingl&eacute;s) pa",D+1
1650,programa,Capacidad asignada en subasta explícita trimestral con Portugal sentido importador,"<p>Las subastas expl&iacute;citas de capacidad son un mecanismo de mercado para gestionar la congesti&oacute;n de la interconexi&oacute;n entre Portugal y España. La capacidad de intercambio comercial se subasta en forma de Derechos Financieros de Capacidad (FTRs, por sus siglas en ingl&eacute;s) pa",D+1
1651,programa,Capacidad asignada en subasta explícita trimestral con Portugal sentido exportador,"<p>Las subastas expl&iacute;citas de capacidad son un mecanismo de mercado para gestionar la congesti&oacute;n de la interconexi&oacute;n entre Portugal y España. La capacidad de intercambio comercial se subasta en forma de Derechos Financieros de Capacidad (FTRs, por sus siglas en ingl&eacute;s) pa",D+1
1652,programa,Precio de subasta explícita trimestral con Portugal sentido importador,"<p>Las subastas expl&iacute;citas de capacidad son un mecanismo de mercado para gestionar la congesti&oacute;n de la interconexi&oacute;n entre Portugal y España. La capacidad de intercambio comercial se subasta en forma de Derechos Financieros de Capacidad (FTRs, por sus siglas en ingl&eacute;s) pa",D+1
1653,programa,Precio de subasta explícita trimestral con Portugal sentido exportador,"<p>Las subastas expl&iacute;citas de capacidad son un mecanismo de mercado para gestionar la congesti&oacute;n de la interconexi&oacute;n entre Portugal y España. La capacidad de intercambio comercial se subasta en forma de Derechos Financieros de Capacidad (FTRs, por sus siglas en ingl&eacute;s) pa",D+1
1654,programa,Participantes en subasta explícita anual  con Portugal sentido importador,"<p>Las subastas expl&iacute;citas de capacidad son un mecanismo de mercado para gestionar la congesti&oacute;n de la interconexi&oacute;n entre Portugal y España. La capacidad de intercambio comercial se subasta en forma de Derechos Financieros de Capacidad (FTRs, por sus siglas en ingl&eacute;s) pa",D+1
1655,programa,Participantes en subasta explícita anual  con Portugal sentido exportador,"<p>Las subastas expl&iacute;citas de capacidad son un mecanismo de mercado para gestionar la congesti&oacute;n de la interconexi&oacute;n entre Portugal y España. La capacidad de intercambio comercial se subasta en forma de Derechos Financieros de Capacidad (FTRs, por sus siglas en ingl&eacute;s) pa",D+1
1656,programa,Participantes adjudicatarios en subasta explícita anual  con Portugal sentido importador,"<p>Las subastas expl&iacute;citas de capacidad son un mecanismo de mercado para gestionar la congesti&oacute;n de la interconexi&oacute;n entre Portugal y España. La capacidad de intercambio comercial se subasta en forma de Derechos Financieros de Capacidad (FTRs, por sus siglas en ingl&eacute;s) pa",D+1
1657,programa,Participantes adjudicatarios en subasta explícita anual  con Portugal sentido exportador,"<p>Las subastas expl&iacute;citas de capacidad son un mecanismo de mercado para gestionar la congesti&oacute;n de la interconexi&oacute;n entre Portugal y España. La capacidad de intercambio comercial se subasta en forma de Derechos Financieros de Capacidad (FTRs, por sus siglas en ingl&eacute;s) pa",D+1
1658,programa,Capacidad asignada en subasta explícita anual con Portugal sentido importador,"<p>Las subastas expl&iacute;citas de capacidad son un mecanismo de mercado para gestionar la congesti&oacute;n de la interconexi&oacute;n entre Portugal y España. La capacidad de intercambio comercial se subasta en forma de Derechos Financieros de Capacidad (FTRs, por sus siglas en ingl&eacute;s) pa",D+1
1659,programa,Capacidad asignada en subasta explícita anual con Portugal sentido exportador,"<p>Las subastas expl&iacute;citas de capacidad son un mecanismo de mercado para gestionar la congesti&oacute;n de la interconexi&oacute;n entre Portugal y España. La capacidad de intercambio comercial se subasta en forma de Derechos Financieros de Capacidad (FTRs, por sus siglas en ingl&eacute;s) pa",D+1
1660,programa,Precio de subasta explícita anual con Portugal sentido importador,<p>en la subasta expl&iacute;cita trimestralLas subastas expl&iacute;citas de capacidad son un mecanismo de mercado para gestionar la congesti&oacute;n de la interconexi&oacute;n entre Portugal y España. La capacidad de intercambio comercial se subasta en forma de Derechos Financieros de Capacidad (,D+1
1661,programa,Precio de subasta explícita anual con Portugal sentido exportador,"<p>Las subastas expl&iacute;citas de capacidad son un mecanismo de mercado para gestionar la congesti&oacute;n de la interconexi&oacute;n entre Portugal y España. La capacidad de intercambio comercial se subasta en forma de Derechos Financieros de Capacidad (FTRs, por sus siglas en ingl&eacute;s) pa",D+1
1662,programa,Rentas de congestión subasta explícita mensual Portugal importación,"<p>Las subastas expl&iacute;citas de capacidad son un mecanismo de mercado para gestionar la congesti&oacute;n de la interconexi&oacute;n entre Portugal y España. La capacidad de intercambio comercial se subasta en forma de Derechos Financieros de Capacidad (FTRS, por sus siglas en ingl&eacute;s) pa",D+1
1663,programa,Rentas de congestión subasta explícita mensual Portugal exportación,"<p>Las subastas expl&iacute;citas de capacidad son un mecanismo de mercado para gestionar la congesti&oacute;n de la interconexi&oacute;n entre Portugal y España. La capacidad de intercambio comercial se subasta en forma de Derechos Financieros de Capacidad (FTRS, por sus siglas en ingl&eacute;s) pa",D+1
1664,programa,Rentas de congestión subasta explícita trimestral Portugal importación,"<p>Las subastas expl&iacute;citas de capacidad son un mecanismo de mercado para gestionar la congesti&oacute;n de la interconexi&oacute;n entre Portugal y España. La capacidad de intercambio comercial se subasta en forma de Derechos Financieros de Capacidad (FTRS, por sus siglas en ingl&eacute;s) pa",D+1
1665,programa,Rentas de congestión subasta explícita trimestral Portugal exportación,"<p>Las subastas expl&iacute;citas de capacidad son un mecanismo de mercado para gestionar la congesti&oacute;n de la interconexi&oacute;n entre Portugal y España. La capacidad de intercambio comercial se subasta en forma de Derechos Financieros de Capacidad (FTRS, por sus siglas en ingl&eacute;s) pa",D+1
1666,programa,Rentas de congestión subasta explícita anual Portugal importación,"<p>Las subastas expl&iacute;citas de capacidad son un mecanismo de mercado para gestionar la congesti&oacute;n de la interconexi&oacute;n entre Portugal y España. La capacidad de intercambio comercial se subasta en forma de Derechos Financieros de Capacidad (FTRS, por sus siglas en ingl&eacute;s) pa",D+1
1667,programa,Rentas de congestión subasta explícita anual Portugal exportación,"<p>Las subastas expl&iacute;citas de capacidad son un mecanismo de mercado para gestionar la congesti&oacute;n de la interconexi&oacute;n entre Portugal y España. La capacidad de intercambio comercial se subasta en forma de Derechos Financieros de Capacidad (FTRS, por sus siglas en ingl&eacute;s) pa",D+1
1674,programa,Capacidad Reducida Largo Plazo Francia sentido importador,"<p>Las subastas expl&iacute;citas de capacidad son un mecanismo de mercado para gestionar la congesti&oacute;n de la interconexi&oacute;n entre Francia y España.  La capacidad de intercambio comercial se subasta en forma de Derechos F&iacute;sicos de Capacidad (PTRs, por sus siglas en ingl&eacute;s)",D+1
1675,programa,Capacidad Reducida Largo Plazo Francia sentido exportador,"<p>Las subastas expl&iacute;citas de capacidad son un mecanismo de mercado para gestionar la congesti&oacute;n de la interconexi&oacute;n entre Francia y España.  La capacidad de intercambio comercial se subasta en forma de Derechos F&iacute;sicos de Capacidad (PTRs, por sus siglas en ingl&eacute;s)",D+1
1676,programa,Capacidad Reducida Largo Plazo Portugal sentido importador,"<p>Las subastas expl&iacute;citas de capacidad son un mecanismo de mercado para gestionar la congesti&oacute;n de la interconexi&oacute;n entre Portugal y España. La capacidad de intercambio comercial se subasta en forma de Derechos Financieros de Capacidad (FTRs, por sus siglas en ingl&eacute;s) pa",D+1
1677,programa,Capacidad Reducida Largo Plazo Portugal sentido exportador,"<p>Las subastas expl&iacute;citas de capacidad son un mecanismo de mercado para gestionar la congesti&oacute;n de la interconexi&oacute;n entre Portugal y España. La capacidad de intercambio comercial se subasta en forma de Derechos Financieros de Capacidad (FTRs, por sus siglas en ingl&eacute;s) pa",D+1
1678,programa,Compensaciones por reducciones de capacidad Francia-España importación,"<p>Las subastas expl&iacute;citas de capacidad son un mecanismo de mercado para gestionar la congesti&oacute;n de la interconexi&oacute;n entre Francia y España.  La capacidad de intercambio comercial se subasta en forma de Derechos F&iacute;sicos de Capacidad (PTRs, por sus siglas en ingl&eacute;s)",D+1
1679,programa,Compensaciones por reducciones de capacidad Francia-España exportación,"<p>Las subastas expl&iacute;citas de capacidad son un mecanismo de mercado para gestionar la congesti&oacute;n de la interconexi&oacute;n entre Francia y España.  La capacidad de intercambio comercial se subasta en forma de Derechos F&iacute;sicos de Capacidad (PTRs, por sus siglas en ingl&eacute;s)",D+1
1680,programa,Compensaciones por reducciones de capacidad Portugal-España importación,"<p>Las subastas expl&iacute;citas de capacidad son un mecanismo de mercado para gestionar la congesti&oacute;n de la interconexi&oacute;n entre Portugal y España. La capacidad de intercambio comercial se subasta en forma de Derechos Financieros de Capacidad (FTRS, por sus siglas en ingl&eacute;s) pa",D+1
1681,programa,Compensaciones por reducciones de capacidad Portugal-España exportación,"<p>Las subastas expl&iacute;citas de capacidad son un mecanismo de mercado para gestionar la congesti&oacute;n de la interconexi&oacute;n entre Portugal y España. La capacidad de intercambio comercial se subasta en forma de Derechos Financieros de Capacidad (FTRS, por sus siglas en ingl&eacute;s) pa",D+1
1682,programa,Capacidad Largo Plazo No Nominada Francia sentido importador,"<p>Las subastas expl&iacute;citas de capacidad son un mecanismo de mercado para gestionar la congesti&oacute;n de la interconexi&oacute;n entre Francia y España.  La capacidad de intercambio comercial se subasta en forma de Derechos F&iacute;sicos de Capacidad (PTRs, por sus siglas en ingl&eacute;s)",D+1
1683,programa,Capacidad Largo Plazo No Nominada Francia sentido exportador,"<p>Las subastas expl&iacute;citas de capacidad son un mecanismo de mercado para gestionar la congesti&oacute;n de la interconexi&oacute;n entre Francia y España.  La capacidad de intercambio comercial se subasta en forma de Derechos F&iacute;sicos de Capacidad (PTRs, por sus siglas en ingl&eacute;s)",D+1
1684,programa,Remuneración Capacidad Largo plazo Francia-España importación,"<p>Las subastas expl&iacute;citas de capacidad son un mecanismo de mercado para gestionar la congesti&oacute;n de la interconexi&oacute;n entre Francia y España.  La capacidad de intercambio comercial se subasta en forma de Derechos F&iacute;sicos de Capacidad (PTRs, por sus siglas en ingl&eacute;s)",D+1
1685,programa,Remuneración Capacidad Largo plazo Francia-España exportación,"<p>Las subastas expl&iacute;citas de capacidad son un mecanismo de mercado para gestionar la congesti&oacute;n de la interconexi&oacute;n entre Francia y España.  La capacidad de intercambio comercial se subasta en forma de Derechos F&iacute;sicos de Capacidad (PTRs, por sus siglas en ingl&eacute;s)",D+1
1686,programa,Remuneración Capacidad Largo plazo Portugal-España importación,"<p>Las subastas expl&iacute;citas de capacidad son un mecanismo de mercado para gestionar la congesti&oacute;n de la interconexi&oacute;n entre Portugal y España. La capacidad de intercambio comercial se subasta en forma de Derechos Financieros de Capacidad (FTRS, por sus siglas en ingl&eacute;s) pa",D+1
1687,programa,Remuneración Capacidad Largo plazo Portugal-España exportación,"<p>Las subastas expl&iacute;citas de capacidad son un mecanismo de mercado para gestionar la congesti&oacute;n de la interconexi&oacute;n entre Portugal y España. La capacidad de intercambio comercial se subasta en forma de Derechos Financieros de Capacidad (FTRS, por sus siglas en ingl&eacute;s) pa",D+1
1723,programa,Coste del proceso de solución de Restricciones Técnicas de Seguridad en Tiempo Real a Subir,<p>El proceso de solución de restricciones técnicas en Tiempo Real es realizado por el Operador del sistema que consiste en la resolución de las restricciones técnicas identificadas durante la operación en tiempo real mediante la modificación de los programas de las Unidades de Programación. </p><p>,D+1
1724,programa,Coste del proceso de solución de Restricciones Técnicas de Seguridad en Tiempo Real a Bajar,<p>El proceso de solución de restricciones técnicas en Tiempo Real es realizado por el Operador del sistema que consiste en la resolución de las restricciones técnicas identificadas durante la operación en tiempo real mediante la modificación de los programas de las Unidades de Programación. </p><p>,D+1
1725,programa,Energía limitada con derechos de cobro por restricciones en tiempo real a subir,<p>El proceso de solución de restricciones técnicas en Tiempo Real es realizado por el Operador del sistema que consiste en la resolución de las restricciones técnicas identificadas durante la operación en tiempo real mediante la modificación de los programas de las Unidades de Programación. </p><p>,D+1
1726,programa,Energía limitada con derechos de cobro por restricciones en tiempo real a bajar,<p>El proceso de solución de restricciones técnicas en Tiempo Real es realizado por el Operador del sistema que consiste en la resolución de las restricciones técnicas identificadas durante la operación en tiempo real mediante la modificación de los programas de las Unidades de Programación. </p><p>,D+1
1727,programa,Precio de referencia en Mercado Intradiario Continuo,"<p>Precio de referencia del Mercado Intradiario Continuo europeo en el &aacute;rea espa&ntilde;ola calculado como la media ponderada para cada hora, en &euro;/MWh, de todas las transacciones realizadas en el Mercado Intradiario Continuo en los que interviene una compra o una venta del &aacute;rea de",D+1
1739,programa,Precio de la energía excedentaria del autoconsumo para el mecanismo de compensación simplificada (PVPC),"<p>Precio horario de la energ&iacute;a excedentaria vertida a la red por las instalaciones de generaci&oacute;n de los consumidores que dispongan de un contrato de suministro al PVPC (Precio Voluntario para el Peque&ntilde;o Consumidor) con una comercializadora de referencia, y est&eacute;n acogidos",D+1
1740,programa,Demanda Real SNP,"<p>Es el valor real de la demanda de energ&iacute;a el&eacute;ctrica medida en tiempo real de los sistemas no peninsulares.</p>

<p><b>Publicaci&oacute;n:</b> cada 10 minutos con la informaci&oacute;n de los 10 minutos anteriores.</p>",D+1
1741,programa,Demanda programada SNP,"<p>Es la demanda de energía programada en los sistemas no peninsulares calculada con los programas de los grupos de generación a los que se les haya asignado suministro.</p>
<p><b>Publicación:</b> diariamente a las 0:00 horas con la información del día D y a las 13:30 horas con las tres primeras hor",D+1
1742,prevision,Demanda prevista SNP,"<p>Es la previsi&oacute;n de consumo de los sistemas no peninsulares que REE elabora teniendo en cuenta los valores de consumo registrados en periodos precedentes similares, as&iacute; como otros factores con influencia en el consumo el&eacute;ctrico como la laboralidad, la climatol&oacute;gica y la",prevista
1743,programa,Generación T.Real motores diésel SNP,"<p>Generación medida en tiempo real del tipo de producción motores diesel en los sistemas no peninsulares.</p>
<p><b>Publicación:</b> cada 10 minutos con la información de las tres últimas horas del día D-1 hasta la hora actual del día D.</p>",D+1
1744,programa,Generación T.Real turbina de gas SNP,"<p>Generación medida en tiempo real del tipo de producción turbina gas en los sistemas no peninsulares.</p>
<p><b>Publicación:</b> cada 10 minutos con la información de las tres últimas horas del día D-1 hasta la hora actual del día D.</p>",D+1
1745,programa,Generación T.Real eólica SNP,"<p>Generación medida en tiempo real del tipo de producción eólica en los sistemas no peninsulares.</p>
<p><b>Publicación:</b> cada 10 minutos con la información de las tres últimas horas del día D-1 hasta la hora actual del día D.</p>",D+1
1746,programa,Generación T.Real ciclo combinado SNP,"<p>Generación medida en tiempo real del tipo de producción ciclo combinado en los sistemas no peninsulares.</p>
<p><b>Publicación:</b> cada 10 minutos con la información de las tres últimas horas del día D-1 hasta la hora actual del día D.</p>",D+1
1747,programa,Generación T.Real turbina de vapor SNP,"<p>Generación medida en tiempo real del tipo de producción turbina de vapor en los sistemas no peninsulares.</p>
<p><b>Publicación:</b> cada 10 minutos con la información de las tres últimas horas del día D-1 hasta la hora actual del día D.</p>",D+1
1748,programa,Generación T.Real solar fotovoltaica SNP,"<p>Generación medida en tiempo real del tipo de producción solar fotovoltaica en los sistemas no peninsulares.</p>
<p><b>Publicación:</b> cada 10 minutos con la información de las tres últimas horas del día D-1 hasta la hora actual del día D.</p>",D+1
1749,programa,Generación T.Real hidráulica SNP,"<p>Generación medida en tiempo real del tipo de producción hidráulica en los sistemas no peninsulares.</p>
<p><b>Publicación:</b> cada 10 minutos con la información de las tres últimas horas del día D-1 hasta la hora actual del día D.</p>",D+1
1750,programa,Generación T.Real carbón SNP,"<p>Generación medida en tiempo real del tipo de producción carbón en los sistemas no peninsulares.</p>
<p><b>Publicación:</b> cada 10 minutos con la información de las tres últimas horas del día D-1 hasta la hora actual del día D.</p>",D+1
1751,programa,Generación T.Real enlace balear SNP,"<p>Generación medida en tiempo real en el enlace Península-Baleares en el sistema Balear.</p>
<p><b>Publicación:</b> cada 10 minutos con la información de las tres últimas horas del día D-1 hasta la hora actual del día D.</p>",D+1
1752,programa,Generación T.Real otras renovables SNP,"<p>Generación medida en tiempo real del tipo de producción otras renovables en los sistemas no peninsulares.</p>
<p><b>Publicación:</b> cada 10 minutos con la información de las tres últimas horas del día D-1 hasta la hora actual del día D.</p>",D+1
1753,programa,Generación T.Real residuos SNP,"<p>Generación medida en tiempo real del tipo de producción residuos en los sistemas no peninsulares.</p>
<p><b>Publicación:</b> cada 10 minutos con la información de las tres últimas horas del día D-1 hasta la hora actual del día D.</p>",D+1
1754,programa,Generación T.Real generación auxiliar SNP,"<p>Generación medida en tiempo real del tipo de producción generación auxiliar en los sistemas no peninsulares.</p>
<p><b>Publicación:</b> cada 10 minutos con la información de las tres últimas horas del día D-1 hasta la hora actual del día D.</p>",D+1
1755,programa,Generación T.Real cogeneración SNP,"<p>Generación medida en tiempo real del tipo de producción cogeneración en los sistemas no peninsulares.</p>
<p><b>Publicación:</b> cada 10 minutos con la información de las tres últimas horas del día D-1 hasta la hora actual del día D.</p>",D+1
1774,prevision,Previsión demanda anual,"<p>La Circular 4/2019 de la CNMC por la que se establece la metodolog&iacute;a de retribuci&oacute;n del Operador del Sistema, dispone la existencia de incentivos a la calidad de las previsiones de demanda para la pen&iacute;nsula realizadas por el Operador del Sistema, y establece la publicaci&oacu",previsión
1775,prevision,Previsión diaria D+1 demanda,"<p>La Circular 4/2019 de la CNMC por la que se establece la metodolog&iacute;a de retribuci&oacute;n del Operador del Sistema, dispone la existencia de incentivos a la calidad de las previsiones de demanda para la pen&iacute;nsula realizadas por el Operador del Sistema, y establece la publicaci&oacu",previsión
1776,prevision,Previsión intradiaria H+3 demanda,"<p>La Circular 4/2019 de la CNMC por la que se establece la metodolog&iacute;a de retribuci&oacute;n del Operador del Sistema, dispone la existencia de incentivos a la calidad de las previsiones de demanda para la pen&iacute;nsula realizadas por el Operador del Sistema, y establece la publicaci&oacu",previsión
1777,prevision,Previsión diaria D+1 eólica,"<p>Este indicador corresponde a la predicci&oacute;n diaria de la generaci&oacute;n peninsular e&oacute;lica para el d&iacute;a siguiente, con desglose horario, publicada antes de las 11:00, una hora antes del cierre de ofertas al mercado diario (actualmente a las 12:00).</p>

<p><b>Publicaci&oacute",previsión
1778,prevision,Previsión intradiaria H+3 eólica,"<p>Este indicador corresponde a la predicci&oacute;n intradiaria de la generaci&oacute;n peninsular e&oacute;lica, realizada tres horas antes de cada hora.</p>

<p><b>Publicaci&oacute;n:</b>&nbsp;horariamente para el d&iacute;a en curso.</p>",previsión
1779,prevision,Previsión diaria D+1 fotovoltaica,"<p>Este indicador corresponde a la predicci&oacute;n diaria de la generaci&oacute;n peninsular fotovoltaica para el d&iacute;a siguiente, con desglose horario, publicada antes de las 11:00, una hora antes del cierre de ofertas al mercado diario (actualmente a las 12:00).</p>

<p><b>Publicaci&oacute;",previsión
1780,prevision,Previsión intradiaria H+3 fotovoltaica,"<p>Este indicador corresponde a la predicci&oacute;n intradiaria de la generaci&oacute;n peninsular fotovoltaica, realizada tres horas antes de cada hora.</p>

<p><b>Publicaci&oacute;n:</b>&nbsp;horariamente para el d&iacute;a en curso.</p>",previsión
1783,programa,Asignación a subir de energías de balance RR SEE,<p>El mecanismo de asignaci&oacute;n de energ&iacute;as de balance RR es un servicio que tiene por objeto restablecer o mantener el nivel de energ&iacute;as de recuperaci&oacute;n de la frecuencia con activaci&oacute;n manual y autom&aacute;tica (energ&iacute;as de regulaci&oacute;n secundaria y ter,D+1
1784,programa,Asignación a bajar de energías de balance RR SEE,<p>El mecanismo de asignaci&oacute;n de energ&iacute;as de balance RR es un servicio que tiene por objeto restablecer o mantener el nivel de energ&iacute;as de recuperaci&oacute;n de la frecuencia con activaci&oacute;n manual y autom&aacute;tica (energ&iacute;as de regulaci&oacute;n secundaria y ter,D+1
1787,programa,Necesidad inelástica solicitada de energías de balance RR,<p>El mecanismo de asignación de energías de balance RR es un servicio que tiene por objeto restablecer o mantener el nivel de energías de recuperación de la frecuencia con activación manual y automática (energías de regulación secundaria y terciaria) requerido al objeto de prepararse para desequili,D+1
1790,programa,Energía asignada por restricciones técnicas diario Fase I Subir SCB,<p>El Proceso de solución de restricciones técnicas del PDBF es el proceso llevado a cabo por el Operador del sistema con el objeto de resolver las restricciones técnicas identificadas en el Programa Diario Base de Funcionamiento mediante la modificación de los programas de las Unidades de Programac,D+1
1791,programa,Energía asignada por restricciones técnicas diario Fase I Bajar SCB,<p>El Proceso de solución de restricciones técnicas del PDBF es el proceso llevado a cabo por el Operador del sistema con el objeto de resolver las restricciones técnicas identificadas en el Programa Diario Base de Funcionamiento mediante la modificación de los programas de las Unidades de Programac,D+1
1792,programa,Energía asignada por restricciones técnicas diario Fase I Subir SCA,<p>El Proceso de soluci&oacute;n de restricciones t&eacute;cnicas del PDBF es el proceso llevado a cabo por el Operador del sistema con el objeto de resolver las restricciones t&eacute;cnicas identificadas en el Programa Diario Base de Funcionamiento mediante la modificaci&oacute;n de los programas,D+1
1793,programa,Energía asignada por restricciones técnicas diario Fase I Bajar SCA,<p>El Proceso de solución de restricciones técnicas del PDBF es el proceso llevado a cabo por el Operador del sistema con el objeto de resolver las restricciones técnicas identificadas en el Programa Diario Base de Funcionamiento mediante la modificación de los programas de las Unidades de Programac,D+1
1794,programa,Energía asignada por restricciones técnicas diario Fase I Subir CT,<p>El Proceso de solución de restricciones técnicas del PDBF es el proceso llevado a cabo por el Operador del sistema con el objeto de resolver las restricciones técnicas identificadas en el Programa Diario Base de Funcionamiento mediante la modificación de los programas de las Unidades de Programac,D+1
1795,programa,Energía asignada por restricciones técnicas diario Fase I Bajar CT,<p>El Proceso de solución de restricciones técnicas del PDBF es el proceso llevado a cabo por el Operador del sistema con el objeto de resolver las restricciones técnicas identificadas en el Programa Diario Base de Funcionamiento mediante la modificación de los programas de las Unidades de Programac,D+1
1796,programa,Energía asignada por restricciones técnicas diario Fase I Subir RTD,<p>El Proceso de solución de restricciones técnicas del PDBF es el proceso llevado a cabo por el Operador del sistema con el objeto de resolver las restricciones técnicas identificadas en el Programa Diario Base de Funcionamiento mediante la modificación de los programas de las Unidades de Programac,D+1
1797,programa,Energía asignada por restricciones técnicas diario Fase I Bajar RTD,<p>El Proceso de solución de restricciones técnicas del PDBF es el proceso llevado a cabo por el Operador del sistema con el objeto de resolver las restricciones técnicas identificadas en el Programa Diario Base de Funcionamiento mediante la modificación de los programas de las Unidades de Programac,D+1
1800,programa,Energía asignada por restricciones técnicas diario Fase I Subir Otros,<p>El Proceso de solución de restricciones técnicas del PDBF es el proceso llevado a cabo por el Operador del sistema con el objeto de resolver las restricciones técnicas identificadas en el Programa Diario Base de Funcionamiento mediante la modificación de los programas de las Unidades de Programac,D+1
1801,programa,Energía asignada por restricciones técnicas diario Fase I Bajar Otros,<p>El Proceso de solución de restricciones técnicas del PDBF es el proceso llevado a cabo por el Operador del sistema con el objeto de resolver las restricciones técnicas identificadas en el Programa Diario Base de Funcionamiento mediante la modificación de los programas de las Unidades de Programac,D+1
1820,programa,Generación T.Real enlace Ibiza-Formentera SNP,"<p>Generaci&oacute;n medida en tiempo real en el enlace Ibiza-Formentera&nbsp;en el sistema Balear.</p>

<p><b>Publicaci&oacute;n:</b>&nbsp;cada 10 minutos con la informaci&oacute;n de las tres &uacute;ltimas horas del d&iacute;a D-1 hasta la hora actual del d&iacute;a D.</p>",D+1
1821,programa,Generación T.Real enlace Mallorca-Menorca SNP,"<p>Generaci&oacute;n medida en tiempo real en el enlace Mallorca-Menorca en el sistema Balear.</p>

<p><b>Publicaci&oacute;n:</b>&nbsp;cada 10 minutos con la informaci&oacute;n de las tres &uacute;ltimas horas del d&iacute;a D-1 hasta la hora actual del d&iacute;a D.</p>",D+1
1822,programa,Generación T.Real enlace Mallorca-Ibiza SNP,"<p>Generaci&oacute;n medida en tiempo real en el enlace Mallorca-Ibiza&nbsp;en el sistema Balear.</p>

<p><b>Publicaci&oacute;n:</b>&nbsp;cada 10 minutos con la informaci&oacute;n de las tres &uacute;ltimas horas del d&iacute;a D-1 hasta la hora actual del d&iacute;a D.</p>",D+1
1824,programa,Requisito máximo de control de flujo en España-Portugal en sentido exportador,<p>El mecanismo de asignaci&oacute;n de energ&iacute;as de balance RR es un servicio que tiene por objeto restablecer o mantener el nivel de energ&iacute;as de recuperaci&oacute;n de la frecuencia con activaci&oacute;n manual y autom&aacute;tica (energ&iacute;as de regulaci&oacute;n secundaria y ter,D+1
1825,programa,Requisito mínimo de control de flujo en España-Portugal en sentido exportador,<p>El mecanismo de asignaci&oacute;n de energ&iacute;as de balance RR es un servicio que tiene por objeto restablecer o mantener el nivel de energ&iacute;as de recuperaci&oacute;n de la frecuencia con activaci&oacute;n manual y autom&aacute;tica (energ&iacute;as de regulaci&oacute;n secundaria y ter,D+1
1826,programa,Requisito máximo de control de flujo en España-Portugal en sentido importador,<p>El mecanismo de asignaci&oacute;n de energ&iacute;as de balance RR es un servicio que tiene por objeto restablecer o mantener el nivel de energ&iacute;as de recuperaci&oacute;n de la frecuencia con activaci&oacute;n manual y autom&aacute;tica (energ&iacute;as de regulaci&oacute;n secundaria y ter,D+1
1827,programa,Requisito mínimo de control de flujo en España-Portugal en sentido importador,<p>El mecanismo de asignaci&oacute;n de energ&iacute;as de balance RR es un servicio que tiene por objeto restablecer o mantener el nivel de energ&iacute;as de recuperaci&oacute;n de la frecuencia con activaci&oacute;n manual y autom&aacute;tica (energ&iacute;as de regulaci&oacute;n secundaria y ter,D+1
1828,programa,Requisito máximo de control de flujo en España-Francia en sentido exportador,<p>El mecanismo de asignaci&oacute;n de energ&iacute;as de balance RR es un servicio que tiene por objeto restablecer o mantener el nivel de energ&iacute;as de recuperaci&oacute;n de la frecuencia con activaci&oacute;n manual y autom&aacute;tica (energ&iacute;as de regulaci&oacute;n secundaria y ter,D+1
1829,programa,Requisito mínimo de control de flujo en España-Francia en sentido exportador,<p>El mecanismo de asignaci&oacute;n de energ&iacute;as de balance RR es un servicio que tiene por objeto restablecer o mantener el nivel de energ&iacute;as de recuperaci&oacute;n de la frecuencia con activaci&oacute;n manual y autom&aacute;tica (energ&iacute;as de regulaci&oacute;n secundaria y ter,D+1
1830,programa,Requisito máximo de control de flujo en España-Francia en sentido importador,<p>El mecanismo de asignaci&oacute;n de energ&iacute;as de balance RR es un servicio que tiene por objeto restablecer o mantener el nivel de energ&iacute;as de recuperaci&oacute;n de la frecuencia con activaci&oacute;n manual y autom&aacute;tica (energ&iacute;as de regulaci&oacute;n secundaria y ter,D+1
1831,programa,Requisito mínimo de control de flujo en España-Francia en sentido importador,<p>El mecanismo de asignaci&oacute;n de energ&iacute;as de balance RR es un servicio que tiene por objeto restablecer o mantener el nivel de energ&iacute;as de recuperaci&oacute;n de la frecuencia con activaci&oacute;n manual y autom&aacute;tica (energ&iacute;as de regulaci&oacute;n secundaria y ter,D+1
1833,programa,Renta de congestión energías de balance RR Portugal exportación,<p>Las rentas de congesti&oacute;n representan los ingresos brutos para el sistema el&eacute;ctrico español derivados del mecanismo de gesti&oacute;n de las interconexiones internacionales por la asignaci&oacute;n de energ&iacute;as de balance de tipo RR.</p><p>Este servicio se encuentra regulado a,D+1
1834,programa,Renta de congestión energías de balance RR Portugal importación,<p>Las rentas de congesti&oacute;n representan los ingresos brutos para el sistema el&eacute;ctrico español derivados del mecanismo de gesti&oacute;n de las interconexiones internacionales por la asignaci&oacute;n de energ&iacute;as de balance de tipo RR.</p><p>Este servicio se encuentra regulado a,D+1
1835,programa,Renta de congestión energías de balance RR Francia exportación,<p>Las rentas de congesti&oacute;n representan los ingresos brutos para el sistema el&eacute;ctrico español derivados del mecanismo de gesti&oacute;n de las interconexiones internacionales por la asignaci&oacute;n de energ&iacute;as de balance de tipo RR.</p><p>Este servicio se encuentra regulado a,D+1
1836,programa,Renta de congestión energías de balance RR Francia importación,<p>Las rentas de congesti&oacute;n representan los ingresos brutos para el sistema el&eacute;ctrico español derivados del mecanismo de gesti&oacute;n de las interconexiones internacionales por la asignaci&oacute;n de energ&iacute;as de balance de tipo RR.</p><p>Este servicio se encuentra regulado a,D+1
1839,programa,Energía de importación intercambiada desde igcc hacia sepe,"<p>Este indicador hace referencia a los valores de energía importada entre el bloque de control peninsular español y la plataforma europea IGCC, relativa al neteo de necesidades de regulación secundaria en tiempo real.</p><p><b>Publicación:</b> Una vez al día antes sobre las 14:00 horas con la infor",D+1
1840,programa,Energía de exportación intercambiada desde SEPE hacia IGCC,"<p>Este indicador hace referencia a los valores de energía exportada entre el bloque de control peninsular español y la plataforma europea IGCC, relativa al neteo de necesidades de regulación secundaria en tiempo real.</p><p><b>Publicación:</b> Una vez al día antes sobre las 14:00 horas con la infor",D+1
1841,programa,Precio final de liquidación del proceso de compensación de desequilibrio igcc,<p>Este indicador hace referencia al precio final de la liquidación TSO-TSO del proceso de neteo de desequilibrios (IGCC).</p><p><b>Publicación:</b> Una vez al mes sobre las 14 horas del decimonoveno día laborable con la información del mes anterior.</p>,D+1
1843,programa,Beneficio estimado para SEPE del proceso de compensación de desequilibrio,"<p>Beneficio para el sistema el&eacute;ctrico peninsular espa&ntilde;ol (SEPE) derivado del coste evitado en activaci&oacute;n de energ&iacute;a secundaria debido a los neteos de necesidades de secundaria entre el bloque de control peninsular espa&ntilde;ol y la plataforma IGCC.</p>

<p><b>Publica",D+1
1844,prevision,Capacidad de intercambio prevista (NTC) con Francia horizonte diario importación,"<p>M&aacute;ximo valor admisible del programa de intercambio de energ&iacute;a entre dos sistemas el&eacute;ctricos interconectados, compatible con el cumplimiento de los criterios de seguridad y con las posibles incertidumbres t&eacute;cnicas sobre las condiciones futuras de funcionamiento.</p><p>E",prevista
1845,prevision,Capacidad de intercambio prevista (NTC) con Portugal horizonte diario importación,"<p>M&aacute;ximo valor admisible del programa de intercambio de energ&iacute;a entre dos sistemas el&eacute;ctricos interconectados, compatible con el cumplimiento de los criterios de seguridad y con las posibles incertidumbres t&eacute;cnicas sobre las condiciones futuras de funcionamiento.</p><p>E",prevista
1846,prevision,Capacidad de intercambio prevista (NTC) con Marruecos horizonte diario importación,"<p>M&aacute;ximo valor admisible del programa de intercambio de energ&iacute;a entre dos sistemas el&eacute;ctricos interconectados, compatible con el cumplimiento de los criterios de seguridad y con las posibles incertidumbres t&eacute;cnicas sobre las condiciones futuras de funcionamiento.</p><p>E",prevista
1848,prevision,Capacidad de intercambio prevista (NTC) con Francia horizonte diario exportación,"<p>M&aacute;ximo valor admisible del programa de intercambio de energ&iacute;a entre dos sistemas el&eacute;ctricos interconectados, compatible con el cumplimiento de los criterios de seguridad y con las posibles incertidumbres t&eacute;cnicas sobre las condiciones futuras de funcionamiento.</p><p>E",prevista
1849,prevision,Capacidad de intercambio prevista (NTC) con Portugal horizonte diario exportación,"<p>M&aacute;ximo valor admisible del programa de intercambio de energ&iacute;a entre dos sistemas el&eacute;ctricos interconectados, compatible con el cumplimiento de los criterios de seguridad y con las posibles incertidumbres t&eacute;cnicas sobre las condiciones futuras de funcionamiento.</p><p>E",prevista
1850,prevision,Capacidad de intercambio prevista (NTC) con Marruecos horizonte diario exportación,"<p>M&aacute;ximo valor admisible del programa de intercambio de energ&iacute;a entre dos sistemas el&eacute;ctricos interconectados, compatible con el cumplimiento de los criterios de seguridad y con las posibles incertidumbres t&eacute;cnicas sobre las condiciones futuras de funcionamiento.</p><p>E",prevista
1870,programa,Necesidad elástica solicitada de energías de balance RR,<p>El mecanismo de asignaci&oacute;n de energ&iacute;as de balance RR es un servicio que tiene por objeto restablecer o mantener el nivel de energ&iacute;as de recuperaci&oacute;n de la frecuencia con activaci&oacute;n manual y autom&aacute;tica (energ&iacute;as de regulaci&oacute;n secundaria y ter,D+1
1871,programa,Desglose peaje por defecto 2.0TD Servicios de ajuste,<p>Concepto que forma parte del t&eacute;rmino de facturaci&oacute;n de energ&iacute;a activa del PVPC que es el precio horario del t&eacute;rmino de energ&iacute;a que se aplican en la factura el&eacute;ctrica de los consumidores con una potencia contratada no superior a 10 kW y que est&eacute;n ac,D+1
1872,programa,Desglose peaje por defecto 2.0TD Pago por capacidad,<p>Concepto que forma parte del t&eacute;rmino de facturaci&oacute;n de energ&iacute;a activa del PVPC que es el precio horario del t&eacute;rmino de energ&iacute;a que se aplican en la factura el&eacute;ctrica de los consumidores con una potencia contratada no superior a 10 kW y que est&eacute;n ac,D+1
1873,programa,Desglose peaje por defecto 2.0TD Servicio de interrumpibilidad,<p>Concepto que forma parte del t&eacute;rmino de facturaci&oacute;n de energ&iacute;a activa del PVPC que es el precio horario del t&eacute;rmino de energ&iacute;a que se aplican en la factura el&eacute;ctrica de los consumidores con una potencia contratada no superior a 10 kW y que est&eacute;n ac,D+1
1874,programa,Desglose peaje por defecto 2.0TD Financiación OM,<p>Concepto que forma parte del t&eacute;rmino de facturaci&oacute;n de energ&iacute;a activa del PVPC que es el precio horario del t&eacute;rmino de energ&iacute;a que se aplican en la factura el&eacute;ctrica de los consumidores con una potencia contratada no superior a 10 kW y que est&eacute;n ac,D+1
1875,programa,Desglose peaje por defecto 2.0TD Mercado diario e intradiario,<p>Concepto que forma parte del t&eacute;rmino de facturaci&oacute;n de energ&iacute;a activa del PVPC que es el precio horario del t&eacute;rmino de energ&iacute;a que se aplican en la factura el&eacute;ctrica de los consumidores con una potencia contratada no superior a 10 kW y que est&eacute;n ac,D+1
1876,programa,Desglose peaje por defecto 2.0TD Peajes y cargos,<p>Concepto que forma parte del t&eacute;rmino de facturaci&oacute;n de energ&iacute;a activa del PVPC que es el precio horario del t&eacute;rmino de energ&iacute;a que se aplican en la factura el&eacute;ctrica de los consumidores con una potencia contratada no superior a 10 kW y que est&eacute;n ac,D+1
1877,programa,Desglose peaje por defecto 2.0TD Financiación OS,<p>Concepto que forma parte del t&eacute;rmino de facturaci&oacute;n de energ&iacute;a activa del PVPC que es el precio horario del t&eacute;rmino de energ&iacute;a que se aplican en la factura el&eacute;ctrica de los consumidores con una potencia contratada no superior a 10 kW y que est&eacute;n ac,D+1
1878,programa,Desglose peaje por defecto 2.0TD Coste de comercialización,<p>Concepto que forma parte del t&eacute;rmino de facturaci&oacute;n de energ&iacute;a activa del PVPC que es el precio horario del t&eacute;rmino de energ&iacute;a que se aplican en la factura el&eacute;ctrica de los consumidores con una potencia contratada no superior a 10 kW y que est&eacute;n ac,D+1
1879,programa,Desglose peaje por defecto 2.0TD Excedente o déficit subastas renovables,<p>Concepto que forma parte del t&eacute;rmino de facturaci&oacute;n de energ&iacute;a activa del PVPC que es el precio horario del t&eacute;rmino de energ&iacute;a que se aplican en la factura el&eacute;ctrica de los consumidores con una potencia contratada no superior a 10 kW y que est&eacute;n ac,D+1
1880,programa,Necesidades de reserva adicional identificadas en Tiempo Real,"<p class=""Textonormal"">El proceso de soluci&oacute;n de restricciones t&eacute;cnicas en Tiempo Real es realizado por el Operador del sistema que consiste en la resoluci&oacute;n de las restricciones t&eacute;cnicas identificadas durante la operaci&oacute;n en tiempo real mediante la modificaci&oacu",D+1
1881,programa,Reserva adicional programada en Tiempo Real,"<p class=""Textonormal"">El proceso de soluci&oacute;n de restricciones t&eacute;cnicas en Tiempo Real es realizado por el Operador del sistema que consiste en la resoluci&oacute;n de las restricciones t&eacute;cnicas identificadas durante la operaci&oacute;n en tiempo real mediante la modificaci&oacu",D+1
1883,programa,"Asignación directa a bajar de energías mFRR SEE (AD, QH1)","<p>La regulación terciaria se corresponde con el producto estándar europeo de reserva manual para la recuperación de la frecuencia (mFRR, por sus siglas en inglés). Es un servicio de balance de activación de reservas de potencia activa que tiene por objeto mantener la frecuencia y el equilibrio gene",D+1
1884,programa,"Asignación directa a subir de energías mFRR SEE (AD, QH0)","<p>La regulación terciaria se corresponde con el producto estándar europeo de reserva manual para la recuperación de la frecuencia (mFRR, por sus siglas en inglés). Es un servicio de balance de activación de reservas de potencia activa que tiene por objeto mantener la frecuencia y el equilibrio gene",H+3
1885,programa,"Asignación directa a bajar de energías mFRR SEE (AD, QH0)","<p>La regulación terciaria se corresponde con el producto estándar europeo de reserva manual para la recuperación de la frecuencia (mFRR, por sus siglas en inglés). Es un servicio de balance de activación de reservas de potencia activa que tiene por objeto mantener la frecuencia y el equilibrio gene",H+3
1886,programa,"Asignación directa a subir de energías mFRR SEE (AD, QH1)","<p>La regulación terciaria se corresponde con el producto estándar europeo de reserva manual para la recuperación de la frecuencia (mFRR, por sus siglas en inglés). Es un servicio de balance de activación de reservas de potencia activa que tiene por objeto mantener la frecuencia y el equilibrio gene",D+1
1900,programa,Desglose peaje por defecto 2.0TD excedente o déficit de la liquidación del mecanismo de ajuste de costes de producción,<p>Concepto que forma parte del t&eacute;rmino de facturaci&oacute;n de energ&iacute;a activa del PVPC que es el precio horario del t&eacute;rmino de energ&iacute;a que se aplican en la factura el&eacute;ctrica de los consumidores con una potencia contratada no superior a 10 kW y que est&eacute;n ac,D+1
1901,programa,Precio medio horario componente RD-L 10/2022 restricciones técnicas y mercados de balance,<p>Precio medio horario componente RD-L 10/2022 restricciones t&eacute;cnicas y mercados de balance</p>,D+1
1902,programa,Precio medio horario componente RD-L 10/2022 restricciones técnicas y mercados de balance contratación libre,<p>Precio medio horario componente RD-L 10/2022 restricciones t&eacute;cnicas y mercados de balance contrataci&oacute;n libre</p>,D+1
1903,programa,Precio medio horario componente RD-L 10/2022 restricciones técnicas y mercados de balance comercializadores de referencia,<p>Precio medio horario componente RD-L 10/2022 restricciones t&eacute;cnicas y mercados de balance comercializadores de referencia</p>,D+1
1904,programa,Precio medio horario componente RD-L 10/2022 mercado diario e intradiario - diferencia por liquidación con medidas,<p>Precio medio horario componente RD-L 10/2022 mercado diario e intradiario - diferencia por liquidaci&oacute;n con medidas</p>,D+1
1905,programa,Precio medio horario componente RD-L 10/2022 mercado diario e intradiario - dif. por liq. con medidas contratación libre,<p>Precio medio horario componente RD-L 10/2022 mercado diario e intradiario - dif. por liq. con medidas contrataci&oacute;n libre</p>,D+1
1906,programa,Precio medio horario componente RD-L 10/2022 mercado diario e intradiario - dif. por liq. con med. comerc. referencia,<p>Precio medio horario componente RD-L 10/2022 mercado diario e intradiario - dif. por liq. con med. comerc. referencia</p>,D+1
1907,programa,Precio medio horario componente RD-L 10/2022 mercado diario e intradiario,<p>Precio medio horario componente RD-L 10/2022 mercado diario e intradiario </p>,D+1
1908,programa,Precio medio horario componente RD-L 10/2022 mercado diario e intradiario contratación libre,<p>Precio medio horario componente RD-L 10/2022 mercado diario e intradiario contratación libre</p>,D+1
1909,programa,Precio medio horario componente RD-L 10/2022 mercado diario e intradiario comercializadores de referencia,<p>Precio medio horario componente RD-L 10/2022 mercado diario e intradiario comercializadores de referencia</p>,D+1
1910,programa,Precio medio mensual componente RD-L 10/2022 restricciones técnicas y mercados de balance,<p>Precio medio mensual componente RD-L 10/2022 restricciones t&eacute;cnicas y mercados de balance</p>,D+1
1911,programa,Precio medio mensual componente RD-L 10/2022 restricciones técnicas y mercados de balance contratación libre,<p> Precio medio mensual componente RD-L 10/2022 restricciones técnicas y mercados de balance contratación libre</p>,D+1
1912,programa,Precio medio mensual componente RD-L 10/2022 restricciones técnicas y mercados de balance comercialización de referencia,<p>Precio medio mensual componente RD-L 10/2022 restricciones técnicas y mercados de balance comercialización de referencia</p>,D+1
1913,programa,Precio medio mensual componente RD-L 10/2022 mercado diario e intradiario - diferencia por liquidación con medidas,<p>Precio medio mensual componente RD-L 10/2022 mercado diario e intradiario - diferencia por liquidaci&oacute;n con medidas</p>,D+1
1914,programa,Precio medio mensual componente RD-L 10/2022 mercado diario e intradiario - diferencia por liquidación con medidas contratación libre,<p>Precio medio mensual componente RD-L 10/2022 mercado diario e intradiario - diferencia por liquidación con medidas contratación libre</p>,D+1
1915,programa,Precio medio mensual componente RD-L 10/2022 mercado diario e intradiario - diferencia por liquidación con medidas comercialización de referencia,<p>Precio medio mensual componente RD-L 10/2022 mercado diario e intradiario - diferencia por liquidación con medidas comercialización de referencia</p>,D+1
1916,programa,Precio medio mensual componente RD-L 10/2022 mercado diario e intradiario,<p>Precio medio mensual componente RD-L 10/2022 mercado diario e intradiario</p>,D+1
1917,programa,Precio medio mensual componente RD-L 10/2022 mercado diario e intradiario contratación libre,<p>Precio medio mensual componente RD-L 10/2022 mercado diario e intradiario contratación libre</p>,D+1
1918,programa,Precio medio mensual componente RD-L 10/2022 mercado diario e intradiario comercialización de referencia,<p>Precio medio mensual componente RD-L 10/2022 mercado diario e intradiario comercialización de referencia</p>,D+1
1919,programa,Precio medio anual componente RD-L 10/2022 restricciones técnicas y mercados de balance,<p>Precio medio anual componente RD-L 10/2022 restricciones t&eacute;cnicas y mercados de balance</p>,D+1
1920,programa,Precio medio anual componente RD-L 10/2022 restricciones técnicas y mercados de balance contratación libre,<p>Precio medio anual componente RD-L 10/2022 restricciones técnicas y mercados de balance contratación libre</p>,D+1
1921,programa,Precio medio anual componente RD-L 10/2022 restricciones técnicas y mercados de balance comercialización de referencia,<p>Precio medio anual componente RD-L 10/2022 restricciones técnicas y mercados de balance comercialización de referencia</p>,D+1
1922,programa,Precio medio anual componente RD-L 10/2022 mercado diario e intradiario - diferencia por liquidación con medidas,<p>Precio medio anual componente RD-L 10/2022 mercado diario e intradiario - diferencia por liquidaci&oacute;n con medidas</p>,D+1
1923,programa,Precio medio anual componente RD-L 10/2022 mercado diario e intradiario - diferencia por liquidación con medidas contratación libre,<p>Precio medio anual componente RD-L 10/2022 mercado diario e intradiario - diferencia por liquidación con medidas contratación libre</p>,D+1
1924,programa,Precio medio anual componente RD-L 10/2022 mercado diario e intradiario - diferencia por liquidación con medidas comercialización de referencia,<p>Precio medio anual componente RD-L 10/2022 mercado diario e intradiario - diferencia por liquidación con medidas comercialización de referencia</p>,D+1
1925,programa,Precio medio anual componente RD-L 10/2022 mercado diario e intradiario,<p>Precio medio anual componente RD-L 10/2022 mercado diario e intradiario</p>,D+1
1926,programa,Precio medio anual componente RD-L 10/2022 mercado diario e intradiario contratación libre,<p>Precio medio anual componente RD-L 10/2022 mercado diario e intradiario contratación libre</p>,D+1
1927,programa,Precio medio anual componente RD-L 10/2022 mercado diario e intradiario comercialización de referencia,<p>Precio medio anual componente RD-L 10/2022 mercado diario e intradiario comercialización de referencia</p>,D+1
1929,programa,Potencia activada en el servicio de respuesta activa de la demanda,<p>Es un servicio específico de balance del sistema eléctrico peninsular español que tiene por objeto hacer frente a situaciones de escasez de reserva de balance a subir mediante la obtención de recursos adicionales a los ya disponibles mediante la utilización de los servicios estándar de balance eu,H+3
1930,programa,Precio marginal en el servicio de respuesta activa de la demanda,<p>Es un servicio específico de balance del sistema eléctrico peninsular español que tiene por objeto hacer frente a situaciones de escasez de reserva de balance a subir mediante la obtención de recursos adicionales a los ya disponibles mediante la utilización de los servicios estándar de balance eu,D+1
1931,programa,Energía asignada en el servicio de respuesta activa de la demanda,<p>Es un servicio específico de balance del sistema eléctrico peninsular español que tiene por objeto hacer frente a situaciones de escasez de reserva de balance a subir mediante la obtención de recursos adicionales a los ya disponibles mediante la utilización de los servicios estándar de balance eu,H+3
1932,programa,Derechos de cobro de la activación del servicio de respuesta activa de la demanda,<p>Es un servicio específico de balance del sistema eléctrico peninsular español que tiene por objeto hacer frente a situaciones de escasez de reserva de balance a subir mediante la obtención de recursos adicionales a los ya disponibles mediante la utilización de los servicios estándar de balance eu,D+1
1939,programa,Precios de producto del combustible fuel 1% para despacho de los TNP,<p> Precios de producto del combustible fuel 1%.</p><p><b>Publicación:</b> mensualmente con los datos del mes M.</p>,D+1
1941,prevision,Demanda Programada Total Peninsular,<p>Es el resultado de la suma de la demanda programada y la previsión de la energía procedente de las instalaciones de autoconsumo fotovoltaico que no se oferta a través del mercado eléctrico.</p><p>Los datos representados en este indicador se refieren a datos peninsulares.</p><p><b>Publicación:</b>,previsión
1942,prevision,Demanda Programada total territorios no peninsulares,<p>Es el resultado de la suma de la demanda programada y la previsión de la energía procedente de las instalaciones de autoconsumo fotovoltaico que no se oferta a través del mercado eléctrico.</p><p>Los datos representados en este indicador se refieren a datos peninsulares.</p><p><b>Publicaci&oacute,previsión
2052,prevision,Demanda real prevista nacional,,prevista
2065,programa,Generación T.Real consumo bombeo Nacional,<p>Consumo medido en tiempo real del tipo de producción por bombeo a nivel nacional.</p> <p><b>Publicación:</b> cada 10 minutos con la información de las tres últimas horas del día D-1 hasta la hora actual del día D.</p>,D+1
2066,programa,Generación T.Real turbinación bombeo Nacional,<p>Generación medida en tiempo real del tipo de producción por turbinación de bombeo a nivel nacional.</p> <p><b>Publicación:</b> cada 10 minutos con la información de las tres últimas horas del día D-1 hasta la hora actual del día D.</p>,D+1
2067,programa,Generación T.Real generación hidráulica Nacional,<p>Generación medida en tiempo real del tipo de producción hidráulica a nivel nacional.</p> <p><b>Publicación:</b> cada 10 minutos con la información de las tres últimas horas del día D-1 hasta la hora actual del día D.</p>,D+1
2068,programa,Generación T.Real exportación Andorra,<p>Exportación medida en tiempo real hacia Andorra.</p> <p><b>Publicación:</b> cada 10 minutos con la información de las tres últimas horas del día D-1 hasta la hora actual del día D.</p>,D+1
2069,programa,Generación T.Real exportación Marruecos,<p>Exportación medida en tiempo real hacia Marruecos.</p> <p><b>Publicación:</b> cada 10 minutos con la información de las tres últimas horas del día D-1 hasta la hora actual del día D.</p>,D+1
2070,programa,Generación T.Real exportación Portugal,<p>Exportación medida en tiempo real hacia Portugal.</p> <p><b>Publicación:</b> cada 10 minutos con la información de las tres últimas horas del día D-1 hasta la hora actual del día D.</p>,D+1
2071,programa,Generación T.Real exportación Francia,<p>Exportación medida en tiempo real hacia Francia.</p> <p><b>Publicación:</b> cada 10 minutos con la información de las tres últimas horas del día D-1 hasta la hora actual del día D.</p>,D+1
2072,programa,Generación T.Real exportación total,<p>Exportación total medida en tiempo real.</p> <p><b>Publicación:</b> cada 10 minutos con la información de las tres últimas horas del día D-1 hasta la hora actual del día D.</p>,D+1
2073,programa,Generación T.Real importación Andorra,<p>Importación medida en tiempo real desde Andorra.</p> <p><b>Publicación:</b> cada 10 minutos con la información de las tres últimas horas del día D-1 hasta la hora actual del día D.</p>,D+1
2074,programa,Generación T.Real importación Marruecos,<p>Importación medida en tiempo real desde Marruecos.</p> <p><b>Publicación:</b> cada 10 minutos con la información de las tres últimas horas del día D-1 hasta la hora actual del día D.</p>,D+1
2075,programa,Generación T.Real importación Portugal,<p>Importación medida en tiempo real desde Portugal.</p> <p><b>Publicación:</b> cada 10 minutos con la información de las tres últimas horas del día D-1 hasta la hora actual del día D.</p>,D+1
2076,programa,Generación T.Real importación Francia,<p>Importación medida en tiempo real desde Francia.</p> <p><b>Publicación:</b> cada 10 minutos con la información de las tres últimas horas del día D-1 hasta la hora actual del día D.</p>,D+1
2077,programa,Generación T.Real importación total,<p>Importación total medida en tiempo real.</p> <p><b>Publicación:</b> cada 10 minutos con la información de las tres últimas horas del día D-1 hasta la hora actual del día D.</p>,D+1
2078,programa,Generación T.Real consumo bombeo,<p>Consumo medido en tiempo real del tipo de producción por bombeo.</p> <p><b>Publicación:</b> cada 10 minutos con la información de las tres últimas horas del día D-1 hasta la hora actual del día D.</p>,D+1
2079,programa,Generación T.Real turbinación bombeo,<p>Generación medida en tiempo real del tipo de producción por turbinación de bombeo.</p><p><b>Publicación:</b> cada 10 minutos con la información de las tres últimas horas del día D-1 hasta la hora actual del día D.</p>,D+1
2080,programa,Generación T.Real generación hidráulica,<p>Generación medida en tiempo real del tipo de producción hidráulica.</p> <p><b>Publicación:</b> cada 10 minutos con la información de las tres últimas horas del día D-1 hasta la hora actual del día D.</p>,D+1
2081,programa,Generación T.Real consumo bombeo para sistemas no peninsulares,<p>Consumo medido en tiempo real del tipo de producción por bombeo en los sistemas no peninsulares.</p><p><b>Publicación:</b> cada 10 minutos con la información de las tres últimas horas del día D-1 hasta la hora actual del día D.</p>,D+1
2082,programa,Generación T.Real turbinación bombeo para sistemas no peninsulares,<p>Generación medida en tiempo real del tipo de producción por turbinación de bombeo en los sistemas no peninsulares.</p><p><b>Publicación:</b> cada 10 minutos con la información de las tres últimas horas del día D-1 hasta la hora actual del día D.</p>,D+1
2083,programa,Generación T.Real generación hidráulica para sistemas no peninsulares,<p>Generación medida en tiempo real del tipo de producción hidráulica en los sistemas no peninsulares.</p><p><b>Publicación:</b> cada 10 minutos con la información de las tres últimas horas del día D-1 hasta la hora actual del día D.</p>,D+1
2084,programa,Generación T.Real enlace Lanzarote-Fuerteventura para sistemas no peninsulares,<p>Generación medida en tiempo real en el enlace Lanzarote-Fuerteventura en los sistemas no peninsulares.</p> <p><b>Publicación:</b> cada 10 minutos con la información de las tres últimas horas del día D-1 hasta la hora actual del día D.</p>,D+1
2102,programa,Rentas de congestión mecanismos implícitos intradiario 1 Francia importación,<p>Con fecha 13/06/2024 se realizó la puesta en servicio de las subastas implícitas intradiarias europeas. Estas subastas asignan capacidad de intercambio en las interconexiones FR-ES y PT-ES de manera equivalente al acoplamiento de mercados diarios (casación simultánea de ofertas de compra y venta,D+1
2103,programa,Rentas de congestión mecanismos implícitos intradiario 2 Francia importación,<p>Con fecha 13/06/2024 se realizó la puesta en servicio de las subastas implícitas intradiarias europeas. Estas subastas asignan capacidad de intercambio en las interconexiones FR-ES y PT-ES de manera equivalente al acoplamiento de mercados diarios (casación simultánea de ofertas de compra y venta,D+1
2104,programa,Rentas de congestión mecanismos implícitos intradiario 3 Francia importación,<p>Con fecha 13/06/2024 se realizó la puesta en servicio de las subastas implícitas intradiarias europeas. Estas subastas asignan capacidad de intercambio en las interconexiones FR-ES y PT-ES de manera equivalente al acoplamiento de mercados diarios (casación simultánea de ofertas de compra y venta,D+1
2105,programa,Rentas de congestión mecanismos implícitos intradiario 1 Francia exportación,<p>Con fecha 13/06/2024 se realizó la puesta en servicio de las subastas implícitas intradiarias europeas. Estas subastas asignan capacidad de intercambio en las interconexiones FR-ES y PT-ES de manera equivalente al acoplamiento de mercados diarios (casación simultánea de ofertas de compra y venta,D+1
2106,programa,Rentas de congestión mecanismos implícitos intradiario 2 Francia exportación,<p>Con fecha 13/06/2024 se realizó la puesta en servicio de las subastas implícitas intradiarias europeas. Estas subastas asignan capacidad de intercambio en las interconexiones FR-ES y PT-ES de manera equivalente al acoplamiento de mercados diarios (casación simultánea de ofertas de compra y venta,D+1
2107,programa,Rentas de congestión mecanismos implícitos intradiario 3 Francia exportación,<p>Con fecha 13/06/2024 se realizó la puesta en servicio de las subastas implícitas intradiarias europeas. Estas subastas asignan capacidad de intercambio en las interconexiones FR-ES y PT-ES de manera equivalente al acoplamiento de mercados diarios (casación simultánea de ofertas de compra y venta,D+1
2108,programa,Término de ajuste de mercados a plazo,<p>Concepto que forma parte del término de facturación de energía activa del PVPC que es el precio horario del término de energía que se aplican en la factura eléctrica de los consumidores con una potencia contratada no superior a 10 kW y que estén acogidos al PVPC (Precio Voluntario para el Pequeño,D+1
2109,programa,Programa de apoyo de emergencia Francia importación,<p>Apoyo establecido bajo la demanda del sistema que necesita asistencia para resolver una situación de emergencia cuando no hay otros medios disponibles.</p> <p>La programación de los intercambios de apoyo se articula mediante acuerdos específicos entre los sistemas que comparten la interconexión.,D+1
2110,programa,Programa de apoyo de emergencia Francia exportación,<p>Apoyo establecido bajo la demanda del sistema que necesita asistencia para resolver una situación de emergencia cuando no hay otros medios disponibles.</p> <p>La programación de los intercambios de apoyo se articula mediante acuerdos específicos entre los sistemas que comparten la interconexión.,D+1
2111,programa,Programa de apoyo de emergencia Portugal importación,<p>Apoyo establecido bajo la demanda del sistema que necesita asistencia para resolver una situación de emergencia cuando no hay otros medios disponibles.</p> <p>La programación de los intercambios de apoyo se articula mediante acuerdos específicos entre los sistemas que comparten la interconexión.,D+1
2112,programa,Programa de apoyo de emergencia Portugal exportación,<p>Apoyo establecido bajo la demanda del sistema que necesita asistencia para resolver una situación de emergencia cuando no hay otros medios disponibles.</p> <p>La programación de los intercambios de apoyo se articula mediante acuerdos específicos entre los sistemas que comparten la interconexión.,D+1
2113,programa,Programa de apoyo de emergencia Marruecos importación,<p>Apoyo establecido bajo la demanda del sistema que necesita asistencia para resolver una situación de emergencia cuando no hay otros medios disponibles.</p> <p>La programación de los intercambios de apoyo se articula mediante acuerdos específicos entre los sistemas que comparten la interconexión.,D+1
2114,programa,Programa de apoyo de emergencia Marruecos exportación,<p>Apoyo establecido bajo la demanda del sistema que necesita asistencia para resolver una situación de emergencia cuando no hay otros medios disponibles.p> <p>La programación de los intercambios de apoyo se articula mediante acuerdos específicos entre los sistemas que comparten la interconexión. Ta,D+1
2115,programa,Programa de apoyo de emergencia Andorra importación,<p>Apoyo establecido bajo la demanda del sistema que necesita asistencia para resolver una situación de emergencia cuando no hay otros medios disponibles.</p> <p>La programación de los intercambios de apoyo se articula mediante acuerdos específicos entre los sistemas que comparten la interconexión.,D+1
2116,programa,Programa de apoyo de emergencia Andorra exportación,<p>Apoyo establecido bajo la demanda del sistema que necesita asistencia para resolver una situación de emergencia cuando no hay otros medios disponibles.</p> <p>La programación de los intercambios de apoyo se articula mediante acuerdos específicos entre los sistemas que comparten la interconexión.,D+1
2117,prevision,Capacidad de intercambio comercial prevista en la interconexión con Francia horizonte intradiario importación,"<p>M&aacute;ximo valor admisible del programa de intercambio de energ&iacute;a entre dos sistemas el&eacute;ctricos interconectados, compatible con el cumplimiento de los criterios de seguridad y con las posibles incertidumbres t&eacute;cnicas sobre las condiciones futuras de funcionamiento.</p>",prevista
2118,prevision,Capacidad de intercambio comercial prevista en la interconexión con Francia horizonte intradiario exportación,"<p>M&aacute;ximo valor admisible del programa de intercambio de energ&iacute;a entre dos sistemas el&eacute;ctricos interconectados, compatible con el cumplimiento de los criterios de seguridad y con las posibles incertidumbres t&eacute;cnicas sobre las condiciones futuras de funcionamiento.</p>",prevista
2119,prevision,Capacidad de intercambio comercial prevista en la interconexión con Portugal horizonte intradiario importación,"<p>M&aacute;ximo valor admisible del programa de intercambio de energ&iacute;a entre dos sistemas el&eacute;ctricos interconectados, compatible con el cumplimiento de los criterios de seguridad y con las posibles incertidumbres t&eacute;cnicas sobre las condiciones futuras de funcionamiento.</p>",prevista
2120,prevision,Capacidad de intercambio comercial prevista en la interconexión con Portugal horizonte intradiario exportación,"<p>M&aacute;ximo valor admisible del programa de intercambio de energ&iacute;a entre dos sistemas el&eacute;ctricos interconectados, compatible con el cumplimiento de los criterios de seguridad y con las posibles incertidumbres t&eacute;cnicas sobre las condiciones futuras de funcionamiento.</p>",prevista
2127,prevision,Coste de reserva de regulación secundaria a bajar,"<p>La regulación secundaria es un servicio complementario de carácter potestativo que tiene por objeto el mantenimiento del equilibrio generación-demanda, corrigiendo los desvíos respecto a los programas de intercambio previstos en la interconexión España-Francia, y las desviaciones de la frecuencia",previsto
2129,prevision,Coste asignación de reserva de regulación secundaria a bajar,"<p>La regulación secundaria es un servicio complementario de carácter potestativo que tiene por objeto el mantenimiento del equilibrio generación-demanda, corrigiendo los desvíos respecto a los programas de intercambio previstos en la interconexión España-Francia, y las desviaciones de la frecuencia",previsto
2130,prevision,Precio Reserva de regulación secundaria a subir,"<p>La regulación secundaria es un servicio complementario de carácter potestativo que tiene por objeto el mantenimiento del equilibrio generación-demanda, corrigiendo los desvíos respecto a los programas de intercambio previstos en la interconexión España-Francia, y las desviaciones de la frecuencia",previsto
2131,programa,Generación programada P48 Hibridación,<p>Energía correspondiente al programa operativo que el OS establece en cada período hasta el final del horizonte de programación diario.</p><p>En concreto este indicador se refiere a las unidades de programación con tipo de producción Hibridación.</p><p><b>Publicación:</b> cada hora en torno al min,D+1
2132,programa,Generación programada PBF Hibridación,<p>Energía correspondiente al programa operativo que el OS establece en cada período hasta el final del horizonte de programación diario.</p><p>En concreto este indicador se refiere a las unidades de programación con tipo de producción Hibridación.</p><p><b>Publicación:</b> cada hora en torno al min,D+1
2133,programa,Generación programada PHF1 Hibridación,<p>Energía correspondiente al programa operativo que el OS establece en cada período hasta el final del horizonte de programación diario.</p><p>En concreto este indicador se refiere a las unidades de programación con tipo de producción Hibridación.</p><p><b>Publicación:</b> cada hora en torno al min,D+1
2134,programa,Generación programada PHF2 Hibridación,<p>Energía correspondiente al programa operativo que el OS establece en cada período hasta el final del horizonte de programación diario.</p><p>En concreto este indicador se refiere a las unidades de programación con tipo de producción Hibridación.</p><p><b>Publicación:</b> cada hora en torno al min,D+1
2135,programa,Generación programada PHF3 Hibridación,<p>Energía correspondiente al programa operativo que el OS establece en cada período hasta el final del horizonte de programación diario.</p><p>En concreto este indicador se refiere a las unidades de programación con tipo de producción Hibridación.</p><p><b>Publicación:</b> cada hora en torno al min,D+1
2136,programa,Generación programada PHF4 Hibridación,<p>Energía correspondiente al programa operativo que el OS establece en cada período hasta el final del horizonte de programación diario.</p><p>En concreto este indicador se refiere a las unidades de programación con tipo de producción Hibridación.</p><p><b>Publicación:</b> cada hora en torno al min,D+1
2137,programa,Generación programada PHF5 Hibridación,<p>Energía correspondiente al programa operativo que el OS establece en cada período hasta el final del horizonte de programación diario.</p><p>En concreto este indicador se refiere a las unidades de programación con tipo de producción Hibridación.</p><p><b>Publicación:</b> cada hora en torno al min,D+1
2138,programa,Generación programada PHF6 Hibridación,<p>Energía correspondiente al programa operativo que el OS establece en cada período hasta el final del horizonte de programación diario.</p><p>En concreto este indicador se refiere a las unidades de programación con tipo de producción Hibridación.</p><p><b>Publicación:</b> cada hora en torno al min,D+1
2139,programa,Generación programada PHF7 Hibridación,<p>Energía correspondiente al programa operativo que el OS establece en cada período hasta el final del horizonte de programación diario.</p><p>En concreto este indicador se refiere a las unidades de programación con tipo de producción Hibridación.</p><p><b>Publicación:</b> cada hora en torno al min,D+1
2140,programa,Generación programada PHFC Hibridación,<p>Energía correspondiente al programa operativo que el OS establece en cada período hasta el final del horizonte de programación diario.</p><p>En concreto este indicador se refiere a las unidades de programación con tipo de producción Hibridación.</p><p><b>Publicación:</b> cada hora en torno al min,D+1
2141,programa,Generación programada PVP Hibridación,<p>Energía correspondiente al programa operativo que el OS establece en cada período hasta el final del horizonte de programación diario.</p><p>En concreto este indicador se refiere a las unidades de programación con tipo de producción Hibridación.</p><p><b>Publicación:</b> cada hora en torno al min,D+1
2142,programa,Programa bilateral PBF Hibridación,"<p>Es el programa de energía diario, con desglose horario, de las diferentes Unidades de Programación correspondientes a ventas y adquisiciones de energía en el sistema eléctrico peninsular español. </p><p>En concreto este indicador se refiere a las unidades de programación con tipo de producción Ca",D+1
2207,prevision,Necesidad de energía de regulación secundaria subir en el sepe,"<p>La regulación secundaria es un servicio complementario de carácter potestativo que tiene por objeto el mantenimiento del equilibrio generación-demanda, corrigiendo los desvíos respecto a los programas de intercambio previstos en la interconexión España-Francia, y las desviaciones de la frecuencia",previsto
2208,prevision,Necesidad de energía de regulación secundaria bajar en el sepe,"<p>La regulación secundaria es un servicio complementario de carácter potestativo que tiene por objeto el mantenimiento del equilibrio generación-demanda, corrigiendo los desvíos respecto a los programas de intercambio previstos en la interconexión España-Francia, y las desviaciones de la frecuencia",previsto
2344,programa,Generación T.Real Turbina de vapor,<p>Consumo medido en tiempo real del tipo de producción por Turbina de vapor.</p> <p><b>Publicación:</b> cada 10 minutos con la información de las tres últimas horas del día D-1 hasta la hora actual del día D.</p>,D+1
2352,programa,Energía asignada por restricciones técnicas diario Fase I Subir RSI,<p>El Proceso de solución de restricciones técnicas del PDBF es el proceso llevado a cabo por el Operador del sistema con el objeto de resolver las restricciones técnicas identificadas en el Programa Diario Base de Funcionamiento mediante la modificación de los programas de las Unidades de Programac,D+1
2353,programa,Energía asignada por restricciones técnicas diario Fase I Bajar RSI,<p>El Proceso de solución de restricciones técnicas del PDBF es el proceso llevado a cabo por el Operador del sistema con el objeto de resolver las restricciones técnicas identificadas en el Programa Diario Base de Funcionamiento mediante la modificación de los programas de las Unidades de Programac,D+1
2367,prevision,Capacidad de intercambio prevista (NTC) con Francia horizonte anual importación,"<p>M&aacute;ximo valor admisible del programa de intercambio de energ&iacute;a entre dos sistemas el&eacute;ctricos interconectados, compatible con el cumplimiento de los criterios de seguridad y con las posibles incertidumbres t&eacute;cnicas sobre las condiciones futuras de funcionamiento.</p><p>E",prevista
2368,prevision,Capacidad de intercambio prevista (NTC) con Portugal horizonte anual importación,"<p>M&aacute;ximo valor admisible del programa de intercambio de energ&iacute;a entre dos sistemas el&eacute;ctricos interconectados, compatible con el cumplimiento de los criterios de seguridad y con las posibles incertidumbres t&eacute;cnicas sobre las condiciones futuras de funcionamiento.</p><p>E",prevista
2369,prevision,Capacidad de intercambio prevista (NTC) con Marruecos horizonte anual importación,"<p>M&aacute;ximo valor admisible del programa de intercambio de energ&iacute;a entre dos sistemas el&eacute;ctricos interconectados, compatible con el cumplimiento de los criterios de seguridad y con las posibles incertidumbres t&eacute;cnicas sobre las condiciones futuras de funcionamiento.</p><p>E",prevista
2370,prevision,Capacidad de intercambio prevista (NTC) con Andorra horizonte anual importación,"<p>M&aacute;ximo valor admisible del programa de intercambio de energ&iacute;a entre dos sistemas el&eacute;ctricos interconectados, compatible con el cumplimiento de los criterios de seguridad y con las posibles incertidumbres t&eacute;cnicas sobre las condiciones futuras de funcionamiento.</p><p>E",prevista
2371,prevision,Capacidad de intercambio prevista (NTC) con Francia horizonte anual exportación,"<p>M&aacute;ximo valor admisible del programa de intercambio de energ&iacute;a entre dos sistemas el&eacute;ctricos interconectados, compatible con el cumplimiento de los criterios de seguridad y con las posibles incertidumbres t&eacute;cnicas sobre las condiciones futuras de funcionamiento.</p><p>E",prevista
2372,prevision,Capacidad de intercambio prevista (NTC) con Portugal horizonte anual exportación,"<p>M&aacute;ximo valor admisible del programa de intercambio de energ&iacute;a entre dos sistemas el&eacute;ctricos interconectados, compatible con el cumplimiento de los criterios de seguridad y con las posibles incertidumbres t&eacute;cnicas sobre las condiciones futuras de funcionamiento.</p><p>E",prevista
2373,prevision,Capacidad de intercambio prevista (NTC) con Marruecos horizonte anual exportación,"<p>M&aacute;ximo valor admisible del programa de intercambio de energ&iacute;a entre dos sistemas el&eacute;ctricos interconectados, compatible con el cumplimiento de los criterios de seguridad y con las posibles incertidumbres t&eacute;cnicas sobre las condiciones futuras de funcionamiento.</p><p>E",prevista
2374,prevision,Capacidad de intercambio prevista (NTC) con Andorra horizonte anual exportación,"<p>M&aacute;ximo valor admisible del programa de intercambio de energ&iacute;a entre dos sistemas el&eacute;ctricos interconectados, compatible con el cumplimiento de los criterios de seguridad y con las posibles incertidumbres t&eacute;cnicas sobre las condiciones futuras de funcionamiento.</p><p>E",prevista
2375,programa,Precio medio cuarto horario componente control de tensión (demanda),<p>En este apartado se publica el precio final medio de la energía calculado según el criterio de la Resolución vigente.</p><p>En concreto este indicador se refiere a la componente de control de tensión (demanda) del precio medio ponderado cuarto horario de la energía para todos los tipos de consumi,D+1
2376,programa,Precio medio cuarto horario componente control de tensión (demanda) comercializadores de referencia,<p>En este apartado se publica el precio final medio de la energía calculado según el criterio de la Resolución vigente.</p><p>En concreto este indicador se refiere a la componente de control de tensión (demanda) del precio medio ponderado cuarto horario de la energía para el tipo de consumidor come,D+1
2377,programa,Precio medio cuarto horario componente control de tensión (demanda) contratación libre,<p>En este apartado se publica el precio final medio de la energía calculado según el criterio de la Resolución vigente.</p><p>En concreto este indicador se refiere a la componente de control de tensión (demanda) del precio medio ponderado cuarto horario de la energía para el tipo de consumidor de c,D+1
2378,programa,Precio medio cuarto horario componente servicio de respuesta activa energía activada,<p>En este apartado se publica el precio final medio de la energía calculado según el criterio de la Resolución vigente.</p><p>En concreto este indicador se refiere a la componente servicio de respuesta activa (energía activada) del precio medio ponderado cuarto horario de la energía para todos los,D+1
2379,programa,Precio medio cuarto horario componente servicio de respuesta activa energía activada comercializadores de referencia,<p>En este apartado se publica el precio final medio de la energía calculado según el criterio de la Resolución vigente.</p><p>En concreto este indicador se refiere a la componente servicio de respuesta activa (energía activada) del precio medio ponderado cuarto horario de la energía para el tipo de,D+1
2380,programa,Precio medio cuarto horario componente servicio de respuesta activa energía activada contratación libre,<p>En este apartado se publica el precio final medio de la energía calculado según el criterio de la Resolución vigente.</p><p>En concreto este indicador se refiere a la componente servicio de respuesta activa (energía activada) del precio medio ponderado cuarto horario de la energía para el tipo de,D+1
2381,programa,Precio medio cuarto horario componente servicio de respuesta activa potencia asignada,<p>En este apartado se publica el precio final medio de la energía calculado según el criterio de la Resolución vigente.</p><p>En concreto este indicador se refiere a la componente servicio de respuesta activa (potencia asignada) del precio medio ponderado cuarto horario de la energía para todos los,D+1
2382,programa,Precio medio cuarto horario componente servicio de respuesta activa potencia asignada comercializadores de referencia,<p>En este apartado se publica el precio final medio de la energía calculado según el criterio de la Resolución vigente.</p><p>En concreto este indicador se refiere a la componente servicio de respuesta activa (potencia asignada) del precio medio ponderado cuarto horario de la energía para el tipo d,D+1
2383,programa,Precio medio cuarto horario componente servicio de respuesta activa potencia asignada contratación libre,<p>En este apartado se publica el precio final medio de la energía calculado según el criterio de la Resolución vigente.</p><p>En concreto este indicador se refiere a la componente servicio de respuesta activa (potencia asignada) del precio medio ponderado cuarto horario de la energía para el tipo d,D+1
2384,programa,Precio medio cuarto horario componente servicio de respuesta activa incumplimiento potencia asignada,<p>En este apartado se publica el precio final medio de la energía calculado según el criterio de la Resolución vigente.</p><p>En concreto este indicador se refiere a la componente servicio de respuesta activa (incumplimiento de potencia asignada) del precio medio ponderado cuarto horario de la ener,D+1
2385,programa,Precio medio cuarto horario componente servicio de RAD incumplimiento potencia asignada comercializadores de referencia,<p>En este apartado se publica el precio final medio de la energía calculado según el criterio de la Resolución vigente.</p><p>En concreto este indicador se refiere a la componente servicio de respuesta activa (incumplimiento de potencia asignada) del precio medio ponderado cuarto horario de la ener,D+1
2386,programa,Precio medio cuarto horario componente servicio de respuesta activa incumplimiento potencia asignada contratación libre,<p>En este apartado se publica el precio final medio de la energía calculado según el criterio de la Resolución vigente.</p><p>En concreto este indicador se refiere a la componente servicio de respuesta activa (incumplimiento de potencia asignada) del precio medio ponderado cuarto horario de la ener,D+1
2387,programa,Precio medio cuarto horario componente servicio de respuesta activa incumplimiento energía activada,<p>En este apartado se publica el precio final medio de la energía calculado según el criterio de la Resolución vigente.</p><p>En concreto este indicador se refiere a la componente servicio de respuesta activa (incumplimiento energía activada) del precio medio ponderado cuarto horario de la energía,D+1
2388,programa,Precio medio cuarto horario componente servicio de RAD incumplimiento energía activada comercializadores de referencia,<p>En este apartado se publica el precio final medio de la energía calculado según el criterio de la Resolución vigente.</p><p>En concreto este indicador se refiere a la componente servicio de respuesta activa (incumplimiento energía activada) del precio medio ponderado cuarto horario de la energía,D+1
2389,programa,Precio medio cuarto horario componente servicio de respuesta activa incumplimiento energía activada contratación libre,<p>En este apartado se publica el precio final medio de la energía calculado según el criterio de la Resolución vigente.</p><p>En concreto este indicador se refiere a la componente servicio de respuesta activa (incumplimiento energía activada) del precio medio ponderado cuarto horario de la energía,D+1
2390,programa,Precio medio cuarto horario componente intercambios apoyo con precio,<p>En este apartado se publica el precio final medio de la energía calculado según el criterio de la Resolución vigente.</p><p>En concreto este indicador se refiere a la componente intercambios apoyo con precio del precio medio ponderado cuarto horario de la energía para todos los tipos de consumido,D+1
2391,programa,Precio medio cuarto horario componente intercambios apoyo con precio comercializadores de referencia,<p>En este apartado se publica el precio final medio de la energía calculado según el criterio de la Resolución vigente.</p><p>En concreto este indicador se refiere a la componente intercambios apoyo con precio del precio medio ponderado cuarto horario de la energía para el tipo de consumidor comerc,D+1
2392,programa,Precio medio cuarto horario componente intercambios apoyo con precio contratación libre,<p>En este apartado se publica el precio final medio de la energía calculado según el criterio de la Resolución vigente.</p><p>En concreto este indicador se refiere a la componente intercambios apoyo con precio del precio medio ponderado cuarto horario de la energía para el tipo de consumidor de con,D+1
2393,programa,Precio medio cuarto horario componente coste a BRP servicio de respuesta activa,<p>En este apartado se publica el precio final medio de la energía calculado según el criterio de la Resolución vigente.</p><p>En concreto este indicador se refiere a la componente coste a BRP servicio de respuesta activa del precio medio ponderado cuarto horario de la energía para todos los tipos d,D+1
2394,programa,Precio medio cuarto horario componente coste a BRP servicio de respuesta activa comercializadores de referencia,<p>En este apartado se publica el precio final medio de la energía calculado según el criterio de la Resolución vigente.</p><p>En concreto este indicador se refiere a la componente coste a BRP servicio de respuesta activa del precio medio ponderado cuarto horario de la energía para el tipo de consum,D+1
2395,programa,Precio medio cuarto horario componente coste a BRP servicio de respuesta activa contratación libre,<p>En este apartado se publica el precio final medio de la energía calculado según el criterio de la Resolución vigente.</p><p>En concreto este indicador se refiere a la componente coste a BRP servicio de respuesta activa del precio medio ponderado cuarto horario de la energía para el tipo de consum,D+1
2396,programa,Precio medio cuarto horario componente incumplimiento aFRR,<p>En este apartado se publica el precio final medio de la energía calculado según el criterio de la Resolución vigente.</p><p>En concreto este indicador se refiere a la componente incumplimiento aFRR del precio medio ponderado cuarto horario de la energía para todos los tipos de consumidores.</p><p,D+1
2397,programa,Precio medio cuarto horario componente incumplimiento aFRR comercializadores de referencia,<p>En este apartado se publica el precio final medio de la energía calculado según el criterio de la Resolución vigente.</p><p>En concreto este indicador se refiere a la componente incumplimiento aFRR del precio medio ponderado cuarto horario de la energía para el tipo de consumidor comercializadore,D+1
2398,programa,Precio medio cuarto horario componente incumplimiento aFRR contratación libre,<p>En este apartado se publica el precio final medio de la energía calculado según el criterio de la Resolución vigente.</p><p>En concreto este indicador se refiere a la componente incumplimiento aFRR del precio medio ponderado cuarto horario de la energía para el tipo de consumidor de contratación,D+1
2399,programa,Precio medio cuarto horario componente control de tensión (coste),<p>En este apartado se publica el precio final medio de la energía calculado según el criterio de la Resolución vigente.</p><p>En concreto este indicador se refiere a la componente control de tensión (coste) del precio medio ponderado cuarto horario de la energía para todos los tipos de consumidores,D+1
2400,programa,Precio medio cuarto horario componente control de tensión (coste) comercializadores de referencia,<p>En este apartado se publica el precio final medio de la energía calculado según el criterio de la Resolución vigente.</p><p>En concreto este indicador se refiere a la componente control de tensión (coste) del precio medio ponderado cuarto horario de la energía para el tipo de consumidor comercial,D+1
2401,programa,Precio medio cuarto horario componente control de tensión (coste) contratación libre,<p>En este apartado se publica el precio final medio de la energía calculado según el criterio de la Resolución vigente.</p><p>En concreto este indicador se refiere a la componente control de tensión (coste) del precio medio ponderado cuarto horario de la energía para el tipo de consumidor de contra,D+1
2402,programa,Precio medio cuarto horario componente régimen económico de energías renovables,<p>En este apartado se publica el precio final medio de la energía calculado según el criterio de la Resolución vigente.</p><p>En concreto este indicador se refiere a la componente régimen económico de energías renovables del precio medio ponderado cuarto horario de la energía para todos los tipos d,D+1
2403,programa,Precio medio cuarto horario componente régimen económico de energías renovables comercializadores de referencia,<p>En este apartado se publica el precio final medio de la energía calculado según el criterio de la Resolución vigente.</p><p>En concreto este indicador se refiere a la componente régimen económico de energías renovables del precio medio ponderado cuarto horario de la energía para el tipo de consum,D+1
2404,programa,Precio medio cuarto horario componente régimen económico de energías renovables contratación libre,<p>En este apartado se publica el precio final medio de la energía calculado según el criterio de la Resolución vigente.</p><p>En concreto este indicador se refiere a la componente régimen económico de energías renovables del precio medio ponderado cuarto horario de la energía para el tipo de consum,D+1
2528,programa,Perfil final de consumo E,"Perfiles de consumo a efectos de facturación del PVPC Tarifa 2.0 GENERAL BAJA TENSIÓN, POTENCIA INFERIOR A 15 kW",D+1
2529,programa,Perfil final de consumo F,"Perfiles de consumo a efectos de facturación del PVPC Tarifa 3.0 GENERAL BAJA TENSIÓN, POTENCIA SUPERIOR 15 kW PARA VEHÍCULO ELÉCTRICO",D+1
2530,programa,Perfil final de consumo G,"Perfiles de consumo a efectos de facturación del PVPC Tarifa 3.0 GENERAL BAJA TENSIÓN, POTENCIA SUPERIOR A 15 kW",D+1
2531,programa,"Demanda medida tarifa de acceso 3.0.TDVE GENERAL BAJA TENSIÓN, POTENCIA SUPERIOR 15 kW PARA VEHÍCULO ELÉCTRICO",,D+1
2532,programa,"Demanda medida tarifa de acceso 3.0.TD GENERAL BAJA TENSIÓN, POTENCIA SUPERIOR A 15 kW",,D+1
2533,programa,Demanda medida tarifa de acceso 6.1.TDVE  - Tarifa 6.1A para vehículo eléctrico,,D+1
2535,programa,"Nº de Clientes > 450 kW tarifa de acceso 3.0.TDVE GENERAL BAJA TENSIÓN, POTENCIA SUPERIOR 15 kW PARA VEHÍCULO ELÉCTRICO",,D+1
2536,programa,"Nº de Clientes > 450 kW tarifa de acceso 3.0.TD GENERAL BAJA TENSIÓN, POTENCIA SUPERIOR A 15 kW",,D+1
2537,programa,Nº de Clientes > 450 kW tarifa de acceso 6.1.TDVE  - Tarifa 6.1A para vehículo eléctrico,,D+1
2563,prevision,Previsión diaria de la demanda eléctrica peninsular en el mercado,"<p>Es la previsión de consumo que Red Eléctrica elabora teniendo en cuenta los valores de consumo registrados en periodos precedentes similares, así como otros factores con influencia en el consumo eléctrico como la laboralidad, la climatología y la actividad económica.</p>
<p><strong>Importante:</",previsión
10001,programa,Potencia disponible de generación total horizonte horario,"<p>Calculada como el sumatorio de las potencias disponibles de generaci&oacute;n convencional de horizonte horario.</p>

<p>Para visualizar su composici&oacute;n por favor seleccione Desglose en la opci&oacute;n Comparar con.</p>

<p>La potencia disponible se propaga hasta el final del horizonte",H+3
10003,programa,Potencia instalada total de generación convencional,"<p>Potencia instalada de generaci&oacute;n convencional. Es la que resulta aprobada por Resoluci&oacute;n de la Direcci&oacute;n General de Pol&iacute;tica Energ&eacute;tica y Minas para cada instalaci&oacute;n. Este valor, una vez comunicado a REE, es registrado en el sistema e&middot;sios. La pote",H+3
10004,programa,Demanda real suma de generación,<p>Es el sumatorio de la medida en tiempo real para los distintos tipos de producción.</p><p>El desglose de este indicador proporciona los MW generados por cada tipo de producción medidos en tiempo real.</p><p><b>Publicación:</b> cada 10 minutos con la información de los 10 minutos anteriores.</p>,D+1
10006,programa,Generación libre de CO2,<p>Generación medida en tiempo real cuyos tipos de producción no emiten CO2.</p><p>El desglose de este indicador detalla los MW generados en los distintos tipos de producción libres de CO2.</p><p><b>Publicación:</b> cada 10 minutos con la información de los 10 minutos anteriores.</p>,D+1
10008,programa,Generación programada P48 Carbón,<p>Energía correspondiente al programa operativo que el OS establece en cada período hasta el final del horizonte de programación diario.</p><p>Su desglose muestra la energía programada por tipo de producción del Carbón.</p><p><b>Publicación:</b> cada hora en torno al minuto 15 con la información de,D+1
10009,programa,Generación programada P48 Fuel-Gas,<p>Energía correspondiente al programa operativo que el OS establece en cada período hasta el final del horizonte de programación diario.</p><p>Su desglose muestra la energía programada por tipo de producción Fuel-Gas.</p><p><b>Publicación:</b> cada hora en torno al minuto 15 con la información del,D+1
10010,programa,Generación programada P48 Eólica,<p>Energía correspondiente al programa operativo que el OS establece en cada período hasta el final del horizonte de programación diario.</p><p>Su desglose muestra la energía programada por tipo de producción de Eólica.</p><p><b>Publicación:</b> cada hora en torno al minuto 15 con la información del,D+1
10011,programa,Generación programada P48 Cogeneración,<p>Energía correspondiente al programa operativo que el OS establece en cada período hasta el final del horizonte de programación diario.</p><p>Su desglose muestra la energía programada por tipo de producción de la  Cogeneración.</p><p><b>Publicación:</b> cada hora en torno al minuto 15 con la infor,D+1
10012,programa,Generación programada P48 Residuos no renovables,<p>Energía correspondiente al programa operativo que el OS establece en cada período hasta el final del horizonte de programación diario.</p><p>Su desglose muestra la energía programa por tipo de producción  de los Residuos no renovables.</p><p><b>Publicación:</b> cada hora en torno al minuto 15 con,D+1
10013,programa,Generación programada P48 otras renovables,<p>Energía correspondiente al programa operativo que el OS establece en cada período hasta el final del horizonte de programación diario.</p><p>Su desglose muestra la energía programada por tipo de producción de otras renovables.</p><p><b>Publicación:</b> cada hora en torno al minuto 15 con la infor,D+1
10014,programa,Generación programada P48 Saldo Portugal,<p>Energía correspondiente al programa operativo que el OS establece en cada período hasta el final del horizonte de programación diario.</p><p>En concreto este indicador se refiere al saldo resultante en la interconexión con Portugal.</p><p>Su desglose muestra la energía programada de exportaciones,D+1
10015,programa,Generación programada P48 Saldo Francia,<p>Energía correspondiente al programa operativo que el OS establece en cada período hasta el final del horizonte de programación diario.</p><p>En concreto este indicador se refiere al saldo resultante en la interconexión con Francia.</p><p>Su desglose muestra la energía programada de exportaciones,D+1
10016,programa,Generación programada P48 Saldo Marruecos,<p>Energía correspondiente al programa operativo que el OS establece en cada período hasta el final del horizonte de programación diario.</p><p>En concreto este indicador se refiere al saldo resultante en la interconexión con Marruecos.</p><p>Su desglose muestra la energía programada de exportacione,D+1
10017,programa,Generación programada P48 Saldo Andorra,<p>Energía correspondiente al programa operativo que el OS establece en cada período hasta el final del horizonte de programación diario.</p><p>En concreto este indicador se refiere al saldo resultante en la interconexión con Andorra.</p><p>Su desglose muestra la energía programada de exportaciones,D+1
10018,programa,Capacidad de intercambio disponible (ATC) tras la programación con Portugal importación,"<p>Capacidad de intercambio disponible tras los procesos de asignaci&oacute;n de capacidad previos.</p><p>El proceso de programaci&oacute;n se recoge en la en el P.O.3.1</p><p>El desglose de este indicador detalla, en [MW] para cada hora, los programas de importaci&oacute;n y exportaci&oacute;n, as&",D+1
10019,programa,Capacidad de intercambio disponible (ATC) tras la programación con Portugal exportación,"<p>Capacidad de intercambio disponible tras los procesos de asignaci&oacute;n de capacidad previos.</p><p>El proceso de programaci&oacute;n se recoge en la en el P.O.-3.1</p><p>El desglose de este indicador detalla, en [MW] para cada hora, los programas de importaci&oacute;n y exportaci&oacute;n, as",D+1
10020,programa,Capacidad de intercambio disponible (ATC) tras la programación con Marruecos importación,"<p>Capacidad de intercambio disponible tras los procesos de asignaci&oacute;n de capacidad previos.</p><p>El proceso de programaci&oacute;n se recoge en la en el P.O.-3.1</p><p>El desglose de este indicador detalla, en [MW] para cada hora, los programas de importaci&oacute;n y exportaci&oacute;n, as",D+1
10021,programa,Capacidad de intercambio disponible (ATC) tras la programación con Marruecos exportación,"<p>Capacidad de intercambio disponible tras los procesos de asignaci&oacute;n de capacidad previos.</p><p>El proceso de programaci&oacute;n se recoge en la en el P.O.-3.1</p><p>El desglose de este indicador detalla, en [MW] para cada hora, los programas de importaci&oacute;n y exportaci&oacute;n, as",D+1
10022,programa,Capacidad de intercambio disponible (ATC) tras la programación con Andorra importación,"<p>Capacidad de intercambio disponible tras los procesos de asignaci&oacute;n de capacidad previos.</p><p>El proceso de programaci&oacute;n se recoge en la en el P.O.-3.1</p><p>El desglose de este indicador detalla, en [MW] para cada hora, los programas de importaci&oacute;n y exportaci&oacute;n, as",D+1
10023,programa,Capacidad de intercambio disponible (ATC) tras la programación con Andorra exportación,"<p>Capacidad de intercambio disponible tras los procesos de asignaci&oacute;n de capacidad previos.</p><p>El proceso de programaci&oacute;n se recoge en la en el P.O.-3.1</p><p>El desglose de este indicador detalla, en [MW] para cada hora, los programas de importaci&oacute;n y exportaci&oacute;n, as",D+1
10024,programa,Generación programada + Almacenamiento + Cable Baleares P48,"<p>Energía correspondiente al programa operativo que el OS establece en cada período hasta el final del horizonte de programación diario.</p><p>Su desglose mostrará la energía programada de todos los tipos de unidades de generación, consumo bombeo y del cable Baleares.</p><p><b>Publicación:</b> cada",D+1
10025,programa,Ajuste de programas p48,<p>Energía correspondiente al programa operativo que el OS establece en cada período hasta el final del horizonte de programación diario.</p><p>El desglose de este indicador muestra la energía programada para los conceptos Corrección eólica y Corrección solar fotovoltaica. Sólo tiene valores para el,D+1
10026,programa,Saldo total interconexiones programa p48,"<p>Energ&iacute;a correspondiente al programa operativo que el OS establece en cada per&iacute;odo hasta el final del horizonte de programaci&oacute;n diario.</p><p>El proceso de programaci&oacute;n se recoge en el P.O.3.1</p><p>Su desglose muestra el balance, en [MWh], entre la energ&iacute;a progr",D+1
10027,programa,Demanda programada P48 total,<p>Energía correspondiente al programa operativo que el OS establece en cada período hasta el final del horizonte de programación diario.</p><p>Su desglose mostrará la energía programada de todos los tipos de oferta de demanda.</p><p><b>Publicación:</b> cada hora en torno al minuto 15 con la informa,D+1
10028,programa,Energía horaria final contratación libre cuota,"<p>Cumpliendo con lo especificado en la disposición adicional quinta de la Orden ITC/1659/2009, en este apartado se publica el coste final de la energía, así como los componentes del precio final, en agregado y para cada tipo de consumidor.</p><p>En concreto este indicador se refiere al porcentaje d",D+1
10029,programa,Energía horaria final contratación CUR cuota,"<p>Cumpliendo con lo especificado en la disposición adicional quinta de la Orden ITC/1659/2009, en este apartado se publica el coste final de la energía, así como los componentes del precio final, en agregado y para cada tipo de consumidor.</p><p>En concreto este indicador se refiere al porcentaje d",D+1
10033,programa,Porcentaje de generación libre de CO2,<p>Porcentaje de generación medida en tiempo real cuyos tipos de producción no emiten CO2 con respecto al total de generación medida en tiempo real.</p><p><b>Publicación:</b> cada 10 minutos.</p>,D+1
10034,prevision,Generación prevista Solar,<p>Previsión horaria de generación de energía solar recibida de los Modelos de Predicción.</p><p>El desglose de este indicador muestra el detalle de las previsión de energía solar térmica y fotovoltaica.</p><p><b>Publicación:</b> cada hora con la información del día D desde la hora H+1 hasta el fina,previsión
10035,programa,Generación medida Hidráulica,<p>Medidas de la generación según el tipo de producción utilizado.</p><p>El desglose de este indicador proporciona las medidas de generación de los distintos tipos de producción de hidráulica. Este indicador se puede desglosar por provincias.</p><p><b>Publicación:</b> diariamente cada vez que llegue,D+1
10036,programa,Generación medida Carbón,<p>Medidas de la generación según el tipo de producción utilizado.</p><p>El desglose de este indicador proporciona las medidas de generación de los distintos tipos de producción de carbón. Este indicador se puede desglosar por provincias.</p><p><b>Publicación:</b> diariamente cada vez que lleguen nu,D+1
10037,programa,Generación medida Eólica,<p>Medidas de la generación según el tipo de producción utilizado.</p><p>El desglose de este indicador proporciona las medidas de generación de los distintos tipos de producción de eólica. Este indicador se puede desglosar por provincias.</p><p><b>Publicación:</b> diariamente cada vez que lleguen nu,D+1
10038,programa,Generación medida Fuel-gas,<p>Medidas de la generación según el tipo de producción utilizado.</p><p>El desglose de este indicador proporciona las medidas de generación de los distintos tipos de producción de fuel y gas. Este indicador se puede desglosar por provincias.</p><p><b>Publicación:</b> diariamente cada vez que llegue,D+1
10039,programa,Generación medida cogeneración,<p>Medidas de la generación según el tipo de producción utilizado.</p><p>El desglose de este indicador proporciona las medidas de generación de los distintos tipos de producción de cogeneración. Este indicador se puede desglosar por provincias.</p><p><b>Publicación:</b> diariamente cada vez que lleg,D+1
10040,programa,Generación medida Residuos no renovables,<p>Medidas de la generación según el tipo de producción utilizado.</p><p>El desglose de este indicador proporciona las medidas de generación de los distintos tipos de producción de residuos no renovables. Este indicador se puede desglosar por provincias.</p><p><b>Publicación:</b> diariamente cada ve,D+1
10041,programa,Generación medida otras renovables,<p>Medidas de la generación según el tipo de producción utilizado.</p><p>El desglose de este indicador proporciona las medidas de generación de los distintos tipos de producción renovables de menor representación. Este indicador se puede desglosar por provincias.</p><p><b>Publicación:</b> diariament,D+1
10042,programa,Total Generación + Total Interconexiones programada p48,<p>Energía correspondiente al programa operativo que el OS establece en cada período hasta el final del horizonte de programación diario.</p><p>Su desglose muestra la energía programada para los distintos tipos de producción de generación así como en las importaciones y exportaciones entre las inter,D+1
10043,programa,Generación medida total,"<p>Medidas de la generación según el tipo de producción utilizado.</p><p>El desglose de este indicador proporciona las medidas de generación de los distintos tipos de producción, de consumo bombeo y la generación en el enlace de Baleares. Este indicador se puede desglosar por provincias.</p><p><b>Pu",D+1
10044,programa,Generación medida Saldo Portugal,<p>Medidas de la generación en las interconexiones internacionales.</p><p>El desglose de este indicador proporciona las medidas de generación en la interconexión con Portugal en ambos sentidos. Este indicador se puede desglosar por provincias.</p><p><b>Publicación:</b> diariamente cada vez que llegu,D+1
10045,programa,Generación medida Saldo Francia,<p>Medidas de la generación en las interconexiones internacionales.</p><p>El desglose de este indicador proporciona las medidas de generación en la interconexión con Francia en ambos sentidos. Este indicador se puede desglosar por provincias.</p><p><b>Publicación:</b> diariamente cada vez que llegue,D+1
10046,programa,Generación medida Saldo Marruecos,<p>Medidas de la generación en las interconexiones internacionales.</p><p>El desglose de este indicador proporciona las medidas de generación en la interconexión con Marruecos en ambos sentidos. Este indicador se puede desglosar por provincias.</p><p><b>Publicación:</b> diariamente cada vez que lleg,D+1
10047,programa,Generación medida Saldo Andorra,<p>Medidas de la generación en las interconexiones internacionales.</p><p>El desglose de este indicador proporciona las medidas de generación en la interconexión con Andorra en ambos sentidos. Este indicador se puede desglosar por provincias.</p><p><b>Publicación:</b> diariamente cada vez que llegue,D+1
10048,programa,Saldo total interconexiones medidas,"<p>Suma de las medidas de las interconexiones internacionales, cada una con su signo correspondiente.</p><p>El desglose de este indicador proporciona el detalle de las medidas por frontera y sentido.</p><p>Es posible además obtener la información a nivel de provincia.</p><p><b>Publicación:</b> mensu",D+1
10049,programa,Total Generación + Total Interconexiones medidas,"<p>Suma de las medidas de generación por tipo de producción y las de las interconexiones internacionales, cada una con su signo correspondiente.</p><p>El desglose de este indicador proporciona el detalle de las medidas de generación para cada tipo de producción y las de los intercambios internaciona",D+1
10050,programa,Energía asignada en Mercado SPOT Intradiario,"<p>Mecanismo integrante del mercado de producción de energía eléctrica que tiene por objeto atender, mediante la presentación de ofertas de venta y adquisición de energía eléctrica por parte de los sujetos del mercado diario, los ajustes que sean necesarios sobre el programa diario viable.</p><p>Las",D+1
10051,programa,Energía asignada restricciones técnicas diario Fase I,<p>Proceso de solución de restricciones técnicas PBF o Mercado de seguridad del diario es el proceso realizado por el Operador del sistema consistente en la resolución de las restricciones técnicas identificadas en el Programa Diario Base de Funcionamiento (Fase I) mediante la modificación de los pr,D+1
10052,programa,Volumen absoluto de Energía asignada por restricciones en tiempo real,<p>El proceso de solución de restricciones técnicas en Tiempo Real es realizado por el Operador del sistema que consiste en la resolución de las restricciones técnicas identificadas durante la operación en tiempo real mediante la modificación de los programas de las Unidades de Programación. </p><p>,D+1
10054,programa,Volumen absoluto de necesidades cubiertas de energías de balance RR,<p>El mecanismo de asignación de energías de balance RR es un servicio que tiene por objeto restablecer o mantener el nivel de energías de recuperación de la frecuencia con activación manual y automática (energías de regulación secundaria y terciaria) requerido al objeto de prepararse para desequili,D+1
10056,prevision,Volumen absoluto de energía utilizada de regulación secundaria,"<p>La regulación secundaria es un servicio complementario de carácter potestativo que tiene por objeto el mantenimiento del equilibrio generación-demanda, corrigiendo los desvíos respecto a los programas de intercambio previstos en la interconexión España-Francia, y las desviaciones de la frecuencia",previsto
10058,programa,Demanda en consumo diferencia generación - pérdidas,<p>Demanda calculada como resta de las medidas de generación menos las pérdidas de transporte.</p><p>El desglose de este indicador proporciona el detalle de las medidas de generación para cada tipo de producción y las pérdidas de transporte. </p><p>Es posible además obtener la información a nivel de,D+1
10059,programa,Demanda proveedores del servicio de interrumpibilidad Sectores,<p>Es el valor de potencia activa que se podría dejar de consumir por los proveedores del servicio de interrumpibilidad en el caso de la aplicación de una orden de reducción de potencia menos su potencia residual (potencia máxima contratada).</p><p>El desglose de este indicador detalla la demanda in,D+1
10061,programa,Generación programada P48 Anexo II RD 134/2010,<p>Energía correspondiente al programa operativo que el OS establece en cada período hasta el final del horizonte de programación diario.</p><p>Su desglose muestra la energía programada por tipo de producción de las unidades de programación del Anexo II RD 134/2010.</p><p><b>Publicación:</b> cada ho,D+1
10062,programa,Generación medida Residuos renovables,"<p>Medidas de la generación seg&uacute;n el tipo de producción utilizado.</p>

<p>En concreto este indicador se refiere a las medidas de generación de los distintos tipos de producción de residuos renovables.</p>

<p>Este indicador se puede desglosar por provincias.</p>

<p><b>Publicación:</b>&nbsp;",D+1
10063,programa,Generación programada P48 UGH + no UGH,<p>Energía correspondiente al programa operativo que el OS establece en cada período hasta el final del horizonte de programación diario.</p><p>Su desglose muestra la energía programa en los tipos de producción hidráulica UGH + no UGH.</p><p><b>Publicación:</b> cada hora en torno al minuto 15 con la,D+1
10064,programa,Generación programada PBF UGH + no UGH,"<p>Es el programa de energía diario, con desglose horario, de las diferentes Unidades de Programación correspondientes a ventas y adquisiciones de energía en el sistema eléctrico peninsular español. </p><p>Este programa es establecido por el OS a partir de la casación del OM y de las nominaciones de",D+1
10065,programa,Generación programada PVP UGH + no UGH,"<p>Energía correspondiente al programa diario, con desglose por periodos de programación, que incorpora las modificaciones introducidas en el PDBF para la resolución de las restricciones técnicas identificadas por criterios de seguridad y para el reequilibrio posterior generación-demanda.</p><p>Su d",D+1
10066,programa,Generación programada PHF1 UGH + no UGH,<p>Energía correspondiente a la programación establecida por el OS con posterioridad a cada una de las sucesivas sesiones del mercado intradiario como resultado de la agregación de todas las transacciones firmes formalizadas para cada periodo de programación como consecuencia del programa diario via,D+1
10068,programa,Generación programada PHF3 UGH + no UGH,<p>Energía correspondiente a la programación establecida por el OS con posterioridad a cada una de las sucesivas sesiones del mercado intradiario como resultado de la agregación de todas las transacciones firmes formalizadas para cada periodo de programación como consecuencia del programa diario via,H+3
10070,programa,Generación programada PHF5 UGH + no UGH,<p>Energía correspondiente a la programación establecida por el OS con posterioridad a cada una de las sucesivas sesiones del mercado intradiario como resultado de la agregación de todas las transacciones firmes formalizadas para cada periodo de programación como consecuencia del programa diario via,D+1
10071,programa,Generación programada PHF6 UGH + no UGH,<p>Energía correspondiente a la programación establecida por el OS con posterioridad a cada una de las sucesivas sesiones del mercado intradiario como resultado de la agregación de todas las transacciones firmes formalizadas para cada periodo de programación como consecuencia del programa diario via,D+1
10072,programa,Generación programada PHF7 UGH + no UGH,<p>Energía correspondiente a la programación establecida por el OS con posterioridad a cada una de las sucesivas sesiones del mercado intradiario como resultado de la agregación de todas las transacciones firmes formalizadas para cada periodo de programación como consecuencia del programa diario via,D+1
10073,programa,Generación programada PBF Eólica,"<p>Es el programa de energía diario, con desglose horario, de las diferentes Unidades de Programación correspondientes a ventas y adquisiciones de energía en el sistema eléctrico peninsular español. </p><p>Este programa es establecido por el OS a partir de la casación del OM y de las nominaciones de",D+1
10074,programa,Generación programada PBF otras renovables,"<p>Es el programa de energía diario, con desglose horario, de las diferentes Unidades de Programación correspondientes a ventas y adquisiciones de energía en el sistema eléctrico peninsular español. </p><p>Este programa es establecido por el OS a partir de la casación del OM y de las nominaciones de",D+1
10075,programa,Generación programada PBF Anexo II RD 134/2010,"<p>Es el programa de energía diario, con desglose horario, de las diferentes Unidades de Programación correspondientes a ventas y adquisiciones de energía en el sistema eléctrico peninsular español.C254</p><p>Su desglose muestra la energía programa en los tipos de producción de las unidades de progr",D+1
10077,programa,Generación programada PBF Fuel-Gas,"<p>Es el programa de energía diario, con desglose horario, de las diferentes Unidades de Programación correspondientes a ventas y adquisiciones de energía en el sistema eléctrico peninsular español. En concreto este indicador se refiere a las unidades de programación con tipo de producción fuel y ga",D+1
10078,programa,Generación programada PVP Fuel-Gas,"<p>Energía correspondiente al programa diario, con desglose por periodos de programación, que incorpora las modificaciones introducidas en el PDBF para la resolución de las restricciones técnicas identificadas por criterios de seguridad y para el reequilibrio posterior generación-demanda.</p><p>Su d",D+1
10079,programa,Generación programada PHF1 Fuel-Gas,<p>Energía correspondiente a la programación establecida por el OS con posterioridad a cada una de las sucesivas sesiones del mercado intradiario como resultado de la agregación de todas las transacciones firmes formalizadas para cada periodo de programación como consecuencia del programa diario via,D+1
10081,programa,Generación programada PHF3 Fuel-Gas,<p>Energía correspondiente a la programación establecida por el OS con posterioridad a cada una de las sucesivas sesiones del mercado intradiario como resultado de la agregación de todas las transacciones firmes formalizadas para cada periodo de programación como consecuencia del programa diario via,H+3
10083,programa,Generación programada PHF5 Fuel-Gas,<p>Energía correspondiente a la programación establecida por el OS con posterioridad a cada una de las sucesivas sesiones del mercado intradiario como resultado de la agregación de todas las transacciones firmes formalizadas para cada periodo de programación como consecuencia del programa diario via,D+1
10084,programa,Generación programada PHF6 Fuel-Gas,<p>Energía correspondiente a la programación establecida por el OS con posterioridad a cada una de las sucesivas sesiones del mercado intradiario como resultado de la agregación de todas las transacciones firmes formalizadas para cada periodo de programación como consecuencia del programa diario via,D+1
10085,programa,Generación programada PHF7 Fuel-Gas,<p>Energía correspondiente a la programación establecida por el OS con posterioridad a cada una de las sucesivas sesiones del mercado intradiario como resultado de la agregación de todas las transacciones firmes formalizadas para cada periodo de programación como consecuencia del programa diario via,D+1
10086,programa,Generación programada PBF Cogeneración,"<p>Es el programa de energía diario, con desglose horario, de las diferentes Unidades de Programación correspondientes a ventas y adquisiciones de energía en el sistema eléctrico peninsular español. </p><p>Este programa es establecido por el OS a partir de la casación del OM y de las nominaciones de",D+1
10087,programa,Generación programada PVP Cogeneración,"<p>Energía correspondiente al programa diario, con desglose por periodos de programación, que incorpora las modificaciones introducidas en el PDBF para la resolución de las restricciones técnicas identificadas por criterios de seguridad y para el reequilibrio posterior generación-demanda.</p><p>Su d",D+1
10088,programa,Generación programada PHF1 Cogeneración,<p>Energía correspondiente a la programación establecida por el OS con posterioridad a cada una de las sucesivas sesiones del mercado intradiario como resultado de la agregación de todas las transacciones firmes formalizadas para cada periodo de programación como consecuencia del programa diario via,D+1
10090,programa,Generación programada PHF3 Cogeneración,<p>Energía correspondiente a la programación establecida por el OS con posterioridad a cada una de las sucesivas sesiones del mercado intradiario como resultado de la agregación de todas las transacciones firmes formalizadas para cada periodo de programación como consecuencia del programa diario via,H+3
10092,programa,Generación programada PHF5 Cogeneración,<p>Energía correspondiente a la programación establecida por el OS con posterioridad a cada una de las sucesivas sesiones del mercado intradiario como resultado de la agregación de todas las transacciones firmes formalizadas para cada periodo de programación como consecuencia del programa diario via,D+1
10093,programa,Generación programada PHF6 Cogeneración,<p>Energía correspondiente a la programación establecida por el OS con posterioridad a cada una de las sucesivas sesiones del mercado intradiario como resultado de la agregación de todas las transacciones firmes formalizadas para cada periodo de programación como consecuencia del programa diario via,D+1
10094,programa,Generación programada PHF7 Cogeneración,<p>Energía correspondiente a la programación establecida por el OS con posterioridad a cada una de las sucesivas sesiones del mercado intradiario como resultado de la agregación de todas las transacciones firmes formalizadas para cada periodo de programación como consecuencia del programa diario via,D+1
10095,programa,Generación programada PBF Residuos,"<p>Es el programa de energía diario, con desglose horario, de las diferentes Unidades de Programación correspondientes a ventas y adquisiciones de energía en el sistema eléctrico peninsular español. </p><p>Este programa es establecido por el OS a partir de la casación del OM y de las nominaciones de",D+1
10096,programa,Generación programada PVP Residuos,"<p>Energía correspondiente al programa diario, con desglose por periodos de programación, que incorpora las modificaciones introducidas en el PDBF para la resolución de las restricciones técnicas identificadas por criterios de seguridad y para el reequilibrio posterior generación-demanda.</p><p>Su d",D+1
10097,programa,Generación programada PHF1 Residuos,<p>Energía correspondiente a la programación establecida por el OS con posterioridad a cada una de las sucesivas sesiones del mercado intradiario como resultado de la agregación de todas las transacciones firmes formalizadas para cada periodo de programación como consecuencia del programa diario via,D+1
10099,programa,Generación programada PHF3 Residuos,<p>Energía correspondiente a la programación establecida por el OS con posterioridad a cada una de las sucesivas sesiones del mercado intradiario como resultado de la agregación de todas las transacciones firmes formalizadas para cada periodo de programación como consecuencia del programa diario via,H+3
10101,programa,Generación programada PHF5 Residuos,<p>Energía correspondiente a la programación establecida por el OS con posterioridad a cada una de las sucesivas sesiones del mercado intradiario como resultado de la agregación de todas las transacciones firmes formalizadas para cada periodo de programación como consecuencia del programa diario via,D+1
10102,programa,Generación programada PHF6 Residuos,<p>Energía correspondiente a la programación establecida por el OS con posterioridad a cada una de las sucesivas sesiones del mercado intradiario como resultado de la agregación de todas las transacciones firmes formalizadas para cada periodo de programación como consecuencia del programa diario via,D+1
10103,programa,Generación programada PHF7 Residuos,<p>Energía correspondiente a la programación establecida por el OS con posterioridad a cada una de las sucesivas sesiones del mercado intradiario como resultado de la agregación de todas las transacciones firmes formalizadas para cada periodo de programación como consecuencia del programa diario via,D+1
10104,programa,Generación programada PBF Saldo Francia,"<p>Es el programa de energía diario, con desglose horario, de las diferentes Unidades de Programación correspondientes a ventas y adquisiciones de energía en el sistema eléctrico peninsular español. </p><p>Este programa es establecido por el OS a partir de la casación del OM y de las nominaciones de",D+1
10105,programa,Generación programada PVP Saldo Francia,"<p>Energía correspondiente al programa diario, con desglose por periodos de programación, que incorpora las modificaciones introducidas en el PDBF para la resolución de las restricciones técnicas identificadas por criterios de seguridad y para el reequilibrio posterior generación-demanda.</p><p>Su d",D+1
10106,programa,Generación programada PHF1 Saldo Francia,"<p>Es el programa de energía diario, con desglose horario, de las diferentes Unidades de Programación correspondientes a ventas y adquisiciones de energía en el sistema eléctrico peninsular español. </p><p>Este programa es establecido por el OS a partir de la casación del OM y de las nominaciones de",D+1
10108,programa,Generación programada PHF3 Saldo Francia,"<p>Es el programa de energía diario, con desglose horario, de las diferentes Unidades de Programación correspondientes a ventas y adquisiciones de energía en el sistema eléctrico peninsular español. </p><p>Este programa es establecido por el OS a partir de la casación del OM y de las nominaciones de",H+3
10110,programa,Generación programada PHF5 Saldo Francia,"<p>Es el programa de energía diario, con desglose horario, de las diferentes Unidades de Programación correspondientes a ventas y adquisiciones de energía en el sistema eléctrico peninsular español. </p><p>Este programa es establecido por el OS a partir de la casación del OM y de las nominaciones de",D+1
10111,programa,Generación programada PHF6 Saldo Francia,"<p>Es el programa de energía diario, con desglose horario, de las diferentes Unidades de Programación correspondientes a ventas y adquisiciones de energía en el sistema eléctrico peninsular español. </p><p>Este programa es establecido por el OS a partir de la casación del OM y de las nominaciones de",D+1
10112,programa,Generación programada PHF7 Saldo Francia,"<p>Es el programa de energía diario, con desglose horario, de las diferentes Unidades de Programación correspondientes a ventas y adquisiciones de energía en el sistema eléctrico peninsular español. </p><p>Este programa es establecido por el OS a partir de la casación del OM y de las nominaciones de",D+1
10113,programa,Generación programada PBF Saldo Portugal,"<p>Es el programa de energía diario, con desglose horario, de las diferentes Unidades de Programación correspondientes a ventas y adquisiciones de energía en el sistema eléctrico peninsular español. </p><p>Este programa es establecido por el OS a partir de la casación del OM y de las nominaciones de",D+1
10114,programa,Generación programada PVP Saldo Portugal,"<p>Energía correspondiente al programa diario, con desglose por periodos de programación, que incorpora las modificaciones introducidas en el PDBF para la resolución de las restricciones técnicas identificadas por criterios de seguridad y para el reequilibrio posterior generación-demanda.</p><p>Su d",D+1
10115,programa,Generación programada PHF1 Saldo Portugal,"<p>Es el programa de energía diario, con desglose horario, de las diferentes Unidades de Programación correspondientes a ventas y adquisiciones de energía en el sistema eléctrico peninsular español. </p><p>Este programa es establecido por el OS a partir de la casación del OM y de las nominaciones de",D+1
10117,programa,Generación programada PHF3 Saldo Portugal,"<p>Es el programa de energía diario, con desglose horario, de las diferentes Unidades de Programación correspondientes a ventas y adquisiciones de energía en el sistema eléctrico peninsular español. </p><p>Este programa es establecido por el OS a partir de la casación del OM y de las nominaciones de",H+3
10119,programa,Generación programada PHF5 Saldo Portugal,"<p>Es el programa de energía diario, con desglose horario, de las diferentes Unidades de Programación correspondientes a ventas y adquisiciones de energía en el sistema eléctrico peninsular español. </p><p>Este programa es establecido por el OS a partir de la casación del OM y de las nominaciones de",D+1
10120,programa,Generación programada PHF6 Saldo Portugal,"<p>Es el programa de energía diario, con desglose horario, de las diferentes Unidades de Programación correspondientes a ventas y adquisiciones de energía en el sistema eléctrico peninsular español. </p><p>Este programa es establecido por el OS a partir de la casación del OM y de las nominaciones de",D+1
10121,programa,Generación programada PHF7 Saldo Portugal,"<p>Es el programa de energía diario, con desglose horario, de las diferentes Unidades de Programación correspondientes a ventas y adquisiciones de energía en el sistema eléctrico peninsular español. </p><p>Este programa es establecido por el OS a partir de la casación del OM y de las nominaciones de",D+1
10122,programa,Generación programada PBF Saldo Marruecos,"<p>Es el programa de energía diario, con desglose horario, de las diferentes Unidades de Programación correspondientes a ventas y adquisiciones de energía en el sistema eléctrico peninsular español. </p><p>Este programa es establecido por el OS a partir de la casación del OM y de las nominaciones de",D+1
10123,programa,Generación programada PVP Saldo Marruecos,"<p>Energía correspondiente al programa diario, con desglose por periodos de programación, que incorpora las modificaciones introducidas en el PDBF para la resolución de las restricciones técnicas identificadas por criterios de seguridad y para el reequilibrio posterior generación-demanda.</p><p>Su d",D+1
10124,programa,Generación programada PHF1 Saldo Marruecos,"<p>Es el programa de energía diario, con desglose horario, de las diferentes Unidades de Programación correspondientes a ventas y adquisiciones de energía en el sistema eléctrico peninsular español. </p><p>Este programa es establecido por el OS a partir de la casación del OM y de las nominaciones de",D+1
10126,programa,Generación programada PHF3 Saldo Marruecos,"<p>Es el programa de energía diario, con desglose horario, de las diferentes Unidades de Programación correspondientes a ventas y adquisiciones de energía en el sistema eléctrico peninsular español. </p><p>Este programa es establecido por el OS a partir de la casación del OM y de las nominaciones de",H+3
10128,programa,Generación programada PHF5 Saldo Marruecos,"<p>Es el programa de energía diario, con desglose horario, de las diferentes Unidades de Programación correspondientes a ventas y adquisiciones de energía en el sistema eléctrico peninsular español. </p><p>Este programa es establecido por el OS a partir de la casación del OM y de las nominaciones de",D+1
10129,programa,Generación programada PHF6 Saldo Marruecos,"<p>Es el programa de energía diario, con desglose horario, de las diferentes Unidades de Programación correspondientes a ventas y adquisiciones de energía en el sistema eléctrico peninsular español. </p><p>Este programa es establecido por el OS a partir de la casación del OM y de las nominaciones de",D+1
10130,programa,Generación programada PHF7 Saldo Marruecos,"<p>Es el programa de energía diario, con desglose horario, de las diferentes Unidades de Programación correspondientes a ventas y adquisiciones de energía en el sistema eléctrico peninsular español. </p><p>Este programa es establecido por el OS a partir de la casación del OM y de las nominaciones de",D+1
10131,programa,Generación programada PBF Saldo Andorra,"<p>Es el programa de energía diario, con desglose horario, de las diferentes Unidades de Programación correspondientes a ventas y adquisiciones de energía en el sistema eléctrico peninsular español. En concreto este indicador se refiere al saldo resultante de las importaciones y exportaciones con An",D+1
10132,programa,Generación programada PVP Saldo Andorra,"<p>Energía correspondiente al programa diario, con desglose por periodos de programación, que incorpora las modificaciones introducidas en el PDBF para la resolución de las restricciones técnicas identificadas por criterios de seguridad y para el reequilibrio posterior generación-demanda.</p><p>Su d",D+1
10133,programa,Generación programada PHF1 Saldo Andorra,"<p>Es el programa de energía diario, con desglose horario, de las diferentes Unidades de Programación correspondientes a ventas y adquisiciones de energía en el sistema eléctrico peninsular español. </p><p>Este programa es establecido por el OS a partir de la casación del OM y de las nominaciones de",D+1
10136,programa,Generación programada PHF3 Saldo Andorra,"<p>Es el programa de energía diario, con desglose horario, de las diferentes Unidades de Programación correspondientes a ventas y adquisiciones de energía en el sistema eléctrico peninsular español. </p><p>Este programa es establecido por el OS a partir de la casación del OM y de las nominaciones de",H+3
10138,programa,Generación programada PHF5 Saldo Andorra,"<p>Es el programa de energía diario, con desglose horario, de las diferentes Unidades de Programación correspondientes a ventas y adquisiciones de energía en el sistema eléctrico peninsular español. </p><p>Este programa es establecido por el OS a partir de la casación del OM y de las nominaciones de",D+1
10139,programa,Generación programada PHF6 Saldo Andorra,"<p>Es el programa de energía diario, con desglose horario, de las diferentes Unidades de Programación correspondientes a ventas y adquisiciones de energía en el sistema eléctrico peninsular español. </p><p>Este programa es establecido por el OS a partir de la casación del OM y de las nominaciones de",D+1
10140,programa,Generación programada PHF7 Saldo Andorra,"<p>Es el programa de energía diario, con desglose horario, de las diferentes Unidades de Programación correspondientes a ventas y adquisiciones de energía en el sistema eléctrico peninsular español. </p><p>Este programa es establecido por el OS a partir de la casación del OM y de las nominaciones de",D+1
10141,programa,Demanda programada PBF total,"<p>Es el programa de energía diario, con desglose horario, de las diferentes Unidades de Programación correspondientes a ventas y adquisiciones de energía en el sistema eléctrico peninsular español. </p><p>Su desglose le mostrará la demanda en el PBF por tipos de oferta asociados a la demanda.</p><p",D+1
10142,programa,Demanda programada PVP total,"<p>Energía correspondiente al programa diario, con desglose por periodos de programación, que incorpora las modificaciones introducidas en el PDBF para la resolución de las restricciones técnicas identificadas por criterios de seguridad y para el reequilibrio posterior generación-demanda.</p><p>Su d",D+1
10143,programa,Demanda programada PHF1 total,<p>Energía correspondiente a la programación establecida por el OS con posterioridad a cada una de las sucesivas sesiones del mercado intradiario como resultado de la agregación de todas las transacciones firmes formalizadas para cada periodo de programación como consecuencia del programa diario via,D+1
10145,programa,Demanda programada PHF3 total,<p>Energía correspondiente a la programación establecida por el OS con posterioridad a cada una de las sucesivas sesiones del mercado intradiario como resultado de la agregación de todas las transacciones firmes formalizadas para cada periodo de programación como consecuencia del programa diario via,H+3
10147,programa,Demanda programada PHF5 total,<p>Energía correspondiente a la programación establecida por el OS con posterioridad a cada una de las sucesivas sesiones del mercado intradiario como resultado de la agregación de todas las transacciones firmes formalizadas para cada periodo de programación como consecuencia del programa diario via,D+1
10148,programa,Demanda programada PHF6 total,<p>Energía correspondiente a la programación establecida por el OS con posterioridad a cada una de las sucesivas sesiones del mercado intradiario como resultado de la agregación de todas las transacciones firmes formalizadas para cada periodo de programación como consecuencia del programa diario via,D+1
10149,programa,Demanda programada PHF7 total,<p>Energía correspondiente a la programación establecida por el OS con posterioridad a cada una de las sucesivas sesiones del mercado intradiario como resultado de la agregación de todas las transacciones firmes formalizadas para cada periodo de programación como consecuencia del programa diario via,D+1
10150,programa,Generación programada PVP Anexo II RD 134/2010,"<p>Energía correspondiente al programa diario, con desglose por periodos de programación, que incorpora las modificaciones introducidas en el PDBF para la resolución de las restricciones técnicas identificadas por criterios de seguridad y para el reequilibrio posterior generación-demanda.</p><p>Su d",D+1
10151,programa,Generación programada PHF1 Anexo II RD 134/2010,<p>Energía correspondiente a la programación establecida por el OS con posterioridad a cada una de las sucesivas sesiones del mercado intradiario como resultado de la agregación de todas las transacciones firmes formalizadas para cada periodo de programación como consecuencia del programa diario via,D+1
10152,programa,Generación programada PHF2 Anexo II RD 134/2010,<p>Energía correspondiente a la programación establecida por el OS con posterioridad a cada una de las sucesivas sesiones del mercado intradiario como resultado de la agregación de todas las transacciones firmes formalizadas para cada periodo de programación como consecuencia del programa diario via,D+1
10153,programa,Generación programada PHF3 Anexo II RD 134/2010,<p>Energía correspondiente a la programación establecida por el OS con posterioridad a cada una de las sucesivas sesiones del mercado intradiario como resultado de la agregación de todas las transacciones firmes formalizadas para cada periodo de programación como consecuencia del programa diario via,D+1
10154,programa,Generación programada PHF4 Anexo II RD 134/2010,<p>Energía correspondiente a la programación establecida por el OS con posterioridad a cada una de las sucesivas sesiones del mercado intradiario como resultado de la agregación de todas las transacciones firmes formalizadas para cada periodo de programación como consecuencia del programa diario via,D+1
10155,programa,Generación programada PHF5 Anexo II RD 134/2010,<p>Energía correspondiente a la programación establecida por el OS con posterioridad a cada una de las sucesivas sesiones del mercado intradiario como resultado de la agregación de todas las transacciones firmes formalizadas para cada periodo de programación como consecuencia del programa diario via,D+1
10156,programa,Generación programada PHF6 Anexo II RD 134/2010,<p>Energía correspondiente a la programación establecida por el OS con posterioridad a cada una de las sucesivas sesiones del mercado intradiario como resultado de la agregación de todas las transacciones firmes formalizadas para cada periodo de programación como consecuencia del programa diario via,D+1
10157,programa,Generación programada PHF7 Anexo II RD 134/2010,<p>Energía correspondiente a la programación establecida por el OS con posterioridad a cada una de las sucesivas sesiones del mercado intradiario como resultado de la agregación de todas las transacciones firmes formalizadas para cada periodo de programación como consecuencia del programa diario via,D+1
10158,programa,Generación programada PVP Eólica,"<p>Energía correspondiente al programa diario, con desglose por periodos de programación, que incorpora las modificaciones introducidas en el PDBF para la resolución de las restricciones técnicas identificadas por criterios de seguridad y para el reequilibrio posterior generación-demanda.</p><p>Su d",D+1
10159,programa,Generación programada PHF1 Eólica,<p>Energía correspondiente a la programación establecida por el OS con posterioridad a cada una de las sucesivas sesiones del mercado intradiario como resultado de la agregación de todas las transacciones firmes formalizadas para cada periodo de programación como consecuencia del programa diario via,D+1
10161,programa,Generación programada PHF3 Eólica,<p>Energía correspondiente a la programación establecida por el OS con posterioridad a cada una de las sucesivas sesiones del mercado intradiario como resultado de la agregación de todas las transacciones firmes formalizadas para cada periodo de programación como consecuencia del programa diario via,H+3
10163,programa,Generación programada PHF5 Eólica,<p>Energía correspondiente a la programación establecida por el OS con posterioridad a cada una de las sucesivas sesiones del mercado intradiario como resultado de la agregación de todas las transacciones firmes formalizadas para cada periodo de programación como consecuencia del programa diario via,D+1
10164,programa,Generación programada PHF6 Eólica,<p>Energía correspondiente a la programación establecida por el OS con posterioridad a cada una de las sucesivas sesiones del mercado intradiario como resultado de la agregación de todas las transacciones firmes formalizadas para cada periodo de programación como consecuencia del programa diario via,D+1
10165,programa,Generación programada PHF7 Eólica,<p>Energía correspondiente a la programación establecida por el OS con posterioridad a cada una de las sucesivas sesiones del mercado intradiario como resultado de la agregación de todas las transacciones firmes formalizadas para cada periodo de programación como consecuencia del programa diario via,D+1
10167,programa,Generación programada PBF Carbón,"<p>Es el programa de energía diario, con desglose horario, de las diferentes Unidades de Programación correspondientes a ventas y adquisiciones de energía en el sistema eléctrico peninsular español. </p><p>Este programa es establecido por el OS a partir de la casación del OM y de las nominaciones de",D+1
10168,programa,Generación programada PVP Carbón,"<p>Energía correspondiente al programa diario, con desglose por periodos de programación, que incorpora las modificaciones introducidas en el PDBF para la resolución de las restricciones técnicas identificadas por criterios de seguridad y para el reequilibrio posterior generación-demanda.</p><p>Su d",D+1
10169,programa,Generación programada PHF1 Carbón,<p>Energía correspondiente a la programación establecida por el OS con posterioridad a cada una de las sucesivas sesiones del mercado intradiario como resultado de la agregación de todas las transacciones firmes formalizadas para cada periodo de programación como consecuencia del programa diario via,D+1
10171,programa,Generación programada PHF3 Carbón,<p>Energía correspondiente a la programación establecida por el OS con posterioridad a cada una de las sucesivas sesiones del mercado intradiario como resultado de la agregación de todas las transacciones firmes formalizadas para cada periodo de programación como consecuencia del programa diario via,H+3
10173,programa,Generación programada PHF5 Carbón,<p>Energía correspondiente a la programación establecida por el OS con posterioridad a cada una de las sucesivas sesiones del mercado intradiario como resultado de la agregación de todas las transacciones firmes formalizadas para cada periodo de programación como consecuencia del programa diario via,D+1
10174,programa,Generación programada PHF6 Carbón,<p>Energía correspondiente a la programación establecida por el OS con posterioridad a cada una de las sucesivas sesiones del mercado intradiario como resultado de la agregación de todas las transacciones firmes formalizadas para cada periodo de programación como consecuencia del programa diario via,D+1
10175,programa,Generación programada PHF7 Carbón,<p>Energía correspondiente a la programación establecida por el OS con posterioridad a cada una de las sucesivas sesiones del mercado intradiario como resultado de la agregación de todas las transacciones firmes formalizadas para cada periodo de programación como consecuencia del programa diario via,D+1
10176,programa,Generación programada PVP otras renovables,"<p>Energía correspondiente al programa diario, con desglose por periodos de programación, que incorpora las modificaciones introducidas en el PDBF para la resolución de las restricciones técnicas identificadas por criterios de seguridad y para el reequilibrio posterior generación-demanda.</p><p>Su d",D+1
10177,programa,Generación programada PHF1 otras renovables,<p>Energía correspondiente a la programación establecida por el OS con posterioridad a cada una de las sucesivas sesiones del mercado intradiario como resultado de la agregación de todas las transacciones firmes formalizadas para cada periodo de programación como consecuencia del programa diario via,D+1
10179,programa,Generación programada PHF3 otras renovables,<p>Energía correspondiente a la programación establecida por el OS con posterioridad a cada una de las sucesivas sesiones del mercado intradiario como resultado de la agregación de todas las transacciones firmes formalizadas para cada periodo de programación como consecuencia del programa diario via,H+3
10181,programa,Generación programada PHF5 otras renovables,<p>Energía correspondiente a la programación establecida por el OS con posterioridad a cada una de las sucesivas sesiones del mercado intradiario como resultado de la agregación de todas las transacciones firmes formalizadas para cada periodo de programación como consecuencia del programa diario via,D+1
10182,programa,Generación programada PHF6 otras renovables,<p>Energía correspondiente a la programación establecida por el OS con posterioridad a cada una de las sucesivas sesiones del mercado intradiario como resultado de la agregación de todas las transacciones firmes formalizadas para cada periodo de programación como consecuencia del programa diario via,D+1
10183,programa,Generación programada PHF7 otras renovables,<p>Energía correspondiente a la programación establecida por el OS con posterioridad a cada una de las sucesivas sesiones del mercado intradiario como resultado de la agregación de todas las transacciones firmes formalizadas para cada periodo de programación como consecuencia del programa diario via,D+1
10186,programa,Saldo total interconexiones programa PBF,"<p>Es el programa de energía diario, con desglose horario, de las diferentes Unidades de Programación correspondientes a ventas y adquisiciones de energía en el sistema eléctrico peninsular español. </p><p>En concreto este indicador se refiere al Saldo total interconexiones programa PBF. </p><p>Para",D+1
10187,programa,Saldo total interconexiones programa PVP,"<p>Energía correspondiente al programa diario, con desglose por periodos de programación, que incorpora las modificaciones introducidas en el PDBF para la resolución de las restricciones técnicas identificadas por criterios de seguridad y para el reequilibrio posterior generación-demanda.</p><p>Su d",D+1
10188,programa,Saldo total interconexiones programa PHF1,<p>Energía correspondiente a la programación establecida por el OS con posterioridad a cada una de las sucesivas sesiones del mercado intradiario como resultado de la agregación de todas las transacciones firmes formalizadas para cada periodo de programación como consecuencia del programa diario via,D+1
10190,programa,Saldo total interconexiones programa PHF3,<p>Energía correspondiente a la programación establecida por el OS con posterioridad a cada una de las sucesivas sesiones del mercado intradiario como resultado de la agregación de todas las transacciones firmes formalizadas para cada periodo de programación como consecuencia del programa diario via,H+3
10192,programa,Saldo total interconexiones programa PHF5,<p>Energía correspondiente a la programación establecida por el OS con posterioridad a cada una de las sucesivas sesiones del mercado intradiario como resultado de la agregación de todas las transacciones firmes formalizadas para cada periodo de programación como consecuencia del programa diario via,D+1
10193,programa,Saldo total interconexiones programa PHF6,<p>Energía correspondiente a la programación establecida por el OS con posterioridad a cada una de las sucesivas sesiones del mercado intradiario como resultado de la agregación de todas las transacciones firmes formalizadas para cada periodo de programación como consecuencia del programa diario via,D+1
10194,programa,Saldo total interconexiones programa PHF7,<p>Energía correspondiente a la programación establecida por el OS con posterioridad a cada una de las sucesivas sesiones del mercado intradiario como resultado de la agregación de todas las transacciones firmes formalizadas para cada periodo de programación como consecuencia del programa diario via,D+1
10195,programa,Generación medida total tipo producción,<p>Medidas de la generación según el tipo de producción utilizado.</p><p>El desglose de este indicador proporciona las medidas de generación de los distintos tipos de producción. Este indicador se puede desglosar por provincias.</p><p><b>Publicación:</b> diariamente cada vez que lleguen nuevas medid,D+1
10196,programa,Ajuste de programas PBF,"<p>Es el programa de energía diario, con desglose horario, de las diferentes Unidades de Programación correspondientes a ventas y adquisiciones de energía en el sistema eléctrico peninsular español. </p><p>Este programa es establecido por el OS a partir de la casación del OM y de las nominaciones de",D+1
10197,programa,Ajuste de programas PVP,"<p>Energía correspondiente al programa diario, con desglose por periodos de programación, que incorpora las modificaciones introducidas en el PDBF para la resolución de las restricciones técnicas identificadas por criterios de seguridad y para el reequilibrio posterior generación-demanda.</p><p>El d",D+1
10198,programa,Ajuste de programas PHF1,<p>Energía correspondiente a la programación establecida por el OS con posterioridad a cada una de las sucesivas sesiones del mercado intradiario como resultado de la agregación de todas las transacciones firmes formalizadas para cada periodo de programación como consecuencia del programa diario via,D+1
10200,programa,Ajuste de programas PHF3,<p>Energía correspondiente a la programación establecida por el OS con posterioridad a cada una de las sucesivas sesiones del mercado intradiario como resultado de la agregación de todas las transacciones firmes formalizadas para cada periodo de programación como consecuencia del programa diario via,H+3
10202,programa,Ajuste de programas PHF5,<p>Energía correspondiente a la programación establecida por el OS con posterioridad a cada una de las sucesivas sesiones del mercado intradiario como resultado de la agregación de todas las transacciones firmes formalizadas para cada periodo de programación como consecuencia del programa diario via,D+1
10203,programa,Ajuste de programas PHF6,<p>Energía correspondiente a la programación establecida por el OS con posterioridad a cada una de las sucesivas sesiones del mercado intradiario como resultado de la agregación de todas las transacciones firmes formalizadas para cada periodo de programación como consecuencia del programa diario via,D+1
10204,programa,Ajuste de programas PHF7,<p>Energía correspondiente a la programación establecida por el OS con posterioridad a cada una de las sucesivas sesiones del mercado intradiario como resultado de la agregación de todas las transacciones firmes formalizadas para cada periodo de programación como consecuencia del programa diario via,D+1
10205,programa,Generación medida solar,<p>Medidas de la generación según el tipo de producción utilizado.</p><p>El desglose de este indicador proporciona las medidas de generación de los distintos tipos de producción de solar en ambos sentidos. Este indicador se puede desglosar por provincias.</p><p><b>Publicación:</b> diariamente cada v,D+1
10206,programa,Generación T.Real Solar,"<p>Generación medida en tiempo real del tipo de producción solar.</p><p>El desglose de este indicador detalla la energía generada como solar térmica y como solar fotovoltaica.</p><p>Este indicador tiene datos desde el 02/06/2015 a las 21:00 horas, momento a partir del cual se empezaron a registrar t",D+1
10211,programa,Precio medio horario final suma de componentes,"<p>Cumpliendo con lo especificado en la disposición adicional quinta de la Orden ITC/1659/2009, en este apartado se publica el coste final de la energía, así como los componentes del precio final, en agregado y para cada tipo de consumidor.</p><p>El desglose de este indicador detalla los componentes",D+1
10212,programa,Precio medio horario final comercializadores de referencia suma de componentes,"<p>Cumpliendo con lo especificado en la disposición adicional quinta de la Orden ITC/1659/2009, en este apartado se publica el coste final de la energía, así como los componentes del precio final, en agregado y para cada tipo de consumidor.</p><p>El desglose de este indicador detalla los componentes",D+1
10213,programa,Precio medio anual final contratación libre suma de componentes,"<p>Cumpliendo con lo especificado en la disposición adicional quinta de la Orden ITC/1659/2009, en este apartado se publica el coste final de la energía, así como los componentes del precio final, en agregado y para cada tipo de consumidor.</p><p>El desglose de este indicador detalla las componentes",D+1
10214,programa,Precio medio horario final contratación libre suma de componentes,"<p>Cumpliendo con lo especificado en la disposición adicional quinta de la Orden ITC/1659/2009, en este apartado se publica el coste final de la energía, así como los componentes del precio final, en agregado y para cada tipo de consumidor.</p><p>El desglose de este indicador detalla los componentes",D+1
10215,programa,Precio medio anual final comercialización de referencia suma de componentes,"<p>Cumpliendo con lo especificado en la disposición adicional quinta de la Orden ITC/1659/2009, en este apartado se publica el coste final de la energía, así como los componentes del precio final, en agregado y para cada tipo de consumidor.</p><p>El desglose de este indicador detalla todos los compo",D+1
10216,programa,Precio medio mensual final suma de componentes,"<p>Cumpliendo con lo especificado en la disposición adicional quinta de la Orden ITC/1659/2009, en este apartado se publica el coste final de la energía, así como los componentes del precio final, en agregado y para cada tipo de consumidor.</p><p>El desglose de este indicador detalla los componentes",D+1
10217,programa,Precio medio anual final suma de componentes,"<p>Cumpliendo con lo especificado en la disposición adicional quinta de la Orden ITC/1659/2009, en este apartado se publica el coste final de la energía, así como los componentes del precio final, en agregado y para cada tipo de consumidor.</p><p>El desglose de este indicador detalla los componenete",D+1
10218,programa,Precio medio mensual final comercialización de referencia suma de componentes,"<p>Cumpliendo con lo especificado en la disposición adicional quinta de la Orden ITC/1659/2009, en este apartado se publica el coste final de la energía, así como los componentes del precio final, en agregado y para cada tipo de consumidor.</p><p>El desglose de este indicador detalla las componentes",D+1
10219,programa,Precio medio mensual final contratación libre suma de componentes,"<p>Cumpliendo con lo especificado en la disposición adicional quinta de la Orden ITC/1659/2009, en este apartado se publica el coste final de la energía, así como los componentes del precio final, en agregado y para cada tipo de consumidor.</p><p>El desglose de este indicador detalla los componentes",D+1
10220,programa,Generación programada + Almacenamiento  + Cable Baleares PBF,"<p>Es el programa de energía diario, con desglose horario, de las diferentes Unidades de Programación correspondientes a ventas y adquisiciones de energía en el sistema eléctrico peninsular español. </p><p>Este programa es establecido por el OS a partir de la casación del OM y de las nominaciones de",D+1
10221,programa,Generación programada + Almacenamiento  + Cable Baleares PHF1,<p>Energía correspondiente a la programación establecida por el OS con posterioridad a cada una de las sucesivas sesiones del mercado intradiario como resultado de la agregación de todas las transacciones firmes formalizadas para cada periodo de programación como consecuencia del programa diario via,D+1
10223,programa,Generación programada + Almacenamiento  + Cable Baleares PHF3,<p>Energía correspondiente a la programación establecida por el OS con posterioridad a cada una de las sucesivas sesiones del mercado intradiario como resultado de la agregación de todas las transacciones firmes formalizadas para cada periodo de programación como consecuencia del programa diario via,H+3
10225,programa,Generación programada + Almacenamiento + Cable Baleares PHF5,<p>Energía correspondiente a la programación establecida por el OS con posterioridad a cada una de las sucesivas sesiones del mercado intradiario como resultado de la agregación de todas las transacciones firmes formalizadas para cada periodo de programación como consecuencia del programa diario via,D+1
10226,programa,Generación programada + Almacenamiento  + Cable Baleares PHF6,<p>Energía correspondiente a la programación establecida por el OS con posterioridad a cada una de las sucesivas sesiones del mercado intradiario como resultado de la agregación de todas las transacciones firmes formalizadas para cada periodo de programación como consecuencia del programa diario via,D+1
10227,programa,Generación programada + Almacenamiento  + Cable Baleares PHF7,<p>Energía correspondiente a la programación establecida por el OS con posterioridad a cada una de las sucesivas sesiones del mercado intradiario como resultado de la agregación de todas las transacciones firmes formalizadas para cada periodo de programación como consecuencia del programa diario via,D+1
10228,programa,Generación programada + Almacenamiento  + Cable Baleares PVP,"<p>Energía correspondiente al programa diario, con desglose por periodos de programación, que incorpora las modificaciones introducidas en el PDBF para la resolución de las restricciones técnicas identificadas por criterios de seguridad y para el reequilibrio posterior generación-demanda.</p><p>Su d",D+1
10229,programa,Término de facturación de energía activa del PVPC peaje por defecto suma componentes,"<p>Precio horario del t&eacute;rmino de energ&iacute;a que se aplican en la factura el&eacute;ctrica de los consumidores con una potencia contratada no superior a 10 kW y que est&eacute;n acogidos al PVPC (Precio Voluntario para el Peque&ntilde;o Consumidor).</p>

<p>Incluye el t&eacute;rmino de e",D+1
10230,programa,Término de facturación de energía activa del PVPC eficiencia 2 periodos (DHA) suma componentes,<p>Precio horario del término de energía que se aplican en la factura eléctrica de los consumidores con una potencia contratada no superior a 10 kW y que estén acogidos al PVPC (Precio Voluntario para el Pequeño Consumidor).</p><p>Incluye el término de energía de los peajes de acceso (Orden IET/107/,D+1
10231,programa,Término de facturación de energía activa del PVPC vehículo eléctrico suma componentes,"<p>Precio horario del t&eacute;rmino de energ&iacute;a que se aplican en la factura el&eacute;ctrica de los consumidores con una potencia contratada no superior a 10 kW y que est&eacute;n acogidos al PVPC (Precio Voluntario para el Peque&ntilde;o Consumidor).</p>

<p>Incluye el t&eacute;rmino de e",D+1
10232,prevision,Potencia disponible de generación total horizonte año móvil,"<p>Calculada como el sumatorio de las potencias disponibles de generaci&oacute;n convencional de horizonte a&ntilde;o m&oacute;vil.</p>

<p>Para visualizar su composici&oacute;n por favor seleccione Desglose en la opci&oacute;n Comparar con.</p>

<p>El horizonte a&ntilde;o m&oacute;vil muestra l",previsto
10233,programa,Programa bilateral PBF Carbón,"<p>Es el programa de energía diario, con desglose horario, de las diferentes Unidades de Programación correspondientes a ventas y adquisiciones de energía en el sistema eléctrico peninsular español. </p><p>En concreto este indicador se refiere a las unidades de programación con tipo de producción Ca",D+1
10234,programa,Programa bilateral PBF Otras renovables,"<p>Es el programa de energía diario, con desglose horario, de las diferentes Unidades de Programación correspondientes a ventas y adquisiciones de energía en el sistema eléctrico peninsular español. </p><p>En concreto este indicador se refiere a las unidades de programación con tipo de producción Ot",D+1
10235,programa,Programa bilateral PBF Total Ventas,"<p>Es el programa de energía diario, con desglose horario, de las diferentes Unidades de Programación correspondientes a ventas y adquisiciones de energía en el sistema eléctrico peninsular español. </p><p>En concreto este indicador se refiere a las unidades de programación que componen el Total Ven",D+1
10236,programa,Programa bilateral PBF Total Compras,"<p>Es el programa de energía diario, con desglose horario, de las diferentes Unidades de Programación correspondientes a ventas y adquisiciones de energía en el sistema eléctrico peninsular español. </p><p>En concreto este indicador se refiere a las unidades de programación que componen el Total Com",D+1
10237,programa,Generación programada P48 Importación Total,"<p>Energ&iacute;a correspondiente al programa operativo que el OS establece en cada per&iacute;odo hasta el final del horizonte de programaci&oacute;n diario.</p>

<p>En concreto este indicador se refiere a las unidades de programaci&oacute;n de importaci&oacute;n internacional.</p>

<p><b>Publi",D+1
10238,programa,Generación programada P48 Exportación Total,"<p>Energ&iacute;a correspondiente al programa operativo que el OS establece en cada per&iacute;odo hasta el final del horizonte de programaci&oacute;n diario.</p>

<p>En concreto este indicador se refiere a las unidades de programaci&oacute;n de exportaci&oacute;n internacional.</p>

<p><b>Publi",D+1
10241,programa,Capacidad de intercambio disponible (ATC) tras la programación con Francia importación,"<p>Capacidad de intercambio disponible tras los procesos de asignaci&oacute;n de capacidad previos.</p><p>El proceso de programaci&oacute;n se recoge en la en el P.O.-3.1</p><p>El desglose de este indicador detalla, en [MW] para cada hora, los programas de importaci&oacute;n y exportaci&oacute;n, as",D+1
10242,programa,Capacidad de intercambio disponible (ATC) tras la programación con Francia exportación,"<p>Capacidad de intercambio disponible tras los procesos de asignaci&oacute;n de capacidad previos.</p><p>El proceso de programaci&oacute;n se recoge en la en el P.O.-3.1</p><p>El desglose de este indicador detalla, en [MW] para cada hora, los programas de importaci&oacute;n y exportaci&oacute;n, as",D+1
10249,prevision,Previsión de la demanda residual,"<p>Previsión resultante de restar a la previsión de la demanda diaria las previsiones solares y eólicas.</p><p>El desglose de este indicador detalla las previsiones de generación eólica, generación solar y diaria de la demanda del sistema eléctrico peninsular.</p><p><b>Publicación:</b> diariamente c",previsión
10251,programa,Volumen neto de necesidades cubiertas de energías de balance RR,<p>El mecanismo de asignación de energías de balance RR es un servicio que tiene por objeto restablecer o mantener el nivel de energías de recuperación de la frecuencia con activación manual y automática (energías de regulación secundaria y terciaria) requerido al objeto de prepararse para desequili,D+1
10252,prevision,Volumen neto de energía utilizada de regulación secundaria,"<p>La regulación secundaria es un servicio complementario de carácter potestativo que tiene por objeto el mantenimiento del equilibrio generación-demanda, corrigiendo los desvíos respecto a los programas de intercambio previstos en la interconexión España-Francia, y las desviaciones de la frecuencia",previsto
10253,programa,Volumen neto de Energía asignada por restricciones en tiempo real,<p>El proceso de solución de restricciones técnicas en Tiempo Real es realizado por el Operador del sistema que consiste en la resolución de las restricciones técnicas identificadas durante la operación en tiempo real mediante la modificación de los programas de las Unidades de Programación. </p><p>,D+1
10254,programa,Desglose peaje por defecto 2.0.A Término de energía,<p>Concepto que forma parte del t&eacute;rmino de facturaci&oacute;n de energ&iacute;a activa del PVPC que es el precio horario del t&eacute;rmino de energ&iacute;a que se aplican en la factura el&eacute;ctrica de los consumidores con una potencia contratada no superior a 10 kW y que est&eacute;n ac,D+1
10255,programa,Desglose eficiencia 2 periodos (DHA) 2.0.DHA Término de energía,<p>Concepto que forma parte del t&eacute;rmino de facturaci&oacute;n de energ&iacute;a activa del PVPC que es el precio horario del t&eacute;rmino de energ&iacute;a que se aplican en la factura el&eacute;ctrica de los consumidores con una potencia contratada no superior a 10 kW y que est&eacute;n ac,D+1
10256,programa,Desglose vehículo eléctrico 2.0.DHS Término de energía,<p>Concepto que forma parte del t&eacute;rmino de facturaci&oacute;n de energ&iacute;a activa del PVPC que es el precio horario del t&eacute;rmino de energ&iacute;a que se aplican en la factura el&eacute;ctrica de los consumidores con una potencia contratada no superior a 10 kW y que est&eacute;n ac,D+1
10257,programa,Generación programada P48 total,<p>Energía correspondiente al programa operativo que el OS establece en cada período hasta el final del horizonte de programación diario.</p><p>Su desglose muestra la energía programada para los distintos tipos de producción de generación.</p><p><b>Publicación:</b> cada hora en torno al minuto 15 co,D+1
10258,programa,Generación programada PBF total,"<p>Es el programa de energía diario, con desglose horario, de las diferentes Unidades de Programación correspondientes a ventas y adquisiciones de energía en el sistema eléctrico peninsular español. </p><p>Este programa es establecido por el OS a partir de la casación del OM y de las nominaciones de",D+1
10259,programa,Generación programada PVP total,"<p>Energía correspondiente al programa diario, con desglose por periodos de programación, que incorpora las modificaciones introducidas en el PDBF para la resolución de las restricciones técnicas identificadas por criterios de seguridad y para el reequilibrio posterior generación-demanda.</p><p>Su d",D+1
10260,programa,Generación programada PHF1 total,<p>Energía correspondiente a la programación establecida por el OS con posterioridad a cada una de las sucesivas sesiones del mercado intradiario como resultadode la agregación de todas las transacciones firmes formalizadas para cada periodo de programación como consecuencia del programa diario viab,D+1
10262,programa,Generación programada PHF3 total,<p>Energía correspondiente a la programación establecida por el OS con posterioridad a cada una de las sucesivas sesiones del mercado intradiario como resultado de la agregación de todas las transacciones firmes formalizadas para cada periodo de programación como consecuencia del programa diario via,H+3
10264,programa,Generación programada PHF5 total,<p>Energía correspondiente a la programación establecida por el OS con posterioridad a cada una de las sucesivas sesiones del mercado intradiario como resultadode la agregación de todas las transacciones firmes formalizadas para cada periodo de programación como consecuencia del programa diario viab,D+1
10265,programa,Generación programada PHF6 total,<p>Energía correspondiente a la programación establecida por el OS con posterioridad a cada una de las sucesivas sesiones del mercado intradiario como resultadode la agregación de todas las transacciones firmes formalizadas para cada periodo de programación como consecuencia del programa diario viab,D+1
10266,programa,Generación programada PHF7 total,<p>Energía correspondiente a la programación establecida por el OS con posterioridad a cada una de las sucesivas sesiones del mercado intradiario como resultadode la agregación de todas las transacciones firmes formalizadas para cada periodo de programación como consecuencia del programa diario viab,D+1
10270,programa,Energía asignada restricciones técnicas diario Fase II,<p>Proceso de soluci&oacute;n de restricciones t&eacute;cnicas PBF o Mercado de seguridad del diario es el proceso realizado por el Operador del sistema consistente en la resoluci&oacute;n de las restricciones t&eacute;cnicas identificadas en el Programa Diario Base de Funcionamiento (Fase I) median,D+1
10271,programa,Generación programada PHFC UGH + no UGH,<p>Energía correspondiente a la programación establecida por el OS con posterioridad a cada una de las sucesivas sesiones del mercado intradiario continuo como resultado de la agregación de todas las transacciones firmes formalizadas para cada periodo de programación como consecuencia del programa d,D+1
10272,programa,Generación programada PHFC Fuel-Gas,<p>Energía correspondiente a la programación establecida por el OS con posterioridad a cada una de las sucesivas sesiones del mercado intradiario continuo como resultado de la agregación de todas las transacciones firmes formalizadas para cada periodo de programación como consecuencia del programa d,D+1
10273,programa,Generación programada PHFC Cogeneración,<p>Energía correspondiente a la programación establecida por el OS con posterioridad a cada una de las sucesivas sesiones del mercado intradiario continuo como resultado de la agregación de todas las transacciones firmes formalizadas para cada periodo de programación como consecuencia del programa d,D+1
10274,programa,Generación programada PHFC Residuos,<p>Energía correspondiente a la programación establecida por el OS con posterioridad a cada una de las sucesivas sesiones del mercado intradiario continuo como resultado de la agregación de todas las transacciones firmes formalizadas para cada periodo de programación como consecuencia del programa d,D+1
10275,programa,Generación programada PHFC Saldo Francia,"<p>Es el programa de energía diario, con desglose horario, de las diferentes Unidades de Programación correspondientes a ventas y adquisiciones de energía en el sistema eléctrico peninsular español. </p><p>Este programa es establecido por el OS a partir de la casación del OM y de las nominaciones de",D+1
10276,programa,Generación programada PHFC Saldo Portugal,"<p>Es el programa de energía diario, con desglose horario, de las diferentes Unidades de Programación correspondientes a ventas y adquisiciones de energía en el sistema eléctrico peninsular español. </p><p>Este programa es establecido por el OS a partir de la casación del OM y de las nominaciones de",D+1
10277,programa,Generación programada PHFC Saldo Marruecos,"<p>Es el programa de energía diario, con desglose horario, de las diferentes Unidades de Programación correspondientes a ventas y adquisiciones de energía en el sistema eléctrico peninsular español. </p><p>Este programa es establecido por el OS a partir de la casación del OM y de las nominaciones de",D+1
10278,programa,Generación programada PHFC Saldo Andorra,"<p>Es el programa de energía diario, con desglose horario, de las diferentes Unidades de Programación correspondientes a ventas y adquisiciones de energía en el sistema eléctrico peninsular español. </p><p>Este programa es establecido por el OS a partir de la casación del OM y de las nominaciones de",D+1
10279,programa,Demanda programada PHFC total,<p>Energía correspondiente a la programación establecida por el OS con posterioridad a cada una de las sucesivas sesiones del mercado intradiario continuo como resultado de la agregación de todas las transacciones firmes formalizadas para cada periodo de programación como consecuencia del programa d,D+1
10280,programa,Generación programada PHFC Anexo II RD 134/2010,<p>Energía correspondiente a la programación establecida por el OS con posterioridad a cada una de las sucesivas sesiones del mercado intradiario continuo como resultado de la agregación de todas las transacciones firmes formalizadas para cada periodo de programación como consecuencia del programa d,D+1
10281,programa,Generación programada PHFC Eólica,<p>Energía correspondiente a la programación establecida por el OS con posterioridad a cada una de las sucesivas sesiones del mercado intradiario continuo como resultado de la agregación de todas las transacciones firmes formalizadas para cada periodo de programación como consecuencia del programa d,D+1
10282,programa,Generación programada PHFC Carbón,<p>Energía correspondiente a la programación establecida por el OS con posterioridad a cada una de las sucesivas sesiones del mercado intradiario continuo como resultado de la agregación de todas las transacciones firmes formalizadas para cada periodo de programación como consecuencia del programa d,D+1
10283,programa,Generación programada PHFC otras renovables,<p>Energía correspondiente a la programación establecida por el OS con posterioridad a cada una de las sucesivas sesiones del mercado intradiario continuo como resultado de la agregación de todas las transacciones firmes formalizadas para cada periodo de programación como consecuencia del programa d,D+1
10284,programa,Saldo total interconexiones programa PHFC,<p>Energía correspondiente a la programación establecida por el OS con posterioridad a cada una de las sucesivas sesiones del mercado intradiario continuo como resultado de la agregación de todas las transacciones firmes formalizadas para cada periodo de programación como consecuencia del programa d,D+1
10285,programa,Ajuste de programas PHFC,<p>Energía correspondiente a la programación establecida por el OS con posterioridad a cada una de las sucesivas sesiones del mercado intradiario continuo como resultado de la agregación de todas las transacciones firmes formalizadas para cada periodo de programación como consecuencia del programa d,D+1
10286,programa,Generación programada + Almacenamiento  + Cable Baleares PHFC,<p>Energía correspondiente a la programación establecida por el OS con posterioridad a cada una de las sucesivas sesiones del mercado intradiario continuo como resultado de la agregación de todas las transacciones firmes formalizadas para cada periodo de programación como consecuencia del programa d,D+1
10287,programa,Generación programada PHFC total,<p>Energía correspondiente a la programación establecida por el OS con posterioridad a cada una de las sucesivas sesiones del mercado intradiario continuo como resultado de la agregación de todas las transacciones firmes formalizadas para cada periodo de programación como consecuencia del programa d,D+1
10321,programa,Energía asignada por seguridad a subir,<p>Proceso de soluci&oacute;n de restricciones t&eacute;cnicas PBF o Mercado de seguridad del diario es el proceso realizado por el Operador del sistema consistente en la resoluci&oacute;n de las restricciones t&eacute;cnicas identificadas en el Programa Diario Base de Funcionamiento (Fase I) median,D+1
10322,programa,Energía asignada por seguridad a bajar,<p>Proceso de soluci&oacute;n de restricciones t&eacute;cnicas PBF o Mercado de seguridad del diario es el proceso realizado por el Operador del sistema consistente en la resoluci&oacute;n de las restricciones t&eacute;cnicas identificadas en el Programa Diario Base de Funcionamiento (Fase I) median,D+1
10323,prevision,Energía de balance a subir,"<p>La regulaci&oacute;n secundaria es un servicio complementario de car&aacute;cter potestativo que tiene por objeto el mantenimiento del equilibrio generaci&oacute;n-demanda, corrigiendo los desv&iacute;os respecto a los programas de intercambio previstos en la interconexi&oacute;n Espa&ntilde;a-Fr",previsto
10324,prevision,Energía de balance a bajar,"<p>La regulaci&oacute;n secundaria es un servicio complementario de car&aacute;cter potestativo que tiene por objeto el mantenimiento del equilibrio generaci&oacute;n-demanda, corrigiendo los desv&iacute;os respecto a los programas de intercambio previstos en la interconexi&oacute;n Espa&ntilde;a-Fr",previsto
10325,prevision,Energía total asignada por seguridad y de balance,<p>Proceso de soluci&oacute;n de restricciones t&eacute;cnicas PBF o Mercado de seguridad del diario es el proceso realizado por el Operador del sistema consistente en la resoluci&oacute;n de las restricciones t&eacute;cnicas identificadas en el Programa Diario Base de Funcionamiento (Fase I) median,previsto
10326,programa,Precio medio ponderado restricciones técnicas diario subir,<p>Proceso de soluci&oacute;n de restricciones t&eacute;cnicas PBF o Mercado de seguridad del diario es el proceso realizado por el Operador del sistema consistente en la resoluci&oacute;n de las restricciones t&eacute;cnicas identificadas en el Programa Diario Base de Funcionamiento (Fase I) median,D+1
10327,programa,Precio medio ponderado restricciones técnicas diario bajar,<p>Proceso de soluci&oacute;n de restricciones t&eacute;cnicas PBF o Mercado de seguridad del diario es el proceso realizado por el Operador del sistema consistente en la resoluci&oacute;n de las restricciones t&eacute;cnicas identificadas en el Programa Diario Base de Funcionamiento (Fase I) median,D+1
10328,programa,Precio medio mensual componente servicios ajuste del sistema,"<p>Cumpliendo con lo especificado en la disposici&oacute;n adicional quinta de la Orden ITC/1659/2009, en este apartado se publica el coste final de la energ&iacute;a, as&iacute; como los componentes del precio final, en agregado y para cada tipo de consumidor.</p>

<p>En concreto este indicador s",D+1
10329,programa,Precio medio anual componente servicios ajuste del sistema,"<p>Cumpliendo con lo especificado en la disposici&oacute;n adicional quinta de la Orden ITC/1659/2009, en este apartado se publica el coste final de la energ&iacute;a, as&iacute; como los componentes del precio final, en agregado y para cada tipo de consumidor.</p>

<p>En concreto este indicador s",D+1
10350,programa,Demanda real suma de generación SNP,"<p>Es el sumatorio de la medida en tiempo real para los distintos tipos de producci&oacute;n en los sistemas no peninsulares.</p>

<p>El desglose de este indicador proporciona los MW generados por cada tipo de producci&oacute;n medidos en tiempo real.</p>

<p><b>Publicaci&oacute;n:</b> cada 10 m",D+1
10351,programa,Generación T.Real renovable,"<p>Generaci&oacute;n medida en tiempo real del tipo de producci&oacute;n renovable.</p>

<p><b>Publicaci&oacute;n:</b>&nbsp;cada 10 minutos con la informaci&oacute;n de las tres &uacute;ltimas horas del d&iacute;a D-1 hasta la hora actual del d&iacute;a D.</p>",D+1
10352,programa,Generación T.Real no renovable,"<p>Generaci&oacute;n medida en tiempo real del tipo de producci&oacute;n no renovable.</p>

<p><b>Publicaci&oacute;n:</b>&nbsp;cada 10 minutos con la informaci&oacute;n de las tres &uacute;ltimas horas del d&iacute;a D-1 hasta la hora actual del d&iacute;a D.</p>",D+1
10353,programa,Generación T.Real renovable SNP,"<p>Generaci&oacute;n medida en tiempo real del tipo de producci&oacute;n renovable en los sistemas no peninsulares.</p>

<p><b>Publicaci&oacute;n:</b>&nbsp;cada 10 minutos con la informaci&oacute;n de las tres &uacute;ltimas horas del d&iacute;a D-1 hasta la hora actual del d&iacute;a D.</p>",D+1
10354,programa,Generación T.Real no renovable SNP,"<p>Generaci&oacute;n medida en tiempo real del tipo de producci&oacute;n no renovable en los sistemas no peninsulares.</p>

<p><b>Publicaci&oacute;n:</b>&nbsp;cada 10 minutos con la informaci&oacute;n de las tres &uacute;ltimas horas del d&iacute;a D-1 hasta la hora actual del d&iacute;a D.</p>",D+1
10355,programa,CO2 Asociado Generación T.Real,"<p>CO2 asociado a la generaci&oacute;n medida en tiempo real.</p>

<p><b>Publicaci&oacute;n:</b>&nbsp;cada 10 minutos con la informaci&oacute;n de las tres &uacute;ltimas horas del d&iacute;a D-1 hasta la hora actual del d&iacute;a D.</p>",D+1
10356,programa,CO2 Asociado Generación T.Real SNP,"<p>CO2 asociado a la generaci&oacute;n medida en tiempo real&nbsp;en los sistemas no peninsulares.</p>

<p><b>Publicaci&oacute;n:</b>&nbsp;cada 10 minutos con la informaci&oacute;n de las tres &uacute;ltimas horas del d&iacute;a D-1 hasta la hora actual del d&iacute;a D.</p>",D+1
10358,prevision,Previsión diaria D+1 eólica más fotovoltaica,"<p>La Circular 4/2019 de la CNMC por la que se establece la metodolog&iacute;a de retribuci&oacute;n del Operador del Sistema, dispone la existencia de incentivos a la calidad de las previsiones de generaci&oacute;n e&oacute;lica m&aacute;s fotovoltaica para la pen&iacute;nsula realizadas por el Ope",previsión
10359,prevision,Previsión intradiaria H+3 eólica más fotovoltaica,"<p>La Circular 4/2019 de la CNMC por la que se establece la metodolog&iacute;a de retribuci&oacute;n del Operador del Sistema, dispone la existencia de incentivos a la calidad de las previsiones de generaci&oacute;n e&oacute;lica m&aacute;s fotovoltaica para la pen&iacute;nsula realizadas por el Ope",previsión
10360,programa,Programas balance transfronterizo importación,"<p>El proceso de activaci&oacute;n de ofertas de energ&iacute;as procedentes de reservas de sustituci&oacute;n (RR, por sus siglas en ingl&eacute;s) tiene por objeto restablecer o mantener el nivel requerido de energ&iacute;as de recuperaci&oacute;n de la frecuencia con activaci&oacute;n manual y au",D+1
10361,programa,Programas balance transfronterizo exportación,"<p>El proceso de activaci&oacute;n de ofertas de energ&iacute;as procedentes de reservas de sustituci&oacute;n (RR, por sus siglas en ingl&eacute;s) tiene por objeto restablecer o mantener el nivel requerido de energ&iacute;as de recuperaci&oacute;n de la frecuencia con activaci&oacute;n manual y au",D+1
10362,programa,Energía asignada por restricciones técnicas diario Fase I Absoluto SCB,<p>El Proceso de solución de restricciones técnicas del PDBF es el proceso llevado a cabo por el Operador del sistema con el objeto de resolver las restricciones técnicas identificadas en el Programa Diario Base de Funcionamiento mediante la modificación de los programas de las Unidades de Programac,D+1
10363,programa,Energía asignada por restricciones técnicas diario Fase I Absoluto SCA,<p>El Proceso de solución de restricciones técnicas del PDBF es el proceso llevado a cabo por el Operador del sistema con el objeto de resolver las restricciones técnicas identificadas en el Programa Diario Base de Funcionamiento mediante la modificación de los programas de las Unidades de Programac,D+1
10364,programa,Energía asignada por restricciones técnicas diario Fase I Absoluto CT,<p>El Proceso de solución de restricciones técnicas del PDBF es el proceso llevado a cabo por el Operador del sistema con el objeto de resolver las restricciones técnicas identificadas en el Programa Diario Base de Funcionamiento mediante la modificación de los programas de las Unidades de Programac,D+1
10365,programa,Energía asignada por restricciones técnicas diario Fase I Absoluto RTD,<p>El Proceso de solución de restricciones técnicas del PDBF es el proceso llevado a cabo por el Operador del sistema con el objeto de resolver las restricciones técnicas identificadas en el Programa Diario Base de Funcionamiento mediante la modificación de los programas de las Unidades de Programac,D+1
10367,programa,Energía asignada por restricciones técnicas diario Fase I Absoluto Otros,<p>El Proceso de solución de restricciones técnicas del PDBF es el proceso llevado a cabo por el Operador del sistema con el objeto de resolver las restricciones técnicas identificadas en el Programa Diario Base de Funcionamiento mediante la modificación de los programas de las Unidades de Programac,D+1
10377,programa,Precio medio cuarto horario componente restricciones técnicas,<p>En este apartado se publica el precio final medio de la energía calculado según el criterio de la Resolución vigente. En concreto este indicador se refiere a la componente restricciones técnicas del precio medio ponderado cuarto horario de la energía para todos los tipos de consumidores. Para fec,D+1
10378,programa,Precio medio cuarto horario componente restricciones técnicas comercializadores de referencia,"<p>En este apartado se publica el precio final medio de la energía calculado según el criterio de la Resolución vigente.</p>
<p>En concreto este indicador se refiere a la componente restricciones técnicas del precio medio ponderado cuarto horario de la energía para el tipo de consumidor comercializ",D+1
10379,programa,Precio medio cuarto horario componente restricciones técnicas contratación libre,"<p>En este apartado se publica el precio final medio de la energía calculado según el criterio de la Resolución vigente.</p>
<p>En concreto este indicador se refiere a la componente restricciones técnicas del precio medio ponderado cuarto horario de la energía para el tipo de consumidor de contrata",D+1
10380,programa,Precio medio cuarto horario componente procesos OS,"<p>En este apartado se publica el precio final medio de la energía calculado según el criterio de la Resolución vigente.</p>
<p>En concreto este indicador se refiere a la componente procesos OS del precio medio ponderado cuarto horario de la energía para todos los tipos de consumidores.</p>
<p>Par",D+1
10381,programa,Precio medio cuarto horario componente procesos OS comercializadores de referencia,"<p>En este apartado se publica el precio final medio de la energía calculado según el criterio de la Resolución vigente.</p>
<p>En concreto este indicador se refiere a la componente procesos OS del precio medio ponderado cuarto horario de la energía para el tipo de consumidor comercializadores de r",D+1
10382,programa,Precio medio cuarto horario componente procesos OS contratación libre,"<p>En este apartado se publica el precio final medio de la energía calculado según el criterio de la Resolución vigente.</p>
<p>En concreto este indicador se refiere a la componente procesos OS del precio medio ponderado cuarto horario de la energía para el tipo de consumidor de contratación libre<",D+1
10383,programa,Necesidad total solicitada de energías de balance RR,<p>El mecanismo de asignaci&oacute;n de energ&iacute;as de balance RR es un servicio que tiene por objeto restablecer o mantener el nivel de energ&iacute;as de recuperaci&oacute;n de la frecuencia con activaci&oacute;n manual y autom&aacute;tica (energ&iacute;as de regulaci&oacute;n secundaria y ter,D+1
10386,programa,Precio medio ponderado regulación terciaria a subir,"<p>Precio medio ponderado regulación terciaria a subir</p><p>La regulación terciaria es uno de los servicios de balance de activación de reservas de potencia activa que tiene por objeto mantener la frecuencia y el equilibrio generación-demanda del sistema. Este servicio, de activación manual en un t",D+1
10387,programa,Precio medio ponderado regulación terciaria a bajar,"<p>Precio medio ponderado regulación terciaria a bajar</p><p>La regulación terciaria es uno de los servicios de balance de activación de reservas de potencia activa que tiene por objeto mantener la frecuencia y el equilibrio generación-demanda del sistema. Este servicio, de activación manual en un t",D+1
10388,prevision,Precio medio ponderado reserva de regulación secundaria a subir,"<p>La regulación secundaria es un servicio complementario de carácter potestativo que tiene por objeto el mantenimiento del equilibrio generación-demanda, corrigiendo los desvíos respecto a los programas de intercambio previstos en la interconexión España-Francia, y las desviaciones de la frecuencia",previsto
10389,prevision,Precio medio ponderado de energía de regulación secundaria a subir,"<p>La regulación secundaria es un servicio complementario de carácter potestativo que tiene por objeto el mantenimiento del equilibrio generación-demanda, corrigiendo los desvíos respecto a los programas de intercambio previstos en la interconexión España-Francia, y las desviaciones de la frecuencia",previsto
10390,prevision,Precio medio ponderado de energía de regulación secundaria a bajar,"<p>La regulación secundaria es un servicio complementario de carácter potestativo que tiene por objeto el mantenimiento del equilibrio generación-demanda, corrigiendo los desvíos respecto a los programas de intercambio previstos en la interconexión España-Francia, y las desviaciones de la frecuencia",previsto
10391,programa,Término de facturación de energía activa del PVPC 2.0TD suma componentes,<p>Precio horario del t&eacute;rmino de energ&iacute;a que se aplican en la factura el&eacute;ctrica de los consumidores con una potencia contratada no superior a 10 kWy que est&eacute;n acogidos al PVPC (Precio Voluntario para el Peque&ntilde;o Consumidor).</p><p>Incluye el t&eacute;rmino de energ&,D+1
10392,programa,Precio medio ponderado programación de reserva adicional Tiempo Real,"<p class=""Textonormal"">El proceso de soluci&oacute;n de restricciones t&eacute;cnicas en Tiempo Real es realizado por el Operador del sistema que consiste en la resoluci&oacute;n de las restricciones t&eacute;cnicas identificadas durante la operaci&oacute;n en tiempo real mediante la modificaci&oacu",D+1
10393,programa,Desglose peaje 2.0TD Término de energía,<p>Concepto que forma parte del t&eacute;rmino de facturaci&oacute;n de energ&iacute;a activa del PVPC que es el precio horario del t&eacute;rmino de energ&iacute;a que se aplican en la factura el&eacute;ctrica de los consumidores con una potencia contratada no superior a 15&nbsp;kW y que est&eacute,D+1
10398,programa,Precio medio ponderado regulación terciaria a subir de activación programada (AP),"<p>La regulación terciaria es uno de los servicios de balance de activación de reservas de potencia activa que tiene por objeto mantener la frecuencia y el equilibrio generación-demanda del sistema. Este servicio, de activación manual en un tiempo igual o inferior a 15 minutos, es gestionado por el",D+1
10399,programa,Precio medio ponderado regulación terciaria a bajar de activación programada (AP),"<p>La regulación terciaria es uno de los servicios de balance de activación de reservas de potencia activa que tiene por objeto mantener la frecuencia y el equilibrio generación-demanda del sistema. Este servicio, de activación manual en un tiempo igual o inferior a 15 minutos, es gestionado por el",D+1
10400,programa,Precio medio ponderado regulación terciaria a subir de activación directa (AD),"<p>La regulación terciaria es uno de los servicios de balance de activación de reservas de potencia activa que tiene por objeto mantener la frecuencia y el equilibrio generación-demanda del sistema. Este servicio, de activación manual en un tiempo igual o inferior a 15 minutos, es gestionado por el",D+1
10401,programa,Precio medio ponderado regulación terciaria a bajar de activación directa (AD),"<p>La regulación terciaria es uno de los servicios de balance de activación de reservas de potencia activa que tiene por objeto mantener la frecuencia y el equilibrio generación-demanda del sistema. Este servicio, de activación manual en un tiempo igual o inferior a 15 minutos, es gestionado por el",D+1
10403,programa,Precio medio horario componente mecanismo de ajuste RD-L 10/2022,<p>Precio medio horario componente mecanismo de ajuste RD-L 10/2022</p>,D+1
10404,programa,Precio medio horario componente mecanismo de ajuste RD-L 10/2022 contratación libre,<p>Precio medio horario componente mecanismo de ajuste RD-L 10/2022 contratación libre</p>,D+1
10405,programa,Precio medio horario componente mecanismo de ajuste RD-L 10/2022 comercializadores de referencia,<p>Precio medio horario componente mecanismo de ajuste RD-L 10/2022 comercializadores de referencia</p>,D+1
10406,programa,RD-L 10/2022 mercado diario e intradiario - Mensual,<p>RD-L 10/2022 mercado diario e intradiario - Mensual</p>,D+1
10407,programa,RD-L 10/2022 mercado diario e intradiario - diferencia por liquidación con medidas - Mensual,<p>RD-L 10/2022 mercado diario e intradiario - diferencia por liquidación con medidas - Mensual</p>,D+1
10408,programa,RD-L 10/2022 restricciones tÃ©cnicas y mercados de balance - Mensual,<p>RD-L 10/2022 restricciones tÃ©cnicas y mercados de balance - Mensual</p>,D+1
10409,programa,RD-L 10/2022 mercado diario e intradiario - Anual,<p>RD-L 10/2022 mercado diario e intradiario - Anual</p>,D+1
10410,programa,RD-L 10/2022 mercado diario e intradiario - diferencia por liquidación con medidas - Anual,<p>RD-L 10/2022 mercado diario e intradiario - diferencia por liquidación con medidas - Anual</p>,D+1
10411,programa,RD-L 10/2022 restricciones técnicas y mercados de balance - Anual,<p>RD-L 10/2022 restricciones t&eacute;cnicas y mercados de balance - Anual</p>,D+1
10412,programa,Precio medio ponderado de activación del servicio de respuesta activa de la demanda,<p> Es un servicio específico de balance del sistema eléctrico peninsular español que tiene por objeto hacer frente a situaciones de escasez de reserva de balance a subir mediante la obtención de recursos adicionales a los ya disponibles mediante la utilización de los servicios estándar de balance e,H+3
10456,programa,Porcentaje de Energía Renovable No Integrable por restricciones técnicas RTT en el PDBF Fase 1,<p>El proceso de solución de restricciones técnicas del PDBF es el proceso realizado por el Operador del sistema con el objeto de resolver las restricciones técnicas identificadas en el Programa Diario Base de Funcionamiento (PDBF) mediante la modificación de los programas de las unidades de program,D+1
10457,programa,Porcentaje de Energía Renovable No Integrable por restricciones técnicas RTD en PDBF Fase 1,<p>El proceso de solución de restricciones técnicas del PDBF es el proceso realizado por el Operador del sistema con el objeto de resolver las restricciones técnicas identificadas en el Programa Diario Base de Funcionamiento (PDBF) mediante la modificación de los programas de las unidades de program,D+1
10460,programa,Porcentaje de Energía Renovable No Integrable por restricciones técnicas en la RTT,"<p>El proceso de solución de restricciones técnicas es realizado por el Operador del sistema y tiene por objeto resolver las restricciones técnicas identificadas en el sistema eléctrico peninsular español en el Programa Diario Base de Funcionamiento (PDBF), así como las que puedan identificarse con",D+1
10461,programa,Porcentaje de Energía Renovable No Integrable por restricciones técnicas en la RTD,"<p>El proceso de solución de restricciones técnicas es realizado por el Operador del sistema y tiene por objeto resolver las restricciones técnicas identificadas en el sistema eléctrico peninsular español en el Programa Diario Base de Funcionamiento (PDBF), así como las que puedan identificarse con",D+1
10462,programa,Porcentaje de Energía Renovable No Integrable por restricciones técnicas,"<p>El proceso de solución de restricciones técnicas es realizado por el Operador del sistema y tiene por objeto resolver las restricciones técnicas identificadas en el sistema eléctrico peninsular español en el Programa Diario Base de Funcionamiento (PDBF), así como las que puedan identificarse con",D+1
10463,prevision,Precio medio ponderado reserva de regulación secundaria a bajar,"<p>La regulación secundaria es un servicio complementario de carácter potestativo que tiene por objeto el mantenimiento del equilibrio generación-demanda, corrigiendo los desvíos respecto a los programas de intercambio previstos en la interconexión España-Francia, y las desviaciones de la frecuencia",previsto
10489,programa,Porcentaje de energía renovable no integrable por Balance SNP,"<p> Modificación del programa de la generación renovable motivada por viabilidad de los balances de potencia.</p><p>El operador del sistema debe garantizar el equilibrio constante entre la energía que se necesita (la demanda) y la que se produce (la generación), para suministrar la cantidad de energ",D+1
10518,programa,Energía asignada por restricciones técnicas diario Fase I Absoluto RSI,<p>El Proceso de solución de restricciones técnicas del PDBF es el proceso llevado a cabo por el Operador del sistema con el objeto de resolver las restricciones técnicas identificadas en el Programa Diario Base de Funcionamiento mediante la modificación de los programas de las Unidades de Programac,D+1
10523,programa,Precio medio cuarto horario componente importe participación servicios,"<p>En este apartado se publica el precio final medio de la energía calculado según el criterio de la Resolución vigente.</p>
<p>En concreto este indicador se refiere a la componente importe participación servicios del precio medio ponderado cuarto horario de la energía para todos los tipos de consu",D+1
10524,programa,Precio medio cuarto horario componente importe participación servicios comercializadores de referencia,"<p>En este apartado se publica el precio final medio de la energía calculado según el criterio de la Resolución vigente.</p>
<p>En concreto este indicador se refiere a la componente importe participación servicios del precio medio ponderado cuarto horario de la energía para el tipo de consumidor co",D+1
10525,programa,Precio medio cuarto horario componente importe participación servicios contratación libre,<p>En este apartado se publica el precio final medio de la energía calculado según el criterio de la Resolución vigente.</p><p>En concreto este indicador se refiere a la componente importe participación servicios del precio medio ponderado cuarto horario de la energía para el tipo de consumidor de c,D+1
