indicador,nombre,datetime,datetime_utc,value,geo_id
462,Potencia indisponible de generación en PBF,2025-07-01T00:00:00.000+02:00,2025-06-30T22:00:00Z,11073.53958333333,8741
462,Potencia indisponible de generación en PBF,2025-08-01T00:00:00.000+02:00,2025-07-31T22:00:00Z,10110.30403225807,8741
462,Potencia indisponible de generación en PBF,2025-09-01T00:00:00.000+02:00,2025-08-31T22:00:00Z,14966.13055555556,8741
462,Potencia indisponible de generación en PBF,2025-10-01T00:00:00.000+02:00,2025-09-30T22:00:00Z,15267.44604026846,8741
462,Potencia indisponible de generación en PBF,2025-11-01T00:00:00.000+01:00,2025-10-31T23:00:00Z,13959.87333333333,8741
462,Potencia indisponible de generación en PBF,2025-12-01T00:00:00.000+01:00,2025-11-30T23:00:00Z,10170.73252688172,8741
462,Potencia indisponible de generación en PBF,2026-01-01T00:00:00.000+01:00,2025-12-31T23:00:00Z,9849.6934139785,8741
462,Potencia indisponible de generación en PBF,2026-02-01T00:00:00.000+01:00,2026-01-31T23:00:00Z,14350.51145833333,8741
462,Potencia indisponible de generación en PBF,2026-03-01T00:00:00.000+01:00,2026-02-28T23:00:00Z,14330.8467025572,8741
462,Potencia indisponible de generación en PBF,2026-04-01T00:00:00.000+02:00,2026-03-31T22:00:00Z,12758.72430555556,8741
462,Potencia indisponible de generación en PBF,2026-05-01T00:00:00.000+02:00,2026-04-30T22:00:00Z,13857.94489247312,8741
462,Potencia indisponible de generación en PBF,2026-06-01T00:00:00.000+02:00,2026-05-31T22:00:00Z,12858.89083333333,8741
462,Potencia indisponible de generación en PBF,2026-07-01T00:00:00.000+02:00,2026-06-30T22:00:00Z,11678.89112903226,8741
462,Potencia indisponible de generación en PBF,2026-08-01T00:00:00.000+02:00,2026-07-31T22:00:00Z,12470.1997311828,8741
462,Potencia indisponible de generación en PBF,2026-09-01T00:00:00.000+02:00,2026-08-31T22:00:00Z,13863.76111111111,8741
463,Potencia indisponible de generación en el cierre,2025-07-01T00:00:00.000+02:00,2025-06-30T22:00:00Z,11444.1625,8741
463,Potencia indisponible de generación en el cierre,2025-08-01T00:00:00.000+02:00,2025-07-31T22:00:00Z,10559.24905913979,8741
463,Potencia indisponible de generación en el cierre,2025-09-01T00:00:00.000+02:00,2025-08-31T22:00:00Z,15367.31611111111,8741
463,Potencia indisponible de generación en el cierre,2025-10-01T00:00:00.000+02:00,2025-09-30T22:00:00Z,15551.12483221477,8741
463,Potencia indisponible de generación en el cierre,2025-11-01T00:00:00.000+01:00,2025-10-31T23:00:00Z,14395.40819444445,8741
463,Potencia indisponible de generación en el cierre,2025-12-01T00:00:00.000+01:00,2025-11-30T23:00:00Z,10651.09099462366,8741
463,Potencia indisponible de generación en el cierre,2026-01-01T00:00:00.000+01:00,2025-12-31T23:00:00Z,10282.60940860215,8741
463,Potencia indisponible de generación en el cierre,2026-02-01T00:00:00.000+01:00,2026-01-31T23:00:00Z,14980.3849702381,8741
463,Potencia indisponible de generación en el cierre,2026-03-01T00:00:00.000+01:00,2026-02-28T23:00:00Z,14866.3397039031,8741
463,Potencia indisponible de generación en el cierre,2026-04-01T00:00:00.000+02:00,2026-03-31T22:00:00Z,13232.39375,8741
463,Potencia indisponible de generación en el cierre,2026-05-01T00:00:00.000+02:00,2026-04-30T22:00:00Z,14376.42365591398,8741
463,Potencia indisponible de generación en el cierre,2026-06-01T00:00:00.000+02:00,2026-05-31T22:00:00Z,13451.66361111111,8741
463,Potencia indisponible de generación en el cierre,2026-07-01T00:00:00.000+02:00,2026-06-30T22:00:00Z,12748.84072580645,8741
463,Potencia indisponible de generación en el cierre,2026-08-01T00:00:00.000+02:00,2026-07-31T22:00:00Z,13779.95551075269,8741
463,Potencia indisponible de generación en el cierre,2026-09-01T00:00:00.000+02:00,2026-08-31T22:00:00Z,15287.76041666667,8741
464,Potencia instalada de generación convencional Hidráulica UGH,2025-07-01T00:00:00.000+02:00,2025-06-30T22:00:00Z,592.0,28
464,Potencia instalada de generación convencional Hidráulica UGH,2025-07-01T00:00:00.000+02:00,2025-06-30T22:00:00Z,4.7,72
464,Potencia instalada de generación convencional Hidráulica UGH,2025-07-01T00:00:00.000+02:00,2025-06-30T22:00:00Z,539.4,71
464,Potencia instalada de generación convencional Hidráulica UGH,2025-07-01T00:00:00.000+02:00,2025-06-30T22:00:00Z,191.3,70
464,Potencia instalada de generación convencional Hidráulica UGH,2025-07-01T00:00:00.000+02:00,2025-06-30T22:00:00Z,4.3,69
464,Potencia instalada de generación convencional Hidráulica UGH,2025-07-01T00:00:00.000+02:00,2025-06-30T22:00:00Z,11.2,64
464,Potencia instalada de generación convencional Hidráulica UGH,2025-07-01T00:00:00.000+02:00,2025-06-30T22:00:00Z,389.5,62
464,Potencia instalada de generación convencional Hidráulica UGH,2025-07-01T00:00:00.000+02:00,2025-06-30T22:00:00Z,12.1,57
464,Potencia instalada de generación convencional Hidráulica UGH,2025-07-01T00:00:00.000+02:00,2025-06-30T22:00:00Z,423.9,56
464,Potencia instalada de generación convencional Hidráulica UGH,2025-07-01T00:00:00.000+02:00,2025-06-30T22:00:00Z,150.8,52
464,Potencia instalada de generación convencional Hidráulica UGH,2025-07-01T00:00:00.000+02:00,2025-06-30T22:00:00Z,386.0,50
464,Potencia instalada de generación convencional Hidráulica UGH,2025-07-01T00:00:00.000+02:00,2025-06-30T22:00:00Z,3534.6,48
464,Potencia instalada de generación convencional Hidráulica UGH,2025-07-01T00:00:00.000+02:00,2025-06-30T22:00:00Z,2.0,59
464,Potencia instalada de generación convencional Hidráulica UGH,2025-07-01T00:00:00.000+02:00,2025-06-30T22:00:00Z,945.8,43
464,Potencia instalada de generación convencional Hidráulica UGH,2025-07-01T00:00:00.000+02:00,2025-06-30T22:00:00Z,2182.5,44
464,Potencia instalada de generación convencional Hidráulica UGH,2025-07-01T00:00:00.000+02:00,2025-06-30T22:00:00Z,19.0,32
464,Potencia instalada de generación convencional Hidráulica UGH,2025-07-01T00:00:00.000+02:00,2025-06-30T22:00:00Z,0.6,33
464,Potencia instalada de generación convencional Hidráulica UGH,2025-07-01T00:00:00.000+02:00,2025-06-30T22:00:00Z,16.5,34
464,Potencia instalada de generación convencional Hidráulica UGH,2025-07-01T00:00:00.000+02:00,2025-06-30T22:00:00Z,723.0,35
464,Potencia instalada de generación convencional Hidráulica UGH,2025-07-01T00:00:00.000+02:00,2025-06-30T22:00:00Z,332.8,30
464,Potencia instalada de generación convencional Hidráulica UGH,2025-07-01T00:00:00.000+02:00,2025-06-30T22:00:00Z,1870.7,39
464,Potencia instalada de generación convencional Hidráulica UGH,2025-07-01T00:00:00.000+02:00,2025-06-30T22:00:00Z,3.3,40
464,Potencia instalada de generación convencional Hidráulica UGH,2025-07-01T00:00:00.000+02:00,2025-06-30T22:00:00Z,0.3,41
464,Potencia instalada de generación convencional Hidráulica UGH,2025-07-01T00:00:00.000+02:00,2025-06-30T22:00:00Z,2451.3,37
464,Potencia instalada de generación convencional Hidráulica UGH,2025-08-01T00:00:00.000+02:00,2025-07-31T22:00:00Z,386.0,50
464,Potencia instalada de generación convencional Hidráulica UGH,2025-08-01T00:00:00.000+02:00,2025-07-31T22:00:00Z,4.7,72
464,Potencia instalada de generación convencional Hidráulica UGH,2025-08-01T00:00:00.000+02:00,2025-07-31T22:00:00Z,539.4,71
464,Potencia instalada de generación convencional Hidráulica UGH,2025-08-01T00:00:00.000+02:00,2025-07-31T22:00:00Z,191.3,70
464,Potencia instalada de generación convencional Hidráulica UGH,2025-08-01T00:00:00.000+02:00,2025-07-31T22:00:00Z,4.3,69
464,Potencia instalada de generación convencional Hidráulica UGH,2025-08-01T00:00:00.000+02:00,2025-07-31T22:00:00Z,11.2,64
464,Potencia instalada de generación convencional Hidráulica UGH,2025-08-01T00:00:00.000+02:00,2025-07-31T22:00:00Z,389.5,62
464,Potencia instalada de generación convencional Hidráulica UGH,2025-08-01T00:00:00.000+02:00,2025-07-31T22:00:00Z,12.1,57
464,Potencia instalada de generación convencional Hidráulica UGH,2025-08-01T00:00:00.000+02:00,2025-07-31T22:00:00Z,423.9,56
464,Potencia instalada de generación convencional Hidráulica UGH,2025-08-01T00:00:00.000+02:00,2025-07-31T22:00:00Z,150.8,52
464,Potencia instalada de generación convencional Hidráulica UGH,2025-08-01T00:00:00.000+02:00,2025-07-31T22:00:00Z,3534.6,48
464,Potencia instalada de generación convencional Hidráulica UGH,2025-08-01T00:00:00.000+02:00,2025-07-31T22:00:00Z,2.0,59
464,Potencia instalada de generación convencional Hidráulica UGH,2025-08-01T00:00:00.000+02:00,2025-07-31T22:00:00Z,945.8,43
464,Potencia instalada de generación convencional Hidráulica UGH,2025-08-01T00:00:00.000+02:00,2025-07-31T22:00:00Z,332.8,30
464,Potencia instalada de generación convencional Hidráulica UGH,2025-08-01T00:00:00.000+02:00,2025-07-31T22:00:00Z,19.0,32
464,Potencia instalada de generación convencional Hidráulica UGH,2025-08-01T00:00:00.000+02:00,2025-07-31T22:00:00Z,0.6,33
464,Potencia instalada de generación convencional Hidráulica UGH,2025-08-01T00:00:00.000+02:00,2025-07-31T22:00:00Z,16.5,34
464,Potencia instalada de generación convencional Hidráulica UGH,2025-08-01T00:00:00.000+02:00,2025-07-31T22:00:00Z,723.0,35
464,Potencia instalada de generación convencional Hidráulica UGH,2025-08-01T00:00:00.000+02:00,2025-07-31T22:00:00Z,592.0,28
464,Potencia instalada de generación convencional Hidráulica UGH,2025-08-01T00:00:00.000+02:00,2025-07-31T22:00:00Z,2451.3,37
464,Potencia instalada de generación convencional Hidráulica UGH,2025-08-01T00:00:00.000+02:00,2025-07-31T22:00:00Z,0.3,41
464,Potencia instalada de generación convencional Hidráulica UGH,2025-08-01T00:00:00.000+02:00,2025-07-31T22:00:00Z,2182.5,44
464,Potencia instalada de generación convencional Hidráulica UGH,2025-08-01T00:00:00.000+02:00,2025-07-31T22:00:00Z,1870.7,39
464,Potencia instalada de generación convencional Hidráulica UGH,2025-08-01T00:00:00.000+02:00,2025-07-31T22:00:00Z,3.3,40
464,Potencia instalada de generación convencional Hidráulica UGH,2025-09-01T00:00:00.000+02:00,2025-08-31T22:00:00Z,3534.6,48
464,Potencia instalada de generación convencional Hidráulica UGH,2025-09-01T00:00:00.000+02:00,2025-08-31T22:00:00Z,539.4,71
464,Potencia instalada de generación convencional Hidráulica UGH,2025-09-01T00:00:00.000+02:00,2025-08-31T22:00:00Z,191.3,70
464,Potencia instalada de generación convencional Hidráulica UGH,2025-09-01T00:00:00.000+02:00,2025-08-31T22:00:00Z,4.3,69
464,Potencia instalada de generación convencional Hidráulica UGH,2025-09-01T00:00:00.000+02:00,2025-08-31T22:00:00Z,4.7,72
464,Potencia instalada de generación convencional Hidráulica UGH,2025-09-01T00:00:00.000+02:00,2025-08-31T22:00:00Z,389.5,62
464,Potencia instalada de generación convencional Hidráulica UGH,2025-09-01T00:00:00.000+02:00,2025-08-31T22:00:00Z,2.0,59
464,Potencia instalada de generación convencional Hidráulica UGH,2025-09-01T00:00:00.000+02:00,2025-08-31T22:00:00Z,12.1,57
464,Potencia instalada de generación convencional Hidráulica UGH,2025-09-01T00:00:00.000+02:00,2025-08-31T22:00:00Z,423.9,56
464,Potencia instalada de generación convencional Hidráulica UGH,2025-09-01T00:00:00.000+02:00,2025-08-31T22:00:00Z,150.8,52
464,Potencia instalada de generación convencional Hidráulica UGH,2025-09-01T00:00:00.000+02:00,2025-08-31T22:00:00Z,386.0,50
464,Potencia instalada de generación convencional Hidráulica UGH,2025-09-01T00:00:00.000+02:00,2025-08-31T22:00:00Z,11.2,64
464,Potencia instalada de generación convencional Hidráulica UGH,2025-09-01T00:00:00.000+02:00,2025-08-31T22:00:00Z,2182.5,44
464,Potencia instalada de generación convencional Hidráulica UGH,2025-09-01T00:00:00.000+02:00,2025-08-31T22:00:00Z,0.3,41
464,Potencia instalada de generación convencional Hidráulica UGH,2025-09-01T00:00:00.000+02:00,2025-08-31T22:00:00Z,3.3,40
464,Potencia instalada de generación convencional Hidráulica UGH,2025-09-01T00:00:00.000+02:00,2025-08-31T22:00:00Z,1870.7,39
464,Potencia instalada de generación convencional Hidráulica UGH,2025-09-01T00:00:00.000+02:00,2025-08-31T22:00:00Z,2451.3,37
464,Potencia instalada de generación convencional Hidráulica UGH,2025-09-01T00:00:00.000+02:00,2025-08-31T22:00:00Z,723.0,35
464,Potencia instalada de generación convencional Hidráulica UGH,2025-09-01T00:00:00.000+02:00,2025-08-31T22:00:00Z,16.5,34
464,Potencia instalada de generación convencional Hidráulica UGH,2025-09-01T00:00:00.000+02:00,2025-08-31T22:00:00Z,0.6,33
464,Potencia instalada de generación convencional Hidráulica UGH,2025-09-01T00:00:00.000+02:00,2025-08-31T22:00:00Z,19.0,32
464,Potencia instalada de generación convencional Hidráulica UGH,2025-09-01T00:00:00.000+02:00,2025-08-31T22:00:00Z,332.8,30
464,Potencia instalada de generación convencional Hidráulica UGH,2025-09-01T00:00:00.000+02:00,2025-08-31T22:00:00Z,592.0,28
464,Potencia instalada de generación convencional Hidráulica UGH,2025-09-01T00:00:00.000+02:00,2025-08-31T22:00:00Z,945.8,43
464,Potencia instalada de generación convencional Hidráulica UGH,2025-10-01T00:00:00.000+02:00,2025-09-30T22:00:00Z,150.8,52
464,Potencia instalada de generación convencional Hidráulica UGH,2025-10-01T00:00:00.000+02:00,2025-09-30T22:00:00Z,423.9,56
464,Potencia instalada de generación convencional Hidráulica UGH,2025-10-01T00:00:00.000+02:00,2025-09-30T22:00:00Z,12.1,57
464,Potencia instalada de generación convencional Hidráulica UGH,2025-10-01T00:00:00.000+02:00,2025-09-30T22:00:00Z,389.5,62
464,Potencia instalada de generación convencional Hidráulica UGH,2025-10-01T00:00:00.000+02:00,2025-09-30T22:00:00Z,386.0,50
464,Potencia instalada de generación convencional Hidráulica UGH,2025-10-01T00:00:00.000+02:00,2025-09-30T22:00:00Z,4.3,69
464,Potencia instalada de generación convencional Hidráulica UGH,2025-10-01T00:00:00.000+02:00,2025-09-30T22:00:00Z,191.3,70
464,Potencia instalada de generación convencional Hidráulica UGH,2025-10-01T00:00:00.000+02:00,2025-09-30T22:00:00Z,539.4,71
464,Potencia instalada de generación convencional Hidráulica UGH,2025-10-01T00:00:00.000+02:00,2025-09-30T22:00:00Z,4.7,72
464,Potencia instalada de generación convencional Hidráulica UGH,2025-10-01T00:00:00.000+02:00,2025-09-30T22:00:00Z,11.2,64
464,Potencia instalada de generación convencional Hidráulica UGH,2025-10-01T00:00:00.000+02:00,2025-09-30T22:00:00Z,3534.6,48
464,Potencia instalada de generación convencional Hidráulica UGH,2025-10-01T00:00:00.000+02:00,2025-09-30T22:00:00Z,2.0,59
464,Potencia instalada de generación convencional Hidráulica UGH,2025-10-01T00:00:00.000+02:00,2025-09-30T22:00:00Z,945.8,43
464,Potencia instalada de generación convencional Hidráulica UGH,2025-10-01T00:00:00.000+02:00,2025-09-30T22:00:00Z,592.0,28
464,Potencia instalada de generación convencional Hidráulica UGH,2025-10-01T00:00:00.000+02:00,2025-09-30T22:00:00Z,332.8,30
464,Potencia instalada de generación convencional Hidráulica UGH,2025-10-01T00:00:00.000+02:00,2025-09-30T22:00:00Z,19.0,32
464,Potencia instalada de generación convencional Hidráulica UGH,2025-10-01T00:00:00.000+02:00,2025-09-30T22:00:00Z,0.6,33
464,Potencia instalada de generación convencional Hidráulica UGH,2025-10-01T00:00:00.000+02:00,2025-09-30T22:00:00Z,16.5,34
464,Potencia instalada de generación convencional Hidráulica UGH,2025-10-01T00:00:00.000+02:00,2025-09-30T22:00:00Z,2182.5,44
464,Potencia instalada de generación convencional Hidráulica UGH,2025-10-01T00:00:00.000+02:00,2025-09-30T22:00:00Z,2451.3,37
464,Potencia instalada de generación convencional Hidráulica UGH,2025-10-01T00:00:00.000+02:00,2025-09-30T22:00:00Z,1870.7,39
464,Potencia instalada de generación convencional Hidráulica UGH,2025-10-01T00:00:00.000+02:00,2025-09-30T22:00:00Z,3.3,40
464,Potencia instalada de generación convencional Hidráulica UGH,2025-10-01T00:00:00.000+02:00,2025-09-30T22:00:00Z,0.3,41
464,Potencia instalada de generación convencional Hidráulica UGH,2025-10-01T00:00:00.000+02:00,2025-09-30T22:00:00Z,723.0,35
464,Potencia instalada de generación convencional Hidráulica UGH,2025-11-01T00:00:00.000+01:00,2025-10-31T23:00:00Z,423.9,56
464,Potencia instalada de generación convencional Hidráulica UGH,2025-11-01T00:00:00.000+01:00,2025-10-31T23:00:00Z,150.8,52
464,Potencia instalada de generación convencional Hidráulica UGH,2025-11-01T00:00:00.000+01:00,2025-10-31T23:00:00Z,12.1,57
464,Potencia instalada de generación convencional Hidráulica UGH,2025-11-01T00:00:00.000+01:00,2025-10-31T23:00:00Z,2.0,59
464,Potencia instalada de generación convencional Hidráulica UGH,2025-11-01T00:00:00.000+01:00,2025-10-31T23:00:00Z,389.5,62
464,Potencia instalada de generación convencional Hidráulica UGH,2025-11-01T00:00:00.000+01:00,2025-10-31T23:00:00Z,4.3,69
464,Potencia instalada de generación convencional Hidráulica UGH,2025-11-01T00:00:00.000+01:00,2025-10-31T23:00:00Z,386.0,50
464,Potencia instalada de generación convencional Hidráulica UGH,2025-11-01T00:00:00.000+01:00,2025-10-31T23:00:00Z,191.3,70
464,Potencia instalada de generación convencional Hidráulica UGH,2025-11-01T00:00:00.000+01:00,2025-10-31T23:00:00Z,539.4,71
464,Potencia instalada de generación convencional Hidráulica UGH,2025-11-01T00:00:00.000+01:00,2025-10-31T23:00:00Z,4.7,72
464,Potencia instalada de generación convencional Hidráulica UGH,2025-11-01T00:00:00.000+01:00,2025-10-31T23:00:00Z,11.2,64
464,Potencia instalada de generación convencional Hidráulica UGH,2025-11-01T00:00:00.000+01:00,2025-10-31T23:00:00Z,3534.6,48
464,Potencia instalada de generación convencional Hidráulica UGH,2025-11-01T00:00:00.000+01:00,2025-10-31T23:00:00Z,2182.5,44
464,Potencia instalada de generación convencional Hidráulica UGH,2025-11-01T00:00:00.000+01:00,2025-10-31T23:00:00Z,945.8,43
464,Potencia instalada de generación convencional Hidráulica UGH,2025-11-01T00:00:00.000+01:00,2025-10-31T23:00:00Z,0.3,41
464,Potencia instalada de generación convencional Hidráulica UGH,2025-11-01T00:00:00.000+01:00,2025-10-31T23:00:00Z,3.3,40
464,Potencia instalada de generación convencional Hidráulica UGH,2025-11-01T00:00:00.000+01:00,2025-10-31T23:00:00Z,1870.7,39
464,Potencia instalada de generación convencional Hidráulica UGH,2025-11-01T00:00:00.000+01:00,2025-10-31T23:00:00Z,2451.3,37
464,Potencia instalada de generación convencional Hidráulica UGH,2025-11-01T00:00:00.000+01:00,2025-10-31T23:00:00Z,723.0,35
464,Potencia instalada de generación convencional Hidráulica UGH,2025-11-01T00:00:00.000+01:00,2025-10-31T23:00:00Z,16.5,34
464,Potencia instalada de generación convencional Hidráulica UGH,2025-11-01T00:00:00.000+01:00,2025-10-31T23:00:00Z,0.6,33
464,Potencia instalada de generación convencional Hidráulica UGH,2025-11-01T00:00:00.000+01:00,2025-10-31T23:00:00Z,19.0,32
464,Potencia instalada de generación convencional Hidráulica UGH,2025-11-01T00:00:00.000+01:00,2025-10-31T23:00:00Z,332.8,30
464,Potencia instalada de generación convencional Hidráulica UGH,2025-11-01T00:00:00.000+01:00,2025-10-31T23:00:00Z,592.0,28
464,Potencia instalada de generación convencional Hidráulica UGH,2025-12-01T00:00:00.000+01:00,2025-11-30T23:00:00Z,386.0,50
464,Potencia instalada de generación convencional Hidráulica UGH,2025-12-01T00:00:00.000+01:00,2025-11-30T23:00:00Z,150.8,52
464,Potencia instalada de generación convencional Hidráulica UGH,2025-12-01T00:00:00.000+01:00,2025-11-30T23:00:00Z,423.9,56
464,Potencia instalada de generación convencional Hidráulica UGH,2025-12-01T00:00:00.000+01:00,2025-11-30T23:00:00Z,12.1,57
464,Potencia instalada de generación convencional Hidráulica UGH,2025-12-01T00:00:00.000+01:00,2025-11-30T23:00:00Z,2.0,59
464,Potencia instalada de generación convencional Hidráulica UGH,2025-12-01T00:00:00.000+01:00,2025-11-30T23:00:00Z,539.4,71
464,Potencia instalada de generación convencional Hidráulica UGH,2025-12-01T00:00:00.000+01:00,2025-11-30T23:00:00Z,11.2,64
464,Potencia instalada de generación convencional Hidráulica UGH,2025-12-01T00:00:00.000+01:00,2025-11-30T23:00:00Z,4.3,69
464,Potencia instalada de generación convencional Hidráulica UGH,2025-12-01T00:00:00.000+01:00,2025-11-30T23:00:00Z,191.3,70
464,Potencia instalada de generación convencional Hidráulica UGH,2025-12-01T00:00:00.000+01:00,2025-11-30T23:00:00Z,3534.6,48
464,Potencia instalada de generación convencional Hidráulica UGH,2025-12-01T00:00:00.000+01:00,2025-11-30T23:00:00Z,389.5,62
464,Potencia instalada de generación convencional Hidráulica UGH,2025-12-01T00:00:00.000+01:00,2025-11-30T23:00:00Z,4.7,72
464,Potencia instalada de generación convencional Hidráulica UGH,2025-12-01T00:00:00.000+01:00,2025-11-30T23:00:00Z,2182.5,44
464,Potencia instalada de generación convencional Hidráulica UGH,2025-12-01T00:00:00.000+01:00,2025-11-30T23:00:00Z,13.3,41
464,Potencia instalada de generación convencional Hidráulica UGH,2025-12-01T00:00:00.000+01:00,2025-11-30T23:00:00Z,592.0,28
464,Potencia instalada de generación convencional Hidráulica UGH,2025-12-01T00:00:00.000+01:00,2025-11-30T23:00:00Z,332.8,30
464,Potencia instalada de generación convencional Hidráulica UGH,2025-12-01T00:00:00.000+01:00,2025-11-30T23:00:00Z,19.0,32
464,Potencia instalada de generación convencional Hidráulica UGH,2025-12-01T00:00:00.000+01:00,2025-11-30T23:00:00Z,0.6,33
464,Potencia instalada de generación convencional Hidráulica UGH,2025-12-01T00:00:00.000+01:00,2025-11-30T23:00:00Z,945.8,43
464,Potencia instalada de generación convencional Hidráulica UGH,2025-12-01T00:00:00.000+01:00,2025-11-30T23:00:00Z,723.0,35
464,Potencia instalada de generación convencional Hidráulica UGH,2025-12-01T00:00:00.000+01:00,2025-11-30T23:00:00Z,2451.3,37
464,Potencia instalada de generación convencional Hidráulica UGH,2025-12-01T00:00:00.000+01:00,2025-11-30T23:00:00Z,1857.7,39
464,Potencia instalada de generación convencional Hidráulica UGH,2025-12-01T00:00:00.000+01:00,2025-11-30T23:00:00Z,3.3,40
464,Potencia instalada de generación convencional Hidráulica UGH,2025-12-01T00:00:00.000+01:00,2025-11-30T23:00:00Z,16.5,34
464,Potencia instalada de generación convencional Hidráulica UGH,2026-01-01T00:00:00.000+01:00,2025-12-31T23:00:00Z,386.0,50
464,Potencia instalada de generación convencional Hidráulica UGH,2026-01-01T00:00:00.000+01:00,2025-12-31T23:00:00Z,539.4,71
464,Potencia instalada de generación convencional Hidráulica UGH,2026-01-01T00:00:00.000+01:00,2025-12-31T23:00:00Z,190.2935483871,70
464,Potencia instalada de generación convencional Hidráulica UGH,2026-01-01T00:00:00.000+01:00,2025-12-31T23:00:00Z,4.3,69
464,Potencia instalada de generación convencional Hidráulica UGH,2026-01-01T00:00:00.000+01:00,2025-12-31T23:00:00Z,11.8,64
464,Potencia instalada de generación convencional Hidráulica UGH,2026-01-01T00:00:00.000+01:00,2025-12-31T23:00:00Z,389.5,62
464,Potencia instalada de generación convencional Hidráulica UGH,2026-01-01T00:00:00.000+01:00,2025-12-31T23:00:00Z,2.0,59
464,Potencia instalada de generación convencional Hidráulica UGH,2026-01-01T00:00:00.000+01:00,2025-12-31T23:00:00Z,12.1,57
464,Potencia instalada de generación convencional Hidráulica UGH,2026-01-01T00:00:00.000+01:00,2025-12-31T23:00:00Z,423.9,56
464,Potencia instalada de generación convencional Hidráulica UGH,2026-01-01T00:00:00.000+01:00,2025-12-31T23:00:00Z,150.8,52
464,Potencia instalada de generación convencional Hidráulica UGH,2026-01-01T00:00:00.000+01:00,2025-12-31T23:00:00Z,4.7,72
464,Potencia instalada de generación convencional Hidráulica UGH,2026-01-01T00:00:00.000+01:00,2025-12-31T23:00:00Z,3534.0,48
464,Potencia instalada de generación convencional Hidráulica UGH,2026-01-01T00:00:00.000+01:00,2025-12-31T23:00:00Z,945.8,43
464,Potencia instalada de generación convencional Hidráulica UGH,2026-01-01T00:00:00.000+01:00,2025-12-31T23:00:00Z,2182.5,44
464,Potencia instalada de generación convencional Hidráulica UGH,2026-01-01T00:00:00.000+01:00,2025-12-31T23:00:00Z,592.0,28
464,Potencia instalada de generación convencional Hidráulica UGH,2026-01-01T00:00:00.000+01:00,2025-12-31T23:00:00Z,332.8,30
464,Potencia instalada de generación convencional Hidráulica UGH,2026-01-01T00:00:00.000+01:00,2025-12-31T23:00:00Z,0.6,33
464,Potencia instalada de generación convencional Hidráulica UGH,2026-01-01T00:00:00.000+01:00,2025-12-31T23:00:00Z,16.5,34
464,Potencia instalada de generación convencional Hidráulica UGH,2026-01-01T00:00:00.000+01:00,2025-12-31T23:00:00Z,20.0064516129,32
464,Potencia instalada de generación convencional Hidráulica UGH,2026-01-01T00:00:00.000+01:00,2025-12-31T23:00:00Z,2451.3,37
464,Potencia instalada de generación convencional Hidráulica UGH,2026-01-01T00:00:00.000+01:00,2025-12-31T23:00:00Z,1857.7,39
464,Potencia instalada de generación convencional Hidráulica UGH,2026-01-01T00:00:00.000+01:00,2025-12-31T23:00:00Z,3.3,40
464,Potencia instalada de generación convencional Hidráulica UGH,2026-01-01T00:00:00.000+01:00,2025-12-31T23:00:00Z,13.3,41
464,Potencia instalada de generación convencional Hidráulica UGH,2026-01-01T00:00:00.000+01:00,2025-12-31T23:00:00Z,723.0,35
464,Potencia instalada de generación convencional Hidráulica UGH,2026-02-01T00:00:00.000+01:00,2026-01-31T23:00:00Z,2.0,59
464,Potencia instalada de generación convencional Hidráulica UGH,2026-02-01T00:00:00.000+01:00,2026-01-31T23:00:00Z,150.8,52
464,Potencia instalada de generación convencional Hidráulica UGH,2026-02-01T00:00:00.000+01:00,2026-01-31T23:00:00Z,423.9,56
464,Potencia instalada de generación convencional Hidráulica UGH,2026-02-01T00:00:00.000+01:00,2026-01-31T23:00:00Z,12.1,57
464,Potencia instalada de generación convencional Hidráulica UGH,2026-02-01T00:00:00.000+01:00,2026-01-31T23:00:00Z,389.5,62
464,Potencia instalada de generación convencional Hidráulica UGH,2026-02-01T00:00:00.000+01:00,2026-01-31T23:00:00Z,386.0,50
464,Potencia instalada de generación convencional Hidráulica UGH,2026-02-01T00:00:00.000+01:00,2026-01-31T23:00:00Z,4.3,69
464,Potencia instalada de generación convencional Hidráulica UGH,2026-02-01T00:00:00.000+01:00,2026-01-31T23:00:00Z,188.2,70
464,Potencia instalada de generación convencional Hidráulica UGH,2026-02-01T00:00:00.000+01:00,2026-01-31T23:00:00Z,539.4,71
464,Potencia instalada de generación convencional Hidráulica UGH,2026-02-01T00:00:00.000+01:00,2026-01-31T23:00:00Z,4.7,72
464,Potencia instalada de generación convencional Hidráulica UGH,2026-02-01T00:00:00.000+01:00,2026-01-31T23:00:00Z,11.8,64
464,Potencia instalada de generación convencional Hidráulica UGH,2026-02-01T00:00:00.000+01:00,2026-01-31T23:00:00Z,3534.0,48
464,Potencia instalada de generación convencional Hidráulica UGH,2026-02-01T00:00:00.000+01:00,2026-01-31T23:00:00Z,2182.5,44
464,Potencia instalada de generación convencional Hidráulica UGH,2026-02-01T00:00:00.000+01:00,2026-01-31T23:00:00Z,945.8,43
464,Potencia instalada de generación convencional Hidráulica UGH,2026-02-01T00:00:00.000+01:00,2026-01-31T23:00:00Z,13.3,41
464,Potencia instalada de generación convencional Hidráulica UGH,2026-02-01T00:00:00.000+01:00,2026-01-31T23:00:00Z,3.3,40
464,Potencia instalada de generación convencional Hidráulica UGH,2026-02-01T00:00:00.000+01:00,2026-01-31T23:00:00Z,1857.7,39
464,Potencia instalada de generación convencional Hidráulica UGH,2026-02-01T00:00:00.000+01:00,2026-01-31T23:00:00Z,2451.3,37
464,Potencia instalada de generación convencional Hidráulica UGH,2026-02-01T00:00:00.000+01:00,2026-01-31T23:00:00Z,723.0,35
464,Potencia instalada de generación convencional Hidráulica UGH,2026-02-01T00:00:00.000+01:00,2026-01-31T23:00:00Z,16.5,34
464,Potencia instalada de generación convencional Hidráulica UGH,2026-02-01T00:00:00.000+01:00,2026-01-31T23:00:00Z,0.6,33
464,Potencia instalada de generación convencional Hidráulica UGH,2026-02-01T00:00:00.000+01:00,2026-01-31T23:00:00Z,22.1,32
464,Potencia instalada de generación convencional Hidráulica UGH,2026-02-01T00:00:00.000+01:00,2026-01-31T23:00:00Z,332.8,30
464,Potencia instalada de generación convencional Hidráulica UGH,2026-02-01T00:00:00.000+01:00,2026-01-31T23:00:00Z,592.0,28
464,Potencia instalada de generación convencional Hidráulica UGH,2026-03-01T00:00:00.000+01:00,2026-02-28T23:00:00Z,150.8,52
464,Potencia instalada de generación convencional Hidráulica UGH,2026-03-01T00:00:00.000+01:00,2026-02-28T23:00:00Z,423.9,56
464,Potencia instalada de generación convencional Hidráulica UGH,2026-03-01T00:00:00.000+01:00,2026-02-28T23:00:00Z,12.1,57
464,Potencia instalada de generación convencional Hidráulica UGH,2026-03-01T00:00:00.000+01:00,2026-02-28T23:00:00Z,2.0,59
464,Potencia instalada de generación convencional Hidráulica UGH,2026-03-01T00:00:00.000+01:00,2026-02-28T23:00:00Z,389.5,62
464,Potencia instalada de generación convencional Hidráulica UGH,2026-03-01T00:00:00.000+01:00,2026-02-28T23:00:00Z,4.7,72
464,Potencia instalada de generación convencional Hidráulica UGH,2026-03-01T00:00:00.000+01:00,2026-02-28T23:00:00Z,4.3,69
464,Potencia instalada de generación convencional Hidráulica UGH,2026-03-01T00:00:00.000+01:00,2026-02-28T23:00:00Z,188.2,70
464,Potencia instalada de generación convencional Hidráulica UGH,2026-03-01T00:00:00.000+01:00,2026-02-28T23:00:00Z,539.4,71
464,Potencia instalada de generación convencional Hidráulica UGH,2026-03-01T00:00:00.000+01:00,2026-02-28T23:00:00Z,386.0,50
464,Potencia instalada de generación convencional Hidráulica UGH,2026-03-01T00:00:00.000+01:00,2026-02-28T23:00:00Z,11.8,64
464,Potencia instalada de generación convencional Hidráulica UGH,2026-03-01T00:00:00.000+01:00,2026-02-28T23:00:00Z,3534.0,48
464,Potencia instalada de generación convencional Hidráulica UGH,2026-03-01T00:00:00.000+01:00,2026-02-28T23:00:00Z,2182.5,44
464,Potencia instalada de generación convencional Hidráulica UGH,2026-03-01T00:00:00.000+01:00,2026-02-28T23:00:00Z,945.8,43
464,Potencia instalada de generación convencional Hidráulica UGH,2026-03-01T00:00:00.000+01:00,2026-02-28T23:00:00Z,332.8,30
464,Potencia instalada de generación convencional Hidráulica UGH,2026-03-01T00:00:00.000+01:00,2026-02-28T23:00:00Z,22.1,32
464,Potencia instalada de generación convencional Hidráulica UGH,2026-03-01T00:00:00.000+01:00,2026-02-28T23:00:00Z,0.6,33
464,Potencia instalada de generación convencional Hidráulica UGH,2026-03-01T00:00:00.000+01:00,2026-02-28T23:00:00Z,16.5,34
464,Potencia instalada de generación convencional Hidráulica UGH,2026-03-01T00:00:00.000+01:00,2026-02-28T23:00:00Z,592.0,28
464,Potencia instalada de generación convencional Hidráulica UGH,2026-03-01T00:00:00.000+01:00,2026-02-28T23:00:00Z,2451.3,37
464,Potencia instalada de generación convencional Hidráulica UGH,2026-03-01T00:00:00.000+01:00,2026-02-28T23:00:00Z,1857.7,39
464,Potencia instalada de generación convencional Hidráulica UGH,2026-03-01T00:00:00.000+01:00,2026-02-28T23:00:00Z,3.3,40
464,Potencia instalada de generación convencional Hidráulica UGH,2026-03-01T00:00:00.000+01:00,2026-02-28T23:00:00Z,13.3,41
464,Potencia instalada de generación convencional Hidráulica UGH,2026-03-01T00:00:00.000+01:00,2026-02-28T23:00:00Z,723.0,35
464,Potencia instalada de generación convencional Hidráulica UGH,2026-04-01T00:00:00.000+02:00,2026-03-31T22:00:00Z,150.8,52
464,Potencia instalada de generación convencional Hidráulica UGH,2026-04-01T00:00:00.000+02:00,2026-03-31T22:00:00Z,4.7,72
464,Potencia instalada de generación convencional Hidráulica UGH,2026-04-01T00:00:00.000+02:00,2026-03-31T22:00:00Z,539.4,71
464,Potencia instalada de generación convencional Hidráulica UGH,2026-04-01T00:00:00.000+02:00,2026-03-31T22:00:00Z,188.2,70
464,Potencia instalada de generación convencional Hidráulica UGH,2026-04-01T00:00:00.000+02:00,2026-03-31T22:00:00Z,4.3,69
464,Potencia instalada de generación convencional Hidráulica UGH,2026-04-01T00:00:00.000+02:00,2026-03-31T22:00:00Z,11.8,64
464,Potencia instalada de generación convencional Hidráulica UGH,2026-04-01T00:00:00.000+02:00,2026-03-31T22:00:00Z,389.5,62
464,Potencia instalada de generación convencional Hidráulica UGH,2026-04-01T00:00:00.000+02:00,2026-03-31T22:00:00Z,2.0,59
464,Potencia instalada de generación convencional Hidráulica UGH,2026-04-01T00:00:00.000+02:00,2026-03-31T22:00:00Z,12.1,57
464,Potencia instalada de generación convencional Hidráulica UGH,2026-04-01T00:00:00.000+02:00,2026-03-31T22:00:00Z,423.9,56
464,Potencia instalada de generación convencional Hidráulica UGH,2026-04-01T00:00:00.000+02:00,2026-03-31T22:00:00Z,386.0,50
464,Potencia instalada de generación convencional Hidráulica UGH,2026-04-01T00:00:00.000+02:00,2026-03-31T22:00:00Z,3534.0,48
464,Potencia instalada de generación convencional Hidráulica UGH,2026-04-01T00:00:00.000+02:00,2026-03-31T22:00:00Z,592.0,28
464,Potencia instalada de generación convencional Hidráulica UGH,2026-04-01T00:00:00.000+02:00,2026-03-31T22:00:00Z,332.8,30
464,Potencia instalada de generación convencional Hidráulica UGH,2026-04-01T00:00:00.000+02:00,2026-03-31T22:00:00Z,22.1,32
464,Potencia instalada de generación convencional Hidráulica UGH,2026-04-01T00:00:00.000+02:00,2026-03-31T22:00:00Z,0.6,33
464,Potencia instalada de generación convencional Hidráulica UGH,2026-04-01T00:00:00.000+02:00,2026-03-31T22:00:00Z,33.3,34
464,Potencia instalada de generación convencional Hidráulica UGH,2026-04-01T00:00:00.000+02:00,2026-03-31T22:00:00Z,706.2,35
464,Potencia instalada de generación convencional Hidráulica UGH,2026-04-01T00:00:00.000+02:00,2026-03-31T22:00:00Z,2182.5,44
464,Potencia instalada de generación convencional Hidráulica UGH,2026-04-01T00:00:00.000+02:00,2026-03-31T22:00:00Z,1857.7,39
464,Potencia instalada de generación convencional Hidráulica UGH,2026-04-01T00:00:00.000+02:00,2026-03-31T22:00:00Z,3.3,40
464,Potencia instalada de generación convencional Hidráulica UGH,2026-04-01T00:00:00.000+02:00,2026-03-31T22:00:00Z,13.3,41
464,Potencia instalada de generación convencional Hidráulica UGH,2026-04-01T00:00:00.000+02:00,2026-03-31T22:00:00Z,945.8,43
464,Potencia instalada de generación convencional Hidráulica UGH,2026-04-01T00:00:00.000+02:00,2026-03-31T22:00:00Z,2451.3,37
464,Potencia instalada de generación convencional Hidráulica UGH,2026-05-01T00:00:00.000+02:00,2026-04-30T22:00:00Z,150.8,52
464,Potencia instalada de generación convencional Hidráulica UGH,2026-05-01T00:00:00.000+02:00,2026-04-30T22:00:00Z,423.9,56
464,Potencia instalada de generación convencional Hidráulica UGH,2026-05-01T00:00:00.000+02:00,2026-04-30T22:00:00Z,12.1,57
464,Potencia instalada de generación convencional Hidráulica UGH,2026-05-01T00:00:00.000+02:00,2026-04-30T22:00:00Z,2.0,59
464,Potencia instalada de generación convencional Hidráulica UGH,2026-05-01T00:00:00.000+02:00,2026-04-30T22:00:00Z,389.5,62
464,Potencia instalada de generación convencional Hidráulica UGH,2026-05-01T00:00:00.000+02:00,2026-04-30T22:00:00Z,4.3,69
464,Potencia instalada de generación convencional Hidráulica UGH,2026-05-01T00:00:00.000+02:00,2026-04-30T22:00:00Z,188.2,70
464,Potencia instalada de generación convencional Hidráulica UGH,2026-05-01T00:00:00.000+02:00,2026-04-30T22:00:00Z,539.4,71
464,Potencia instalada de generación convencional Hidráulica UGH,2026-05-01T00:00:00.000+02:00,2026-04-30T22:00:00Z,4.7,72
464,Potencia instalada de generación convencional Hidráulica UGH,2026-05-01T00:00:00.000+02:00,2026-04-30T22:00:00Z,386.0,50
464,Potencia instalada de generación convencional Hidráulica UGH,2026-05-01T00:00:00.000+02:00,2026-04-30T22:00:00Z,11.8,64
464,Potencia instalada de generación convencional Hidráulica UGH,2026-05-01T00:00:00.000+02:00,2026-04-30T22:00:00Z,2182.5,44
464,Potencia instalada de generación convencional Hidráulica UGH,2026-05-01T00:00:00.000+02:00,2026-04-30T22:00:00Z,3.3,40
464,Potencia instalada de generación convencional Hidráulica UGH,2026-05-01T00:00:00.000+02:00,2026-04-30T22:00:00Z,945.8,43
464,Potencia instalada de generación convencional Hidráulica UGH,2026-05-01T00:00:00.000+02:00,2026-04-30T22:00:00Z,13.3,41
464,Potencia instalada de generación convencional Hidráulica UGH,2026-05-01T00:00:00.000+02:00,2026-04-30T22:00:00Z,1857.7,39
464,Potencia instalada de generación convencional Hidráulica UGH,2026-05-01T00:00:00.000+02:00,2026-04-30T22:00:00Z,2451.3,37
464,Potencia instalada de generación convencional Hidráulica UGH,2026-05-01T00:00:00.000+02:00,2026-04-30T22:00:00Z,706.2,35
464,Potencia instalada de generación convencional Hidráulica UGH,2026-05-01T00:00:00.000+02:00,2026-04-30T22:00:00Z,33.3,34
464,Potencia instalada de generación convencional Hidráulica UGH,2026-05-01T00:00:00.000+02:00,2026-04-30T22:00:00Z,0.6,33
464,Potencia instalada de generación convencional Hidráulica UGH,2026-05-01T00:00:00.000+02:00,2026-04-30T22:00:00Z,22.1,32
464,Potencia instalada de generación convencional Hidráulica UGH,2026-05-01T00:00:00.000+02:00,2026-04-30T22:00:00Z,332.8,30
464,Potencia instalada de generación convencional Hidráulica UGH,2026-05-01T00:00:00.000+02:00,2026-04-30T22:00:00Z,592.0,28
464,Potencia instalada de generación convencional Hidráulica UGH,2026-05-01T00:00:00.000+02:00,2026-04-30T22:00:00Z,3534.0,48
464,Potencia instalada de generación convencional Hidráulica UGH,2026-06-01T00:00:00.000+02:00,2026-05-31T22:00:00Z,2.0,59
464,Potencia instalada de generación convencional Hidráulica UGH,2026-06-01T00:00:00.000+02:00,2026-05-31T22:00:00Z,150.8,52
464,Potencia instalada de generación convencional Hidráulica UGH,2026-06-01T00:00:00.000+02:00,2026-05-31T22:00:00Z,423.9,56
464,Potencia instalada de generación convencional Hidráulica UGH,2026-06-01T00:00:00.000+02:00,2026-05-31T22:00:00Z,12.1,57
464,Potencia instalada de generación convencional Hidráulica UGH,2026-06-01T00:00:00.000+02:00,2026-05-31T22:00:00Z,389.5,62
464,Potencia instalada de generación convencional Hidráulica UGH,2026-06-01T00:00:00.000+02:00,2026-05-31T22:00:00Z,386.0,50
464,Potencia instalada de generación convencional Hidráulica UGH,2026-06-01T00:00:00.000+02:00,2026-05-31T22:00:00Z,4.3,69
464,Potencia instalada de generación convencional Hidráulica UGH,2026-06-01T00:00:00.000+02:00,2026-05-31T22:00:00Z,188.2,70
464,Potencia instalada de generación convencional Hidráulica UGH,2026-06-01T00:00:00.000+02:00,2026-05-31T22:00:00Z,539.4,71
464,Potencia instalada de generación convencional Hidráulica UGH,2026-06-01T00:00:00.000+02:00,2026-05-31T22:00:00Z,4.7,72
464,Potencia instalada de generación convencional Hidráulica UGH,2026-06-01T00:00:00.000+02:00,2026-05-31T22:00:00Z,11.8,64
464,Potencia instalada de generación convencional Hidráulica UGH,2026-06-01T00:00:00.000+02:00,2026-05-31T22:00:00Z,3534.0,48
464,Potencia instalada de generación convencional Hidráulica UGH,2026-06-01T00:00:00.000+02:00,2026-05-31T22:00:00Z,2451.3,37
464,Potencia instalada de generación convencional Hidráulica UGH,2026-06-01T00:00:00.000+02:00,2026-05-31T22:00:00Z,945.8,43
464,Potencia instalada de generación convencional Hidráulica UGH,2026-06-01T00:00:00.000+02:00,2026-05-31T22:00:00Z,332.8,30
464,Potencia instalada de generación convencional Hidráulica UGH,2026-06-01T00:00:00.000+02:00,2026-05-31T22:00:00Z,22.1,32
464,Potencia instalada de generación convencional Hidráulica UGH,2026-06-01T00:00:00.000+02:00,2026-05-31T22:00:00Z,0.6,33
464,Potencia instalada de generación convencional Hidráulica UGH,2026-06-01T00:00:00.000+02:00,2026-05-31T22:00:00Z,33.3,34
464,Potencia instalada de generación convencional Hidráulica UGH,2026-06-01T00:00:00.000+02:00,2026-05-31T22:00:00Z,592.0,28
464,Potencia instalada de generación convencional Hidráulica UGH,2026-06-01T00:00:00.000+02:00,2026-05-31T22:00:00Z,2182.5,44
464,Potencia instalada de generación convencional Hidráulica UGH,2026-06-01T00:00:00.000+02:00,2026-05-31T22:00:00Z,1857.7,39
464,Potencia instalada de generación convencional Hidráulica UGH,2026-06-01T00:00:00.000+02:00,2026-05-31T22:00:00Z,3.3,40
464,Potencia instalada de generación convencional Hidráulica UGH,2026-06-01T00:00:00.000+02:00,2026-05-31T22:00:00Z,13.3,41
464,Potencia instalada de generación convencional Hidráulica UGH,2026-06-01T00:00:00.000+02:00,2026-05-31T22:00:00Z,706.2,35
464,Potencia instalada de generación convencional Hidráulica UGH,2026-07-01T00:00:00.000+02:00,2026-06-30T22:00:00Z,150.8,52
464,Potencia instalada de generación convencional Hidráulica UGH,2026-07-01T00:00:00.000+02:00,2026-06-30T22:00:00Z,4.7,72
464,Potencia instalada de generación convencional Hidráulica UGH,2026-07-01T00:00:00.000+02:00,2026-06-30T22:00:00Z,539.4,71
464,Potencia instalada de generación convencional Hidráulica UGH,2026-07-01T00:00:00.000+02:00,2026-06-30T22:00:00Z,188.2,70
464,Potencia instalada de generación convencional Hidráulica UGH,2026-07-01T00:00:00.000+02:00,2026-06-30T22:00:00Z,4.3,69
464,Potencia instalada de generación convencional Hidráulica UGH,2026-07-01T00:00:00.000+02:00,2026-06-30T22:00:00Z,11.8,64
464,Potencia instalada de generación convencional Hidráulica UGH,2026-07-01T00:00:00.000+02:00,2026-06-30T22:00:00Z,389.5,62
464,Potencia instalada de generación convencional Hidráulica UGH,2026-07-01T00:00:00.000+02:00,2026-06-30T22:00:00Z,2.0,59
464,Potencia instalada de generación convencional Hidráulica UGH,2026-07-01T00:00:00.000+02:00,2026-06-30T22:00:00Z,12.1,57
464,Potencia instalada de generación convencional Hidráulica UGH,2026-07-01T00:00:00.000+02:00,2026-06-30T22:00:00Z,423.9,56
464,Potencia instalada de generación convencional Hidráulica UGH,2026-07-01T00:00:00.000+02:00,2026-06-30T22:00:00Z,386.0,50
464,Potencia instalada de generación convencional Hidráulica UGH,2026-07-01T00:00:00.000+02:00,2026-06-30T22:00:00Z,3534.0,48
464,Potencia instalada de generación convencional Hidráulica UGH,2026-07-01T00:00:00.000+02:00,2026-06-30T22:00:00Z,592.0,28
464,Potencia instalada de generación convencional Hidráulica UGH,2026-07-01T00:00:00.000+02:00,2026-06-30T22:00:00Z,2182.5,44
464,Potencia instalada de generación convencional Hidráulica UGH,2026-07-01T00:00:00.000+02:00,2026-06-30T22:00:00Z,332.8,30
464,Potencia instalada de generación convencional Hidráulica UGH,2026-07-01T00:00:00.000+02:00,2026-06-30T22:00:00Z,22.1,32
464,Potencia instalada de generación convencional Hidráulica UGH,2026-07-01T00:00:00.000+02:00,2026-06-30T22:00:00Z,33.3,34
464,Potencia instalada de generación convencional Hidráulica UGH,2026-07-01T00:00:00.000+02:00,2026-06-30T22:00:00Z,706.2,35
464,Potencia instalada de generación convencional Hidráulica UGH,2026-07-01T00:00:00.000+02:00,2026-06-30T22:00:00Z,0.6,33
464,Potencia instalada de generación convencional Hidráulica UGH,2026-07-01T00:00:00.000+02:00,2026-06-30T22:00:00Z,1857.7,39
464,Potencia instalada de generación convencional Hidráulica UGH,2026-07-01T00:00:00.000+02:00,2026-06-30T22:00:00Z,3.3,40
464,Potencia instalada de generación convencional Hidráulica UGH,2026-07-01T00:00:00.000+02:00,2026-06-30T22:00:00Z,13.3,41
464,Potencia instalada de generación convencional Hidráulica UGH,2026-07-01T00:00:00.000+02:00,2026-06-30T22:00:00Z,945.8,43
464,Potencia instalada de generación convencional Hidráulica UGH,2026-07-01T00:00:00.000+02:00,2026-06-30T22:00:00Z,2451.3,37
464,Potencia instalada de generación convencional Hidráulica UGH,2026-08-01T00:00:00.000+02:00,2026-07-31T22:00:00Z,4.7,72
464,Potencia instalada de generación convencional Hidráulica UGH,2026-08-01T00:00:00.000+02:00,2026-07-31T22:00:00Z,150.8,52
464,Potencia instalada de generación convencional Hidráulica UGH,2026-08-01T00:00:00.000+02:00,2026-07-31T22:00:00Z,423.9,56
464,Potencia instalada de generación convencional Hidráulica UGH,2026-08-01T00:00:00.000+02:00,2026-07-31T22:00:00Z,12.1,57
464,Potencia instalada de generación convencional Hidráulica UGH,2026-08-01T00:00:00.000+02:00,2026-07-31T22:00:00Z,2.0,59
464,Potencia instalada de generación convencional Hidráulica UGH,2026-08-01T00:00:00.000+02:00,2026-07-31T22:00:00Z,386.0,50
464,Potencia instalada de generación convencional Hidráulica UGH,2026-08-01T00:00:00.000+02:00,2026-07-31T22:00:00Z,11.8,64
464,Potencia instalada de generación convencional Hidráulica UGH,2026-08-01T00:00:00.000+02:00,2026-07-31T22:00:00Z,4.3,69
464,Potencia instalada de generación convencional Hidráulica UGH,2026-08-01T00:00:00.000+02:00,2026-07-31T22:00:00Z,188.2,70
464,Potencia instalada de generación convencional Hidráulica UGH,2026-08-01T00:00:00.000+02:00,2026-07-31T22:00:00Z,539.4,71
464,Potencia instalada de generación convencional Hidráulica UGH,2026-08-01T00:00:00.000+02:00,2026-07-31T22:00:00Z,389.5,62
464,Potencia instalada de generación convencional Hidráulica UGH,2026-08-01T00:00:00.000+02:00,2026-07-31T22:00:00Z,3534.0,48
464,Potencia instalada de generación convencional Hidráulica UGH,2026-08-01T00:00:00.000+02:00,2026-07-31T22:00:00Z,2451.3,37
464,Potencia instalada de generación convencional Hidráulica UGH,2026-08-01T00:00:00.000+02:00,2026-07-31T22:00:00Z,945.8,43
464,Potencia instalada de generación convencional Hidráulica UGH,2026-08-01T00:00:00.000+02:00,2026-07-31T22:00:00Z,13.3,41
464,Potencia instalada de generación convencional Hidráulica UGH,2026-08-01T00:00:00.000+02:00,2026-07-31T22:00:00Z,3.3,40
464,Potencia instalada de generación convencional Hidráulica UGH,2026-08-01T00:00:00.000+02:00,2026-07-31T22:00:00Z,1857.7,39
464,Potencia instalada de generación convencional Hidráulica UGH,2026-08-01T00:00:00.000+02:00,2026-07-31T22:00:00Z,706.2,35
464,Potencia instalada de generación convencional Hidráulica UGH,2026-08-01T00:00:00.000+02:00,2026-07-31T22:00:00Z,33.3,34
464,Potencia instalada de generación convencional Hidráulica UGH,2026-08-01T00:00:00.000+02:00,2026-07-31T22:00:00Z,0.6,33
464,Potencia instalada de generación convencional Hidráulica UGH,2026-08-01T00:00:00.000+02:00,2026-07-31T22:00:00Z,22.1,32
464,Potencia instalada de generación convencional Hidráulica UGH,2026-08-01T00:00:00.000+02:00,2026-07-31T22:00:00Z,332.8,30
464,Potencia instalada de generación convencional Hidráulica UGH,2026-08-01T00:00:00.000+02:00,2026-07-31T22:00:00Z,592.0,28
464,Potencia instalada de generación convencional Hidráulica UGH,2026-08-01T00:00:00.000+02:00,2026-07-31T22:00:00Z,2182.5,44
464,Potencia instalada de generación convencional Hidráulica UGH,2026-09-01T00:00:00.000+02:00,2026-08-31T22:00:00Z,386.0,50
464,Potencia instalada de generación convencional Hidráulica UGH,2026-09-01T00:00:00.000+02:00,2026-08-31T22:00:00Z,150.8,52
464,Potencia instalada de generación convencional Hidráulica UGH,2026-09-01T00:00:00.000+02:00,2026-08-31T22:00:00Z,423.9,56
464,Potencia instalada de generación convencional Hidráulica UGH,2026-09-01T00:00:00.000+02:00,2026-08-31T22:00:00Z,12.1,57
464,Potencia instalada de generación convencional Hidráulica UGH,2026-09-01T00:00:00.000+02:00,2026-08-31T22:00:00Z,188.2,70
464,Potencia instalada de generación convencional Hidráulica UGH,2026-09-01T00:00:00.000+02:00,2026-08-31T22:00:00Z,389.5,62
464,Potencia instalada de generación convencional Hidráulica UGH,2026-09-01T00:00:00.000+02:00,2026-08-31T22:00:00Z,11.8,64
464,Potencia instalada de generación convencional Hidráulica UGH,2026-09-01T00:00:00.000+02:00,2026-08-31T22:00:00Z,4.3,69
464,Potencia instalada de generación convencional Hidráulica UGH,2026-09-01T00:00:00.000+02:00,2026-08-31T22:00:00Z,3534.0,48
464,Potencia instalada de generación convencional Hidráulica UGH,2026-09-01T00:00:00.000+02:00,2026-08-31T22:00:00Z,2.0,59
464,Potencia instalada de generación convencional Hidráulica UGH,2026-09-01T00:00:00.000+02:00,2026-08-31T22:00:00Z,2182.5,44
464,Potencia instalada de generación convencional Hidráulica UGH,2026-09-01T00:00:00.000+02:00,2026-08-31T22:00:00Z,2451.3,37
464,Potencia instalada de generación convencional Hidráulica UGH,2026-09-01T00:00:00.000+02:00,2026-08-31T22:00:00Z,13.3,41
464,Potencia instalada de generación convencional Hidráulica UGH,2026-09-01T00:00:00.000+02:00,2026-08-31T22:00:00Z,3.3,40
464,Potencia instalada de generación convencional Hidráulica UGH,2026-09-01T00:00:00.000+02:00,2026-08-31T22:00:00Z,1857.7,39
464,Potencia instalada de generación convencional Hidráulica UGH,2026-09-01T00:00:00.000+02:00,2026-08-31T22:00:00Z,706.2,35
464,Potencia instalada de generación convencional Hidráulica UGH,2026-09-01T00:00:00.000+02:00,2026-08-31T22:00:00Z,33.3,34
464,Potencia instalada de generación convencional Hidráulica UGH,2026-09-01T00:00:00.000+02:00,2026-08-31T22:00:00Z,0.6,33
464,Potencia instalada de generación convencional Hidráulica UGH,2026-09-01T00:00:00.000+02:00,2026-08-31T22:00:00Z,22.1,32
464,Potencia instalada de generación convencional Hidráulica UGH,2026-09-01T00:00:00.000+02:00,2026-08-31T22:00:00Z,332.8,30
464,Potencia instalada de generación convencional Hidráulica UGH,2026-09-01T00:00:00.000+02:00,2026-08-31T22:00:00Z,592.0,28
464,Potencia instalada de generación convencional Hidráulica UGH,2026-09-01T00:00:00.000+02:00,2026-08-31T22:00:00Z,539.4,71
464,Potencia instalada de generación convencional Hidráulica UGH,2026-09-01T00:00:00.000+02:00,2026-08-31T22:00:00Z,945.8,43
464,Potencia instalada de generación convencional Hidráulica UGH,2026-09-01T00:00:00.000+02:00,2026-08-31T22:00:00Z,4.7,72
465,Potencia instalada de generación convencional Turbinación bombeo,2025-07-01T00:00:00.000+02:00,2025-06-30T22:00:00Z,206.7,27
465,Potencia instalada de generación convencional Turbinación bombeo,2025-07-01T00:00:00.000+02:00,2025-06-30T22:00:00Z,307.8,28
465,Potencia instalada de generación convencional Turbinación bombeo,2025-07-01T00:00:00.000+02:00,2025-06-30T22:00:00Z,1511.7,35
465,Potencia instalada de generación convencional Turbinación bombeo,2025-07-01T00:00:00.000+02:00,2025-06-30T22:00:00Z,360.4,40
465,Potencia instalada de generación convencional Turbinación bombeo,2025-07-01T00:00:00.000+02:00,2025-06-30T22:00:00Z,439.2,41
465,Potencia instalada de generación convencional Turbinación bombeo,2025-07-01T00:00:00.000+02:00,2025-06-30T22:00:00Z,376.7,56
465,Potencia instalada de generación convencional Turbinación bombeo,2025-07-01T00:00:00.000+02:00,2025-06-30T22:00:00Z,215.0,60
465,Potencia instalada de generación convencional Turbinación bombeo,2025-08-01T00:00:00.000+02:00,2025-07-31T22:00:00Z,215.0,60
465,Potencia instalada de generación convencional Turbinación bombeo,2025-08-01T00:00:00.000+02:00,2025-07-31T22:00:00Z,376.7,56
465,Potencia instalada de generación convencional Turbinación bombeo,2025-08-01T00:00:00.000+02:00,2025-07-31T22:00:00Z,360.4,40
465,Potencia instalada de generación convencional Turbinación bombeo,2025-08-01T00:00:00.000+02:00,2025-07-31T22:00:00Z,439.2,41
465,Potencia instalada de generación convencional Turbinación bombeo,2025-08-01T00:00:00.000+02:00,2025-07-31T22:00:00Z,307.8,28
465,Potencia instalada de generación convencional Turbinación bombeo,2025-08-01T00:00:00.000+02:00,2025-07-31T22:00:00Z,206.7,27
465,Potencia instalada de generación convencional Turbinación bombeo,2025-08-01T00:00:00.000+02:00,2025-07-31T22:00:00Z,1511.7,35
465,Potencia instalada de generación convencional Turbinación bombeo,2025-09-01T00:00:00.000+02:00,2025-08-31T22:00:00Z,206.7,27
465,Potencia instalada de generación convencional Turbinación bombeo,2025-09-01T00:00:00.000+02:00,2025-08-31T22:00:00Z,307.8,28
465,Potencia instalada de generación convencional Turbinación bombeo,2025-09-01T00:00:00.000+02:00,2025-08-31T22:00:00Z,1511.7,35
465,Potencia instalada de generación convencional Turbinación bombeo,2025-09-01T00:00:00.000+02:00,2025-08-31T22:00:00Z,360.4,40
465,Potencia instalada de generación convencional Turbinación bombeo,2025-09-01T00:00:00.000+02:00,2025-08-31T22:00:00Z,439.2,41
465,Potencia instalada de generación convencional Turbinación bombeo,2025-09-01T00:00:00.000+02:00,2025-08-31T22:00:00Z,376.7,56
465,Potencia instalada de generación convencional Turbinación bombeo,2025-09-01T00:00:00.000+02:00,2025-08-31T22:00:00Z,215.0,60
465,Potencia instalada de generación convencional Turbinación bombeo,2025-10-01T00:00:00.000+02:00,2025-09-30T22:00:00Z,376.7,56
465,Potencia instalada de generación convencional Turbinación bombeo,2025-10-01T00:00:00.000+02:00,2025-09-30T22:00:00Z,215.0,60
465,Potencia instalada de generación convencional Turbinación bombeo,2025-10-01T00:00:00.000+02:00,2025-09-30T22:00:00Z,360.4,40
465,Potencia instalada de generación convencional Turbinación bombeo,2025-10-01T00:00:00.000+02:00,2025-09-30T22:00:00Z,439.2,41
465,Potencia instalada de generación convencional Turbinación bombeo,2025-10-01T00:00:00.000+02:00,2025-09-30T22:00:00Z,307.8,28
465,Potencia instalada de generación convencional Turbinación bombeo,2025-10-01T00:00:00.000+02:00,2025-09-30T22:00:00Z,206.7,27
465,Potencia instalada de generación convencional Turbinación bombeo,2025-10-01T00:00:00.000+02:00,2025-09-30T22:00:00Z,1511.7,35
465,Potencia instalada de generación convencional Turbinación bombeo,2025-11-01T00:00:00.000+01:00,2025-10-31T23:00:00Z,206.7,27
465,Potencia instalada de generación convencional Turbinación bombeo,2025-11-01T00:00:00.000+01:00,2025-10-31T23:00:00Z,307.8,28
465,Potencia instalada de generación convencional Turbinación bombeo,2025-11-01T00:00:00.000+01:00,2025-10-31T23:00:00Z,1511.7,35
465,Potencia instalada de generación convencional Turbinación bombeo,2025-11-01T00:00:00.000+01:00,2025-10-31T23:00:00Z,360.4,40
465,Potencia instalada de generación convencional Turbinación bombeo,2025-11-01T00:00:00.000+01:00,2025-10-31T23:00:00Z,439.2,41
465,Potencia instalada de generación convencional Turbinación bombeo,2025-11-01T00:00:00.000+01:00,2025-10-31T23:00:00Z,376.7,56
465,Potencia instalada de generación convencional Turbinación bombeo,2025-11-01T00:00:00.000+01:00,2025-10-31T23:00:00Z,215.0,60
465,Potencia instalada de generación convencional Turbinación bombeo,2025-12-01T00:00:00.000+01:00,2025-11-30T23:00:00Z,360.4,40
465,Potencia instalada de generación convencional Turbinación bombeo,2025-12-01T00:00:00.000+01:00,2025-11-30T23:00:00Z,215.0,60
465,Potencia instalada de generación convencional Turbinación bombeo,2025-12-01T00:00:00.000+01:00,2025-11-30T23:00:00Z,376.7,56
465,Potencia instalada de generación convencional Turbinación bombeo,2025-12-01T00:00:00.000+01:00,2025-11-30T23:00:00Z,439.2,41
465,Potencia instalada de generación convencional Turbinación bombeo,2025-12-01T00:00:00.000+01:00,2025-11-30T23:00:00Z,307.8,28
465,Potencia instalada de generación convencional Turbinación bombeo,2025-12-01T00:00:00.000+01:00,2025-11-30T23:00:00Z,206.7,27
465,Potencia instalada de generación convencional Turbinación bombeo,2025-12-01T00:00:00.000+01:00,2025-11-30T23:00:00Z,1511.7,35
465,Potencia instalada de generación convencional Turbinación bombeo,2026-01-01T00:00:00.000+01:00,2025-12-31T23:00:00Z,376.7,56
465,Potencia instalada de generación convencional Turbinación bombeo,2026-01-01T00:00:00.000+01:00,2025-12-31T23:00:00Z,206.7,27
465,Potencia instalada de generación convencional Turbinación bombeo,2026-01-01T00:00:00.000+01:00,2025-12-31T23:00:00Z,307.8,28
465,Potencia instalada de generación convencional Turbinación bombeo,2026-01-01T00:00:00.000+01:00,2025-12-31T23:00:00Z,1511.7,35
465,Potencia instalada de generación convencional Turbinación bombeo,2026-01-01T00:00:00.000+01:00,2025-12-31T23:00:00Z,360.4,40
465,Potencia instalada de generación convencional Turbinación bombeo,2026-01-01T00:00:00.000+01:00,2025-12-31T23:00:00Z,439.2,41
465,Potencia instalada de generación convencional Turbinación bombeo,2026-01-01T00:00:00.000+01:00,2025-12-31T23:00:00Z,215.0,60
465,Potencia instalada de generación convencional Turbinación bombeo,2026-02-01T00:00:00.000+01:00,2026-01-31T23:00:00Z,376.7,56
465,Potencia instalada de generación convencional Turbinación bombeo,2026-02-01T00:00:00.000+01:00,2026-01-31T23:00:00Z,215.0,60
465,Potencia instalada de generación convencional Turbinación bombeo,2026-02-01T00:00:00.000+01:00,2026-01-31T23:00:00Z,439.2,41
465,Potencia instalada de generación convencional Turbinación bombeo,2026-02-01T00:00:00.000+01:00,2026-01-31T23:00:00Z,360.4,40
465,Potencia instalada de generación convencional Turbinación bombeo,2026-02-01T00:00:00.000+01:00,2026-01-31T23:00:00Z,1511.7,35
465,Potencia instalada de generación convencional Turbinación bombeo,2026-02-01T00:00:00.000+01:00,2026-01-31T23:00:00Z,307.8,28
465,Potencia instalada de generación convencional Turbinación bombeo,2026-02-01T00:00:00.000+01:00,2026-01-31T23:00:00Z,206.7,27
465,Potencia instalada de generación convencional Turbinación bombeo,2026-03-01T00:00:00.000+01:00,2026-02-28T23:00:00Z,206.7,27
465,Potencia instalada de generación convencional Turbinación bombeo,2026-03-01T00:00:00.000+01:00,2026-02-28T23:00:00Z,307.75814266487,28
465,Potencia instalada de generación convencional Turbinación bombeo,2026-03-01T00:00:00.000+01:00,2026-02-28T23:00:00Z,1511.7,35
465,Potencia instalada de generación convencional Turbinación bombeo,2026-03-01T00:00:00.000+01:00,2026-02-28T23:00:00Z,360.4,40
465,Potencia instalada de generación convencional Turbinación bombeo,2026-03-01T00:00:00.000+01:00,2026-02-28T23:00:00Z,439.2,41
465,Potencia instalada de generación convencional Turbinación bombeo,2026-03-01T00:00:00.000+01:00,2026-02-28T23:00:00Z,376.7,56
465,Potencia instalada de generación convencional Turbinación bombeo,2026-03-01T00:00:00.000+01:00,2026-02-28T23:00:00Z,215.0,60
465,Potencia instalada de generación convencional Turbinación bombeo,2026-04-01T00:00:00.000+02:00,2026-03-31T22:00:00Z,215.0,60
465,Potencia instalada de generación convencional Turbinación bombeo,2026-04-01T00:00:00.000+02:00,2026-03-31T22:00:00Z,376.7,56
465,Potencia instalada de generación convencional Turbinación bombeo,2026-04-01T00:00:00.000+02:00,2026-03-31T22:00:00Z,439.2,41
465,Potencia instalada de generación convencional Turbinación bombeo,2026-04-01T00:00:00.000+02:00,2026-03-31T22:00:00Z,360.4,40
465,Potencia instalada de generación convencional Turbinación bombeo,2026-04-01T00:00:00.000+02:00,2026-03-31T22:00:00Z,1511.7,35
465,Potencia instalada de generación convencional Turbinación bombeo,2026-04-01T00:00:00.000+02:00,2026-03-31T22:00:00Z,307.72333333333,28
465,Potencia instalada de generación convencional Turbinación bombeo,2026-04-01T00:00:00.000+02:00,2026-03-31T22:00:00Z,206.7,27
465,Potencia instalada de generación convencional Turbinación bombeo,2026-05-01T00:00:00.000+02:00,2026-04-30T22:00:00Z,206.7,27
465,Potencia instalada de generación convencional Turbinación bombeo,2026-05-01T00:00:00.000+02:00,2026-04-30T22:00:00Z,307.8,28
465,Potencia instalada de generación convencional Turbinación bombeo,2026-05-01T00:00:00.000+02:00,2026-04-30T22:00:00Z,1511.7,35
465,Potencia instalada de generación convencional Turbinación bombeo,2026-05-01T00:00:00.000+02:00,2026-04-30T22:00:00Z,360.4,40
465,Potencia instalada de generación convencional Turbinación bombeo,2026-05-01T00:00:00.000+02:00,2026-04-30T22:00:00Z,439.2,41
465,Potencia instalada de generación convencional Turbinación bombeo,2026-05-01T00:00:00.000+02:00,2026-04-30T22:00:00Z,376.7,56
465,Potencia instalada de generación convencional Turbinación bombeo,2026-05-01T00:00:00.000+02:00,2026-04-30T22:00:00Z,215.0,60
465,Potencia instalada de generación convencional Turbinación bombeo,2026-06-01T00:00:00.000+02:00,2026-05-31T22:00:00Z,215.0,60
465,Potencia instalada de generación convencional Turbinación bombeo,2026-06-01T00:00:00.000+02:00,2026-05-31T22:00:00Z,376.7,56
465,Potencia instalada de generación convencional Turbinación bombeo,2026-06-01T00:00:00.000+02:00,2026-05-31T22:00:00Z,439.2,41
465,Potencia instalada de generación convencional Turbinación bombeo,2026-06-01T00:00:00.000+02:00,2026-05-31T22:00:00Z,307.8,28
465,Potencia instalada de generación convencional Turbinación bombeo,2026-06-01T00:00:00.000+02:00,2026-05-31T22:00:00Z,1511.7,35
465,Potencia instalada de generación convencional Turbinación bombeo,2026-06-01T00:00:00.000+02:00,2026-05-31T22:00:00Z,206.7,27
465,Potencia instalada de generación convencional Turbinación bombeo,2026-06-01T00:00:00.000+02:00,2026-05-31T22:00:00Z,360.4,40
465,Potencia instalada de generación convencional Turbinación bombeo,2026-07-01T00:00:00.000+02:00,2026-06-30T22:00:00Z,206.7,27
465,Potencia instalada de generación convencional Turbinación bombeo,2026-07-01T00:00:00.000+02:00,2026-06-30T22:00:00Z,307.8,28
465,Potencia instalada de generación convencional Turbinación bombeo,2026-07-01T00:00:00.000+02:00,2026-06-30T22:00:00Z,1511.7,35
465,Potencia instalada de generación convencional Turbinación bombeo,2026-07-01T00:00:00.000+02:00,2026-06-30T22:00:00Z,360.4,40
465,Potencia instalada de generación convencional Turbinación bombeo,2026-07-01T00:00:00.000+02:00,2026-06-30T22:00:00Z,439.2,41
465,Potencia instalada de generación convencional Turbinación bombeo,2026-07-01T00:00:00.000+02:00,2026-06-30T22:00:00Z,376.7,56
465,Potencia instalada de generación convencional Turbinación bombeo,2026-07-01T00:00:00.000+02:00,2026-06-30T22:00:00Z,215.0,60
465,Potencia instalada de generación convencional Turbinación bombeo,2026-08-01T00:00:00.000+02:00,2026-07-31T22:00:00Z,215.0,60
465,Potencia instalada de generación convencional Turbinación bombeo,2026-08-01T00:00:00.000+02:00,2026-07-31T22:00:00Z,376.7,56
465,Potencia instalada de generación convencional Turbinación bombeo,2026-08-01T00:00:00.000+02:00,2026-07-31T22:00:00Z,439.2,41
465,Potencia instalada de generación convencional Turbinación bombeo,2026-08-01T00:00:00.000+02:00,2026-07-31T22:00:00Z,307.8,28
465,Potencia instalada de generación convencional Turbinación bombeo,2026-08-01T00:00:00.000+02:00,2026-07-31T22:00:00Z,1511.7,35
465,Potencia instalada de generación convencional Turbinación bombeo,2026-08-01T00:00:00.000+02:00,2026-07-31T22:00:00Z,206.7,27
465,Potencia instalada de generación convencional Turbinación bombeo,2026-08-01T00:00:00.000+02:00,2026-07-31T22:00:00Z,360.4,40
465,Potencia instalada de generación convencional Turbinación bombeo,2026-09-01T00:00:00.000+02:00,2026-08-31T22:00:00Z,376.7,56
465,Potencia instalada de generación convencional Turbinación bombeo,2026-09-01T00:00:00.000+02:00,2026-08-31T22:00:00Z,206.7,27
465,Potencia instalada de generación convencional Turbinación bombeo,2026-09-01T00:00:00.000+02:00,2026-08-31T22:00:00Z,307.8,28
465,Potencia instalada de generación convencional Turbinación bombeo,2026-09-01T00:00:00.000+02:00,2026-08-31T22:00:00Z,1511.7,35
465,Potencia instalada de generación convencional Turbinación bombeo,2026-09-01T00:00:00.000+02:00,2026-08-31T22:00:00Z,360.4,40
465,Potencia instalada de generación convencional Turbinación bombeo,2026-09-01T00:00:00.000+02:00,2026-08-31T22:00:00Z,439.2,41
465,Potencia instalada de generación convencional Turbinación bombeo,2026-09-01T00:00:00.000+02:00,2026-08-31T22:00:00Z,215.0,60
466,Potencia instalada de generación convencional Nuclear,2025-07-01T00:00:00.000+02:00,2025-06-30T22:00:00Z,1063.9,35
466,Potencia instalada de generación convencional Nuclear,2025-07-01T00:00:00.000+02:00,2025-06-30T22:00:00Z,2017.1,37
466,Potencia instalada de generación convencional Nuclear,2025-07-01T00:00:00.000+02:00,2025-06-30T22:00:00Z,3032.8,42
466,Potencia instalada de generación convencional Nuclear,2025-07-01T00:00:00.000+02:00,2025-06-30T22:00:00Z,1003.4,60
466,Potencia instalada de generación convencional Nuclear,2025-08-01T00:00:00.000+02:00,2025-07-31T22:00:00Z,1063.9,35
466,Potencia instalada de generación convencional Nuclear,2025-08-01T00:00:00.000+02:00,2025-07-31T22:00:00Z,2017.1,37
466,Potencia instalada de generación convencional Nuclear,2025-08-01T00:00:00.000+02:00,2025-07-31T22:00:00Z,3032.8,42
466,Potencia instalada de generación convencional Nuclear,2025-08-01T00:00:00.000+02:00,2025-07-31T22:00:00Z,1003.4,60
466,Potencia instalada de generación convencional Nuclear,2025-09-01T00:00:00.000+02:00,2025-08-31T22:00:00Z,1063.9,35
466,Potencia instalada de generación convencional Nuclear,2025-09-01T00:00:00.000+02:00,2025-08-31T22:00:00Z,2017.1,37
466,Potencia instalada de generación convencional Nuclear,2025-09-01T00:00:00.000+02:00,2025-08-31T22:00:00Z,3032.8,42
466,Potencia instalada de generación convencional Nuclear,2025-09-01T00:00:00.000+02:00,2025-08-31T22:00:00Z,1003.4,60
466,Potencia instalada de generación convencional Nuclear,2025-10-01T00:00:00.000+02:00,2025-09-30T22:00:00Z,1003.4,60
466,Potencia instalada de generación convencional Nuclear,2025-10-01T00:00:00.000+02:00,2025-09-30T22:00:00Z,3032.8,42
466,Potencia instalada de generación convencional Nuclear,2025-10-01T00:00:00.000+02:00,2025-09-30T22:00:00Z,1063.9,35
466,Potencia instalada de generación convencional Nuclear,2025-10-01T00:00:00.000+02:00,2025-09-30T22:00:00Z,2017.1,37
466,Potencia instalada de generación convencional Nuclear,2025-11-01T00:00:00.000+01:00,2025-10-31T23:00:00Z,1063.9,35
466,Potencia instalada de generación convencional Nuclear,2025-11-01T00:00:00.000+01:00,2025-10-31T23:00:00Z,2017.1,37
466,Potencia instalada de generación convencional Nuclear,2025-11-01T00:00:00.000+01:00,2025-10-31T23:00:00Z,3032.8,42
466,Potencia instalada de generación convencional Nuclear,2025-11-01T00:00:00.000+01:00,2025-10-31T23:00:00Z,1003.4,60
466,Potencia instalada de generación convencional Nuclear,2025-12-01T00:00:00.000+01:00,2025-11-30T23:00:00Z,1063.9,35
466,Potencia instalada de generación convencional Nuclear,2025-12-01T00:00:00.000+01:00,2025-11-30T23:00:00Z,2017.1,37
466,Potencia instalada de generación convencional Nuclear,2025-12-01T00:00:00.000+01:00,2025-11-30T23:00:00Z,3032.8,42
466,Potencia instalada de generación convencional Nuclear,2025-12-01T00:00:00.000+01:00,2025-11-30T23:00:00Z,1003.4,60
466,Potencia instalada de generación convencional Nuclear,2026-01-01T00:00:00.000+01:00,2025-12-31T23:00:00Z,1063.9,35
466,Potencia instalada de generación convencional Nuclear,2026-01-01T00:00:00.000+01:00,2025-12-31T23:00:00Z,2017.1,37
466,Potencia instalada de generación convencional Nuclear,2026-01-01T00:00:00.000+01:00,2025-12-31T23:00:00Z,3032.8,42
466,Potencia instalada de generación convencional Nuclear,2026-01-01T00:00:00.000+01:00,2025-12-31T23:00:00Z,1003.4,60
466,Potencia instalada de generación convencional Nuclear,2026-02-01T00:00:00.000+01:00,2026-01-31T23:00:00Z,1003.4,60
466,Potencia instalada de generación convencional Nuclear,2026-02-01T00:00:00.000+01:00,2026-01-31T23:00:00Z,3032.8,42
466,Potencia instalada de generación convencional Nuclear,2026-02-01T00:00:00.000+01:00,2026-01-31T23:00:00Z,2017.1,37
466,Potencia instalada de generación convencional Nuclear,2026-02-01T00:00:00.000+01:00,2026-01-31T23:00:00Z,1063.9,35
466,Potencia instalada de generación convencional Nuclear,2026-03-01T00:00:00.000+01:00,2026-02-28T23:00:00Z,1063.9,35
466,Potencia instalada de generación convencional Nuclear,2026-03-01T00:00:00.000+01:00,2026-02-28T23:00:00Z,2017.1,37
466,Potencia instalada de generación convencional Nuclear,2026-03-01T00:00:00.000+01:00,2026-02-28T23:00:00Z,3032.8,42
466,Potencia instalada de generación convencional Nuclear,2026-03-01T00:00:00.000+01:00,2026-02-28T23:00:00Z,1003.4,60
466,Potencia instalada de generación convencional Nuclear,2026-04-01T00:00:00.000+02:00,2026-03-31T22:00:00Z,1063.9,35
466,Potencia instalada de generación convencional Nuclear,2026-04-01T00:00:00.000+02:00,2026-03-31T22:00:00Z,2017.1,37
466,Potencia instalada de generación convencional Nuclear,2026-04-01T00:00:00.000+02:00,2026-03-31T22:00:00Z,3032.8,42
466,Potencia instalada de generación convencional Nuclear,2026-04-01T00:00:00.000+02:00,2026-03-31T22:00:00Z,1003.4,60
466,Potencia instalada de generación convencional Nuclear,2026-05-01T00:00:00.000+02:00,2026-04-30T22:00:00Z,1063.9,35
466,Potencia instalada de generación convencional Nuclear,2026-05-01T00:00:00.000+02:00,2026-04-30T22:00:00Z,2017.1,37
466,Potencia instalada de generación convencional Nuclear,2026-05-01T00:00:00.000+02:00,2026-04-30T22:00:00Z,3032.8,42
466,Potencia instalada de generación convencional Nuclear,2026-05-01T00:00:00.000+02:00,2026-04-30T22:00:00Z,1003.4,60
466,Potencia instalada de generación convencional Nuclear,2026-06-01T00:00:00.000+02:00,2026-05-31T22:00:00Z,1003.4,60
466,Potencia instalada de generación convencional Nuclear,2026-06-01T00:00:00.000+02:00,2026-05-31T22:00:00Z,3032.8,42
466,Potencia instalada de generación convencional Nuclear,2026-06-01T00:00:00.000+02:00,2026-05-31T22:00:00Z,2017.1,37
466,Potencia instalada de generación convencional Nuclear,2026-06-01T00:00:00.000+02:00,2026-05-31T22:00:00Z,1063.9,35
466,Potencia instalada de generación convencional Nuclear,2026-07-01T00:00:00.000+02:00,2026-06-30T22:00:00Z,1063.9,35
466,Potencia instalada de generación convencional Nuclear,2026-07-01T00:00:00.000+02:00,2026-06-30T22:00:00Z,2017.1,37
466,Potencia instalada de generación convencional Nuclear,2026-07-01T00:00:00.000+02:00,2026-06-30T22:00:00Z,3032.8,42
466,Potencia instalada de generación convencional Nuclear,2026-07-01T00:00:00.000+02:00,2026-06-30T22:00:00Z,1003.4,60
466,Potencia instalada de generación convencional Nuclear,2026-08-01T00:00:00.000+02:00,2026-07-31T22:00:00Z,1063.9,35
466,Potencia instalada de generación convencional Nuclear,2026-08-01T00:00:00.000+02:00,2026-07-31T22:00:00Z,2017.1,37
466,Potencia instalada de generación convencional Nuclear,2026-08-01T00:00:00.000+02:00,2026-07-31T22:00:00Z,3032.8,42
466,Potencia instalada de generación convencional Nuclear,2026-08-01T00:00:00.000+02:00,2026-07-31T22:00:00Z,1003.4,60
466,Potencia instalada de generación convencional Nuclear,2026-09-01T00:00:00.000+02:00,2026-08-31T22:00:00Z,1063.9,35
466,Potencia instalada de generación convencional Nuclear,2026-09-01T00:00:00.000+02:00,2026-08-31T22:00:00Z,2017.1,37
466,Potencia instalada de generación convencional Nuclear,2026-09-01T00:00:00.000+02:00,2026-08-31T22:00:00Z,3032.8,42
466,Potencia instalada de generación convencional Nuclear,2026-09-01T00:00:00.000+02:00,2026-08-31T22:00:00Z,1003.4,60
467,Potencia instalada de generación convencional Hulla antracita,2025-07-01T00:00:00.000+02:00,2025-06-30T22:00:00Z,687.9,71
467,Potencia instalada de generación convencional Hulla antracita,2025-08-01T00:00:00.000+02:00,2025-07-31T22:00:00Z,687.9,71
467,Potencia instalada de generación convencional Hulla antracita,2025-09-01T00:00:00.000+02:00,2025-08-31T22:00:00Z,687.9,71
467,Potencia instalada de generación convencional Hulla antracita,2025-10-01T00:00:00.000+02:00,2025-09-30T22:00:00Z,687.9,71
467,Potencia instalada de generación convencional Hulla antracita,2025-11-01T00:00:00.000+01:00,2025-10-31T23:00:00Z,687.9,71
467,Potencia instalada de generación convencional Hulla antracita,2025-12-01T00:00:00.000+01:00,2025-11-30T23:00:00Z,687.9,71
467,Potencia instalada de generación convencional Hulla antracita,2026-01-01T00:00:00.000+01:00,2025-12-31T23:00:00Z,687.9,71
467,Potencia instalada de generación convencional Hulla antracita,2026-02-01T00:00:00.000+01:00,2026-01-31T23:00:00Z,687.9,71
467,Potencia instalada de generación convencional Hulla antracita,2026-03-01T00:00:00.000+01:00,2026-02-28T23:00:00Z,687.9,71
467,Potencia instalada de generación convencional Hulla antracita,2026-04-01T00:00:00.000+02:00,2026-03-31T22:00:00Z,687.9,71
467,Potencia instalada de generación convencional Hulla antracita,2026-05-01T00:00:00.000+02:00,2026-04-30T22:00:00Z,687.9,71
467,Potencia instalada de generación convencional Hulla antracita,2026-06-01T00:00:00.000+02:00,2026-05-31T22:00:00Z,687.9,71
467,Potencia instalada de generación convencional Hulla antracita,2026-07-01T00:00:00.000+02:00,2026-06-30T22:00:00Z,687.9,71
467,Potencia instalada de generación convencional Hulla antracita,2026-08-01T00:00:00.000+02:00,2026-07-31T22:00:00Z,687.9,71
467,Potencia instalada de generación convencional Hulla antracita,2026-09-01T00:00:00.000+02:00,2026-08-31T22:00:00Z,687.9,71
468,Potencia instalada de generación convencional Hulla sub-bituminosa,2025-07-01T00:00:00.000+02:00,2025-06-30T22:00:00Z,570.0,23
468,Potencia instalada de generación convencional Hulla sub-bituminosa,2025-08-01T00:00:00.000+02:00,2025-07-31T22:00:00Z,570.0,23
468,Potencia instalada de generación convencional Hulla sub-bituminosa,2025-09-01T00:00:00.000+02:00,2025-08-31T22:00:00Z,570.0,23
468,Potencia instalada de generación convencional Hulla sub-bituminosa,2025-10-01T00:00:00.000+02:00,2025-09-30T22:00:00Z,570.0,23
468,Potencia instalada de generación convencional Hulla sub-bituminosa,2025-11-01T00:00:00.000+01:00,2025-10-31T23:00:00Z,570.0,23
468,Potencia instalada de generación convencional Hulla sub-bituminosa,2025-12-01T00:00:00.000+01:00,2025-11-30T23:00:00Z,570.0,23
468,Potencia instalada de generación convencional Hulla sub-bituminosa,2026-01-01T00:00:00.000+01:00,2025-12-31T23:00:00Z,570.0,23
468,Potencia instalada de generación convencional Hulla sub-bituminosa,2026-02-01T00:00:00.000+01:00,2026-01-31T23:00:00Z,570.0,23
468,Potencia instalada de generación convencional Hulla sub-bituminosa,2026-03-01T00:00:00.000+01:00,2026-02-28T23:00:00Z,570.0,23
468,Potencia instalada de generación convencional Hulla sub-bituminosa,2026-04-01T00:00:00.000+02:00,2026-03-31T22:00:00Z,570.0,23
468,Potencia instalada de generación convencional Hulla sub-bituminosa,2026-05-01T00:00:00.000+02:00,2026-04-30T22:00:00Z,570.0,23
468,Potencia instalada de generación convencional Hulla sub-bituminosa,2026-06-01T00:00:00.000+02:00,2026-05-31T22:00:00Z,570.0,23
468,Potencia instalada de generación convencional Hulla sub-bituminosa,2026-07-01T00:00:00.000+02:00,2026-06-30T22:00:00Z,570.0,23
468,Potencia instalada de generación convencional Hulla sub-bituminosa,2026-08-01T00:00:00.000+02:00,2026-07-31T22:00:00Z,570.0,23
468,Potencia instalada de generación convencional Hulla sub-bituminosa,2026-09-01T00:00:00.000+02:00,2026-08-31T22:00:00Z,570.0,23
469,Potencia instalada de generación convencional Ciclo combinado,2025-07-01T00:00:00.000+02:00,2025-06-30T22:00:00Z,3977.8,23
469,Potencia instalada de generación convencional Ciclo combinado,2025-07-01T00:00:00.000+02:00,2025-06-30T22:00:00Z,3263.4,72
469,Potencia instalada de generación convencional Ciclo combinado,2025-07-01T00:00:00.000+02:00,2025-06-30T22:00:00Z,854.1,71
469,Potencia instalada de generación convencional Ciclo combinado,2025-07-01T00:00:00.000+02:00,2025-06-30T22:00:00Z,1968.1,70
469,Potencia instalada de generación convencional Ciclo combinado,2025-07-01T00:00:00.000+02:00,2025-06-30T22:00:00Z,784.6,68
469,Potencia instalada de generación convencional Ciclo combinado,2025-07-01T00:00:00.000+02:00,2025-06-30T22:00:00Z,758.6,61
469,Potencia instalada de generación convencional Ciclo combinado,2025-07-01T00:00:00.000+02:00,2025-06-30T22:00:00Z,415.5,56
469,Potencia instalada de generación convencional Ciclo combinado,2025-07-01T00:00:00.000+02:00,2025-06-30T22:00:00Z,1246.9,50
469,Potencia instalada de generación convencional Ciclo combinado,2025-07-01T00:00:00.000+02:00,2025-06-30T22:00:00Z,2536.8,67
469,Potencia instalada de generación convencional Ciclo combinado,2025-07-01T00:00:00.000+02:00,2025-06-30T22:00:00Z,1078.9,39
469,Potencia instalada de generación convencional Ciclo combinado,2025-07-01T00:00:00.000+02:00,2025-06-30T22:00:00Z,790.6,38
469,Potencia instalada de generación convencional Ciclo combinado,2025-07-01T00:00:00.000+02:00,2025-06-30T22:00:00Z,1232.1,35
469,Potencia instalada de generación convencional Ciclo combinado,2025-07-01T00:00:00.000+02:00,2025-06-30T22:00:00Z,1621.3,34
469,Potencia instalada de generación convencional Ciclo combinado,2025-07-01T00:00:00.000+02:00,2025-06-30T22:00:00Z,1222.2,32
469,Potencia instalada de generación convencional Ciclo combinado,2025-07-01T00:00:00.000+02:00,2025-06-30T22:00:00Z,1557.7,26
469,Potencia instalada de generación convencional Ciclo combinado,2025-07-01T00:00:00.000+02:00,2025-06-30T22:00:00Z,1251.0,42
469,Potencia instalada de generación convencional Ciclo combinado,2025-08-01T00:00:00.000+02:00,2025-07-31T22:00:00Z,415.5,56
469,Potencia instalada de generación convencional Ciclo combinado,2025-08-01T00:00:00.000+02:00,2025-07-31T22:00:00Z,3263.4,72
469,Potencia instalada de generación convencional Ciclo combinado,2025-08-01T00:00:00.000+02:00,2025-07-31T22:00:00Z,854.1,71
469,Potencia instalada de generación convencional Ciclo combinado,2025-08-01T00:00:00.000+02:00,2025-07-31T22:00:00Z,1968.1,70
469,Potencia instalada de generación convencional Ciclo combinado,2025-08-01T00:00:00.000+02:00,2025-07-31T22:00:00Z,784.6,68
469,Potencia instalada de generación convencional Ciclo combinado,2025-08-01T00:00:00.000+02:00,2025-07-31T22:00:00Z,758.6,61
469,Potencia instalada de generación convencional Ciclo combinado,2025-08-01T00:00:00.000+02:00,2025-07-31T22:00:00Z,1246.9,50
469,Potencia instalada de generación convencional Ciclo combinado,2025-08-01T00:00:00.000+02:00,2025-07-31T22:00:00Z,2536.8,67
469,Potencia instalada de generación convencional Ciclo combinado,2025-08-01T00:00:00.000+02:00,2025-07-31T22:00:00Z,1078.9,39
469,Potencia instalada de generación convencional Ciclo combinado,2025-08-01T00:00:00.000+02:00,2025-07-31T22:00:00Z,790.6,38
469,Potencia instalada de generación convencional Ciclo combinado,2025-08-01T00:00:00.000+02:00,2025-07-31T22:00:00Z,1232.1,35
469,Potencia instalada de generación convencional Ciclo combinado,2025-08-01T00:00:00.000+02:00,2025-07-31T22:00:00Z,1621.3,34
469,Potencia instalada de generación convencional Ciclo combinado,2025-08-01T00:00:00.000+02:00,2025-07-31T22:00:00Z,1222.2,32
469,Potencia instalada de generación convencional Ciclo combinado,2025-08-01T00:00:00.000+02:00,2025-07-31T22:00:00Z,1557.7,26
469,Potencia instalada de generación convencional Ciclo combinado,2025-08-01T00:00:00.000+02:00,2025-07-31T22:00:00Z,3977.8,23
469,Potencia instalada de generación convencional Ciclo combinado,2025-08-01T00:00:00.000+02:00,2025-07-31T22:00:00Z,1251.0,42
469,Potencia instalada de generación convencional Ciclo combinado,2025-09-01T00:00:00.000+02:00,2025-08-31T22:00:00Z,3263.4,72
469,Potencia instalada de generación convencional Ciclo combinado,2025-09-01T00:00:00.000+02:00,2025-08-31T22:00:00Z,854.1,71
469,Potencia instalada de generación convencional Ciclo combinado,2025-09-01T00:00:00.000+02:00,2025-08-31T22:00:00Z,1968.1,70
469,Potencia instalada de generación convencional Ciclo combinado,2025-09-01T00:00:00.000+02:00,2025-08-31T22:00:00Z,784.6,68
469,Potencia instalada de generación convencional Ciclo combinado,2025-09-01T00:00:00.000+02:00,2025-08-31T22:00:00Z,2536.8,67
469,Potencia instalada de generación convencional Ciclo combinado,2025-09-01T00:00:00.000+02:00,2025-08-31T22:00:00Z,758.6,61
469,Potencia instalada de generación convencional Ciclo combinado,2025-09-01T00:00:00.000+02:00,2025-08-31T22:00:00Z,415.5,56
469,Potencia instalada de generación convencional Ciclo combinado,2025-09-01T00:00:00.000+02:00,2025-08-31T22:00:00Z,1246.9,50
469,Potencia instalada de generación convencional Ciclo combinado,2025-09-01T00:00:00.000+02:00,2025-08-31T22:00:00Z,1251.0,42
469,Potencia instalada de generación convencional Ciclo combinado,2025-09-01T00:00:00.000+02:00,2025-08-31T22:00:00Z,790.6,38
469,Potencia instalada de generación convencional Ciclo combinado,2025-09-01T00:00:00.000+02:00,2025-08-31T22:00:00Z,1232.1,35
469,Potencia instalada de generación convencional Ciclo combinado,2025-09-01T00:00:00.000+02:00,2025-08-31T22:00:00Z,1621.3,34
469,Potencia instalada de generación convencional Ciclo combinado,2025-09-01T00:00:00.000+02:00,2025-08-31T22:00:00Z,1222.2,32
469,Potencia instalada de generación convencional Ciclo combinado,2025-09-01T00:00:00.000+02:00,2025-08-31T22:00:00Z,1557.7,26
469,Potencia instalada de generación convencional Ciclo combinado,2025-09-01T00:00:00.000+02:00,2025-08-31T22:00:00Z,3977.8,23
469,Potencia instalada de generación convencional Ciclo combinado,2025-09-01T00:00:00.000+02:00,2025-08-31T22:00:00Z,1078.9,39
469,Potencia instalada de generación convencional Ciclo combinado,2025-10-01T00:00:00.000+02:00,2025-09-30T22:00:00Z,415.5,56
469,Potencia instalada de generación convencional Ciclo combinado,2025-10-01T00:00:00.000+02:00,2025-09-30T22:00:00Z,3263.4,72
469,Potencia instalada de generación convencional Ciclo combinado,2025-10-01T00:00:00.000+02:00,2025-09-30T22:00:00Z,854.1,71
469,Potencia instalada de generación convencional Ciclo combinado,2025-10-01T00:00:00.000+02:00,2025-09-30T22:00:00Z,1968.1,70
469,Potencia instalada de generación convencional Ciclo combinado,2025-10-01T00:00:00.000+02:00,2025-09-30T22:00:00Z,784.6,68
469,Potencia instalada de generación convencional Ciclo combinado,2025-10-01T00:00:00.000+02:00,2025-09-30T22:00:00Z,758.6,61
469,Potencia instalada de generación convencional Ciclo combinado,2025-10-01T00:00:00.000+02:00,2025-09-30T22:00:00Z,1246.9,50
469,Potencia instalada de generación convencional Ciclo combinado,2025-10-01T00:00:00.000+02:00,2025-09-30T22:00:00Z,2536.8,67
469,Potencia instalada de generación convencional Ciclo combinado,2025-10-01T00:00:00.000+02:00,2025-09-30T22:00:00Z,1078.9,39
469,Potencia instalada de generación convencional Ciclo combinado,2025-10-01T00:00:00.000+02:00,2025-09-30T22:00:00Z,3977.8,23
469,Potencia instalada de generación convencional Ciclo combinado,2025-10-01T00:00:00.000+02:00,2025-09-30T22:00:00Z,1557.7,26
469,Potencia instalada de generación convencional Ciclo combinado,2025-10-01T00:00:00.000+02:00,2025-09-30T22:00:00Z,1222.2,32
469,Potencia instalada de generación convencional Ciclo combinado,2025-10-01T00:00:00.000+02:00,2025-09-30T22:00:00Z,1251.0,42
469,Potencia instalada de generación convencional Ciclo combinado,2025-10-01T00:00:00.000+02:00,2025-09-30T22:00:00Z,1232.1,35
469,Potencia instalada de generación convencional Ciclo combinado,2025-10-01T00:00:00.000+02:00,2025-09-30T22:00:00Z,790.6,38
469,Potencia instalada de generación convencional Ciclo combinado,2025-10-01T00:00:00.000+02:00,2025-09-30T22:00:00Z,1621.3,34
469,Potencia instalada de generación convencional Ciclo combinado,2025-11-01T00:00:00.000+01:00,2025-10-31T23:00:00Z,758.6,61
469,Potencia instalada de generación convencional Ciclo combinado,2025-11-01T00:00:00.000+01:00,2025-10-31T23:00:00Z,3263.4,72
469,Potencia instalada de generación convencional Ciclo combinado,2025-11-01T00:00:00.000+01:00,2025-10-31T23:00:00Z,854.1,71
469,Potencia instalada de generación convencional Ciclo combinado,2025-11-01T00:00:00.000+01:00,2025-10-31T23:00:00Z,1968.1,70
469,Potencia instalada de generación convencional Ciclo combinado,2025-11-01T00:00:00.000+01:00,2025-10-31T23:00:00Z,784.6,68
469,Potencia instalada de generación convencional Ciclo combinado,2025-11-01T00:00:00.000+01:00,2025-10-31T23:00:00Z,2536.8,67
469,Potencia instalada de generación convencional Ciclo combinado,2025-11-01T00:00:00.000+01:00,2025-10-31T23:00:00Z,415.5,56
469,Potencia instalada de generación convencional Ciclo combinado,2025-11-01T00:00:00.000+01:00,2025-10-31T23:00:00Z,1246.9,50
469,Potencia instalada de generación convencional Ciclo combinado,2025-11-01T00:00:00.000+01:00,2025-10-31T23:00:00Z,1251.0,42
469,Potencia instalada de generación convencional Ciclo combinado,2025-11-01T00:00:00.000+01:00,2025-10-31T23:00:00Z,1078.9,39
469,Potencia instalada de generación convencional Ciclo combinado,2025-11-01T00:00:00.000+01:00,2025-10-31T23:00:00Z,790.6,38
469,Potencia instalada de generación convencional Ciclo combinado,2025-11-01T00:00:00.000+01:00,2025-10-31T23:00:00Z,1232.1,35
469,Potencia instalada de generación convencional Ciclo combinado,2025-11-01T00:00:00.000+01:00,2025-10-31T23:00:00Z,1621.3,34
469,Potencia instalada de generación convencional Ciclo combinado,2025-11-01T00:00:00.000+01:00,2025-10-31T23:00:00Z,1222.2,32
469,Potencia instalada de generación convencional Ciclo combinado,2025-11-01T00:00:00.000+01:00,2025-10-31T23:00:00Z,1557.7,26
469,Potencia instalada de generación convencional Ciclo combinado,2025-11-01T00:00:00.000+01:00,2025-10-31T23:00:00Z,3977.8,23
469,Potencia instalada de generación convencional Ciclo combinado,2025-12-01T00:00:00.000+01:00,2025-11-30T23:00:00Z,854.1,71
469,Potencia instalada de generación convencional Ciclo combinado,2025-12-01T00:00:00.000+01:00,2025-11-30T23:00:00Z,1968.1,70
469,Potencia instalada de generación convencional Ciclo combinado,2025-12-01T00:00:00.000+01:00,2025-11-30T23:00:00Z,784.6,68
469,Potencia instalada de generación convencional Ciclo combinado,2025-12-01T00:00:00.000+01:00,2025-11-30T23:00:00Z,2536.8,67
469,Potencia instalada de generación convencional Ciclo combinado,2025-12-01T00:00:00.000+01:00,2025-11-30T23:00:00Z,758.6,61
469,Potencia instalada de generación convencional Ciclo combinado,2025-12-01T00:00:00.000+01:00,2025-11-30T23:00:00Z,415.5,56
469,Potencia instalada de generación convencional Ciclo combinado,2025-12-01T00:00:00.000+01:00,2025-11-30T23:00:00Z,1246.9,50
469,Potencia instalada de generación convencional Ciclo combinado,2025-12-01T00:00:00.000+01:00,2025-11-30T23:00:00Z,3263.4,72
469,Potencia instalada de generación convencional Ciclo combinado,2025-12-01T00:00:00.000+01:00,2025-11-30T23:00:00Z,1251.0,42
469,Potencia instalada de generación convencional Ciclo combinado,2025-12-01T00:00:00.000+01:00,2025-11-30T23:00:00Z,790.6,38
469,Potencia instalada de generación convencional Ciclo combinado,2025-12-01T00:00:00.000+01:00,2025-11-30T23:00:00Z,1232.1,35
469,Potencia instalada de generación convencional Ciclo combinado,2025-12-01T00:00:00.000+01:00,2025-11-30T23:00:00Z,1621.3,34
469,Potencia instalada de generación convencional Ciclo combinado,2025-12-01T00:00:00.000+01:00,2025-11-30T23:00:00Z,1222.2,32
469,Potencia instalada de generación convencional Ciclo combinado,2025-12-01T00:00:00.000+01:00,2025-11-30T23:00:00Z,1557.7,26
469,Potencia instalada de generación convencional Ciclo combinado,2025-12-01T00:00:00.000+01:00,2025-11-30T23:00:00Z,3977.8,23
469,Potencia instalada de generación convencional Ciclo combinado,2025-12-01T00:00:00.000+01:00,2025-11-30T23:00:00Z,1078.9,39
469,Potencia instalada de generación convencional Ciclo combinado,2026-01-01T00:00:00.000+01:00,2025-12-31T23:00:00Z,3263.4,72
469,Potencia instalada de generación convencional Ciclo combinado,2026-01-01T00:00:00.000+01:00,2025-12-31T23:00:00Z,854.1,71
469,Potencia instalada de generación convencional Ciclo combinado,2026-01-01T00:00:00.000+01:00,2025-12-31T23:00:00Z,1968.1,70
469,Potencia instalada de generación convencional Ciclo combinado,2026-01-01T00:00:00.000+01:00,2025-12-31T23:00:00Z,784.6,68
469,Potencia instalada de generación convencional Ciclo combinado,2026-01-01T00:00:00.000+01:00,2025-12-31T23:00:00Z,2536.8,67
469,Potencia instalada de generación convencional Ciclo combinado,2026-01-01T00:00:00.000+01:00,2025-12-31T23:00:00Z,758.6,61
469,Potencia instalada de generación convencional Ciclo combinado,2026-01-01T00:00:00.000+01:00,2025-12-31T23:00:00Z,415.5,56
469,Potencia instalada de generación convencional Ciclo combinado,2026-01-01T00:00:00.000+01:00,2025-12-31T23:00:00Z,1246.9,50
469,Potencia instalada de generación convencional Ciclo combinado,2026-01-01T00:00:00.000+01:00,2025-12-31T23:00:00Z,1078.9,39
469,Potencia instalada de generación convencional Ciclo combinado,2026-01-01T00:00:00.000+01:00,2025-12-31T23:00:00Z,790.6,38
469,Potencia instalada de generación convencional Ciclo combinado,2026-01-01T00:00:00.000+01:00,2025-12-31T23:00:00Z,1232.1,35
469,Potencia instalada de generación convencional Ciclo combinado,2026-01-01T00:00:00.000+01:00,2025-12-31T23:00:00Z,1621.3,34
469,Potencia instalada de generación convencional Ciclo combinado,2026-01-01T00:00:00.000+01:00,2025-12-31T23:00:00Z,1222.2,32
469,Potencia instalada de generación convencional Ciclo combinado,2026-01-01T00:00:00.000+01:00,2025-12-31T23:00:00Z,1557.7,26
469,Potencia instalada de generación convencional Ciclo combinado,2026-01-01T00:00:00.000+01:00,2025-12-31T23:00:00Z,3977.8,23
469,Potencia instalada de generación convencional Ciclo combinado,2026-01-01T00:00:00.000+01:00,2025-12-31T23:00:00Z,1251.0,42
469,Potencia instalada de generación convencional Ciclo combinado,2026-02-01T00:00:00.000+01:00,2026-01-31T23:00:00Z,415.5,56
469,Potencia instalada de generación convencional Ciclo combinado,2026-02-01T00:00:00.000+01:00,2026-01-31T23:00:00Z,3263.4,72
469,Potencia instalada de generación convencional Ciclo combinado,2026-02-01T00:00:00.000+01:00,2026-01-31T23:00:00Z,854.1,71
469,Potencia instalada de generación convencional Ciclo combinado,2026-02-01T00:00:00.000+01:00,2026-01-31T23:00:00Z,1968.1,70
469,Potencia instalada de generación convencional Ciclo combinado,2026-02-01T00:00:00.000+01:00,2026-01-31T23:00:00Z,784.6,68
469,Potencia instalada de generación convencional Ciclo combinado,2026-02-01T00:00:00.000+01:00,2026-01-31T23:00:00Z,2536.8,67
469,Potencia instalada de generación convencional Ciclo combinado,2026-02-01T00:00:00.000+01:00,2026-01-31T23:00:00Z,758.6,61
469,Potencia instalada de generación convencional Ciclo combinado,2026-02-01T00:00:00.000+01:00,2026-01-31T23:00:00Z,1246.9,50
469,Potencia instalada de generación convencional Ciclo combinado,2026-02-01T00:00:00.000+01:00,2026-01-31T23:00:00Z,1251.0,42
469,Potencia instalada de generación convencional Ciclo combinado,2026-02-01T00:00:00.000+01:00,2026-01-31T23:00:00Z,1078.9,39
469,Potencia instalada de generación convencional Ciclo combinado,2026-02-01T00:00:00.000+01:00,2026-01-31T23:00:00Z,790.6,38
469,Potencia instalada de generación convencional Ciclo combinado,2026-02-01T00:00:00.000+01:00,2026-01-31T23:00:00Z,1232.1,35
469,Potencia instalada de generación convencional Ciclo combinado,2026-02-01T00:00:00.000+01:00,2026-01-31T23:00:00Z,1621.3,34
469,Potencia instalada de generación convencional Ciclo combinado,2026-02-01T00:00:00.000+01:00,2026-01-31T23:00:00Z,1222.2,32
469,Potencia instalada de generación convencional Ciclo combinado,2026-02-01T00:00:00.000+01:00,2026-01-31T23:00:00Z,1557.7,26
469,Potencia instalada de generación convencional Ciclo combinado,2026-02-01T00:00:00.000+01:00,2026-01-31T23:00:00Z,3977.8,23
469,Potencia instalada de generación convencional Ciclo combinado,2026-03-01T00:00:00.000+01:00,2026-02-28T23:00:00Z,3263.4,72
469,Potencia instalada de generación convencional Ciclo combinado,2026-03-01T00:00:00.000+01:00,2026-02-28T23:00:00Z,854.1,71
469,Potencia instalada de generación convencional Ciclo combinado,2026-03-01T00:00:00.000+01:00,2026-02-28T23:00:00Z,1968.1,70
469,Potencia instalada de generación convencional Ciclo combinado,2026-03-01T00:00:00.000+01:00,2026-02-28T23:00:00Z,784.6,68
469,Potencia instalada de generación convencional Ciclo combinado,2026-03-01T00:00:00.000+01:00,2026-02-28T23:00:00Z,2536.8,67
469,Potencia instalada de generación convencional Ciclo combinado,2026-03-01T00:00:00.000+01:00,2026-02-28T23:00:00Z,758.6,61
469,Potencia instalada de generación convencional Ciclo combinado,2026-03-01T00:00:00.000+01:00,2026-02-28T23:00:00Z,415.5,56
469,Potencia instalada de generación convencional Ciclo combinado,2026-03-01T00:00:00.000+01:00,2026-02-28T23:00:00Z,1246.9,50
469,Potencia instalada de generación convencional Ciclo combinado,2026-03-01T00:00:00.000+01:00,2026-02-28T23:00:00Z,1251.0,42
469,Potencia instalada de generación convencional Ciclo combinado,2026-03-01T00:00:00.000+01:00,2026-02-28T23:00:00Z,1078.9,39
469,Potencia instalada de generación convencional Ciclo combinado,2026-03-01T00:00:00.000+01:00,2026-02-28T23:00:00Z,790.6,38
469,Potencia instalada de generación convencional Ciclo combinado,2026-03-01T00:00:00.000+01:00,2026-02-28T23:00:00Z,1232.1,35
469,Potencia instalada de generación convencional Ciclo combinado,2026-03-01T00:00:00.000+01:00,2026-02-28T23:00:00Z,1621.3,34
469,Potencia instalada de generación convencional Ciclo combinado,2026-03-01T00:00:00.000+01:00,2026-02-28T23:00:00Z,1222.2,32
469,Potencia instalada de generación convencional Ciclo combinado,2026-03-01T00:00:00.000+01:00,2026-02-28T23:00:00Z,1557.7,26
469,Potencia instalada de generación convencional Ciclo combinado,2026-03-01T00:00:00.000+01:00,2026-02-28T23:00:00Z,3977.8,23
469,Potencia instalada de generación convencional Ciclo combinado,2026-04-01T00:00:00.000+02:00,2026-03-31T22:00:00Z,3263.4,72
469,Potencia instalada de generación convencional Ciclo combinado,2026-04-01T00:00:00.000+02:00,2026-03-31T22:00:00Z,854.1,71
469,Potencia instalada de generación convencional Ciclo combinado,2026-04-01T00:00:00.000+02:00,2026-03-31T22:00:00Z,1968.1,70
469,Potencia instalada de generación convencional Ciclo combinado,2026-04-01T00:00:00.000+02:00,2026-03-31T22:00:00Z,784.6,68
469,Potencia instalada de generación convencional Ciclo combinado,2026-04-01T00:00:00.000+02:00,2026-03-31T22:00:00Z,2536.8,67
469,Potencia instalada de generación convencional Ciclo combinado,2026-04-01T00:00:00.000+02:00,2026-03-31T22:00:00Z,758.6,61
469,Potencia instalada de generación convencional Ciclo combinado,2026-04-01T00:00:00.000+02:00,2026-03-31T22:00:00Z,415.5,56
469,Potencia instalada de generación convencional Ciclo combinado,2026-04-01T00:00:00.000+02:00,2026-03-31T22:00:00Z,1246.9,50
469,Potencia instalada de generación convencional Ciclo combinado,2026-04-01T00:00:00.000+02:00,2026-03-31T22:00:00Z,1078.9,39
469,Potencia instalada de generación convencional Ciclo combinado,2026-04-01T00:00:00.000+02:00,2026-03-31T22:00:00Z,790.6,38
469,Potencia instalada de generación convencional Ciclo combinado,2026-04-01T00:00:00.000+02:00,2026-03-31T22:00:00Z,1232.1,35
469,Potencia instalada de generación convencional Ciclo combinado,2026-04-01T00:00:00.000+02:00,2026-03-31T22:00:00Z,1621.3,34
469,Potencia instalada de generación convencional Ciclo combinado,2026-04-01T00:00:00.000+02:00,2026-03-31T22:00:00Z,1222.2,32
469,Potencia instalada de generación convencional Ciclo combinado,2026-04-01T00:00:00.000+02:00,2026-03-31T22:00:00Z,1557.7,26
469,Potencia instalada de generación convencional Ciclo combinado,2026-04-01T00:00:00.000+02:00,2026-03-31T22:00:00Z,3977.8,23
469,Potencia instalada de generación convencional Ciclo combinado,2026-04-01T00:00:00.000+02:00,2026-03-31T22:00:00Z,1251.0,42
469,Potencia instalada de generación convencional Ciclo combinado,2026-05-01T00:00:00.000+02:00,2026-04-30T22:00:00Z,1251.0,42
469,Potencia instalada de generación convencional Ciclo combinado,2026-05-01T00:00:00.000+02:00,2026-04-30T22:00:00Z,3263.4,72
469,Potencia instalada de generación convencional Ciclo combinado,2026-05-01T00:00:00.000+02:00,2026-04-30T22:00:00Z,854.1,71
469,Potencia instalada de generación convencional Ciclo combinado,2026-05-01T00:00:00.000+02:00,2026-04-30T22:00:00Z,1968.1,70
469,Potencia instalada de generación convencional Ciclo combinado,2026-05-01T00:00:00.000+02:00,2026-04-30T22:00:00Z,784.6,68
469,Potencia instalada de generación convencional Ciclo combinado,2026-05-01T00:00:00.000+02:00,2026-04-30T22:00:00Z,2536.8,67
469,Potencia instalada de generación convencional Ciclo combinado,2026-05-01T00:00:00.000+02:00,2026-04-30T22:00:00Z,758.6,61
469,Potencia instalada de generación convencional Ciclo combinado,2026-05-01T00:00:00.000+02:00,2026-04-30T22:00:00Z,415.5,56
469,Potencia instalada de generación convencional Ciclo combinado,2026-05-01T00:00:00.000+02:00,2026-04-30T22:00:00Z,790.6,38
469,Potencia instalada de generación convencional Ciclo combinado,2026-05-01T00:00:00.000+02:00,2026-04-30T22:00:00Z,1078.9,39
469,Potencia instalada de generación convencional Ciclo combinado,2026-05-01T00:00:00.000+02:00,2026-04-30T22:00:00Z,1232.1,35
469,Potencia instalada de generación convencional Ciclo combinado,2026-05-01T00:00:00.000+02:00,2026-04-30T22:00:00Z,1621.3,34
469,Potencia instalada de generación convencional Ciclo combinado,2026-05-01T00:00:00.000+02:00,2026-04-30T22:00:00Z,1222.2,32
469,Potencia instalada de generación convencional Ciclo combinado,2026-05-01T00:00:00.000+02:00,2026-04-30T22:00:00Z,1557.7,26
469,Potencia instalada de generación convencional Ciclo combinado,2026-05-01T00:00:00.000+02:00,2026-04-30T22:00:00Z,3977.8,23
469,Potencia instalada de generación convencional Ciclo combinado,2026-05-01T00:00:00.000+02:00,2026-04-30T22:00:00Z,1246.9,50
469,Potencia instalada de generación convencional Ciclo combinado,2026-06-01T00:00:00.000+02:00,2026-05-31T22:00:00Z,2536.8,67
469,Potencia instalada de generación convencional Ciclo combinado,2026-06-01T00:00:00.000+02:00,2026-05-31T22:00:00Z,758.6,61
469,Potencia instalada de generación convencional Ciclo combinado,2026-06-01T00:00:00.000+02:00,2026-05-31T22:00:00Z,784.6,68
469,Potencia instalada de generación convencional Ciclo combinado,2026-06-01T00:00:00.000+02:00,2026-05-31T22:00:00Z,415.5,56
469,Potencia instalada de generación convencional Ciclo combinado,2026-06-01T00:00:00.000+02:00,2026-05-31T22:00:00Z,854.1,71
469,Potencia instalada de generación convencional Ciclo combinado,2026-06-01T00:00:00.000+02:00,2026-05-31T22:00:00Z,3263.4,72
469,Potencia instalada de generación convencional Ciclo combinado,2026-06-01T00:00:00.000+02:00,2026-05-31T22:00:00Z,1968.1,70
469,Potencia instalada de generación convencional Ciclo combinado,2026-06-01T00:00:00.000+02:00,2026-05-31T22:00:00Z,1246.9,50
469,Potencia instalada de generación convencional Ciclo combinado,2026-06-01T00:00:00.000+02:00,2026-05-31T22:00:00Z,1232.1,35
469,Potencia instalada de generación convencional Ciclo combinado,2026-06-01T00:00:00.000+02:00,2026-05-31T22:00:00Z,1078.9,39
469,Potencia instalada de generación convencional Ciclo combinado,2026-06-01T00:00:00.000+02:00,2026-05-31T22:00:00Z,790.6,38
469,Potencia instalada de generación convencional Ciclo combinado,2026-06-01T00:00:00.000+02:00,2026-05-31T22:00:00Z,1251.0,42
469,Potencia instalada de generación convencional Ciclo combinado,2026-06-01T00:00:00.000+02:00,2026-05-31T22:00:00Z,1621.3,34
469,Potencia instalada de generación convencional Ciclo combinado,2026-06-01T00:00:00.000+02:00,2026-05-31T22:00:00Z,1222.2,32
469,Potencia instalada de generación convencional Ciclo combinado,2026-06-01T00:00:00.000+02:00,2026-05-31T22:00:00Z,1557.7,26
469,Potencia instalada de generación convencional Ciclo combinado,2026-06-01T00:00:00.000+02:00,2026-05-31T22:00:00Z,3977.8,23
469,Potencia instalada de generación convencional Ciclo combinado,2026-07-01T00:00:00.000+02:00,2026-06-30T22:00:00Z,3263.4,72
469,Potencia instalada de generación convencional Ciclo combinado,2026-07-01T00:00:00.000+02:00,2026-06-30T22:00:00Z,854.1,71
469,Potencia instalada de generación convencional Ciclo combinado,2026-07-01T00:00:00.000+02:00,2026-06-30T22:00:00Z,1968.1,70
469,Potencia instalada de generación convencional Ciclo combinado,2026-07-01T00:00:00.000+02:00,2026-06-30T22:00:00Z,784.6,68
469,Potencia instalada de generación convencional Ciclo combinado,2026-07-01T00:00:00.000+02:00,2026-06-30T22:00:00Z,2536.8,67
469,Potencia instalada de generación convencional Ciclo combinado,2026-07-01T00:00:00.000+02:00,2026-06-30T22:00:00Z,758.6,61
469,Potencia instalada de generación convencional Ciclo combinado,2026-07-01T00:00:00.000+02:00,2026-06-30T22:00:00Z,415.5,56
469,Potencia instalada de generación convencional Ciclo combinado,2026-07-01T00:00:00.000+02:00,2026-06-30T22:00:00Z,1246.9,50
469,Potencia instalada de generación convencional Ciclo combinado,2026-07-01T00:00:00.000+02:00,2026-06-30T22:00:00Z,1078.9,39
469,Potencia instalada de generación convencional Ciclo combinado,2026-07-01T00:00:00.000+02:00,2026-06-30T22:00:00Z,790.6,38
469,Potencia instalada de generación convencional Ciclo combinado,2026-07-01T00:00:00.000+02:00,2026-06-30T22:00:00Z,1232.1,35
469,Potencia instalada de generación convencional Ciclo combinado,2026-07-01T00:00:00.000+02:00,2026-06-30T22:00:00Z,1621.3,34
469,Potencia instalada de generación convencional Ciclo combinado,2026-07-01T00:00:00.000+02:00,2026-06-30T22:00:00Z,1222.2,32
469,Potencia instalada de generación convencional Ciclo combinado,2026-07-01T00:00:00.000+02:00,2026-06-30T22:00:00Z,1557.7,26
469,Potencia instalada de generación convencional Ciclo combinado,2026-07-01T00:00:00.000+02:00,2026-06-30T22:00:00Z,3977.8,23
469,Potencia instalada de generación convencional Ciclo combinado,2026-07-01T00:00:00.000+02:00,2026-06-30T22:00:00Z,1251.0,42
469,Potencia instalada de generación convencional Ciclo combinado,2026-08-01T00:00:00.000+02:00,2026-07-31T22:00:00Z,415.5,56
469,Potencia instalada de generación convencional Ciclo combinado,2026-08-01T00:00:00.000+02:00,2026-07-31T22:00:00Z,854.1,71
469,Potencia instalada de generación convencional Ciclo combinado,2026-08-01T00:00:00.000+02:00,2026-07-31T22:00:00Z,1968.1,70
469,Potencia instalada de generación convencional Ciclo combinado,2026-08-01T00:00:00.000+02:00,2026-07-31T22:00:00Z,784.6,68
469,Potencia instalada de generación convencional Ciclo combinado,2026-08-01T00:00:00.000+02:00,2026-07-31T22:00:00Z,2536.8,67
469,Potencia instalada de generación convencional Ciclo combinado,2026-08-01T00:00:00.000+02:00,2026-07-31T22:00:00Z,3263.4,72
469,Potencia instalada de generación convencional Ciclo combinado,2026-08-01T00:00:00.000+02:00,2026-07-31T22:00:00Z,758.6,61
469,Potencia instalada de generación convencional Ciclo combinado,2026-08-01T00:00:00.000+02:00,2026-07-31T22:00:00Z,1246.9,50
469,Potencia instalada de generación convencional Ciclo combinado,2026-08-01T00:00:00.000+02:00,2026-07-31T22:00:00Z,1232.1,35
469,Potencia instalada de generación convencional Ciclo combinado,2026-08-01T00:00:00.000+02:00,2026-07-31T22:00:00Z,1078.9,39
469,Potencia instalada de generación convencional Ciclo combinado,2026-08-01T00:00:00.000+02:00,2026-07-31T22:00:00Z,790.6,38
469,Potencia instalada de generación convencional Ciclo combinado,2026-08-01T00:00:00.000+02:00,2026-07-31T22:00:00Z,1621.3,34
469,Potencia instalada de generación convencional Ciclo combinado,2026-08-01T00:00:00.000+02:00,2026-07-31T22:00:00Z,1222.2,32
469,Potencia instalada de generación convencional Ciclo combinado,2026-08-01T00:00:00.000+02:00,2026-07-31T22:00:00Z,1557.7,26
469,Potencia instalada de generación convencional Ciclo combinado,2026-08-01T00:00:00.000+02:00,2026-07-31T22:00:00Z,3977.8,23
469,Potencia instalada de generación convencional Ciclo combinado,2026-08-01T00:00:00.000+02:00,2026-07-31T22:00:00Z,1251.0,42
469,Potencia instalada de generación convencional Ciclo combinado,2026-09-01T00:00:00.000+02:00,2026-08-31T22:00:00Z,1968.1,70
469,Potencia instalada de generación convencional Ciclo combinado,2026-09-01T00:00:00.000+02:00,2026-08-31T22:00:00Z,784.6,68
469,Potencia instalada de generación convencional Ciclo combinado,2026-09-01T00:00:00.000+02:00,2026-08-31T22:00:00Z,2536.8,67
469,Potencia instalada de generación convencional Ciclo combinado,2026-09-01T00:00:00.000+02:00,2026-08-31T22:00:00Z,758.6,61
469,Potencia instalada de generación convencional Ciclo combinado,2026-09-01T00:00:00.000+02:00,2026-08-31T22:00:00Z,415.5,56
469,Potencia instalada de generación convencional Ciclo combinado,2026-09-01T00:00:00.000+02:00,2026-08-31T22:00:00Z,1246.9,50
469,Potencia instalada de generación convencional Ciclo combinado,2026-09-01T00:00:00.000+02:00,2026-08-31T22:00:00Z,1251.0,42
469,Potencia instalada de generación convencional Ciclo combinado,2026-09-01T00:00:00.000+02:00,2026-08-31T22:00:00Z,1232.1,35
469,Potencia instalada de generación convencional Ciclo combinado,2026-09-01T00:00:00.000+02:00,2026-08-31T22:00:00Z,790.6,38
469,Potencia instalada de generación convencional Ciclo combinado,2026-09-01T00:00:00.000+02:00,2026-08-31T22:00:00Z,1621.3,34
469,Potencia instalada de generación convencional Ciclo combinado,2026-09-01T00:00:00.000+02:00,2026-08-31T22:00:00Z,1222.2,32
469,Potencia instalada de generación convencional Ciclo combinado,2026-09-01T00:00:00.000+02:00,2026-08-31T22:00:00Z,1557.7,26
469,Potencia instalada de generación convencional Ciclo combinado,2026-09-01T00:00:00.000+02:00,2026-08-31T22:00:00Z,3977.8,23
469,Potencia instalada de generación convencional Ciclo combinado,2026-09-01T00:00:00.000+02:00,2026-08-31T22:00:00Z,854.1,71
469,Potencia instalada de generación convencional Ciclo combinado,2026-09-01T00:00:00.000+02:00,2026-08-31T22:00:00Z,1078.9,39
469,Potencia instalada de generación convencional Ciclo combinado,2026-09-01T00:00:00.000+02:00,2026-08-31T22:00:00Z,3263.4,72
470,Potencia instalada de generación convencional Fuel,2025-07-01T00:00:00.000+02:00,2025-06-30T22:00:00Z,7.9,34
470,Potencia instalada de generación convencional Fuel,2025-08-01T00:00:00.000+02:00,2025-07-31T22:00:00Z,7.9,34
470,Potencia instalada de generación convencional Fuel,2025-09-01T00:00:00.000+02:00,2025-08-31T22:00:00Z,7.9,34
470,Potencia instalada de generación convencional Fuel,2025-10-01T00:00:00.000+02:00,2025-09-30T22:00:00Z,7.9,34
470,Potencia instalada de generación convencional Fuel,2025-11-01T00:00:00.000+01:00,2025-10-31T23:00:00Z,7.9,34
470,Potencia instalada de generación convencional Fuel,2025-12-01T00:00:00.000+01:00,2025-11-30T23:00:00Z,7.9,34
470,Potencia instalada de generación convencional Fuel,2026-01-01T00:00:00.000+01:00,2025-12-31T23:00:00Z,7.9,34
470,Potencia instalada de generación convencional Fuel,2026-02-01T00:00:00.000+01:00,2026-01-31T23:00:00Z,7.9,34
470,Potencia instalada de generación convencional Fuel,2026-03-01T00:00:00.000+01:00,2026-02-28T23:00:00Z,7.9,34
470,Potencia instalada de generación convencional Fuel,2026-04-01T00:00:00.000+02:00,2026-03-31T22:00:00Z,7.9,34
470,Potencia instalada de generación convencional Fuel,2026-05-01T00:00:00.000+02:00,2026-04-30T22:00:00Z,7.9,34
470,Potencia instalada de generación convencional Fuel,2026-06-01T00:00:00.000+02:00,2026-05-31T22:00:00Z,7.9,34
470,Potencia instalada de generación convencional Fuel,2026-07-01T00:00:00.000+02:00,2026-06-30T22:00:00Z,7.9,34
470,Potencia instalada de generación convencional Fuel,2026-08-01T00:00:00.000+02:00,2026-07-31T22:00:00Z,7.9,34
470,Potencia instalada de generación convencional Fuel,2026-09-01T00:00:00.000+02:00,2026-08-31T22:00:00Z,7.9,34
471,Potencia instalada de generación convencional Gas Natural,2025-07-01T00:00:00.000+02:00,2025-06-30T22:00:00Z,561.8,71
471,Potencia instalada de generación convencional Gas Natural,2025-08-01T00:00:00.000+02:00,2025-07-31T22:00:00Z,561.8,71
471,Potencia instalada de generación convencional Gas Natural,2025-09-01T00:00:00.000+02:00,2025-08-31T22:00:00Z,561.8,71
471,Potencia instalada de generación convencional Gas Natural,2025-10-01T00:00:00.000+02:00,2025-09-30T22:00:00Z,561.8,71
471,Potencia instalada de generación convencional Gas Natural,2025-11-01T00:00:00.000+01:00,2025-10-31T23:00:00Z,561.8,71
471,Potencia instalada de generación convencional Gas Natural,2025-12-01T00:00:00.000+01:00,2025-11-30T23:00:00Z,561.8,71
471,Potencia instalada de generación convencional Gas Natural,2026-01-01T00:00:00.000+01:00,2025-12-31T23:00:00Z,561.8,71
471,Potencia instalada de generación convencional Gas Natural,2026-02-01T00:00:00.000+01:00,2026-01-31T23:00:00Z,561.8,71
471,Potencia instalada de generación convencional Gas Natural,2026-03-01T00:00:00.000+01:00,2026-02-28T23:00:00Z,561.8,71
471,Potencia instalada de generación convencional Gas Natural,2026-04-01T00:00:00.000+02:00,2026-03-31T22:00:00Z,561.8,71
471,Potencia instalada de generación convencional Gas Natural,2026-05-01T00:00:00.000+02:00,2026-04-30T22:00:00Z,561.8,71
471,Potencia instalada de generación convencional Gas Natural,2026-06-01T00:00:00.000+02:00,2026-05-31T22:00:00Z,561.8,71
471,Potencia instalada de generación convencional Gas Natural,2026-07-01T00:00:00.000+02:00,2026-06-30T22:00:00Z,561.8,71
471,Potencia instalada de generación convencional Gas Natural,2026-08-01T00:00:00.000+02:00,2026-07-31T22:00:00Z,561.8,71
471,Potencia instalada de generación convencional Gas Natural,2026-09-01T00:00:00.000+02:00,2026-08-31T22:00:00Z,561.8,71
472,Potencia disponible de generación Hidráulica UGH horizonte horario,2025-07-01T00:00:00.000+02:00,2025-06-30T22:00:00Z,592.0,28
472,Potencia disponible de generación Hidráulica UGH horizonte horario,2025-07-01T00:00:00.000+02:00,2025-06-30T22:00:00Z,4.7,72
472,Potencia disponible de generación Hidráulica UGH horizonte horario,2025-07-01T00:00:00.000+02:00,2025-06-30T22:00:00Z,514.7,71
472,Potencia disponible de generación Hidráulica UGH horizonte horario,2025-07-01T00:00:00.000+02:00,2025-06-30T22:00:00Z,191.3,70
472,Potencia disponible de generación Hidráulica UGH horizonte horario,2025-07-01T00:00:00.000+02:00,2025-06-30T22:00:00Z,4.3,69
472,Potencia disponible de generación Hidráulica UGH horizonte horario,2025-07-01T00:00:00.000+02:00,2025-06-30T22:00:00Z,11.2,64
472,Potencia disponible de generación Hidráulica UGH horizonte horario,2025-07-01T00:00:00.000+02:00,2025-06-30T22:00:00Z,387.3,62
472,Potencia disponible de generación Hidráulica UGH horizonte horario,2025-07-01T00:00:00.000+02:00,2025-06-30T22:00:00Z,12.1,57
472,Potencia disponible de generación Hidráulica UGH horizonte horario,2025-07-01T00:00:00.000+02:00,2025-06-30T22:00:00Z,423.9,56
472,Potencia disponible de generación Hidráulica UGH horizonte horario,2025-07-01T00:00:00.000+02:00,2025-06-30T22:00:00Z,150.8,52
472,Potencia disponible de generación Hidráulica UGH horizonte horario,2025-07-01T00:00:00.000+02:00,2025-06-30T22:00:00Z,353.2,50
472,Potencia disponible de generación Hidráulica UGH horizonte horario,2025-07-01T00:00:00.000+02:00,2025-06-30T22:00:00Z,3026.2875,48
472,Potencia disponible de generación Hidráulica UGH horizonte horario,2025-07-01T00:00:00.000+02:00,2025-06-30T22:00:00Z,2.0,59
472,Potencia disponible de generación Hidráulica UGH horizonte horario,2025-07-01T00:00:00.000+02:00,2025-06-30T22:00:00Z,840.2,43
472,Potencia disponible de generación Hidráulica UGH horizonte horario,2025-07-01T00:00:00.000+02:00,2025-06-30T22:00:00Z,1633.05208333333,44
472,Potencia disponible de generación Hidráulica UGH horizonte horario,2025-07-01T00:00:00.000+02:00,2025-06-30T22:00:00Z,19.0,32
472,Potencia disponible de generación Hidráulica UGH horizonte horario,2025-07-01T00:00:00.000+02:00,2025-06-30T22:00:00Z,0.6,33
472,Potencia disponible de generación Hidráulica UGH horizonte horario,2025-07-01T00:00:00.000+02:00,2025-06-30T22:00:00Z,16.5,34
472,Potencia disponible de generación Hidráulica UGH horizonte horario,2025-07-01T00:00:00.000+02:00,2025-06-30T22:00:00Z,537.4,35
472,Potencia disponible de generación Hidráulica UGH horizonte horario,2025-07-01T00:00:00.000+02:00,2025-06-30T22:00:00Z,290.11666666667,30
472,Potencia disponible de generación Hidráulica UGH horizonte horario,2025-07-01T00:00:00.000+02:00,2025-06-30T22:00:00Z,1633.3,39
472,Potencia disponible de generación Hidráulica UGH horizonte horario,2025-07-01T00:00:00.000+02:00,2025-06-30T22:00:00Z,3.3,40
472,Potencia disponible de generación Hidráulica UGH horizonte horario,2025-07-01T00:00:00.000+02:00,2025-06-30T22:00:00Z,0.3,41
472,Potencia disponible de generación Hidráulica UGH horizonte horario,2025-07-01T00:00:00.000+02:00,2025-06-30T22:00:00Z,1911.47083333333,37
472,Potencia disponible de generación Hidráulica UGH horizonte horario,2025-08-01T00:00:00.000+02:00,2025-07-31T22:00:00Z,344.86451612903,50
472,Potencia disponible de generación Hidráulica UGH horizonte horario,2025-08-01T00:00:00.000+02:00,2025-07-31T22:00:00Z,4.7,72
472,Potencia disponible de generación Hidráulica UGH horizonte horario,2025-08-01T00:00:00.000+02:00,2025-07-31T22:00:00Z,505.85954301075,71
472,Potencia disponible de generación Hidráulica UGH horizonte horario,2025-08-01T00:00:00.000+02:00,2025-07-31T22:00:00Z,191.3,70
472,Potencia disponible de generación Hidráulica UGH horizonte horario,2025-08-01T00:00:00.000+02:00,2025-07-31T22:00:00Z,4.3,69
472,Potencia disponible de generación Hidráulica UGH horizonte horario,2025-08-01T00:00:00.000+02:00,2025-07-31T22:00:00Z,11.2,64
472,Potencia disponible de generación Hidráulica UGH horizonte horario,2025-08-01T00:00:00.000+02:00,2025-07-31T22:00:00Z,384.80389784946,62
472,Potencia disponible de generación Hidráulica UGH horizonte horario,2025-08-01T00:00:00.000+02:00,2025-07-31T22:00:00Z,12.1,57
472,Potencia disponible de generación Hidráulica UGH horizonte horario,2025-08-01T00:00:00.000+02:00,2025-07-31T22:00:00Z,423.79704301075,56
472,Potencia disponible de generación Hidráulica UGH horizonte horario,2025-08-01T00:00:00.000+02:00,2025-07-31T22:00:00Z,149.83897849462,52
472,Potencia disponible de generación Hidráulica UGH horizonte horario,2025-08-01T00:00:00.000+02:00,2025-07-31T22:00:00Z,3040.87244623656,48
472,Potencia disponible de generación Hidráulica UGH horizonte horario,2025-08-01T00:00:00.000+02:00,2025-07-31T22:00:00Z,2.0,59
472,Potencia disponible de generación Hidráulica UGH horizonte horario,2025-08-01T00:00:00.000+02:00,2025-07-31T22:00:00Z,828.00362903226,43
472,Potencia disponible de generación Hidráulica UGH horizonte horario,2025-08-01T00:00:00.000+02:00,2025-07-31T22:00:00Z,289.03709677419,30
472,Potencia disponible de generación Hidráulica UGH horizonte horario,2025-08-01T00:00:00.000+02:00,2025-07-31T22:00:00Z,19.0,32
472,Potencia disponible de generación Hidráulica UGH horizonte horario,2025-08-01T00:00:00.000+02:00,2025-07-31T22:00:00Z,0.6,33
472,Potencia disponible de generación Hidráulica UGH horizonte horario,2025-08-01T00:00:00.000+02:00,2025-07-31T22:00:00Z,16.5,34
472,Potencia disponible de generación Hidráulica UGH horizonte horario,2025-08-01T00:00:00.000+02:00,2025-07-31T22:00:00Z,526.5748655914,35
472,Potencia disponible de generación Hidráulica UGH horizonte horario,2025-08-01T00:00:00.000+02:00,2025-07-31T22:00:00Z,587.49731182796,28
472,Potencia disponible de generación Hidráulica UGH horizonte horario,2025-08-01T00:00:00.000+02:00,2025-07-31T22:00:00Z,1896.58481182796,37
472,Potencia disponible de generación Hidráulica UGH horizonte horario,2025-08-01T00:00:00.000+02:00,2025-07-31T22:00:00Z,0.3,41
472,Potencia disponible de generación Hidráulica UGH horizonte horario,2025-08-01T00:00:00.000+02:00,2025-07-31T22:00:00Z,1753.98293010753,44
472,Potencia disponible de generación Hidráulica UGH horizonte horario,2025-08-01T00:00:00.000+02:00,2025-07-31T22:00:00Z,1595.96989247312,39
472,Potencia disponible de generación Hidráulica UGH horizonte horario,2025-08-01T00:00:00.000+02:00,2025-07-31T22:00:00Z,3.3,40
472,Potencia disponible de generación Hidráulica UGH horizonte horario,2025-09-01T00:00:00.000+02:00,2025-08-31T22:00:00Z,2931.91902777778,48
472,Potencia disponible de generación Hidráulica UGH horizonte horario,2025-09-01T00:00:00.000+02:00,2025-08-31T22:00:00Z,488.3075,71
472,Potencia disponible de generación Hidráulica UGH horizonte horario,2025-09-01T00:00:00.000+02:00,2025-08-31T22:00:00Z,156.03555555556,70
472,Potencia disponible de generación Hidráulica UGH horizonte horario,2025-09-01T00:00:00.000+02:00,2025-08-31T22:00:00Z,4.3,69
472,Potencia disponible de generación Hidráulica UGH horizonte horario,2025-09-01T00:00:00.000+02:00,2025-08-31T22:00:00Z,4.7,72
472,Potencia disponible de generación Hidráulica UGH horizonte horario,2025-09-01T00:00:00.000+02:00,2025-08-31T22:00:00Z,378.4,62
472,Potencia disponible de generación Hidráulica UGH horizonte horario,2025-09-01T00:00:00.000+02:00,2025-08-31T22:00:00Z,2.0,59
472,Potencia disponible de generación Hidráulica UGH horizonte horario,2025-09-01T00:00:00.000+02:00,2025-08-31T22:00:00Z,12.1,57
472,Potencia disponible de generación Hidráulica UGH horizonte horario,2025-09-01T00:00:00.000+02:00,2025-08-31T22:00:00Z,420.0675,56
472,Potencia disponible de generación Hidráulica UGH horizonte horario,2025-09-01T00:00:00.000+02:00,2025-08-31T22:00:00Z,144.05791666667,52
472,Potencia disponible de generación Hidráulica UGH horizonte horario,2025-09-01T00:00:00.000+02:00,2025-08-31T22:00:00Z,282.41847222222,50
472,Potencia disponible de generación Hidráulica UGH horizonte horario,2025-09-01T00:00:00.000+02:00,2025-08-31T22:00:00Z,11.2,64
472,Potencia disponible de generación Hidráulica UGH horizonte horario,2025-09-01T00:00:00.000+02:00,2025-08-31T22:00:00Z,1688.44652777778,44
472,Potencia disponible de generación Hidráulica UGH horizonte horario,2025-09-01T00:00:00.000+02:00,2025-08-31T22:00:00Z,0.3,41
472,Potencia disponible de generación Hidráulica UGH horizonte horario,2025-09-01T00:00:00.000+02:00,2025-08-31T22:00:00Z,3.3,40
472,Potencia disponible de generación Hidráulica UGH horizonte horario,2025-09-01T00:00:00.000+02:00,2025-08-31T22:00:00Z,1446.97166666667,39
472,Potencia disponible de generación Hidráulica UGH horizonte horario,2025-09-01T00:00:00.000+02:00,2025-08-31T22:00:00Z,1715.12458333333,37
472,Potencia disponible de generación Hidráulica UGH horizonte horario,2025-09-01T00:00:00.000+02:00,2025-08-31T22:00:00Z,534.67805555556,35
472,Potencia disponible de generación Hidráulica UGH horizonte horario,2025-09-01T00:00:00.000+02:00,2025-08-31T22:00:00Z,16.5,34
472,Potencia disponible de generación Hidráulica UGH horizonte horario,2025-09-01T00:00:00.000+02:00,2025-08-31T22:00:00Z,0.6,33
472,Potencia disponible de generación Hidráulica UGH horizonte horario,2025-09-01T00:00:00.000+02:00,2025-08-31T22:00:00Z,19.0,32
472,Potencia disponible de generación Hidráulica UGH horizonte horario,2025-09-01T00:00:00.000+02:00,2025-08-31T22:00:00Z,294.34013888889,30
472,Potencia disponible de generación Hidráulica UGH horizonte horario,2025-09-01T00:00:00.000+02:00,2025-08-31T22:00:00Z,572.41375,28
472,Potencia disponible de generación Hidráulica UGH horizonte horario,2025-09-01T00:00:00.000+02:00,2025-08-31T22:00:00Z,626.77666666667,43
472,Potencia disponible de generación Hidráulica UGH horizonte horario,2025-10-01T00:00:00.000+02:00,2025-09-30T22:00:00Z,119.32818791946,52
472,Potencia disponible de generación Hidráulica UGH horizonte horario,2025-10-01T00:00:00.000+02:00,2025-09-30T22:00:00Z,423.9,56
472,Potencia disponible de generación Hidráulica UGH horizonte horario,2025-10-01T00:00:00.000+02:00,2025-09-30T22:00:00Z,12.1,57
472,Potencia disponible de generación Hidráulica UGH horizonte horario,2025-10-01T00:00:00.000+02:00,2025-09-30T22:00:00Z,372.88845637584,62
472,Potencia disponible de generación Hidráulica UGH horizonte horario,2025-10-01T00:00:00.000+02:00,2025-09-30T22:00:00Z,309.17100671141,50
472,Potencia disponible de generación Hidráulica UGH horizonte horario,2025-10-01T00:00:00.000+02:00,2025-09-30T22:00:00Z,4.3,69
472,Potencia disponible de generación Hidráulica UGH horizonte horario,2025-10-01T00:00:00.000+02:00,2025-09-30T22:00:00Z,168.38322147651,70
472,Potencia disponible de generación Hidráulica UGH horizonte horario,2025-10-01T00:00:00.000+02:00,2025-09-30T22:00:00Z,501.20899328859,71
472,Potencia disponible de generación Hidráulica UGH horizonte horario,2025-10-01T00:00:00.000+02:00,2025-09-30T22:00:00Z,4.7,72
472,Potencia disponible de generación Hidráulica UGH horizonte horario,2025-10-01T00:00:00.000+02:00,2025-09-30T22:00:00Z,11.2,64
472,Potencia disponible de generación Hidráulica UGH horizonte horario,2025-10-01T00:00:00.000+02:00,2025-09-30T22:00:00Z,2987.68832214765,48
472,Potencia disponible de generación Hidráulica UGH horizonte horario,2025-10-01T00:00:00.000+02:00,2025-09-30T22:00:00Z,2.0,59
472,Potencia disponible de generación Hidráulica UGH horizonte horario,2025-10-01T00:00:00.000+02:00,2025-09-30T22:00:00Z,802.39194630872,43
472,Potencia disponible de generación Hidráulica UGH horizonte horario,2025-10-01T00:00:00.000+02:00,2025-09-30T22:00:00Z,544.00751677852,28
472,Potencia disponible de generación Hidráulica UGH horizonte horario,2025-10-01T00:00:00.000+02:00,2025-09-30T22:00:00Z,272.63382550336,30
472,Potencia disponible de generación Hidráulica UGH horizonte horario,2025-10-01T00:00:00.000+02:00,2025-09-30T22:00:00Z,19.0,32
472,Potencia disponible de generación Hidráulica UGH horizonte horario,2025-10-01T00:00:00.000+02:00,2025-09-30T22:00:00Z,0.6,33
472,Potencia disponible de generación Hidráulica UGH horizonte horario,2025-10-01T00:00:00.000+02:00,2025-09-30T22:00:00Z,16.5,34
472,Potencia disponible de generación Hidráulica UGH horizonte horario,2025-10-01T00:00:00.000+02:00,2025-09-30T22:00:00Z,1826.09838926175,44
472,Potencia disponible de generación Hidráulica UGH horizonte horario,2025-10-01T00:00:00.000+02:00,2025-09-30T22:00:00Z,1820.47355704698,37
472,Potencia disponible de generación Hidráulica UGH horizonte horario,2025-10-01T00:00:00.000+02:00,2025-09-30T22:00:00Z,1448.61073825503,39
472,Potencia disponible de generación Hidráulica UGH horizonte horario,2025-10-01T00:00:00.000+02:00,2025-09-30T22:00:00Z,3.3,40
472,Potencia disponible de generación Hidráulica UGH horizonte horario,2025-10-01T00:00:00.000+02:00,2025-09-30T22:00:00Z,0.3,41
472,Potencia disponible de generación Hidráulica UGH horizonte horario,2025-10-01T00:00:00.000+02:00,2025-09-30T22:00:00Z,444.51275167785,35
472,Potencia disponible de generación Hidráulica UGH horizonte horario,2025-11-01T00:00:00.000+01:00,2025-10-31T23:00:00Z,419.7,56
472,Potencia disponible de generación Hidráulica UGH horizonte horario,2025-11-01T00:00:00.000+01:00,2025-10-31T23:00:00Z,121.47430555556,52
472,Potencia disponible de generación Hidráulica UGH horizonte horario,2025-11-01T00:00:00.000+01:00,2025-10-31T23:00:00Z,12.1,57
472,Potencia disponible de generación Hidráulica UGH horizonte horario,2025-11-01T00:00:00.000+01:00,2025-10-31T23:00:00Z,2.0,59
472,Potencia disponible de generación Hidráulica UGH horizonte horario,2025-11-01T00:00:00.000+01:00,2025-10-31T23:00:00Z,368.11694444444,62
472,Potencia disponible de generación Hidráulica UGH horizonte horario,2025-11-01T00:00:00.000+01:00,2025-10-31T23:00:00Z,4.3,69
472,Potencia disponible de generación Hidráulica UGH horizonte horario,2025-11-01T00:00:00.000+01:00,2025-10-31T23:00:00Z,370.17888888889,50
472,Potencia disponible de generación Hidráulica UGH horizonte horario,2025-11-01T00:00:00.000+01:00,2025-10-31T23:00:00Z,156.48180555556,70
472,Potencia disponible de generación Hidráulica UGH horizonte horario,2025-11-01T00:00:00.000+01:00,2025-10-31T23:00:00Z,511.90555555556,71
472,Potencia disponible de generación Hidráulica UGH horizonte horario,2025-11-01T00:00:00.000+01:00,2025-10-31T23:00:00Z,4.7,72
472,Potencia disponible de generación Hidráulica UGH horizonte horario,2025-11-01T00:00:00.000+01:00,2025-10-31T23:00:00Z,11.2,64
472,Potencia disponible de generación Hidráulica UGH horizonte horario,2025-11-01T00:00:00.000+01:00,2025-10-31T23:00:00Z,3017.08208333333,48
472,Potencia disponible de generación Hidráulica UGH horizonte horario,2025-11-01T00:00:00.000+01:00,2025-10-31T23:00:00Z,1916.91277777778,44
472,Potencia disponible de generación Hidráulica UGH horizonte horario,2025-11-01T00:00:00.000+01:00,2025-10-31T23:00:00Z,945.8,43
472,Potencia disponible de generación Hidráulica UGH horizonte horario,2025-11-01T00:00:00.000+01:00,2025-10-31T23:00:00Z,0.3,41
472,Potencia disponible de generación Hidráulica UGH horizonte horario,2025-11-01T00:00:00.000+01:00,2025-10-31T23:00:00Z,3.3,40
472,Potencia disponible de generación Hidráulica UGH horizonte horario,2025-11-01T00:00:00.000+01:00,2025-10-31T23:00:00Z,1501.85583333333,39
472,Potencia disponible de generación Hidráulica UGH horizonte horario,2025-11-01T00:00:00.000+01:00,2025-10-31T23:00:00Z,2145.31694444444,37
472,Potencia disponible de generación Hidráulica UGH horizonte horario,2025-11-01T00:00:00.000+01:00,2025-10-31T23:00:00Z,429.94055555556,35
472,Potencia disponible de generación Hidráulica UGH horizonte horario,2025-11-01T00:00:00.000+01:00,2025-10-31T23:00:00Z,16.5,34
472,Potencia disponible de generación Hidráulica UGH horizonte horario,2025-11-01T00:00:00.000+01:00,2025-10-31T23:00:00Z,0.6,33
472,Potencia disponible de generación Hidráulica UGH horizonte horario,2025-11-01T00:00:00.000+01:00,2025-10-31T23:00:00Z,19.0,32
472,Potencia disponible de generación Hidráulica UGH horizonte horario,2025-11-01T00:00:00.000+01:00,2025-10-31T23:00:00Z,250.73638888889,30
472,Potencia disponible de generación Hidráulica UGH horizonte horario,2025-11-01T00:00:00.000+01:00,2025-10-31T23:00:00Z,580.30333333333,28
472,Potencia disponible de generación Hidráulica UGH horizonte horario,2025-12-01T00:00:00.000+01:00,2025-11-30T23:00:00Z,355.05551075269,50
472,Potencia disponible de generación Hidráulica UGH horizonte horario,2025-12-01T00:00:00.000+01:00,2025-11-30T23:00:00Z,122.45725806452,52
472,Potencia disponible de generación Hidráulica UGH horizonte horario,2025-12-01T00:00:00.000+01:00,2025-11-30T23:00:00Z,423.9,56
472,Potencia disponible de generación Hidráulica UGH horizonte horario,2025-12-01T00:00:00.000+01:00,2025-11-30T23:00:00Z,12.1,57
472,Potencia disponible de generación Hidráulica UGH horizonte horario,2025-12-01T00:00:00.000+01:00,2025-11-30T23:00:00Z,2.0,59
472,Potencia disponible de generación Hidráulica UGH horizonte horario,2025-12-01T00:00:00.000+01:00,2025-11-30T23:00:00Z,511.57580645161,71
472,Potencia disponible de generación Hidráulica UGH horizonte horario,2025-12-01T00:00:00.000+01:00,2025-11-30T23:00:00Z,11.2,64
472,Potencia disponible de generación Hidráulica UGH horizonte horario,2025-12-01T00:00:00.000+01:00,2025-11-30T23:00:00Z,4.3,69
472,Potencia disponible de generación Hidráulica UGH horizonte horario,2025-12-01T00:00:00.000+01:00,2025-11-30T23:00:00Z,191.3,70
472,Potencia disponible de generación Hidráulica UGH horizonte horario,2025-12-01T00:00:00.000+01:00,2025-11-30T23:00:00Z,3197.59758064516,48
472,Potencia disponible de generación Hidráulica UGH horizonte horario,2025-12-01T00:00:00.000+01:00,2025-11-30T23:00:00Z,389.5,62
472,Potencia disponible de generación Hidráulica UGH horizonte horario,2025-12-01T00:00:00.000+01:00,2025-11-30T23:00:00Z,4.7,72
472,Potencia disponible de generación Hidráulica UGH horizonte horario,2025-12-01T00:00:00.000+01:00,2025-11-30T23:00:00Z,1987.50188172043,44
472,Potencia disponible de generación Hidráulica UGH horizonte horario,2025-12-01T00:00:00.000+01:00,2025-11-30T23:00:00Z,13.3,41
472,Potencia disponible de generación Hidráulica UGH horizonte horario,2025-12-01T00:00:00.000+01:00,2025-11-30T23:00:00Z,591.90994623656,28
472,Potencia disponible de generación Hidráulica UGH horizonte horario,2025-12-01T00:00:00.000+01:00,2025-11-30T23:00:00Z,230.08373655914,30
472,Potencia disponible de generación Hidráulica UGH horizonte horario,2025-12-01T00:00:00.000+01:00,2025-11-30T23:00:00Z,19.0,32
472,Potencia disponible de generación Hidráulica UGH horizonte horario,2025-12-01T00:00:00.000+01:00,2025-11-30T23:00:00Z,0.6,33
472,Potencia disponible de generación Hidráulica UGH horizonte horario,2025-12-01T00:00:00.000+01:00,2025-11-30T23:00:00Z,945.8,43
472,Potencia disponible de generación Hidráulica UGH horizonte horario,2025-12-01T00:00:00.000+01:00,2025-11-30T23:00:00Z,512.89206989247,35
472,Potencia disponible de generación Hidráulica UGH horizonte horario,2025-12-01T00:00:00.000+01:00,2025-11-30T23:00:00Z,2225.9877688172,37
472,Potencia disponible de generación Hidráulica UGH horizonte horario,2025-12-01T00:00:00.000+01:00,2025-11-30T23:00:00Z,1534.54032258065,39
472,Potencia disponible de generación Hidráulica UGH horizonte horario,2025-12-01T00:00:00.000+01:00,2025-11-30T23:00:00Z,3.3,40
472,Potencia disponible de generación Hidráulica UGH horizonte horario,2025-12-01T00:00:00.000+01:00,2025-11-30T23:00:00Z,16.5,34
472,Potencia disponible de generación Hidráulica UGH horizonte horario,2026-01-01T00:00:00.000+01:00,2025-12-31T23:00:00Z,376.31451612903,50
472,Potencia disponible de generación Hidráulica UGH horizonte horario,2026-01-01T00:00:00.000+01:00,2025-12-31T23:00:00Z,514.10295698925,71
472,Potencia disponible de generación Hidráulica UGH horizonte horario,2026-01-01T00:00:00.000+01:00,2025-12-31T23:00:00Z,190.2935483871,70
472,Potencia disponible de generación Hidráulica UGH horizonte horario,2026-01-01T00:00:00.000+01:00,2025-12-31T23:00:00Z,4.3,69
472,Potencia disponible de generación Hidráulica UGH horizonte horario,2026-01-01T00:00:00.000+01:00,2025-12-31T23:00:00Z,11.8,64
472,Potencia disponible de generación Hidráulica UGH horizonte horario,2026-01-01T00:00:00.000+01:00,2025-12-31T23:00:00Z,389.5,62
472,Potencia disponible de generación Hidráulica UGH horizonte horario,2026-01-01T00:00:00.000+01:00,2025-12-31T23:00:00Z,2.0,59
472,Potencia disponible de generación Hidráulica UGH horizonte horario,2026-01-01T00:00:00.000+01:00,2025-12-31T23:00:00Z,12.1,57
472,Potencia disponible de generación Hidráulica UGH horizonte horario,2026-01-01T00:00:00.000+01:00,2025-12-31T23:00:00Z,423.54435483871,56
472,Potencia disponible de generación Hidráulica UGH horizonte horario,2026-01-01T00:00:00.000+01:00,2025-12-31T23:00:00Z,120.82352150538,52
472,Potencia disponible de generación Hidráulica UGH horizonte horario,2026-01-01T00:00:00.000+01:00,2025-12-31T23:00:00Z,4.7,72
472,Potencia disponible de generación Hidráulica UGH horizonte horario,2026-01-01T00:00:00.000+01:00,2025-12-31T23:00:00Z,3339.36397849462,48
472,Potencia disponible de generación Hidráulica UGH horizonte horario,2026-01-01T00:00:00.000+01:00,2025-12-31T23:00:00Z,945.8,43
472,Potencia disponible de generación Hidráulica UGH horizonte horario,2026-01-01T00:00:00.000+01:00,2025-12-31T23:00:00Z,2014.30456989247,44
472,Potencia disponible de generación Hidráulica UGH horizonte horario,2026-01-01T00:00:00.000+01:00,2025-12-31T23:00:00Z,591.75241935484,28
472,Potencia disponible de generación Hidráulica UGH horizonte horario,2026-01-01T00:00:00.000+01:00,2025-12-31T23:00:00Z,247.6936827957,30
472,Potencia disponible de generación Hidráulica UGH horizonte horario,2026-01-01T00:00:00.000+01:00,2025-12-31T23:00:00Z,0.6,33
472,Potencia disponible de generación Hidráulica UGH horizonte horario,2026-01-01T00:00:00.000+01:00,2025-12-31T23:00:00Z,16.5,34
472,Potencia disponible de generación Hidráulica UGH horizonte horario,2026-01-01T00:00:00.000+01:00,2025-12-31T23:00:00Z,20.0064516129,32
472,Potencia disponible de generación Hidráulica UGH horizonte horario,2026-01-01T00:00:00.000+01:00,2025-12-31T23:00:00Z,2247.62661290323,37
472,Potencia disponible de generación Hidráulica UGH horizonte horario,2026-01-01T00:00:00.000+01:00,2025-12-31T23:00:00Z,1593.72674731183,39
472,Potencia disponible de generación Hidráulica UGH horizonte horario,2026-01-01T00:00:00.000+01:00,2025-12-31T23:00:00Z,3.3,40
472,Potencia disponible de generación Hidráulica UGH horizonte horario,2026-01-01T00:00:00.000+01:00,2025-12-31T23:00:00Z,13.3,41
472,Potencia disponible de generación Hidráulica UGH horizonte horario,2026-01-01T00:00:00.000+01:00,2025-12-31T23:00:00Z,531.3,35
472,Potencia disponible de generación Hidráulica UGH horizonte horario,2026-02-01T00:00:00.000+01:00,2026-01-31T23:00:00Z,2.0,59
472,Potencia disponible de generación Hidráulica UGH horizonte horario,2026-02-01T00:00:00.000+01:00,2026-01-31T23:00:00Z,119.90342261905,52
472,Potencia disponible de generación Hidráulica UGH horizonte horario,2026-02-01T00:00:00.000+01:00,2026-01-31T23:00:00Z,423.9,56
472,Potencia disponible de generación Hidráulica UGH horizonte horario,2026-02-01T00:00:00.000+01:00,2026-01-31T23:00:00Z,12.1,57
472,Potencia disponible de generación Hidráulica UGH horizonte horario,2026-02-01T00:00:00.000+01:00,2026-01-31T23:00:00Z,389.44196428571,62
472,Potencia disponible de generación Hidráulica UGH horizonte horario,2026-02-01T00:00:00.000+01:00,2026-01-31T23:00:00Z,371.92514880952,50
472,Potencia disponible de generación Hidráulica UGH horizonte horario,2026-02-01T00:00:00.000+01:00,2026-01-31T23:00:00Z,4.3,69
472,Potencia disponible de generación Hidráulica UGH horizonte horario,2026-02-01T00:00:00.000+01:00,2026-01-31T23:00:00Z,188.2,70
472,Potencia disponible de generación Hidráulica UGH horizonte horario,2026-02-01T00:00:00.000+01:00,2026-01-31T23:00:00Z,523.80848214286,71
472,Potencia disponible de generación Hidráulica UGH horizonte horario,2026-02-01T00:00:00.000+01:00,2026-01-31T23:00:00Z,4.7,72
472,Potencia disponible de generación Hidráulica UGH horizonte horario,2026-02-01T00:00:00.000+01:00,2026-01-31T23:00:00Z,11.8,64
472,Potencia disponible de generación Hidráulica UGH horizonte horario,2026-02-01T00:00:00.000+01:00,2026-01-31T23:00:00Z,3288.41726190476,48
472,Potencia disponible de generación Hidráulica UGH horizonte horario,2026-02-01T00:00:00.000+01:00,2026-01-31T23:00:00Z,1934.22321428571,44
472,Potencia disponible de generación Hidráulica UGH horizonte horario,2026-02-01T00:00:00.000+01:00,2026-01-31T23:00:00Z,944.86428571429,43
472,Potencia disponible de generación Hidráulica UGH horizonte horario,2026-02-01T00:00:00.000+01:00,2026-01-31T23:00:00Z,13.3,41
472,Potencia disponible de generación Hidráulica UGH horizonte horario,2026-02-01T00:00:00.000+01:00,2026-01-31T23:00:00Z,3.3,40
472,Potencia disponible de generación Hidráulica UGH horizonte horario,2026-02-01T00:00:00.000+01:00,2026-01-31T23:00:00Z,1582.95074404762,39
472,Potencia disponible de generación Hidráulica UGH horizonte horario,2026-02-01T00:00:00.000+01:00,2026-01-31T23:00:00Z,2251.62217261905,37
472,Potencia disponible de generación Hidráulica UGH horizonte horario,2026-02-01T00:00:00.000+01:00,2026-01-31T23:00:00Z,458.83779761905,35
472,Potencia disponible de generación Hidráulica UGH horizonte horario,2026-02-01T00:00:00.000+01:00,2026-01-31T23:00:00Z,16.5,34
472,Potencia disponible de generación Hidráulica UGH horizonte horario,2026-02-01T00:00:00.000+01:00,2026-01-31T23:00:00Z,0.6,33
472,Potencia disponible de generación Hidráulica UGH horizonte horario,2026-02-01T00:00:00.000+01:00,2026-01-31T23:00:00Z,22.1,32
472,Potencia disponible de generación Hidráulica UGH horizonte horario,2026-02-01T00:00:00.000+01:00,2026-01-31T23:00:00Z,272.56488095238,30
472,Potencia disponible de generación Hidráulica UGH horizonte horario,2026-02-01T00:00:00.000+01:00,2026-01-31T23:00:00Z,508.21636904762,28
472,Potencia disponible de generación Hidráulica UGH horizonte horario,2026-03-01T00:00:00.000+01:00,2026-02-28T23:00:00Z,119.78384925976,52
472,Potencia disponible de generación Hidráulica UGH horizonte horario,2026-03-01T00:00:00.000+01:00,2026-02-28T23:00:00Z,421.84347240915,56
472,Potencia disponible de generación Hidráulica UGH horizonte horario,2026-03-01T00:00:00.000+01:00,2026-02-28T23:00:00Z,12.1,57
472,Potencia disponible de generación Hidráulica UGH horizonte horario,2026-03-01T00:00:00.000+01:00,2026-02-28T23:00:00Z,2.0,59
472,Potencia disponible de generación Hidráulica UGH horizonte horario,2026-03-01T00:00:00.000+01:00,2026-02-28T23:00:00Z,384.70094212651,62
472,Potencia disponible de generación Hidráulica UGH horizonte horario,2026-03-01T00:00:00.000+01:00,2026-02-28T23:00:00Z,4.7,72
472,Potencia disponible de generación Hidráulica UGH horizonte horario,2026-03-01T00:00:00.000+01:00,2026-02-28T23:00:00Z,4.3,69
472,Potencia disponible de generación Hidráulica UGH horizonte horario,2026-03-01T00:00:00.000+01:00,2026-02-28T23:00:00Z,188.2,70
472,Potencia disponible de generación Hidráulica UGH horizonte horario,2026-03-01T00:00:00.000+01:00,2026-02-28T23:00:00Z,535.84764468371,71
472,Potencia disponible de generación Hidráulica UGH horizonte horario,2026-03-01T00:00:00.000+01:00,2026-02-28T23:00:00Z,377.80296096904,50
472,Potencia disponible de generación Hidráulica UGH horizonte horario,2026-03-01T00:00:00.000+01:00,2026-02-28T23:00:00Z,11.8,64
472,Potencia disponible de generación Hidráulica UGH horizonte horario,2026-03-01T00:00:00.000+01:00,2026-02-28T23:00:00Z,3347.92516823688,48
472,Potencia disponible de generación Hidráulica UGH horizonte horario,2026-03-01T00:00:00.000+01:00,2026-02-28T23:00:00Z,1899.03620457604,44
472,Potencia disponible de generación Hidráulica UGH horizonte horario,2026-03-01T00:00:00.000+01:00,2026-02-28T23:00:00Z,900.94562584118,43
472,Potencia disponible de generación Hidráulica UGH horizonte horario,2026-03-01T00:00:00.000+01:00,2026-02-28T23:00:00Z,331.47833109017,30
472,Potencia disponible de generación Hidráulica UGH horizonte horario,2026-03-01T00:00:00.000+01:00,2026-02-28T23:00:00Z,22.1,32
472,Potencia disponible de generación Hidráulica UGH horizonte horario,2026-03-01T00:00:00.000+01:00,2026-02-28T23:00:00Z,0.6,33
472,Potencia disponible de generación Hidráulica UGH horizonte horario,2026-03-01T00:00:00.000+01:00,2026-02-28T23:00:00Z,16.5,34
472,Potencia disponible de generación Hidráulica UGH horizonte horario,2026-03-01T00:00:00.000+01:00,2026-02-28T23:00:00Z,577.44858681023,28
472,Potencia disponible de generación Hidráulica UGH horizonte horario,2026-03-01T00:00:00.000+01:00,2026-02-28T23:00:00Z,2292.88331090175,37
472,Potencia disponible de generación Hidráulica UGH horizonte horario,2026-03-01T00:00:00.000+01:00,2026-02-28T23:00:00Z,1627.06244952894,39
472,Potencia disponible de generación Hidráulica UGH horizonte horario,2026-03-01T00:00:00.000+01:00,2026-02-28T23:00:00Z,3.3,40
472,Potencia disponible de generación Hidráulica UGH horizonte horario,2026-03-01T00:00:00.000+01:00,2026-02-28T23:00:00Z,13.3,41
472,Potencia disponible de generación Hidráulica UGH horizonte horario,2026-03-01T00:00:00.000+01:00,2026-02-28T23:00:00Z,447.84064602961,35
472,Potencia disponible de generación Hidráulica UGH horizonte horario,2026-04-01T00:00:00.000+02:00,2026-03-31T22:00:00Z,121.35208333333,52
472,Potencia disponible de generación Hidráulica UGH horizonte horario,2026-04-01T00:00:00.000+02:00,2026-03-31T22:00:00Z,4.7,72
472,Potencia disponible de generación Hidráulica UGH horizonte horario,2026-04-01T00:00:00.000+02:00,2026-03-31T22:00:00Z,538.54166666667,71
472,Potencia disponible de generación Hidráulica UGH horizonte horario,2026-04-01T00:00:00.000+02:00,2026-03-31T22:00:00Z,188.2,70
472,Potencia disponible de generación Hidráulica UGH horizonte horario,2026-04-01T00:00:00.000+02:00,2026-03-31T22:00:00Z,4.3,69
472,Potencia disponible de generación Hidráulica UGH horizonte horario,2026-04-01T00:00:00.000+02:00,2026-03-31T22:00:00Z,11.8,64
472,Potencia disponible de generación Hidráulica UGH horizonte horario,2026-04-01T00:00:00.000+02:00,2026-03-31T22:00:00Z,389.23,62
472,Potencia disponible de generación Hidráulica UGH horizonte horario,2026-04-01T00:00:00.000+02:00,2026-03-31T22:00:00Z,2.0,59
472,Potencia disponible de generación Hidráulica UGH horizonte horario,2026-04-01T00:00:00.000+02:00,2026-03-31T22:00:00Z,12.1,57
472,Potencia disponible de generación Hidráulica UGH horizonte horario,2026-04-01T00:00:00.000+02:00,2026-03-31T22:00:00Z,423.9,56
472,Potencia disponible de generación Hidráulica UGH horizonte horario,2026-04-01T00:00:00.000+02:00,2026-03-31T22:00:00Z,365.84430555556,50
472,Potencia disponible de generación Hidráulica UGH horizonte horario,2026-04-01T00:00:00.000+02:00,2026-03-31T22:00:00Z,3244.04263888889,48
472,Potencia disponible de generación Hidráulica UGH horizonte horario,2026-04-01T00:00:00.000+02:00,2026-03-31T22:00:00Z,590.67819444444,28
472,Potencia disponible de generación Hidráulica UGH horizonte horario,2026-04-01T00:00:00.000+02:00,2026-03-31T22:00:00Z,331.93375,30
472,Potencia disponible de generación Hidráulica UGH horizonte horario,2026-04-01T00:00:00.000+02:00,2026-03-31T22:00:00Z,22.1,32
472,Potencia disponible de generación Hidráulica UGH horizonte horario,2026-04-01T00:00:00.000+02:00,2026-03-31T22:00:00Z,0.6,33
472,Potencia disponible de generación Hidráulica UGH horizonte horario,2026-04-01T00:00:00.000+02:00,2026-03-31T22:00:00Z,33.3,34
472,Potencia disponible de generación Hidráulica UGH horizonte horario,2026-04-01T00:00:00.000+02:00,2026-03-31T22:00:00Z,514.5,35
472,Potencia disponible de generación Hidráulica UGH horizonte horario,2026-04-01T00:00:00.000+02:00,2026-03-31T22:00:00Z,1936.97180555556,44
472,Potencia disponible de generación Hidráulica UGH horizonte horario,2026-04-01T00:00:00.000+02:00,2026-03-31T22:00:00Z,1689.71291666667,39
472,Potencia disponible de generación Hidráulica UGH horizonte horario,2026-04-01T00:00:00.000+02:00,2026-03-31T22:00:00Z,3.3,40
472,Potencia disponible de generación Hidráulica UGH horizonte horario,2026-04-01T00:00:00.000+02:00,2026-03-31T22:00:00Z,13.3,41
472,Potencia disponible de generación Hidráulica UGH horizonte horario,2026-04-01T00:00:00.000+02:00,2026-03-31T22:00:00Z,918.29013888889,43
472,Potencia disponible de generación Hidráulica UGH horizonte horario,2026-04-01T00:00:00.000+02:00,2026-03-31T22:00:00Z,2362.54,37
472,Potencia disponible de generación Hidráulica UGH horizonte horario,2026-05-01T00:00:00.000+02:00,2026-04-30T22:00:00Z,144.12459677419,52
472,Potencia disponible de generación Hidráulica UGH horizonte horario,2026-05-01T00:00:00.000+02:00,2026-04-30T22:00:00Z,423.9,56
472,Potencia disponible de generación Hidráulica UGH horizonte horario,2026-05-01T00:00:00.000+02:00,2026-04-30T22:00:00Z,12.1,57
472,Potencia disponible de generación Hidráulica UGH horizonte horario,2026-05-01T00:00:00.000+02:00,2026-04-30T22:00:00Z,2.0,59
472,Potencia disponible de generación Hidráulica UGH horizonte horario,2026-05-01T00:00:00.000+02:00,2026-04-30T22:00:00Z,389.5,62
472,Potencia disponible de generación Hidráulica UGH horizonte horario,2026-05-01T00:00:00.000+02:00,2026-04-30T22:00:00Z,4.3,69
472,Potencia disponible de generación Hidráulica UGH horizonte horario,2026-05-01T00:00:00.000+02:00,2026-04-30T22:00:00Z,188.2,70
472,Potencia disponible de generación Hidráulica UGH horizonte horario,2026-05-01T00:00:00.000+02:00,2026-04-30T22:00:00Z,533.57325268817,71
472,Potencia disponible de generación Hidráulica UGH horizonte horario,2026-05-01T00:00:00.000+02:00,2026-04-30T22:00:00Z,4.7,72
472,Potencia disponible de generación Hidráulica UGH horizonte horario,2026-05-01T00:00:00.000+02:00,2026-04-30T22:00:00Z,368.75080645161,50
472,Potencia disponible de generación Hidráulica UGH horizonte horario,2026-05-01T00:00:00.000+02:00,2026-04-30T22:00:00Z,11.8,64
472,Potencia disponible de generación Hidráulica UGH horizonte horario,2026-05-01T00:00:00.000+02:00,2026-04-30T22:00:00Z,1896.11599462366,44
472,Potencia disponible de generación Hidráulica UGH horizonte horario,2026-05-01T00:00:00.000+02:00,2026-04-30T22:00:00Z,3.3,40
472,Potencia disponible de generación Hidráulica UGH horizonte horario,2026-05-01T00:00:00.000+02:00,2026-04-30T22:00:00Z,818.23655913979,43
472,Potencia disponible de generación Hidráulica UGH horizonte horario,2026-05-01T00:00:00.000+02:00,2026-04-30T22:00:00Z,13.3,41
472,Potencia disponible de generación Hidráulica UGH horizonte horario,2026-05-01T00:00:00.000+02:00,2026-04-30T22:00:00Z,1683.20295698925,39
472,Potencia disponible de generación Hidráulica UGH horizonte horario,2026-05-01T00:00:00.000+02:00,2026-04-30T22:00:00Z,1916.9247311828,37
472,Potencia disponible de generación Hidráulica UGH horizonte horario,2026-05-01T00:00:00.000+02:00,2026-04-30T22:00:00Z,489.80887096774,35
472,Potencia disponible de generación Hidráulica UGH horizonte horario,2026-05-01T00:00:00.000+02:00,2026-04-30T22:00:00Z,33.3,34
472,Potencia disponible de generación Hidráulica UGH horizonte horario,2026-05-01T00:00:00.000+02:00,2026-04-30T22:00:00Z,0.6,33
472,Potencia disponible de generación Hidráulica UGH horizonte horario,2026-05-01T00:00:00.000+02:00,2026-04-30T22:00:00Z,22.1,32
472,Potencia disponible de generación Hidráulica UGH horizonte horario,2026-05-01T00:00:00.000+02:00,2026-04-30T22:00:00Z,330.79032258065,30
472,Potencia disponible de generación Hidráulica UGH horizonte horario,2026-05-01T00:00:00.000+02:00,2026-04-30T22:00:00Z,592.0,28
472,Potencia disponible de generación Hidráulica UGH horizonte horario,2026-05-01T00:00:00.000+02:00,2026-04-30T22:00:00Z,3170.98615591398,48
472,Potencia disponible de generación Hidráulica UGH horizonte horario,2026-06-01T00:00:00.000+02:00,2026-05-31T22:00:00Z,2.0,59
472,Potencia disponible de generación Hidráulica UGH horizonte horario,2026-06-01T00:00:00.000+02:00,2026-05-31T22:00:00Z,144.75611111111,52
472,Potencia disponible de generación Hidráulica UGH horizonte horario,2026-06-01T00:00:00.000+02:00,2026-05-31T22:00:00Z,418.42097222222,56
472,Potencia disponible de generación Hidráulica UGH horizonte horario,2026-06-01T00:00:00.000+02:00,2026-05-31T22:00:00Z,12.1,57
472,Potencia disponible de generación Hidráulica UGH horizonte horario,2026-06-01T00:00:00.000+02:00,2026-05-31T22:00:00Z,389.5,62
472,Potencia disponible de generación Hidráulica UGH horizonte horario,2026-06-01T00:00:00.000+02:00,2026-05-31T22:00:00Z,367.30027777778,50
472,Potencia disponible de generación Hidráulica UGH horizonte horario,2026-06-01T00:00:00.000+02:00,2026-05-31T22:00:00Z,4.3,69
472,Potencia disponible de generación Hidráulica UGH horizonte horario,2026-06-01T00:00:00.000+02:00,2026-05-31T22:00:00Z,180.28416666667,70
472,Potencia disponible de generación Hidráulica UGH horizonte horario,2026-06-01T00:00:00.000+02:00,2026-05-31T22:00:00Z,479.40638888889,71
472,Potencia disponible de generación Hidráulica UGH horizonte horario,2026-06-01T00:00:00.000+02:00,2026-05-31T22:00:00Z,4.7,72
472,Potencia disponible de generación Hidráulica UGH horizonte horario,2026-06-01T00:00:00.000+02:00,2026-05-31T22:00:00Z,11.8,64
472,Potencia disponible de generación Hidráulica UGH horizonte horario,2026-06-01T00:00:00.000+02:00,2026-05-31T22:00:00Z,2779.50611111111,48
472,Potencia disponible de generación Hidráulica UGH horizonte horario,2026-06-01T00:00:00.000+02:00,2026-05-31T22:00:00Z,1831.34069444444,37
472,Potencia disponible de generación Hidráulica UGH horizonte horario,2026-06-01T00:00:00.000+02:00,2026-05-31T22:00:00Z,689.74875,43
472,Potencia disponible de generación Hidráulica UGH horizonte horario,2026-06-01T00:00:00.000+02:00,2026-05-31T22:00:00Z,311.58111111111,30
472,Potencia disponible de generación Hidráulica UGH horizonte horario,2026-06-01T00:00:00.000+02:00,2026-05-31T22:00:00Z,22.1,32
472,Potencia disponible de generación Hidráulica UGH horizonte horario,2026-06-01T00:00:00.000+02:00,2026-05-31T22:00:00Z,0.6,33
472,Potencia disponible de generación Hidráulica UGH horizonte horario,2026-06-01T00:00:00.000+02:00,2026-05-31T22:00:00Z,33.3,34
472,Potencia disponible de generación Hidráulica UGH horizonte horario,2026-06-01T00:00:00.000+02:00,2026-05-31T22:00:00Z,591.14833333333,28
472,Potencia disponible de generación Hidráulica UGH horizonte horario,2026-06-01T00:00:00.000+02:00,2026-05-31T22:00:00Z,1849.59708333333,44
472,Potencia disponible de generación Hidráulica UGH horizonte horario,2026-06-01T00:00:00.000+02:00,2026-05-31T22:00:00Z,1586.08736111111,39
472,Potencia disponible de generación Hidráulica UGH horizonte horario,2026-06-01T00:00:00.000+02:00,2026-05-31T22:00:00Z,3.3,40
472,Potencia disponible de generación Hidráulica UGH horizonte horario,2026-06-01T00:00:00.000+02:00,2026-05-31T22:00:00Z,13.3,41
472,Potencia disponible de generación Hidráulica UGH horizonte horario,2026-06-01T00:00:00.000+02:00,2026-05-31T22:00:00Z,512.72625,35
472,Potencia disponible de generación Hidráulica UGH horizonte horario,2026-07-01T00:00:00.000+02:00,2026-06-30T22:00:00Z,150.4377688172,52
472,Potencia disponible de generación Hidráulica UGH horizonte horario,2026-07-01T00:00:00.000+02:00,2026-06-30T22:00:00Z,4.7,72
472,Potencia disponible de generación Hidráulica UGH horizonte horario,2026-07-01T00:00:00.000+02:00,2026-06-30T22:00:00Z,524.11196236559,71
472,Potencia disponible de generación Hidráulica UGH horizonte horario,2026-07-01T00:00:00.000+02:00,2026-06-30T22:00:00Z,168.21612903226,70
472,Potencia disponible de generación Hidráulica UGH horizonte horario,2026-07-01T00:00:00.000+02:00,2026-06-30T22:00:00Z,4.3,69
472,Potencia disponible de generación Hidráulica UGH horizonte horario,2026-07-01T00:00:00.000+02:00,2026-06-30T22:00:00Z,11.8,64
472,Potencia disponible de generación Hidráulica UGH horizonte horario,2026-07-01T00:00:00.000+02:00,2026-06-30T22:00:00Z,363.20833333333,62
472,Potencia disponible de generación Hidráulica UGH horizonte horario,2026-07-01T00:00:00.000+02:00,2026-06-30T22:00:00Z,2.0,59
472,Potencia disponible de generación Hidráulica UGH horizonte horario,2026-07-01T00:00:00.000+02:00,2026-06-30T22:00:00Z,12.1,57
472,Potencia disponible de generación Hidráulica UGH horizonte horario,2026-07-01T00:00:00.000+02:00,2026-06-30T22:00:00Z,423.9,56
472,Potencia disponible de generación Hidráulica UGH horizonte horario,2026-07-01T00:00:00.000+02:00,2026-06-30T22:00:00Z,343.27540322581,50
472,Potencia disponible de generación Hidráulica UGH horizonte horario,2026-07-01T00:00:00.000+02:00,2026-06-30T22:00:00Z,3006.01760752688,48
472,Potencia disponible de generación Hidráulica UGH horizonte horario,2026-07-01T00:00:00.000+02:00,2026-06-30T22:00:00Z,590.63830645161,28
472,Potencia disponible de generación Hidráulica UGH horizonte horario,2026-07-01T00:00:00.000+02:00,2026-06-30T22:00:00Z,1655.93239247312,44
472,Potencia disponible de generación Hidráulica UGH horizonte horario,2026-07-01T00:00:00.000+02:00,2026-06-30T22:00:00Z,302.86586021505,30
472,Potencia disponible de generación Hidráulica UGH horizonte horario,2026-07-01T00:00:00.000+02:00,2026-06-30T22:00:00Z,22.1,32
472,Potencia disponible de generación Hidráulica UGH horizonte horario,2026-07-01T00:00:00.000+02:00,2026-06-30T22:00:00Z,33.3,34
472,Potencia disponible de generación Hidráulica UGH horizonte horario,2026-07-01T00:00:00.000+02:00,2026-06-30T22:00:00Z,514.5,35
472,Potencia disponible de generación Hidráulica UGH horizonte horario,2026-07-01T00:00:00.000+02:00,2026-06-30T22:00:00Z,0.6,33
472,Potencia disponible de generación Hidráulica UGH horizonte horario,2026-07-01T00:00:00.000+02:00,2026-06-30T22:00:00Z,1527.6064516129,39
472,Potencia disponible de generación Hidráulica UGH horizonte horario,2026-07-01T00:00:00.000+02:00,2026-06-30T22:00:00Z,3.3,40
472,Potencia disponible de generación Hidráulica UGH horizonte horario,2026-07-01T00:00:00.000+02:00,2026-06-30T22:00:00Z,13.3,41
472,Potencia disponible de generación Hidráulica UGH horizonte horario,2026-07-01T00:00:00.000+02:00,2026-06-30T22:00:00Z,820.82607526882,43
472,Potencia disponible de generación Hidráulica UGH horizonte horario,2026-07-01T00:00:00.000+02:00,2026-06-30T22:00:00Z,2131.11827956989,37
472,Potencia disponible de generación Hidráulica UGH horizonte horario,2026-08-01T00:00:00.000+02:00,2026-07-31T22:00:00Z,4.7,72
472,Potencia disponible de generación Hidráulica UGH horizonte horario,2026-08-01T00:00:00.000+02:00,2026-07-31T22:00:00Z,144.97768817204,52
472,Potencia disponible de generación Hidráulica UGH horizonte horario,2026-08-01T00:00:00.000+02:00,2026-07-31T22:00:00Z,423.9,56
472,Potencia disponible de generación Hidráulica UGH horizonte horario,2026-08-01T00:00:00.000+02:00,2026-07-31T22:00:00Z,12.1,57
472,Potencia disponible de generación Hidráulica UGH horizonte horario,2026-08-01T00:00:00.000+02:00,2026-07-31T22:00:00Z,2.0,59
472,Potencia disponible de generación Hidráulica UGH horizonte horario,2026-08-01T00:00:00.000+02:00,2026-07-31T22:00:00Z,295.75053763441,50
472,Potencia disponible de generación Hidráulica UGH horizonte horario,2026-08-01T00:00:00.000+02:00,2026-07-31T22:00:00Z,11.8,64
472,Potencia disponible de generación Hidráulica UGH horizonte horario,2026-08-01T00:00:00.000+02:00,2026-07-31T22:00:00Z,4.3,69
472,Potencia disponible de generación Hidráulica UGH horizonte horario,2026-08-01T00:00:00.000+02:00,2026-07-31T22:00:00Z,188.2,70
472,Potencia disponible de generación Hidráulica UGH horizonte horario,2026-08-01T00:00:00.000+02:00,2026-07-31T22:00:00Z,513.53575268817,71
472,Potencia disponible de generación Hidráulica UGH horizonte horario,2026-08-01T00:00:00.000+02:00,2026-07-31T22:00:00Z,336.81344086022,62
472,Potencia disponible de generación Hidráulica UGH horizonte horario,2026-08-01T00:00:00.000+02:00,2026-07-31T22:00:00Z,2922.05900537634,48
472,Potencia disponible de generación Hidráulica UGH horizonte horario,2026-08-01T00:00:00.000+02:00,2026-07-31T22:00:00Z,2103.83225806452,37
472,Potencia disponible de generación Hidráulica UGH horizonte horario,2026-08-01T00:00:00.000+02:00,2026-07-31T22:00:00Z,873.40470430108,43
472,Potencia disponible de generación Hidráulica UGH horizonte horario,2026-08-01T00:00:00.000+02:00,2026-07-31T22:00:00Z,13.3,41
472,Potencia disponible de generación Hidráulica UGH horizonte horario,2026-08-01T00:00:00.000+02:00,2026-07-31T22:00:00Z,3.3,40
472,Potencia disponible de generación Hidráulica UGH horizonte horario,2026-08-01T00:00:00.000+02:00,2026-07-31T22:00:00Z,1484.23803763441,39
472,Potencia disponible de generación Hidráulica UGH horizonte horario,2026-08-01T00:00:00.000+02:00,2026-07-31T22:00:00Z,511.44838709677,35
472,Potencia disponible de generación Hidráulica UGH horizonte horario,2026-08-01T00:00:00.000+02:00,2026-07-31T22:00:00Z,33.3,34
472,Potencia disponible de generación Hidráulica UGH horizonte horario,2026-08-01T00:00:00.000+02:00,2026-07-31T22:00:00Z,0.6,33
472,Potencia disponible de generación Hidráulica UGH horizonte horario,2026-08-01T00:00:00.000+02:00,2026-07-31T22:00:00Z,22.1,32
472,Potencia disponible de generación Hidráulica UGH horizonte horario,2026-08-01T00:00:00.000+02:00,2026-07-31T22:00:00Z,318.6502688172,30
472,Potencia disponible de generación Hidráulica UGH horizonte horario,2026-08-01T00:00:00.000+02:00,2026-07-31T22:00:00Z,591.76344086022,28
472,Potencia disponible de generación Hidráulica UGH horizonte horario,2026-08-01T00:00:00.000+02:00,2026-07-31T22:00:00Z,1537.97163978495,44
472,Potencia disponible de generación Hidráulica UGH horizonte horario,2026-09-01T00:00:00.000+02:00,2026-08-31T22:00:00Z,256.57671232877,50
472,Potencia disponible de generación Hidráulica UGH horizonte horario,2026-09-01T00:00:00.000+02:00,2026-08-31T22:00:00Z,101.07397260274,52
472,Potencia disponible de generación Hidráulica UGH horizonte horario,2026-09-01T00:00:00.000+02:00,2026-08-31T22:00:00Z,423.9,56
472,Potencia disponible de generación Hidráulica UGH horizonte horario,2026-09-01T00:00:00.000+02:00,2026-08-31T22:00:00Z,12.1,57
472,Potencia disponible de generación Hidráulica UGH horizonte horario,2026-09-01T00:00:00.000+02:00,2026-08-31T22:00:00Z,188.2,70
472,Potencia disponible de generación Hidráulica UGH horizonte horario,2026-09-01T00:00:00.000+02:00,2026-08-31T22:00:00Z,334.51506849315,62
472,Potencia disponible de generación Hidráulica UGH horizonte horario,2026-09-01T00:00:00.000+02:00,2026-08-31T22:00:00Z,11.8,64
472,Potencia disponible de generación Hidráulica UGH horizonte horario,2026-09-01T00:00:00.000+02:00,2026-08-31T22:00:00Z,4.3,69
472,Potencia disponible de generación Hidráulica UGH horizonte horario,2026-09-01T00:00:00.000+02:00,2026-08-31T22:00:00Z,2860.4,48
472,Potencia disponible de generación Hidráulica UGH horizonte horario,2026-09-01T00:00:00.000+02:00,2026-08-31T22:00:00Z,2.0,59
472,Potencia disponible de generación Hidráulica UGH horizonte horario,2026-09-01T00:00:00.000+02:00,2026-08-31T22:00:00Z,1723.2,44
472,Potencia disponible de generación Hidráulica UGH horizonte horario,2026-09-01T00:00:00.000+02:00,2026-08-31T22:00:00Z,2044.8,37
472,Potencia disponible de generación Hidráulica UGH horizonte horario,2026-09-01T00:00:00.000+02:00,2026-08-31T22:00:00Z,13.3,41
472,Potencia disponible de generación Hidráulica UGH horizonte horario,2026-09-01T00:00:00.000+02:00,2026-08-31T22:00:00Z,3.3,40
472,Potencia disponible de generación Hidráulica UGH horizonte horario,2026-09-01T00:00:00.000+02:00,2026-08-31T22:00:00Z,1404.1,39
472,Potencia disponible de generación Hidráulica UGH horizonte horario,2026-09-01T00:00:00.000+02:00,2026-08-31T22:00:00Z,514.5,35
472,Potencia disponible de generación Hidráulica UGH horizonte horario,2026-09-01T00:00:00.000+02:00,2026-08-31T22:00:00Z,33.3,34
472,Potencia disponible de generación Hidráulica UGH horizonte horario,2026-09-01T00:00:00.000+02:00,2026-08-31T22:00:00Z,0.6,33
472,Potencia disponible de generación Hidráulica UGH horizonte horario,2026-09-01T00:00:00.000+02:00,2026-08-31T22:00:00Z,22.1,32
472,Potencia disponible de generación Hidráulica UGH horizonte horario,2026-09-01T00:00:00.000+02:00,2026-08-31T22:00:00Z,306.45479452055,30
472,Potencia disponible de generación Hidráulica UGH horizonte horario,2026-09-01T00:00:00.000+02:00,2026-08-31T22:00:00Z,592.0,28
472,Potencia disponible de generación Hidráulica UGH horizonte horario,2026-09-01T00:00:00.000+02:00,2026-08-31T22:00:00Z,539.4,71
472,Potencia disponible de generación Hidráulica UGH horizonte horario,2026-09-01T00:00:00.000+02:00,2026-08-31T22:00:00Z,878.3,43
472,Potencia disponible de generación Hidráulica UGH horizonte horario,2026-09-01T00:00:00.000+02:00,2026-08-31T22:00:00Z,4.7,72
473,Potencia disponible de generación Turbinación bombeo horizonte horario,2025-07-01T00:00:00.000+02:00,2025-06-30T22:00:00Z,137.8,27
473,Potencia disponible de generación Turbinación bombeo horizonte horario,2025-07-01T00:00:00.000+02:00,2025-06-30T22:00:00Z,291.16875,28
473,Potencia disponible de generación Turbinación bombeo horizonte horario,2025-07-01T00:00:00.000+02:00,2025-06-30T22:00:00Z,952.65,35
473,Potencia disponible de generación Turbinación bombeo horizonte horario,2025-07-01T00:00:00.000+02:00,2025-06-30T22:00:00Z,194.31666666667,40
473,Potencia disponible de generación Turbinación bombeo horizonte horario,2025-07-01T00:00:00.000+02:00,2025-06-30T22:00:00Z,329.4,41
473,Potencia disponible de generación Turbinación bombeo horizonte horario,2025-07-01T00:00:00.000+02:00,2025-06-30T22:00:00Z,192.7,56
473,Potencia disponible de generación Turbinación bombeo horizonte horario,2025-07-01T00:00:00.000+02:00,2025-06-30T22:00:00Z,215.0,60
473,Potencia disponible de generación Turbinación bombeo horizonte horario,2025-08-01T00:00:00.000+02:00,2025-07-31T22:00:00Z,168.11827956989,60
473,Potencia disponible de generación Turbinación bombeo horizonte horario,2025-08-01T00:00:00.000+02:00,2025-07-31T22:00:00Z,207.04838709677,56
473,Potencia disponible de generación Turbinación bombeo horizonte horario,2025-08-01T00:00:00.000+02:00,2025-07-31T22:00:00Z,281.77983870968,40
473,Potencia disponible de generación Turbinación bombeo horizonte horario,2025-08-01T00:00:00.000+02:00,2025-07-31T22:00:00Z,317.88870967742,41
473,Potencia disponible de generación Turbinación bombeo horizonte horario,2025-08-01T00:00:00.000+02:00,2025-07-31T22:00:00Z,305.47876344086,28
473,Potencia disponible de generación Turbinación bombeo horizonte horario,2025-08-01T00:00:00.000+02:00,2025-07-31T22:00:00Z,135.85524193548,27
473,Potencia disponible de generación Turbinación bombeo horizonte horario,2025-08-01T00:00:00.000+02:00,2025-07-31T22:00:00Z,1136.24731182796,35
473,Potencia disponible de generación Turbinación bombeo horizonte horario,2025-09-01T00:00:00.000+02:00,2025-08-31T22:00:00Z,137.8,27
473,Potencia disponible de generación Turbinación bombeo horizonte horario,2025-09-01T00:00:00.000+02:00,2025-08-31T22:00:00Z,127.88569444444,28
473,Potencia disponible de generación Turbinación bombeo horizonte horario,2025-09-01T00:00:00.000+02:00,2025-08-31T22:00:00Z,1044.09680555556,35
473,Potencia disponible de generación Turbinación bombeo horizonte horario,2025-09-01T00:00:00.000+02:00,2025-08-31T22:00:00Z,332.13569444444,40
473,Potencia disponible de generación Turbinación bombeo horizonte horario,2025-09-01T00:00:00.000+02:00,2025-08-31T22:00:00Z,326.96,41
473,Potencia disponible de generación Turbinación bombeo horizonte horario,2025-09-01T00:00:00.000+02:00,2025-08-31T22:00:00Z,280.06666666667,56
473,Potencia disponible de generación Turbinación bombeo horizonte horario,2025-09-01T00:00:00.000+02:00,2025-08-31T22:00:00Z,161.3375,60
473,Potencia disponible de generación Turbinación bombeo horizonte horario,2025-10-01T00:00:00.000+02:00,2025-09-30T22:00:00Z,279.49395973154,56
473,Potencia disponible de generación Turbinación bombeo horizonte horario,2025-10-01T00:00:00.000+02:00,2025-09-30T22:00:00Z,161.5,60
473,Potencia disponible de generación Turbinación bombeo horizonte horario,2025-10-01T00:00:00.000+02:00,2025-09-30T22:00:00Z,357.37986577181,40
473,Potencia disponible de generación Turbinación bombeo horizonte horario,2025-10-01T00:00:00.000+02:00,2025-09-30T22:00:00Z,338.83248322148,41
473,Potencia disponible de generación Turbinación bombeo horizonte horario,2025-10-01T00:00:00.000+02:00,2025-09-30T22:00:00Z,261.70912751678,28
473,Potencia disponible de generación Turbinación bombeo horizonte horario,2025-10-01T00:00:00.000+02:00,2025-09-30T22:00:00Z,137.8,27
473,Potencia disponible de generación Turbinación bombeo horizonte horario,2025-10-01T00:00:00.000+02:00,2025-09-30T22:00:00Z,1291.70174496644,35
473,Potencia disponible de generación Turbinación bombeo horizonte horario,2025-11-01T00:00:00.000+01:00,2025-10-31T23:00:00Z,92.44083333333,27
473,Potencia disponible de generación Turbinación bombeo horizonte horario,2025-11-01T00:00:00.000+01:00,2025-10-31T23:00:00Z,273.04388888889,28
473,Potencia disponible de generación Turbinación bombeo horizonte horario,2025-11-01T00:00:00.000+01:00,2025-10-31T23:00:00Z,1290.765,35
473,Potencia disponible de generación Turbinación bombeo horizonte horario,2025-11-01T00:00:00.000+01:00,2025-10-31T23:00:00Z,355.275,40
473,Potencia disponible de generación Turbinación bombeo horizonte horario,2025-11-01T00:00:00.000+01:00,2025-10-31T23:00:00Z,297.5275,41
473,Potencia disponible de generación Turbinación bombeo horizonte horario,2025-11-01T00:00:00.000+01:00,2025-10-31T23:00:00Z,244.87180555556,56
473,Potencia disponible de generación Turbinación bombeo horizonte horario,2025-11-01T00:00:00.000+01:00,2025-10-31T23:00:00Z,160.90555555556,60
473,Potencia disponible de generación Turbinación bombeo horizonte horario,2025-12-01T00:00:00.000+01:00,2025-11-30T23:00:00Z,337.90551075269,40
473,Potencia disponible de generación Turbinación bombeo horizonte horario,2025-12-01T00:00:00.000+01:00,2025-11-30T23:00:00Z,186.1686827957,60
473,Potencia disponible de generación Turbinación bombeo horizonte horario,2025-12-01T00:00:00.000+01:00,2025-11-30T23:00:00Z,238.9997311828,56
473,Potencia disponible de generación Turbinación bombeo horizonte horario,2025-12-01T00:00:00.000+01:00,2025-11-30T23:00:00Z,269.18709677419,41
473,Potencia disponible de generación Turbinación bombeo horizonte horario,2025-12-01T00:00:00.000+01:00,2025-11-30T23:00:00Z,301.59811827957,28
473,Potencia disponible de generación Turbinación bombeo horizonte horario,2025-12-01T00:00:00.000+01:00,2025-11-30T23:00:00Z,134.00309139785,27
473,Potencia disponible de generación Turbinación bombeo horizonte horario,2025-12-01T00:00:00.000+01:00,2025-11-30T23:00:00Z,1269.79637096774,35
473,Potencia disponible de generación Turbinación bombeo horizonte horario,2026-01-01T00:00:00.000+01:00,2025-12-31T23:00:00Z,265.42204301075,56
473,Potencia disponible de generación Turbinación bombeo horizonte horario,2026-01-01T00:00:00.000+01:00,2025-12-31T23:00:00Z,137.8,27
473,Potencia disponible de generación Turbinación bombeo horizonte horario,2026-01-01T00:00:00.000+01:00,2025-12-31T23:00:00Z,303.5626344086,28
473,Potencia disponible de generación Turbinación bombeo horizonte horario,2026-01-01T00:00:00.000+01:00,2025-12-31T23:00:00Z,1253.05913978495,35
473,Potencia disponible de generación Turbinación bombeo horizonte horario,2026-01-01T00:00:00.000+01:00,2025-12-31T23:00:00Z,324.95497311828,40
473,Potencia disponible de generación Turbinación bombeo horizonte horario,2026-01-01T00:00:00.000+01:00,2025-12-31T23:00:00Z,292.06209677419,41
473,Potencia disponible de generación Turbinación bombeo horizonte horario,2026-01-01T00:00:00.000+01:00,2025-12-31T23:00:00Z,189.36760752688,60
473,Potencia disponible de generación Turbinación bombeo horizonte horario,2026-02-01T00:00:00.000+01:00,2026-01-31T23:00:00Z,257.5244047619,56
473,Potencia disponible de generación Turbinación bombeo horizonte horario,2026-02-01T00:00:00.000+01:00,2026-01-31T23:00:00Z,215.0,60
473,Potencia disponible de generación Turbinación bombeo horizonte horario,2026-02-01T00:00:00.000+01:00,2026-01-31T23:00:00Z,363.54910714286,41
473,Potencia disponible de generación Turbinación bombeo horizonte horario,2026-02-01T00:00:00.000+01:00,2026-01-31T23:00:00Z,327.30803571429,40
473,Potencia disponible de generación Turbinación bombeo horizonte horario,2026-02-01T00:00:00.000+01:00,2026-01-31T23:00:00Z,1156.04270833333,35
473,Potencia disponible de generación Turbinación bombeo horizonte horario,2026-02-01T00:00:00.000+01:00,2026-01-31T23:00:00Z,188.79211309524,28
473,Potencia disponible de generación Turbinación bombeo horizonte horario,2026-02-01T00:00:00.000+01:00,2026-01-31T23:00:00Z,140.77336309524,27
473,Potencia disponible de generación Turbinación bombeo horizonte horario,2026-03-01T00:00:00.000+01:00,2026-02-28T23:00:00Z,148.64966352624,27
473,Potencia disponible de generación Turbinación bombeo horizonte horario,2026-03-01T00:00:00.000+01:00,2026-02-28T23:00:00Z,189.31453566622,28
473,Potencia disponible de generación Turbinación bombeo horizonte horario,2026-03-01T00:00:00.000+01:00,2026-02-28T23:00:00Z,1207.54172274563,35
473,Potencia disponible de generación Turbinación bombeo horizonte horario,2026-03-01T00:00:00.000+01:00,2026-02-28T23:00:00Z,295.2336473755,40
473,Potencia disponible de generación Turbinación bombeo horizonte horario,2026-03-01T00:00:00.000+01:00,2026-02-28T23:00:00Z,324.37550471063,41
473,Potencia disponible de generación Turbinación bombeo horizonte horario,2026-03-01T00:00:00.000+01:00,2026-02-28T23:00:00Z,210.7535666218,56
473,Potencia disponible de generación Turbinación bombeo horizonte horario,2026-03-01T00:00:00.000+01:00,2026-02-28T23:00:00Z,215.0,60
473,Potencia disponible de generación Turbinación bombeo horizonte horario,2026-04-01T00:00:00.000+02:00,2026-03-31T22:00:00Z,199.10694444444,60
473,Potencia disponible de generación Turbinación bombeo horizonte horario,2026-04-01T00:00:00.000+02:00,2026-03-31T22:00:00Z,267.61180555556,56
473,Potencia disponible de generación Turbinación bombeo horizonte horario,2026-04-01T00:00:00.000+02:00,2026-03-31T22:00:00Z,437.8275,41
473,Potencia disponible de generación Turbinación bombeo horizonte horario,2026-04-01T00:00:00.000+02:00,2026-03-31T22:00:00Z,360.4,40
473,Potencia disponible de generación Turbinación bombeo horizonte horario,2026-04-01T00:00:00.000+02:00,2026-03-31T22:00:00Z,1195.75805555556,35
473,Potencia disponible de generación Turbinación bombeo horizonte horario,2026-04-01T00:00:00.000+02:00,2026-03-31T22:00:00Z,202.05430555556,28
473,Potencia disponible de generación Turbinación bombeo horizonte horario,2026-04-01T00:00:00.000+02:00,2026-03-31T22:00:00Z,166.12555555556,27
473,Potencia disponible de generación Turbinación bombeo horizonte horario,2026-05-01T00:00:00.000+02:00,2026-04-30T22:00:00Z,108.25819892473,27
473,Potencia disponible de generación Turbinación bombeo horizonte horario,2026-05-01T00:00:00.000+02:00,2026-04-30T22:00:00Z,165.87137096774,28
473,Potencia disponible de generación Turbinación bombeo horizonte horario,2026-05-01T00:00:00.000+02:00,2026-04-30T22:00:00Z,1254.25362903226,35
473,Potencia disponible de generación Turbinación bombeo horizonte horario,2026-05-01T00:00:00.000+02:00,2026-04-30T22:00:00Z,332.5377688172,40
473,Potencia disponible de generación Turbinación bombeo horizonte horario,2026-05-01T00:00:00.000+02:00,2026-04-30T22:00:00Z,393.00725806452,41
473,Potencia disponible de generación Turbinación bombeo horizonte horario,2026-05-01T00:00:00.000+02:00,2026-04-30T22:00:00Z,267.93655913978,56
473,Potencia disponible de generación Turbinación bombeo horizonte horario,2026-05-01T00:00:00.000+02:00,2026-04-30T22:00:00Z,151.15188172043,60
473,Potencia disponible de generación Turbinación bombeo horizonte horario,2026-06-01T00:00:00.000+02:00,2026-05-31T22:00:00Z,158.44166666667,60
473,Potencia disponible de generación Turbinación bombeo horizonte horario,2026-06-01T00:00:00.000+02:00,2026-05-31T22:00:00Z,237.72902777778,56
473,Potencia disponible de generación Turbinación bombeo horizonte horario,2026-06-01T00:00:00.000+02:00,2026-05-31T22:00:00Z,415.105,41
473,Potencia disponible de generación Turbinación bombeo horizonte horario,2026-06-01T00:00:00.000+02:00,2026-05-31T22:00:00Z,217.30097222222,28
473,Potencia disponible de generación Turbinación bombeo horizonte horario,2026-06-01T00:00:00.000+02:00,2026-05-31T22:00:00Z,1209.51694444444,35
473,Potencia disponible de generación Turbinación bombeo horizonte horario,2026-06-01T00:00:00.000+02:00,2026-05-31T22:00:00Z,114.83333333333,27
473,Potencia disponible de generación Turbinación bombeo horizonte horario,2026-06-01T00:00:00.000+02:00,2026-05-31T22:00:00Z,359.15277777778,40
473,Potencia disponible de generación Turbinación bombeo horizonte horario,2026-07-01T00:00:00.000+02:00,2026-06-30T22:00:00Z,77.22836021505,27
473,Potencia disponible de generación Turbinación bombeo horizonte horario,2026-07-01T00:00:00.000+02:00,2026-06-30T22:00:00Z,264.22715053763,28
473,Potencia disponible de generación Turbinación bombeo horizonte horario,2026-07-01T00:00:00.000+02:00,2026-06-30T22:00:00Z,1056.12782258065,35
473,Potencia disponible de generación Turbinación bombeo horizonte horario,2026-07-01T00:00:00.000+02:00,2026-06-30T22:00:00Z,358.90309139785,40
473,Potencia disponible de generación Turbinación bombeo horizonte horario,2026-07-01T00:00:00.000+02:00,2026-06-30T22:00:00Z,380.16774193548,41
473,Potencia disponible de generación Turbinación bombeo horizonte horario,2026-07-01T00:00:00.000+02:00,2026-06-30T22:00:00Z,282.00591397849,56
473,Potencia disponible de generación Turbinación bombeo horizonte horario,2026-07-01T00:00:00.000+02:00,2026-06-30T22:00:00Z,160.35887096774,60
473,Potencia disponible de generación Turbinación bombeo horizonte horario,2026-08-01T00:00:00.000+02:00,2026-07-31T22:00:00Z,159.78091397849,60
473,Potencia disponible de generación Turbinación bombeo horizonte horario,2026-08-01T00:00:00.000+02:00,2026-07-31T22:00:00Z,258.95483870968,56
473,Potencia disponible de generación Turbinación bombeo horizonte horario,2026-08-01T00:00:00.000+02:00,2026-07-31T22:00:00Z,302.98306451613,41
473,Potencia disponible de generación Turbinación bombeo horizonte horario,2026-08-01T00:00:00.000+02:00,2026-07-31T22:00:00Z,221.91196236559,28
473,Potencia disponible de generación Turbinación bombeo horizonte horario,2026-08-01T00:00:00.000+02:00,2026-07-31T22:00:00Z,915.28803763441,35
473,Potencia disponible de generación Turbinación bombeo horizonte horario,2026-08-01T00:00:00.000+02:00,2026-07-31T22:00:00Z,106.96169354839,27
473,Potencia disponible de generación Turbinación bombeo horizonte horario,2026-08-01T00:00:00.000+02:00,2026-07-31T22:00:00Z,357.4814516129,40
473,Potencia disponible de generación Turbinación bombeo horizonte horario,2026-09-01T00:00:00.000+02:00,2026-08-31T22:00:00Z,282.2,56
473,Potencia disponible de generación Turbinación bombeo horizonte horario,2026-09-01T00:00:00.000+02:00,2026-08-31T22:00:00Z,92.49589041096,27
473,Potencia disponible de generación Turbinación bombeo horizonte horario,2026-09-01T00:00:00.000+02:00,2026-08-31T22:00:00Z,59.9,28
473,Potencia disponible de generación Turbinación bombeo horizonte horario,2026-09-01T00:00:00.000+02:00,2026-08-31T22:00:00Z,572.9,35
473,Potencia disponible de generación Turbinación bombeo horizonte horario,2026-09-01T00:00:00.000+02:00,2026-08-31T22:00:00Z,269.9,40
473,Potencia disponible de generación Turbinación bombeo horizonte horario,2026-09-01T00:00:00.000+02:00,2026-08-31T22:00:00Z,382.04383561644,41
473,Potencia disponible de generación Turbinación bombeo horizonte horario,2026-09-01T00:00:00.000+02:00,2026-08-31T22:00:00Z,160.5,60
474,Potencia disponible de generación Nuclear horizonte horario,2025-07-01T00:00:00.000+02:00,2025-06-30T22:00:00Z,1046.10625,35
474,Potencia disponible de generación Nuclear horizonte horario,2025-07-01T00:00:00.000+02:00,2025-06-30T22:00:00Z,2017.1,37
474,Potencia disponible de generación Nuclear horizonte horario,2025-07-01T00:00:00.000+02:00,2025-06-30T22:00:00Z,2963.91666666667,42
474,Potencia disponible de generación Nuclear horizonte horario,2025-07-01T00:00:00.000+02:00,2025-06-30T22:00:00Z,1003.4,60
474,Potencia disponible de generación Nuclear horizonte horario,2025-08-01T00:00:00.000+02:00,2025-07-31T22:00:00Z,981.86693548387,35
474,Potencia disponible de generación Nuclear horizonte horario,2025-08-01T00:00:00.000+02:00,2025-07-31T22:00:00Z,2016.93870967742,37
474,Potencia disponible de generación Nuclear horizonte horario,2025-08-01T00:00:00.000+02:00,2025-07-31T22:00:00Z,2952.45295698925,42
474,Potencia disponible de generación Nuclear horizonte horario,2025-08-01T00:00:00.000+02:00,2025-07-31T22:00:00Z,1003.4,60
474,Potencia disponible de generación Nuclear horizonte horario,2025-09-01T00:00:00.000+02:00,2025-08-31T22:00:00Z,981.73513888889,35
474,Potencia disponible de generación Nuclear horizonte horario,2025-09-01T00:00:00.000+02:00,2025-08-31T22:00:00Z,1860.23125,37
474,Potencia disponible de generación Nuclear horizonte horario,2025-09-01T00:00:00.000+02:00,2025-08-31T22:00:00Z,2971.53333333333,42
474,Potencia disponible de generación Nuclear horizonte horario,2025-09-01T00:00:00.000+02:00,2025-08-31T22:00:00Z,1003.4,60
474,Potencia disponible de generación Nuclear horizonte horario,2025-10-01T00:00:00.000+02:00,2025-09-30T22:00:00Z,1002.03946308725,60
474,Potencia disponible de generación Nuclear horizonte horario,2025-10-01T00:00:00.000+02:00,2025-09-30T22:00:00Z,2757.61476510067,42
474,Potencia disponible de generación Nuclear horizonte horario,2025-10-01T00:00:00.000+02:00,2025-09-30T22:00:00Z,1054.81704697987,35
474,Potencia disponible de generación Nuclear horizonte horario,2025-10-01T00:00:00.000+02:00,2025-09-30T22:00:00Z,1173.30805369128,37
474,Potencia disponible de generación Nuclear horizonte horario,2025-11-01T00:00:00.000+01:00,2025-10-31T23:00:00Z,1053.74847222222,35
474,Potencia disponible de generación Nuclear horizonte horario,2025-11-01T00:00:00.000+01:00,2025-10-31T23:00:00Z,1563.32416666667,37
474,Potencia disponible de generación Nuclear horizonte horario,2025-11-01T00:00:00.000+01:00,2025-10-31T23:00:00Z,1974.25,42
474,Potencia disponible de generación Nuclear horizonte horario,2025-11-01T00:00:00.000+01:00,2025-10-31T23:00:00Z,1003.4,60
474,Potencia disponible de generación Nuclear horizonte horario,2025-12-01T00:00:00.000+01:00,2025-11-30T23:00:00Z,1063.9,35
474,Potencia disponible de generación Nuclear horizonte horario,2025-12-01T00:00:00.000+01:00,2025-11-30T23:00:00Z,2017.1,37
474,Potencia disponible de generación Nuclear horizonte horario,2025-12-01T00:00:00.000+01:00,2025-11-30T23:00:00Z,2428.0752688172,42
474,Potencia disponible de generación Nuclear horizonte horario,2025-12-01T00:00:00.000+01:00,2025-11-30T23:00:00Z,1002.58440860215,60
474,Potencia disponible de generación Nuclear horizonte horario,2026-01-01T00:00:00.000+01:00,2025-12-31T23:00:00Z,1017.80107526882,35
474,Potencia disponible de generación Nuclear horizonte horario,2026-01-01T00:00:00.000+01:00,2025-12-31T23:00:00Z,2016.93870967742,37
474,Potencia disponible de generación Nuclear horizonte horario,2026-01-01T00:00:00.000+01:00,2025-12-31T23:00:00Z,3032.8,42
474,Potencia disponible de generación Nuclear horizonte horario,2026-01-01T00:00:00.000+01:00,2025-12-31T23:00:00Z,1003.4,60
474,Potencia disponible de generación Nuclear horizonte horario,2026-02-01T00:00:00.000+01:00,2026-01-31T23:00:00Z,1003.4,60
474,Potencia disponible de generación Nuclear horizonte horario,2026-02-01T00:00:00.000+01:00,2026-01-31T23:00:00Z,3032.8,42
474,Potencia disponible de generación Nuclear horizonte horario,2026-02-01T00:00:00.000+01:00,2026-01-31T23:00:00Z,2017.1,37
474,Potencia disponible de generación Nuclear horizonte horario,2026-02-01T00:00:00.000+01:00,2026-01-31T23:00:00Z,1046.44836309524,35
474,Potencia disponible de generación Nuclear horizonte horario,2026-03-01T00:00:00.000+01:00,2026-02-28T23:00:00Z,1063.9,35
474,Potencia disponible de generación Nuclear horizonte horario,2026-03-01T00:00:00.000+01:00,2026-02-28T23:00:00Z,1409.48559892328,37
474,Potencia disponible de generación Nuclear horizonte horario,2026-03-01T00:00:00.000+01:00,2026-02-28T23:00:00Z,2853.81641991925,42
474,Potencia disponible de generación Nuclear horizonte horario,2026-03-01T00:00:00.000+01:00,2026-02-28T23:00:00Z,1003.4,60
474,Potencia disponible de generación Nuclear horizonte horario,2026-04-01T00:00:00.000+02:00,2026-03-31T22:00:00Z,1043.80375,35
474,Potencia disponible de generación Nuclear horizonte horario,2026-04-01T00:00:00.000+02:00,2026-03-31T22:00:00Z,1005.8,37
474,Potencia disponible de generación Nuclear horizonte horario,2026-04-01T00:00:00.000+02:00,2026-03-31T22:00:00Z,3032.8,42
474,Potencia disponible de generación Nuclear horizonte horario,2026-04-01T00:00:00.000+02:00,2026-03-31T22:00:00Z,1000.0525,60
474,Potencia disponible de generación Nuclear horizonte horario,2026-05-01T00:00:00.000+02:00,2026-04-30T22:00:00Z,1063.9,35
474,Potencia disponible de generación Nuclear horizonte horario,2026-05-01T00:00:00.000+02:00,2026-04-30T22:00:00Z,1398.4502688172,37
474,Potencia disponible de generación Nuclear horizonte horario,2026-05-01T00:00:00.000+02:00,2026-04-30T22:00:00Z,2286.3064516129,42
474,Potencia disponible de generación Nuclear horizonte horario,2026-05-01T00:00:00.000+02:00,2026-04-30T22:00:00Z,1003.4,60
474,Potencia disponible de generación Nuclear horizonte horario,2026-06-01T00:00:00.000+02:00,2026-05-31T22:00:00Z,1003.4,60
474,Potencia disponible de generación Nuclear horizonte horario,2026-06-01T00:00:00.000+02:00,2026-05-31T22:00:00Z,2539.90513888889,42
474,Potencia disponible de generación Nuclear horizonte horario,2026-06-01T00:00:00.000+02:00,2026-05-31T22:00:00Z,1730.39833333333,37
474,Potencia disponible de generación Nuclear horizonte horario,2026-06-01T00:00:00.000+02:00,2026-05-31T22:00:00Z,1063.9,35
474,Potencia disponible de generación Nuclear horizonte horario,2026-07-01T00:00:00.000+02:00,2026-06-30T22:00:00Z,1063.86008064516,35
474,Potencia disponible de generación Nuclear horizonte horario,2026-07-01T00:00:00.000+02:00,2026-06-30T22:00:00Z,2017.1,37
474,Potencia disponible de generación Nuclear horizonte horario,2026-07-01T00:00:00.000+02:00,2026-06-30T22:00:00Z,2935.37930107527,42
474,Potencia disponible de generación Nuclear horizonte horario,2026-07-01T00:00:00.000+02:00,2026-06-30T22:00:00Z,1002.25295698925,60
474,Potencia disponible de generación Nuclear horizonte horario,2026-08-01T00:00:00.000+02:00,2026-07-31T22:00:00Z,1057.72298387097,35
474,Potencia disponible de generación Nuclear horizonte horario,2026-08-01T00:00:00.000+02:00,2026-07-31T22:00:00Z,1501.93508064516,37
474,Potencia disponible de generación Nuclear horizonte horario,2026-08-01T00:00:00.000+02:00,2026-07-31T22:00:00Z,2949.58064516129,42
474,Potencia disponible de generación Nuclear horizonte horario,2026-08-01T00:00:00.000+02:00,2026-07-31T22:00:00Z,1003.4,60
474,Potencia disponible de generación Nuclear horizonte horario,2026-09-01T00:00:00.000+02:00,2026-08-31T22:00:00Z,1063.9,35
474,Potencia disponible de generación Nuclear horizonte horario,2026-09-01T00:00:00.000+02:00,2026-08-31T22:00:00Z,2017.1,37
474,Potencia disponible de generación Nuclear horizonte horario,2026-09-01T00:00:00.000+02:00,2026-08-31T22:00:00Z,3006.4,42
474,Potencia disponible de generación Nuclear horizonte horario,2026-09-01T00:00:00.000+02:00,2026-08-31T22:00:00Z,1003.4,60
475,Potencia disponible de generación Hulla antracita horizonte horario,2025-07-01T00:00:00.000+02:00,2025-06-30T22:00:00Z,346.2,71
475,Potencia disponible de generación Hulla antracita horizonte horario,2025-08-01T00:00:00.000+02:00,2025-07-31T22:00:00Z,346.2,71
475,Potencia disponible de generación Hulla antracita horizonte horario,2025-09-01T00:00:00.000+02:00,2025-08-31T22:00:00Z,346.2,71
475,Potencia disponible de generación Hulla antracita horizonte horario,2025-10-01T00:00:00.000+02:00,2025-09-30T22:00:00Z,346.2,71
475,Potencia disponible de generación Hulla antracita horizonte horario,2025-11-01T00:00:00.000+01:00,2025-10-31T23:00:00Z,346.2,71
475,Potencia disponible de generación Hulla antracita horizonte horario,2025-12-01T00:00:00.000+01:00,2025-11-30T23:00:00Z,345.43064516129,71
475,Potencia disponible de generación Hulla antracita horizonte horario,2026-01-01T00:00:00.000+01:00,2025-12-31T23:00:00Z,346.2,71
475,Potencia disponible de generación Hulla antracita horizonte horario,2026-02-01T00:00:00.000+01:00,2026-01-31T23:00:00Z,346.2,71
475,Potencia disponible de generación Hulla antracita horizonte horario,2026-03-01T00:00:00.000+01:00,2026-02-28T23:00:00Z,345.78788694482,71
475,Potencia disponible de generación Hulla antracita horizonte horario,2026-04-01T00:00:00.000+02:00,2026-03-31T22:00:00Z,345.905,71
475,Potencia disponible de generación Hulla antracita horizonte horario,2026-05-01T00:00:00.000+02:00,2026-04-30T22:00:00Z,344.80241935484,71
475,Potencia disponible de generación Hulla antracita horizonte horario,2026-06-01T00:00:00.000+02:00,2026-05-31T22:00:00Z,346.2,71
475,Potencia disponible de generación Hulla antracita horizonte horario,2026-07-01T00:00:00.000+02:00,2026-06-30T22:00:00Z,324.15241935484,71
475,Potencia disponible de generación Hulla antracita horizonte horario,2026-08-01T00:00:00.000+02:00,2026-07-31T22:00:00Z,346.2,71
475,Potencia disponible de generación Hulla antracita horizonte horario,2026-09-01T00:00:00.000+02:00,2026-08-31T22:00:00Z,303.08493150685,71
476,Potencia disponible de generación Hulla sub-bituminosa horizonte horario,2025-07-01T00:00:00.000+02:00,2025-06-30T22:00:00Z,350.0,23
476,Potencia disponible de generación Hulla sub-bituminosa horizonte horario,2025-08-01T00:00:00.000+02:00,2025-07-31T22:00:00Z,350.0,23
476,Potencia disponible de generación Hulla sub-bituminosa horizonte horario,2025-09-01T00:00:00.000+02:00,2025-08-31T22:00:00Z,350.0,23
476,Potencia disponible de generación Hulla sub-bituminosa horizonte horario,2025-10-01T00:00:00.000+02:00,2025-09-30T22:00:00Z,350.0,23
476,Potencia disponible de generación Hulla sub-bituminosa horizonte horario,2025-11-01T00:00:00.000+01:00,2025-10-31T23:00:00Z,350.0,23
476,Potencia disponible de generación Hulla sub-bituminosa horizonte horario,2025-12-01T00:00:00.000+01:00,2025-11-30T23:00:00Z,350.0,23
476,Potencia disponible de generación Hulla sub-bituminosa horizonte horario,2026-01-01T00:00:00.000+01:00,2025-12-31T23:00:00Z,570.0,23
476,Potencia disponible de generación Hulla sub-bituminosa horizonte horario,2026-02-01T00:00:00.000+01:00,2026-01-31T23:00:00Z,570.0,23
476,Potencia disponible de generación Hulla sub-bituminosa horizonte horario,2026-03-01T00:00:00.000+01:00,2026-02-28T23:00:00Z,570.0,23
477,Potencia disponible de generación Ciclo combinado horizonte horario,2025-07-01T00:00:00.000+02:00,2025-06-30T22:00:00Z,3977.8,23
477,Potencia disponible de generación Ciclo combinado horizonte horario,2025-07-01T00:00:00.000+02:00,2025-06-30T22:00:00Z,2271.08125,72
477,Potencia disponible de generación Ciclo combinado horizonte horario,2025-07-01T00:00:00.000+02:00,2025-06-30T22:00:00Z,764.9125,71
477,Potencia disponible de generación Ciclo combinado horizonte horario,2025-07-01T00:00:00.000+02:00,2025-06-30T22:00:00Z,1182.8,70
477,Potencia disponible de generación Ciclo combinado horizonte horario,2025-07-01T00:00:00.000+02:00,2025-06-30T22:00:00Z,784.6,68
477,Potencia disponible de generación Ciclo combinado horizonte horario,2025-07-01T00:00:00.000+02:00,2025-06-30T22:00:00Z,758.6,61
477,Potencia disponible de generación Ciclo combinado horizonte horario,2025-07-01T00:00:00.000+02:00,2025-06-30T22:00:00Z,415.5,56
477,Potencia disponible de generación Ciclo combinado horizonte horario,2025-07-01T00:00:00.000+02:00,2025-06-30T22:00:00Z,1246.9,50
477,Potencia disponible de generación Ciclo combinado horizonte horario,2025-07-01T00:00:00.000+02:00,2025-06-30T22:00:00Z,2124.9,67
477,Potencia disponible de generación Ciclo combinado horizonte horario,2025-07-01T00:00:00.000+02:00,2025-06-30T22:00:00Z,1051.54791666667,39
477,Potencia disponible de generación Ciclo combinado horizonte horario,2025-07-01T00:00:00.000+02:00,2025-06-30T22:00:00Z,790.6,38
477,Potencia disponible de generación Ciclo combinado horizonte horario,2025-07-01T00:00:00.000+02:00,2025-06-30T22:00:00Z,1232.1,35
477,Potencia disponible de generación Ciclo combinado horizonte horario,2025-07-01T00:00:00.000+02:00,2025-06-30T22:00:00Z,1327.75,34
477,Potencia disponible de generación Ciclo combinado horizonte horario,2025-07-01T00:00:00.000+02:00,2025-06-30T22:00:00Z,843.3,32
477,Potencia disponible de generación Ciclo combinado horizonte horario,2025-07-01T00:00:00.000+02:00,2025-06-30T22:00:00Z,1054.0125,26
477,Potencia disponible de generación Ciclo combinado horizonte horario,2025-07-01T00:00:00.000+02:00,2025-06-30T22:00:00Z,416.9,42
477,Potencia disponible de generación Ciclo combinado horizonte horario,2025-08-01T00:00:00.000+02:00,2025-07-31T22:00:00Z,415.5,56
477,Potencia disponible de generación Ciclo combinado horizonte horario,2025-08-01T00:00:00.000+02:00,2025-07-31T22:00:00Z,2145.91384408602,72
477,Potencia disponible de generación Ciclo combinado horizonte horario,2025-08-01T00:00:00.000+02:00,2025-07-31T22:00:00Z,840.35806451613,71
477,Potencia disponible de generación Ciclo combinado horizonte horario,2025-08-01T00:00:00.000+02:00,2025-07-31T22:00:00Z,1182.8,70
477,Potencia disponible de generación Ciclo combinado horizonte horario,2025-08-01T00:00:00.000+02:00,2025-07-31T22:00:00Z,784.6,68
477,Potencia disponible de generación Ciclo combinado horizonte horario,2025-08-01T00:00:00.000+02:00,2025-07-31T22:00:00Z,674.46451612903,61
477,Potencia disponible de generación Ciclo combinado horizonte horario,2025-08-01T00:00:00.000+02:00,2025-07-31T22:00:00Z,1243.21841397849,50
477,Potencia disponible de generación Ciclo combinado horizonte horario,2025-08-01T00:00:00.000+02:00,2025-07-31T22:00:00Z,2336.71196236559,67
477,Potencia disponible de generación Ciclo combinado horizonte horario,2025-08-01T00:00:00.000+02:00,2025-07-31T22:00:00Z,1076.4564516129,39
477,Potencia disponible de generación Ciclo combinado horizonte horario,2025-08-01T00:00:00.000+02:00,2025-07-31T22:00:00Z,790.6,38
477,Potencia disponible de generación Ciclo combinado horizonte horario,2025-08-01T00:00:00.000+02:00,2025-07-31T22:00:00Z,1212.25161290323,35
477,Potencia disponible de generación Ciclo combinado horizonte horario,2025-08-01T00:00:00.000+02:00,2025-07-31T22:00:00Z,1451.02069892473,34
477,Potencia disponible de generación Ciclo combinado horizonte horario,2025-08-01T00:00:00.000+02:00,2025-07-31T22:00:00Z,1155.87889784946,32
477,Potencia disponible de generación Ciclo combinado horizonte horario,2025-08-01T00:00:00.000+02:00,2025-07-31T22:00:00Z,1162.61612903226,26
477,Potencia disponible de generación Ciclo combinado horizonte horario,2025-08-01T00:00:00.000+02:00,2025-07-31T22:00:00Z,3698.68266129032,23
477,Potencia disponible de generación Ciclo combinado horizonte horario,2025-08-01T00:00:00.000+02:00,2025-07-31T22:00:00Z,416.9,42
477,Potencia disponible de generación Ciclo combinado horizonte horario,2025-09-01T00:00:00.000+02:00,2025-08-31T22:00:00Z,2018.61305555556,72
477,Potencia disponible de generación Ciclo combinado horizonte horario,2025-09-01T00:00:00.000+02:00,2025-08-31T22:00:00Z,642.80166666667,71
477,Potencia disponible de generación Ciclo combinado horizonte horario,2025-09-01T00:00:00.000+02:00,2025-08-31T22:00:00Z,1050.91833333333,70
477,Potencia disponible de generación Ciclo combinado horizonte horario,2025-09-01T00:00:00.000+02:00,2025-08-31T22:00:00Z,784.05194444444,68
477,Potencia disponible de generación Ciclo combinado horizonte horario,2025-09-01T00:00:00.000+02:00,2025-08-31T22:00:00Z,1581.97263888889,67
477,Potencia disponible de generación Ciclo combinado horizonte horario,2025-09-01T00:00:00.000+02:00,2025-08-31T22:00:00Z,428.74583333333,61
477,Potencia disponible de generación Ciclo combinado horizonte horario,2025-09-01T00:00:00.000+02:00,2025-08-31T22:00:00Z,415.5,56
477,Potencia disponible de generación Ciclo combinado horizonte horario,2025-09-01T00:00:00.000+02:00,2025-08-31T22:00:00Z,1215.16888888889,50
477,Potencia disponible de generación Ciclo combinado horizonte horario,2025-09-01T00:00:00.000+02:00,2025-08-31T22:00:00Z,416.9,42
477,Potencia disponible de generación Ciclo combinado horizonte horario,2025-09-01T00:00:00.000+02:00,2025-08-31T22:00:00Z,790.6,38
477,Potencia disponible de generación Ciclo combinado horizonte horario,2025-09-01T00:00:00.000+02:00,2025-08-31T22:00:00Z,1231.62819444444,35
477,Potencia disponible de generación Ciclo combinado horizonte horario,2025-09-01T00:00:00.000+02:00,2025-08-31T22:00:00Z,1612.96263888889,34
477,Potencia disponible de generación Ciclo combinado horizonte horario,2025-09-01T00:00:00.000+02:00,2025-08-31T22:00:00Z,1182.28930555556,32
477,Potencia disponible de generación Ciclo combinado horizonte horario,2025-09-01T00:00:00.000+02:00,2025-08-31T22:00:00Z,1161.52958333333,26
477,Potencia disponible de generación Ciclo combinado horizonte horario,2025-09-01T00:00:00.000+02:00,2025-08-31T22:00:00Z,3386.8575,23
477,Potencia disponible de generación Ciclo combinado horizonte horario,2025-09-01T00:00:00.000+02:00,2025-08-31T22:00:00Z,1043.03375,39
477,Potencia disponible de generación Ciclo combinado horizonte horario,2025-10-01T00:00:00.000+02:00,2025-09-30T22:00:00Z,415.5,56
477,Potencia disponible de generación Ciclo combinado horizonte horario,2025-10-01T00:00:00.000+02:00,2025-09-30T22:00:00Z,2022.50993288591,72
477,Potencia disponible de generación Ciclo combinado horizonte horario,2025-10-01T00:00:00.000+02:00,2025-09-30T22:00:00Z,854.1,71
477,Potencia disponible de generación Ciclo combinado horizonte horario,2025-10-01T00:00:00.000+02:00,2025-09-30T22:00:00Z,1266.64013422819,70
477,Potencia disponible de generación Ciclo combinado horizonte horario,2025-10-01T00:00:00.000+02:00,2025-09-30T22:00:00Z,784.6,68
477,Potencia disponible de generación Ciclo combinado horizonte horario,2025-10-01T00:00:00.000+02:00,2025-09-30T22:00:00Z,372.6,61
477,Potencia disponible de generación Ciclo combinado horizonte horario,2025-10-01T00:00:00.000+02:00,2025-09-30T22:00:00Z,1169.33865771812,50
477,Potencia disponible de generación Ciclo combinado horizonte horario,2025-10-01T00:00:00.000+02:00,2025-09-30T22:00:00Z,1930.78577181208,67
477,Potencia disponible de generación Ciclo combinado horizonte horario,2025-10-01T00:00:00.000+02:00,2025-09-30T22:00:00Z,813.58563758389,39
477,Potencia disponible de generación Ciclo combinado horizonte horario,2025-10-01T00:00:00.000+02:00,2025-09-30T22:00:00Z,3745.47208053691,23
477,Potencia disponible de generación Ciclo combinado horizonte horario,2025-10-01T00:00:00.000+02:00,2025-09-30T22:00:00Z,1163.65100671141,26
477,Potencia disponible de generación Ciclo combinado horizonte horario,2025-10-01T00:00:00.000+02:00,2025-09-30T22:00:00Z,1113.26590604027,32
477,Potencia disponible de generación Ciclo combinado horizonte horario,2025-10-01T00:00:00.000+02:00,2025-09-30T22:00:00Z,526.81154362416,42
477,Potencia disponible de generación Ciclo combinado horizonte horario,2025-10-01T00:00:00.000+02:00,2025-09-30T22:00:00Z,1169.63906040268,35
477,Potencia disponible de generación Ciclo combinado horizonte horario,2025-10-01T00:00:00.000+02:00,2025-09-30T22:00:00Z,790.6,38
477,Potencia disponible de generación Ciclo combinado horizonte horario,2025-10-01T00:00:00.000+02:00,2025-09-30T22:00:00Z,1573.09382550336,34
477,Potencia disponible de generación Ciclo combinado horizonte horario,2025-11-01T00:00:00.000+01:00,2025-10-31T23:00:00Z,372.6,61
477,Potencia disponible de generación Ciclo combinado horizonte horario,2025-11-01T00:00:00.000+01:00,2025-10-31T23:00:00Z,1980.95472222222,72
477,Potencia disponible de generación Ciclo combinado horizonte horario,2025-11-01T00:00:00.000+01:00,2025-10-31T23:00:00Z,854.1,71
477,Potencia disponible de generación Ciclo combinado horizonte horario,2025-11-01T00:00:00.000+01:00,2025-10-31T23:00:00Z,977.66333333333,70
477,Potencia disponible de generación Ciclo combinado horizonte horario,2025-11-01T00:00:00.000+01:00,2025-10-31T23:00:00Z,784.6,68
477,Potencia disponible de generación Ciclo combinado horizonte horario,2025-11-01T00:00:00.000+01:00,2025-10-31T23:00:00Z,1734.72486111111,67
477,Potencia disponible de generación Ciclo combinado horizonte horario,2025-11-01T00:00:00.000+01:00,2025-10-31T23:00:00Z,404.23541666667,56
477,Potencia disponible de generación Ciclo combinado horizonte horario,2025-11-01T00:00:00.000+01:00,2025-10-31T23:00:00Z,1090.04,50
477,Potencia disponible de generación Ciclo combinado horizonte horario,2025-11-01T00:00:00.000+01:00,2025-10-31T23:00:00Z,784.13972222222,42
477,Potencia disponible de generación Ciclo combinado horizonte horario,2025-11-01T00:00:00.000+01:00,2025-10-31T23:00:00Z,938.70319444444,39
477,Potencia disponible de generación Ciclo combinado horizonte horario,2025-11-01T00:00:00.000+01:00,2025-10-31T23:00:00Z,790.6,38
477,Potencia disponible de generación Ciclo combinado horizonte horario,2025-11-01T00:00:00.000+01:00,2025-10-31T23:00:00Z,1110.63083333333,35
477,Potencia disponible de generación Ciclo combinado horizonte horario,2025-11-01T00:00:00.000+01:00,2025-10-31T23:00:00Z,1583.73555555556,34
477,Potencia disponible de generación Ciclo combinado horizonte horario,2025-11-01T00:00:00.000+01:00,2025-10-31T23:00:00Z,1132.21305555556,32
477,Potencia disponible de generación Ciclo combinado horizonte horario,2025-11-01T00:00:00.000+01:00,2025-10-31T23:00:00Z,1161.39583333333,26
477,Potencia disponible de generación Ciclo combinado horizonte horario,2025-11-01T00:00:00.000+01:00,2025-10-31T23:00:00Z,3543.82569444444,23
477,Potencia disponible de generación Ciclo combinado horizonte horario,2025-12-01T00:00:00.000+01:00,2025-11-30T23:00:00Z,824.37325268817,71
477,Potencia disponible de generación Ciclo combinado horizonte horario,2025-12-01T00:00:00.000+01:00,2025-11-30T23:00:00Z,1574.9,70
477,Potencia disponible de generación Ciclo combinado horizonte horario,2025-12-01T00:00:00.000+01:00,2025-11-30T23:00:00Z,784.6,68
477,Potencia disponible de generación Ciclo combinado horizonte horario,2025-12-01T00:00:00.000+01:00,2025-11-30T23:00:00Z,1979.41666666667,67
477,Potencia disponible de generación Ciclo combinado horizonte horario,2025-12-01T00:00:00.000+01:00,2025-11-30T23:00:00Z,367.49032258065,61
477,Potencia disponible de generación Ciclo combinado horizonte horario,2025-12-01T00:00:00.000+01:00,2025-11-30T23:00:00Z,413.94556451613,56
477,Potencia disponible de generación Ciclo combinado horizonte horario,2025-12-01T00:00:00.000+01:00,2025-11-30T23:00:00Z,590.15698924731,50
477,Potencia disponible de generación Ciclo combinado horizonte horario,2025-12-01T00:00:00.000+01:00,2025-11-30T23:00:00Z,2042.37405913979,72
477,Potencia disponible de generación Ciclo combinado horizonte horario,2025-12-01T00:00:00.000+01:00,2025-11-30T23:00:00Z,809.06975806452,42
477,Potencia disponible de generación Ciclo combinado horizonte horario,2025-12-01T00:00:00.000+01:00,2025-11-30T23:00:00Z,790.6,38
477,Potencia disponible de generación Ciclo combinado horizonte horario,2025-12-01T00:00:00.000+01:00,2025-11-30T23:00:00Z,1232.1,35
477,Potencia disponible de generación Ciclo combinado horizonte horario,2025-12-01T00:00:00.000+01:00,2025-11-30T23:00:00Z,1606.96801075269,34
477,Potencia disponible de generación Ciclo combinado horizonte horario,2025-12-01T00:00:00.000+01:00,2025-11-30T23:00:00Z,1222.2,32
477,Potencia disponible de generación Ciclo combinado horizonte horario,2025-12-01T00:00:00.000+01:00,2025-11-30T23:00:00Z,1402.69475806452,26
477,Potencia disponible de generación Ciclo combinado horizonte horario,2025-12-01T00:00:00.000+01:00,2025-11-30T23:00:00Z,3764.24099462366,23
477,Potencia disponible de generación Ciclo combinado horizonte horario,2025-12-01T00:00:00.000+01:00,2025-11-30T23:00:00Z,1072.58588709677,39
477,Potencia disponible de generación Ciclo combinado horizonte horario,2026-01-01T00:00:00.000+01:00,2025-12-31T23:00:00Z,2466.9,72
477,Potencia disponible de generación Ciclo combinado horizonte horario,2026-01-01T00:00:00.000+01:00,2025-12-31T23:00:00Z,854.1,71
477,Potencia disponible de generación Ciclo combinado horizonte horario,2026-01-01T00:00:00.000+01:00,2025-12-31T23:00:00Z,1522.68602150538,70
477,Potencia disponible de generación Ciclo combinado horizonte horario,2026-01-01T00:00:00.000+01:00,2025-12-31T23:00:00Z,784.6,68
477,Potencia disponible de generación Ciclo combinado horizonte horario,2026-01-01T00:00:00.000+01:00,2025-12-31T23:00:00Z,1910.06989247312,67
477,Potencia disponible de generación Ciclo combinado horizonte horario,2026-01-01T00:00:00.000+01:00,2025-12-31T23:00:00Z,561.69005376344,61
477,Potencia disponible de generación Ciclo combinado horizonte horario,2026-01-01T00:00:00.000+01:00,2025-12-31T23:00:00Z,415.5,56
477,Potencia disponible de generación Ciclo combinado horizonte horario,2026-01-01T00:00:00.000+01:00,2025-12-31T23:00:00Z,604.31612903226,50
477,Potencia disponible de generación Ciclo combinado horizonte horario,2026-01-01T00:00:00.000+01:00,2025-12-31T23:00:00Z,1078.9,39
477,Potencia disponible de generación Ciclo combinado horizonte horario,2026-01-01T00:00:00.000+01:00,2025-12-31T23:00:00Z,774.83830645161,38
477,Potencia disponible de generación Ciclo combinado horizonte horario,2026-01-01T00:00:00.000+01:00,2025-12-31T23:00:00Z,1223.83991935484,35
477,Potencia disponible de generación Ciclo combinado horizonte horario,2026-01-01T00:00:00.000+01:00,2025-12-31T23:00:00Z,1608.32056451613,34
477,Potencia disponible de generación Ciclo combinado horizonte horario,2026-01-01T00:00:00.000+01:00,2025-12-31T23:00:00Z,1218.42715053763,32
477,Potencia disponible de generación Ciclo combinado horizonte horario,2026-01-01T00:00:00.000+01:00,2025-12-31T23:00:00Z,1544.09758064516,26
477,Potencia disponible de generación Ciclo combinado horizonte horario,2026-01-01T00:00:00.000+01:00,2025-12-31T23:00:00Z,3481.34166666667,23
477,Potencia disponible de generación Ciclo combinado horizonte horario,2026-01-01T00:00:00.000+01:00,2025-12-31T23:00:00Z,745.72688172043,42
477,Potencia disponible de generación Ciclo combinado horizonte horario,2026-02-01T00:00:00.000+01:00,2026-01-31T23:00:00Z,415.5,56
477,Potencia disponible de generación Ciclo combinado horizonte horario,2026-02-01T00:00:00.000+01:00,2026-01-31T23:00:00Z,1778.92797619048,72
477,Potencia disponible de generación Ciclo combinado horizonte horario,2026-02-01T00:00:00.000+01:00,2026-01-31T23:00:00Z,717.17142857143,71
477,Potencia disponible de generación Ciclo combinado horizonte horario,2026-02-01T00:00:00.000+01:00,2026-01-31T23:00:00Z,1725.87738095238,70
477,Potencia disponible de generación Ciclo combinado horizonte horario,2026-02-01T00:00:00.000+01:00,2026-01-31T23:00:00Z,771.21071428571,68
477,Potencia disponible de generación Ciclo combinado horizonte horario,2026-02-01T00:00:00.000+01:00,2026-01-31T23:00:00Z,1509.453125,67
477,Potencia disponible de generación Ciclo combinado horizonte horario,2026-02-01T00:00:00.000+01:00,2026-01-31T23:00:00Z,751.76696428571,61
477,Potencia disponible de generación Ciclo combinado horizonte horario,2026-02-01T00:00:00.000+01:00,2026-01-31T23:00:00Z,452.16443452381,50
477,Potencia disponible de generación Ciclo combinado horizonte horario,2026-02-01T00:00:00.000+01:00,2026-01-31T23:00:00Z,608.80148809524,42
477,Potencia disponible de generación Ciclo combinado horizonte horario,2026-02-01T00:00:00.000+01:00,2026-01-31T23:00:00Z,1077.02678571429,39
477,Potencia disponible de generación Ciclo combinado horizonte horario,2026-02-01T00:00:00.000+01:00,2026-01-31T23:00:00Z,790.6,38
477,Potencia disponible de generación Ciclo combinado horizonte horario,2026-02-01T00:00:00.000+01:00,2026-01-31T23:00:00Z,1012.61785714286,35
477,Potencia disponible de generación Ciclo combinado horizonte horario,2026-02-01T00:00:00.000+01:00,2026-01-31T23:00:00Z,899.334375,34
477,Potencia disponible de generación Ciclo combinado horizonte horario,2026-02-01T00:00:00.000+01:00,2026-01-31T23:00:00Z,958.51785714286,32
477,Potencia disponible de generación Ciclo combinado horizonte horario,2026-02-01T00:00:00.000+01:00,2026-01-31T23:00:00Z,988.30267857143,26
477,Potencia disponible de generación Ciclo combinado horizonte horario,2026-02-01T00:00:00.000+01:00,2026-01-31T23:00:00Z,2878.06845238095,23
477,Potencia disponible de generación Ciclo combinado horizonte horario,2026-03-01T00:00:00.000+01:00,2026-02-28T23:00:00Z,2428.16352624495,72
477,Potencia disponible de generación Ciclo combinado horizonte horario,2026-03-01T00:00:00.000+01:00,2026-02-28T23:00:00Z,427.73916554509,71
477,Potencia disponible de generación Ciclo combinado horizonte horario,2026-03-01T00:00:00.000+01:00,2026-02-28T23:00:00Z,1755.22839838493,70
477,Potencia disponible de generación Ciclo combinado horizonte horario,2026-03-01T00:00:00.000+01:00,2026-02-28T23:00:00Z,756.45222072678,68
477,Potencia disponible de generación Ciclo combinado horizonte horario,2026-03-01T00:00:00.000+01:00,2026-02-28T23:00:00Z,1081.60524899058,67
477,Potencia disponible de generación Ciclo combinado horizonte horario,2026-03-01T00:00:00.000+01:00,2026-02-28T23:00:00Z,737.98519515478,61
477,Potencia disponible de generación Ciclo combinado horizonte horario,2026-03-01T00:00:00.000+01:00,2026-02-28T23:00:00Z,415.5,56
477,Potencia disponible de generación Ciclo combinado horizonte horario,2026-03-01T00:00:00.000+01:00,2026-02-28T23:00:00Z,777.64253028264,50
477,Potencia disponible de generación Ciclo combinado horizonte horario,2026-03-01T00:00:00.000+01:00,2026-02-28T23:00:00Z,604.21413189771,42
477,Potencia disponible de generación Ciclo combinado horizonte horario,2026-03-01T00:00:00.000+01:00,2026-02-28T23:00:00Z,1043.01049798116,39
477,Potencia disponible de generación Ciclo combinado horizonte horario,2026-03-01T00:00:00.000+01:00,2026-02-28T23:00:00Z,790.6,38
477,Potencia disponible de generación Ciclo combinado horizonte horario,2026-03-01T00:00:00.000+01:00,2026-02-28T23:00:00Z,1006.23593539704,35
477,Potencia disponible de generación Ciclo combinado horizonte horario,2026-03-01T00:00:00.000+01:00,2026-02-28T23:00:00Z,827.39851951548,34
477,Potencia disponible de generación Ciclo combinado horizonte horario,2026-03-01T00:00:00.000+01:00,2026-02-28T23:00:00Z,1051.94858681023,32
477,Potencia disponible de generación Ciclo combinado horizonte horario,2026-03-01T00:00:00.000+01:00,2026-02-28T23:00:00Z,1417.69057873486,26
477,Potencia disponible de generación Ciclo combinado horizonte horario,2026-03-01T00:00:00.000+01:00,2026-02-28T23:00:00Z,2873.33270524899,23
477,Potencia disponible de generación Ciclo combinado horizonte horario,2026-04-01T00:00:00.000+02:00,2026-03-31T22:00:00Z,2414.15791666667,72
477,Potencia disponible de generación Ciclo combinado horizonte horario,2026-04-01T00:00:00.000+02:00,2026-03-31T22:00:00Z,632.87222222222,71
477,Potencia disponible de generación Ciclo combinado horizonte horario,2026-04-01T00:00:00.000+02:00,2026-03-31T22:00:00Z,1888.63833333333,70
477,Potencia disponible de generación Ciclo combinado horizonte horario,2026-04-01T00:00:00.000+02:00,2026-03-31T22:00:00Z,390.0,68
477,Potencia disponible de generación Ciclo combinado horizonte horario,2026-04-01T00:00:00.000+02:00,2026-03-31T22:00:00Z,1205.96527777778,67
477,Potencia disponible de generación Ciclo combinado horizonte horario,2026-04-01T00:00:00.000+02:00,2026-03-31T22:00:00Z,758.6,61
477,Potencia disponible de generación Ciclo combinado horizonte horario,2026-04-01T00:00:00.000+02:00,2026-03-31T22:00:00Z,415.5,56
477,Potencia disponible de generación Ciclo combinado horizonte horario,2026-04-01T00:00:00.000+02:00,2026-03-31T22:00:00Z,791.6,50
477,Potencia disponible de generación Ciclo combinado horizonte horario,2026-04-01T00:00:00.000+02:00,2026-03-31T22:00:00Z,1076.87416666667,39
477,Potencia disponible de generación Ciclo combinado horizonte horario,2026-04-01T00:00:00.000+02:00,2026-03-31T22:00:00Z,790.6,38
477,Potencia disponible de generación Ciclo combinado horizonte horario,2026-04-01T00:00:00.000+02:00,2026-03-31T22:00:00Z,1232.1,35
477,Potencia disponible de generación Ciclo combinado horizonte horario,2026-04-01T00:00:00.000+02:00,2026-03-31T22:00:00Z,1219.14805555556,34
477,Potencia disponible de generación Ciclo combinado horizonte horario,2026-04-01T00:00:00.000+02:00,2026-03-31T22:00:00Z,1217.99,32
477,Potencia disponible de generación Ciclo combinado horizonte horario,2026-04-01T00:00:00.000+02:00,2026-03-31T22:00:00Z,1557.7,26
477,Potencia disponible de generación Ciclo combinado horizonte horario,2026-04-01T00:00:00.000+02:00,2026-03-31T22:00:00Z,3694.41222222222,23
477,Potencia disponible de generación Ciclo combinado horizonte horario,2026-04-01T00:00:00.000+02:00,2026-03-31T22:00:00Z,807.73888888889,42
477,Potencia disponible de generación Ciclo combinado horizonte horario,2026-05-01T00:00:00.000+02:00,2026-04-30T22:00:00Z,813.52916666667,42
477,Potencia disponible de generación Ciclo combinado horizonte horario,2026-05-01T00:00:00.000+02:00,2026-04-30T22:00:00Z,2229.58548387097,72
477,Potencia disponible de generación Ciclo combinado horizonte horario,2026-05-01T00:00:00.000+02:00,2026-04-30T22:00:00Z,733.60403225806,71
477,Potencia disponible de generación Ciclo combinado horizonte horario,2026-05-01T00:00:00.000+02:00,2026-04-30T22:00:00Z,1703.6748655914,70
477,Potencia disponible de generación Ciclo combinado horizonte horario,2026-05-01T00:00:00.000+02:00,2026-04-30T22:00:00Z,402.72903225806,68
477,Potencia disponible de generación Ciclo combinado horizonte horario,2026-05-01T00:00:00.000+02:00,2026-04-30T22:00:00Z,1889.85752688172,67
477,Potencia disponible de generación Ciclo combinado horizonte horario,2026-05-01T00:00:00.000+02:00,2026-04-30T22:00:00Z,753.59193548387,61
477,Potencia disponible de generación Ciclo combinado horizonte horario,2026-05-01T00:00:00.000+02:00,2026-04-30T22:00:00Z,415.5,56
477,Potencia disponible de generación Ciclo combinado horizonte horario,2026-05-01T00:00:00.000+02:00,2026-04-30T22:00:00Z,790.6,38
477,Potencia disponible de generación Ciclo combinado horizonte horario,2026-05-01T00:00:00.000+02:00,2026-04-30T22:00:00Z,912.24892473118,39
477,Potencia disponible de generación Ciclo combinado horizonte horario,2026-05-01T00:00:00.000+02:00,2026-04-30T22:00:00Z,1229.89247311828,35
477,Potencia disponible de generación Ciclo combinado horizonte horario,2026-05-01T00:00:00.000+02:00,2026-04-30T22:00:00Z,838.17688172043,34
477,Potencia disponible de generación Ciclo combinado horizonte horario,2026-05-01T00:00:00.000+02:00,2026-04-30T22:00:00Z,1048.10067204301,32
477,Potencia disponible de generación Ciclo combinado horizonte horario,2026-05-01T00:00:00.000+02:00,2026-04-30T22:00:00Z,1358.17163978495,26
477,Potencia disponible de generación Ciclo combinado horizonte horario,2026-05-01T00:00:00.000+02:00,2026-04-30T22:00:00Z,3442.3747311828,23
477,Potencia disponible de generación Ciclo combinado horizonte horario,2026-05-01T00:00:00.000+02:00,2026-04-30T22:00:00Z,791.6,50
477,Potencia disponible de generación Ciclo combinado horizonte horario,2026-06-01T00:00:00.000+02:00,2026-05-31T22:00:00Z,2036.32555555556,67
477,Potencia disponible de generación Ciclo combinado horizonte horario,2026-06-01T00:00:00.000+02:00,2026-05-31T22:00:00Z,757.62888888889,61
477,Potencia disponible de generación Ciclo combinado horizonte horario,2026-06-01T00:00:00.000+02:00,2026-05-31T22:00:00Z,723.21222222222,68
477,Potencia disponible de generación Ciclo combinado horizonte horario,2026-06-01T00:00:00.000+02:00,2026-05-31T22:00:00Z,414.99236111111,56
477,Potencia disponible de generación Ciclo combinado horizonte horario,2026-06-01T00:00:00.000+02:00,2026-05-31T22:00:00Z,815.64875,71
477,Potencia disponible de generación Ciclo combinado horizonte horario,2026-06-01T00:00:00.000+02:00,2026-05-31T22:00:00Z,2294.92097222222,72
477,Potencia disponible de generación Ciclo combinado horizonte horario,2026-06-01T00:00:00.000+02:00,2026-05-31T22:00:00Z,1781.46166666667,70
477,Potencia disponible de generación Ciclo combinado horizonte horario,2026-06-01T00:00:00.000+02:00,2026-05-31T22:00:00Z,789.37611111111,50
477,Potencia disponible de generación Ciclo combinado horizonte horario,2026-06-01T00:00:00.000+02:00,2026-05-31T22:00:00Z,1169.54013888889,35
477,Potencia disponible de generación Ciclo combinado horizonte horario,2026-06-01T00:00:00.000+02:00,2026-05-31T22:00:00Z,545.22055555556,39
477,Potencia disponible de generación Ciclo combinado horizonte horario,2026-06-01T00:00:00.000+02:00,2026-05-31T22:00:00Z,790.6,38
477,Potencia disponible de generación Ciclo combinado horizonte horario,2026-06-01T00:00:00.000+02:00,2026-05-31T22:00:00Z,830.9,42
477,Potencia disponible de generación Ciclo combinado horizonte horario,2026-06-01T00:00:00.000+02:00,2026-05-31T22:00:00Z,793.51833333333,34
477,Potencia disponible de generación Ciclo combinado horizonte horario,2026-06-01T00:00:00.000+02:00,2026-05-31T22:00:00Z,1180.50555555556,32
477,Potencia disponible de generación Ciclo combinado horizonte horario,2026-06-01T00:00:00.000+02:00,2026-05-31T22:00:00Z,1231.11708333333,26
477,Potencia disponible de generación Ciclo combinado horizonte horario,2026-06-01T00:00:00.000+02:00,2026-05-31T22:00:00Z,3529.55013888889,23
477,Potencia disponible de generación Ciclo combinado horizonte horario,2026-07-01T00:00:00.000+02:00,2026-06-30T22:00:00Z,2439.87768817204,72
477,Potencia disponible de generación Ciclo combinado horizonte horario,2026-07-01T00:00:00.000+02:00,2026-06-30T22:00:00Z,851.23709677419,71
477,Potencia disponible de generación Ciclo combinado horizonte horario,2026-07-01T00:00:00.000+02:00,2026-06-30T22:00:00Z,1967.03440860215,70
477,Potencia disponible de generación Ciclo combinado horizonte horario,2026-07-01T00:00:00.000+02:00,2026-06-30T22:00:00Z,784.6,68
477,Potencia disponible de generación Ciclo combinado horizonte horario,2026-07-01T00:00:00.000+02:00,2026-06-30T22:00:00Z,2238.45336021505,67
477,Potencia disponible de generación Ciclo combinado horizonte horario,2026-07-01T00:00:00.000+02:00,2026-06-30T22:00:00Z,714.41559139785,61
477,Potencia disponible de generación Ciclo combinado horizonte horario,2026-07-01T00:00:00.000+02:00,2026-06-30T22:00:00Z,408.74099462366,56
477,Potencia disponible de generación Ciclo combinado horizonte horario,2026-07-01T00:00:00.000+02:00,2026-06-30T22:00:00Z,769.70725806452,50
477,Potencia disponible de generación Ciclo combinado horizonte horario,2026-07-01T00:00:00.000+02:00,2026-06-30T22:00:00Z,915.20537634409,39
477,Potencia disponible de generación Ciclo combinado horizonte horario,2026-07-01T00:00:00.000+02:00,2026-06-30T22:00:00Z,790.6,38
477,Potencia disponible de generación Ciclo combinado horizonte horario,2026-07-01T00:00:00.000+02:00,2026-06-30T22:00:00Z,1021.29959677419,35
477,Potencia disponible de generación Ciclo combinado horizonte horario,2026-07-01T00:00:00.000+02:00,2026-06-30T22:00:00Z,1131.99690860215,34
477,Potencia disponible de generación Ciclo combinado horizonte horario,2026-07-01T00:00:00.000+02:00,2026-06-30T22:00:00Z,1212.86465053763,32
477,Potencia disponible de generación Ciclo combinado horizonte horario,2026-07-01T00:00:00.000+02:00,2026-06-30T22:00:00Z,1539.9375,26
477,Potencia disponible de generación Ciclo combinado horizonte horario,2026-07-01T00:00:00.000+02:00,2026-06-30T22:00:00Z,3387.40752688172,23
477,Potencia disponible de generación Ciclo combinado horizonte horario,2026-07-01T00:00:00.000+02:00,2026-06-30T22:00:00Z,522.08266129032,42
477,Potencia disponible de generación Ciclo combinado horizonte horario,2026-08-01T00:00:00.000+02:00,2026-07-31T22:00:00Z,389.60806451613,56
477,Potencia disponible de generación Ciclo combinado horizonte horario,2026-08-01T00:00:00.000+02:00,2026-07-31T22:00:00Z,630.56572580645,71
477,Potencia disponible de generación Ciclo combinado horizonte horario,2026-08-01T00:00:00.000+02:00,2026-07-31T22:00:00Z,1788.07056451613,70
477,Potencia disponible de generación Ciclo combinado horizonte horario,2026-08-01T00:00:00.000+02:00,2026-07-31T22:00:00Z,750.52123655914,68
477,Potencia disponible de generación Ciclo combinado horizonte horario,2026-08-01T00:00:00.000+02:00,2026-07-31T22:00:00Z,1566.38602150538,67
477,Potencia disponible de generación Ciclo combinado horizonte horario,2026-08-01T00:00:00.000+02:00,2026-07-31T22:00:00Z,2361.61505376344,72
477,Potencia disponible de generación Ciclo combinado horizonte horario,2026-08-01T00:00:00.000+02:00,2026-07-31T22:00:00Z,596.69569892473,61
477,Potencia disponible de generación Ciclo combinado horizonte horario,2026-08-01T00:00:00.000+02:00,2026-07-31T22:00:00Z,760.90080645161,50
477,Potencia disponible de generación Ciclo combinado horizonte horario,2026-08-01T00:00:00.000+02:00,2026-07-31T22:00:00Z,846.44112903226,35
477,Potencia disponible de generación Ciclo combinado horizonte horario,2026-08-01T00:00:00.000+02:00,2026-07-31T22:00:00Z,793.39784946237,39
477,Potencia disponible de generación Ciclo combinado horizonte horario,2026-08-01T00:00:00.000+02:00,2026-07-31T22:00:00Z,790.25685483871,38
477,Potencia disponible de generación Ciclo combinado horizonte horario,2026-08-01T00:00:00.000+02:00,2026-07-31T22:00:00Z,1499.46209677419,34
477,Potencia disponible de generación Ciclo combinado horizonte horario,2026-08-01T00:00:00.000+02:00,2026-07-31T22:00:00Z,1221.05779569892,32
477,Potencia disponible de generación Ciclo combinado horizonte horario,2026-08-01T00:00:00.000+02:00,2026-07-31T22:00:00Z,1427.65241935484,26
477,Potencia disponible de generación Ciclo combinado horizonte horario,2026-08-01T00:00:00.000+02:00,2026-07-31T22:00:00Z,3732.59865591398,23
477,Potencia disponible de generación Ciclo combinado horizonte horario,2026-08-01T00:00:00.000+02:00,2026-07-31T22:00:00Z,408.47190860215,42
477,Potencia disponible de generación Ciclo combinado horizonte horario,2026-09-01T00:00:00.000+02:00,2026-08-31T22:00:00Z,1968.1,70
477,Potencia disponible de generación Ciclo combinado horizonte horario,2026-09-01T00:00:00.000+02:00,2026-08-31T22:00:00Z,784.6,68
477,Potencia disponible de generación Ciclo combinado horizonte horario,2026-09-01T00:00:00.000+02:00,2026-08-31T22:00:00Z,1781.91095890411,67
477,Potencia disponible de generación Ciclo combinado horizonte horario,2026-09-01T00:00:00.000+02:00,2026-08-31T22:00:00Z,739.43287671233,61
477,Potencia disponible de generación Ciclo combinado horizonte horario,2026-09-01T00:00:00.000+02:00,2026-08-31T22:00:00Z,415.5,56
477,Potencia disponible de generación Ciclo combinado horizonte horario,2026-09-01T00:00:00.000+02:00,2026-08-31T22:00:00Z,780.20821917808,50
477,Potencia disponible de generación Ciclo combinado horizonte horario,2026-09-01T00:00:00.000+02:00,2026-08-31T22:00:00Z,371.89178082192,42
477,Potencia disponible de generación Ciclo combinado horizonte horario,2026-09-01T00:00:00.000+02:00,2026-08-31T22:00:00Z,931.26164383562,35
477,Potencia disponible de generación Ciclo combinado horizonte horario,2026-09-01T00:00:00.000+02:00,2026-08-31T22:00:00Z,790.6,38
477,Potencia disponible de generación Ciclo combinado horizonte horario,2026-09-01T00:00:00.000+02:00,2026-08-31T22:00:00Z,1621.3,34
477,Potencia disponible de generación Ciclo combinado horizonte horario,2026-09-01T00:00:00.000+02:00,2026-08-31T22:00:00Z,1222.2,32
477,Potencia disponible de generación Ciclo combinado horizonte horario,2026-09-01T00:00:00.000+02:00,2026-08-31T22:00:00Z,1518.90547945205,26
477,Potencia disponible de generación Ciclo combinado horizonte horario,2026-09-01T00:00:00.000+02:00,2026-08-31T22:00:00Z,3130.92465753425,23
477,Potencia disponible de generación Ciclo combinado horizonte horario,2026-09-01T00:00:00.000+02:00,2026-08-31T22:00:00Z,426.0,71
477,Potencia disponible de generación Ciclo combinado horizonte horario,2026-09-01T00:00:00.000+02:00,2026-08-31T22:00:00Z,857.86849315068,39
477,Potencia disponible de generación Ciclo combinado horizonte horario,2026-09-01T00:00:00.000+02:00,2026-08-31T22:00:00Z,2180.25753424658,72
478,Potencia disponible de generación Fuel horizonte horario,2025-07-01T00:00:00.000+02:00,2025-06-30T22:00:00Z,7.9,34
478,Potencia disponible de generación Fuel horizonte horario,2025-08-01T00:00:00.000+02:00,2025-07-31T22:00:00Z,7.9,34
478,Potencia disponible de generación Fuel horizonte horario,2025-09-01T00:00:00.000+02:00,2025-08-31T22:00:00Z,7.9,34
478,Potencia disponible de generación Fuel horizonte horario,2025-10-01T00:00:00.000+02:00,2025-09-30T22:00:00Z,7.9,34
478,Potencia disponible de generación Fuel horizonte horario,2025-11-01T00:00:00.000+01:00,2025-10-31T23:00:00Z,7.9,34
478,Potencia disponible de generación Fuel horizonte horario,2025-12-01T00:00:00.000+01:00,2025-11-30T23:00:00Z,7.9,34
478,Potencia disponible de generación Fuel horizonte horario,2026-01-01T00:00:00.000+01:00,2025-12-31T23:00:00Z,7.9,34
478,Potencia disponible de generación Fuel horizonte horario,2026-02-01T00:00:00.000+01:00,2026-01-31T23:00:00Z,7.9,34
478,Potencia disponible de generación Fuel horizonte horario,2026-03-01T00:00:00.000+01:00,2026-02-28T23:00:00Z,7.9,34
478,Potencia disponible de generación Fuel horizonte horario,2026-04-01T00:00:00.000+02:00,2026-03-31T22:00:00Z,7.9,34
478,Potencia disponible de generación Fuel horizonte horario,2026-05-01T00:00:00.000+02:00,2026-04-30T22:00:00Z,7.9,34
478,Potencia disponible de generación Fuel horizonte horario,2026-06-01T00:00:00.000+02:00,2026-05-31T22:00:00Z,7.9,34
478,Potencia disponible de generación Fuel horizonte horario,2026-07-01T00:00:00.000+02:00,2026-06-30T22:00:00Z,7.9,34
478,Potencia disponible de generación Fuel horizonte horario,2026-08-01T00:00:00.000+02:00,2026-07-31T22:00:00Z,7.9,34
478,Potencia disponible de generación Fuel horizonte horario,2026-09-01T00:00:00.000+02:00,2026-08-31T22:00:00Z,7.9,34
479,Potencia disponible de generación Gas Natural horizonte horario,2025-07-01T00:00:00.000+02:00,2025-06-30T22:00:00Z,561.8,71
479,Potencia disponible de generación Gas Natural horizonte horario,2025-08-01T00:00:00.000+02:00,2025-07-31T22:00:00Z,561.8,71
479,Potencia disponible de generación Gas Natural horizonte horario,2025-09-01T00:00:00.000+02:00,2025-08-31T22:00:00Z,561.8,71
479,Potencia disponible de generación Gas Natural horizonte horario,2025-10-01T00:00:00.000+02:00,2025-09-30T22:00:00Z,561.8,71
479,Potencia disponible de generación Gas Natural horizonte horario,2025-11-01T00:00:00.000+01:00,2025-10-31T23:00:00Z,561.8,71
479,Potencia disponible de generación Gas Natural horizonte horario,2025-12-01T00:00:00.000+01:00,2025-11-30T23:00:00Z,561.8,71
479,Potencia disponible de generación Gas Natural horizonte horario,2026-01-01T00:00:00.000+01:00,2025-12-31T23:00:00Z,535.41397849462,71
479,Potencia disponible de generación Gas Natural horizonte horario,2026-02-01T00:00:00.000+01:00,2026-01-31T23:00:00Z,560.79166666667,71
479,Potencia disponible de generación Gas Natural horizonte horario,2026-03-01T00:00:00.000+01:00,2026-02-28T23:00:00Z,561.8,71
479,Potencia disponible de generación Gas Natural horizonte horario,2026-04-01T00:00:00.000+02:00,2026-03-31T22:00:00Z,561.8,71
479,Potencia disponible de generación Gas Natural horizonte horario,2026-05-01T00:00:00.000+02:00,2026-04-30T22:00:00Z,561.8,71
479,Potencia disponible de generación Gas Natural horizonte horario,2026-06-01T00:00:00.000+02:00,2026-05-31T22:00:00Z,561.8,71
479,Potencia disponible de generación Gas Natural horizonte horario,2026-07-01T00:00:00.000+02:00,2026-06-30T22:00:00Z,561.8,71
479,Potencia disponible de generación Gas Natural horizonte horario,2026-08-01T00:00:00.000+02:00,2026-07-31T22:00:00Z,561.8,71
479,Potencia disponible de generación Gas Natural horizonte horario,2026-09-01T00:00:00.000+02:00,2026-08-31T22:00:00Z,561.8,71
1475,Potencia instalada de generación hidráulica,2025-08-01T00:00:00.000+02:00,2025-07-31T22:00:00Z,618.443,4
1475,Potencia instalada de generación hidráulica,2025-08-01T00:00:00.000+02:00,2025-07-31T22:00:00Z,35.478,21
1475,Potencia instalada de generación hidráulica,2025-08-01T00:00:00.000+02:00,2025-07-31T22:00:00Z,52.426,20
1475,Potencia instalada de generación hidráulica,2025-08-01T00:00:00.000+02:00,2025-07-31T22:00:00Z,0.778,19
1475,Potencia instalada de generación hidráulica,2025-08-01T00:00:00.000+02:00,2025-07-31T22:00:00Z,3731.276,17
1475,Potencia instalada de generación hidráulica,2025-08-01T00:00:00.000+02:00,2025-07-31T22:00:00Z,642.037,15
1475,Potencia instalada de generación hidráulica,2025-08-01T00:00:00.000+02:00,2025-07-31T22:00:00Z,236.076,14
1475,Potencia instalada de generación hidráulica,2025-08-01T00:00:00.000+02:00,2025-07-31T22:00:00Z,108.517,13
1475,Potencia instalada de generación hidráulica,2025-08-01T00:00:00.000+02:00,2025-07-31T22:00:00Z,2277.362,16
1475,Potencia instalada de generación hidráulica,2025-08-01T00:00:00.000+02:00,2025-07-31T22:00:00Z,178.423,10
1475,Potencia instalada de generación hidráulica,2025-08-01T00:00:00.000+02:00,2025-07-31T22:00:00Z,1915.099,9
1475,Potencia instalada de generación hidráulica,2025-08-01T00:00:00.000+02:00,2025-07-31T22:00:00Z,4397.001,8
1475,Potencia instalada de generación hidráulica,2025-08-01T00:00:00.000+02:00,2025-07-31T22:00:00Z,648.974,7
1475,Potencia instalada de generación hidráulica,2025-08-01T00:00:00.000+02:00,2025-07-31T22:00:00Z,98.597,6
1475,Potencia instalada de generación hidráulica,2025-08-01T00:00:00.000+02:00,2025-07-31T22:00:00Z,1330.668,5
1475,Potencia instalada de generación hidráulica,2025-08-01T00:00:00.000+02:00,2025-07-31T22:00:00Z,805.66,11
1475,Potencia instalada de generación hidráulica,2025-09-01T00:00:00.000+02:00,2025-08-31T22:00:00Z,236.076,14
1475,Potencia instalada de generación hidráulica,2025-09-01T00:00:00.000+02:00,2025-08-31T22:00:00Z,35.478,21
1475,Potencia instalada de generación hidráulica,2025-09-01T00:00:00.000+02:00,2025-08-31T22:00:00Z,52.426,20
1475,Potencia instalada de generación hidráulica,2025-09-01T00:00:00.000+02:00,2025-08-31T22:00:00Z,0.778,19
1475,Potencia instalada de generación hidráulica,2025-09-01T00:00:00.000+02:00,2025-08-31T22:00:00Z,3731.276,17
1475,Potencia instalada de generación hidráulica,2025-09-01T00:00:00.000+02:00,2025-08-31T22:00:00Z,642.037,15
1475,Potencia instalada de generación hidráulica,2025-09-01T00:00:00.000+02:00,2025-08-31T22:00:00Z,108.517,13
1475,Potencia instalada de generación hidráulica,2025-09-01T00:00:00.000+02:00,2025-08-31T22:00:00Z,2277.362,16
1475,Potencia instalada de generación hidráulica,2025-09-01T00:00:00.000+02:00,2025-08-31T22:00:00Z,178.423,10
1475,Potencia instalada de generación hidráulica,2025-09-01T00:00:00.000+02:00,2025-08-31T22:00:00Z,1915.099,9
1475,Potencia instalada de generación hidráulica,2025-09-01T00:00:00.000+02:00,2025-08-31T22:00:00Z,4397.001,8
1475,Potencia instalada de generación hidráulica,2025-09-01T00:00:00.000+02:00,2025-08-31T22:00:00Z,648.974,7
1475,Potencia instalada de generación hidráulica,2025-09-01T00:00:00.000+02:00,2025-08-31T22:00:00Z,98.597,6
1475,Potencia instalada de generación hidráulica,2025-09-01T00:00:00.000+02:00,2025-08-31T22:00:00Z,1330.668,5
1475,Potencia instalada de generación hidráulica,2025-09-01T00:00:00.000+02:00,2025-08-31T22:00:00Z,618.443,4
1475,Potencia instalada de generación hidráulica,2025-09-01T00:00:00.000+02:00,2025-08-31T22:00:00Z,805.66,11
1475,Potencia instalada de generación hidráulica,2025-10-01T00:00:00.000+02:00,2025-09-30T22:00:00Z,35.478,21
1475,Potencia instalada de generación hidráulica,2025-10-01T00:00:00.000+02:00,2025-09-30T22:00:00Z,52.426,20
1475,Potencia instalada de generación hidráulica,2025-10-01T00:00:00.000+02:00,2025-09-30T22:00:00Z,0.778,19
1475,Potencia instalada de generación hidráulica,2025-10-01T00:00:00.000+02:00,2025-09-30T22:00:00Z,3731.276,17
1475,Potencia instalada de generación hidráulica,2025-10-01T00:00:00.000+02:00,2025-09-30T22:00:00Z,2277.362,16
1475,Potencia instalada de generación hidráulica,2025-10-01T00:00:00.000+02:00,2025-09-30T22:00:00Z,642.037,15
1475,Potencia instalada de generación hidráulica,2025-10-01T00:00:00.000+02:00,2025-09-30T22:00:00Z,236.076,14
1475,Potencia instalada de generación hidráulica,2025-10-01T00:00:00.000+02:00,2025-09-30T22:00:00Z,108.517,13
1475,Potencia instalada de generación hidráulica,2025-10-01T00:00:00.000+02:00,2025-09-30T22:00:00Z,805.66,11
1475,Potencia instalada de generación hidráulica,2025-10-01T00:00:00.000+02:00,2025-09-30T22:00:00Z,1915.099,9
1475,Potencia instalada de generación hidráulica,2025-10-01T00:00:00.000+02:00,2025-09-30T22:00:00Z,4397.001,8
1475,Potencia instalada de generación hidráulica,2025-10-01T00:00:00.000+02:00,2025-09-30T22:00:00Z,648.974,7
1475,Potencia instalada de generación hidráulica,2025-10-01T00:00:00.000+02:00,2025-09-30T22:00:00Z,98.597,6
1475,Potencia instalada de generación hidráulica,2025-10-01T00:00:00.000+02:00,2025-09-30T22:00:00Z,1330.668,5
1475,Potencia instalada de generación hidráulica,2025-10-01T00:00:00.000+02:00,2025-09-30T22:00:00Z,618.443,4
1475,Potencia instalada de generación hidráulica,2025-10-01T00:00:00.000+02:00,2025-09-30T22:00:00Z,178.423,10
1475,Potencia instalada de generación hidráulica,2025-11-01T00:00:00.000+01:00,2025-10-31T23:00:00Z,236.076,14
1475,Potencia instalada de generación hidráulica,2025-11-01T00:00:00.000+01:00,2025-10-31T23:00:00Z,35.478,21
1475,Potencia instalada de generación hidráulica,2025-11-01T00:00:00.000+01:00,2025-10-31T23:00:00Z,52.426,20
1475,Potencia instalada de generación hidráulica,2025-11-01T00:00:00.000+01:00,2025-10-31T23:00:00Z,0.778,19
1475,Potencia instalada de generación hidráulica,2025-11-01T00:00:00.000+01:00,2025-10-31T23:00:00Z,3731.276,17
1475,Potencia instalada de generación hidráulica,2025-11-01T00:00:00.000+01:00,2025-10-31T23:00:00Z,2277.362,16
1475,Potencia instalada de generación hidráulica,2025-11-01T00:00:00.000+01:00,2025-10-31T23:00:00Z,642.047,15
1475,Potencia instalada de generación hidráulica,2025-11-01T00:00:00.000+01:00,2025-10-31T23:00:00Z,108.517,13
1475,Potencia instalada de generación hidráulica,2025-11-01T00:00:00.000+01:00,2025-10-31T23:00:00Z,648.974,7
1475,Potencia instalada de generación hidráulica,2025-11-01T00:00:00.000+01:00,2025-10-31T23:00:00Z,178.423,10
1475,Potencia instalada de generación hidráulica,2025-11-01T00:00:00.000+01:00,2025-10-31T23:00:00Z,1915.099,9
1475,Potencia instalada de generación hidráulica,2025-11-01T00:00:00.000+01:00,2025-10-31T23:00:00Z,4397.001,8
1475,Potencia instalada de generación hidráulica,2025-11-01T00:00:00.000+01:00,2025-10-31T23:00:00Z,805.66,11
1475,Potencia instalada de generación hidráulica,2025-11-01T00:00:00.000+01:00,2025-10-31T23:00:00Z,98.597,6
1475,Potencia instalada de generación hidráulica,2025-11-01T00:00:00.000+01:00,2025-10-31T23:00:00Z,1330.668,5
1475,Potencia instalada de generación hidráulica,2025-11-01T00:00:00.000+01:00,2025-10-31T23:00:00Z,622.806,4
1475,Potencia instalada de generación hidráulica,2025-12-01T00:00:00.000+01:00,2025-11-30T23:00:00Z,52.426,20
1475,Potencia instalada de generación hidráulica,2025-12-01T00:00:00.000+01:00,2025-11-30T23:00:00Z,0.778,19
1475,Potencia instalada de generación hidráulica,2025-12-01T00:00:00.000+01:00,2025-11-30T23:00:00Z,3731.276,17
1475,Potencia instalada de generación hidráulica,2025-12-01T00:00:00.000+01:00,2025-11-30T23:00:00Z,2277.362,16
1475,Potencia instalada de generación hidráulica,2025-12-01T00:00:00.000+01:00,2025-11-30T23:00:00Z,642.047,15
1475,Potencia instalada de generación hidráulica,2025-12-01T00:00:00.000+01:00,2025-11-30T23:00:00Z,236.076,14
1475,Potencia instalada de generación hidráulica,2025-12-01T00:00:00.000+01:00,2025-11-30T23:00:00Z,108.517,13
1475,Potencia instalada de generación hidráulica,2025-12-01T00:00:00.000+01:00,2025-11-30T23:00:00Z,35.478,21
1475,Potencia instalada de generación hidráulica,2025-12-01T00:00:00.000+01:00,2025-11-30T23:00:00Z,178.423,10
1475,Potencia instalada de generación hidráulica,2025-12-01T00:00:00.000+01:00,2025-11-30T23:00:00Z,1915.099,9
1475,Potencia instalada de generación hidráulica,2025-12-01T00:00:00.000+01:00,2025-11-30T23:00:00Z,4397.001,8
1475,Potencia instalada de generación hidráulica,2025-12-01T00:00:00.000+01:00,2025-11-30T23:00:00Z,648.974,7
1475,Potencia instalada de generación hidráulica,2025-12-01T00:00:00.000+01:00,2025-11-30T23:00:00Z,98.597,6
1475,Potencia instalada de generación hidráulica,2025-12-01T00:00:00.000+01:00,2025-11-30T23:00:00Z,1330.668,5
1475,Potencia instalada de generación hidráulica,2025-12-01T00:00:00.000+01:00,2025-11-30T23:00:00Z,622.806,4
1475,Potencia instalada de generación hidráulica,2025-12-01T00:00:00.000+01:00,2025-11-30T23:00:00Z,805.66,11
1475,Potencia instalada de generación hidráulica,2026-01-01T00:00:00.000+01:00,2025-12-31T23:00:00Z,35.478,21
1475,Potencia instalada de generación hidráulica,2026-01-01T00:00:00.000+01:00,2025-12-31T23:00:00Z,52.426,20
1475,Potencia instalada de generación hidráulica,2026-01-01T00:00:00.000+01:00,2025-12-31T23:00:00Z,0.778,19
1475,Potencia instalada de generación hidráulica,2026-01-01T00:00:00.000+01:00,2025-12-31T23:00:00Z,3732.876,17
1475,Potencia instalada de generación hidráulica,2026-01-01T00:00:00.000+01:00,2025-12-31T23:00:00Z,2277.362,16
1475,Potencia instalada de generación hidráulica,2026-01-01T00:00:00.000+01:00,2025-12-31T23:00:00Z,642.047,15
1475,Potencia instalada de generación hidráulica,2026-01-01T00:00:00.000+01:00,2025-12-31T23:00:00Z,236.076,14
1475,Potencia instalada de generación hidráulica,2026-01-01T00:00:00.000+01:00,2025-12-31T23:00:00Z,108.517,13
1475,Potencia instalada de generación hidráulica,2026-01-01T00:00:00.000+01:00,2025-12-31T23:00:00Z,805.66,11
1475,Potencia instalada de generación hidráulica,2026-01-01T00:00:00.000+01:00,2025-12-31T23:00:00Z,1915.099,9
1475,Potencia instalada de generación hidráulica,2026-01-01T00:00:00.000+01:00,2025-12-31T23:00:00Z,4397.001,8
1475,Potencia instalada de generación hidráulica,2026-01-01T00:00:00.000+01:00,2025-12-31T23:00:00Z,648.974,7
1475,Potencia instalada de generación hidráulica,2026-01-01T00:00:00.000+01:00,2025-12-31T23:00:00Z,98.597,6
1475,Potencia instalada de generación hidráulica,2026-01-01T00:00:00.000+01:00,2025-12-31T23:00:00Z,1330.668,5
1475,Potencia instalada de generación hidráulica,2026-01-01T00:00:00.000+01:00,2025-12-31T23:00:00Z,622.806,4
1475,Potencia instalada de generación hidráulica,2026-01-01T00:00:00.000+01:00,2025-12-31T23:00:00Z,178.423,10
1475,Potencia instalada de generación hidráulica,2026-02-01T00:00:00.000+01:00,2026-01-31T23:00:00Z,236.076,14
1475,Potencia instalada de generación hidráulica,2026-02-01T00:00:00.000+01:00,2026-01-31T23:00:00Z,52.426,20
1475,Potencia instalada de generación hidráulica,2026-02-01T00:00:00.000+01:00,2026-01-31T23:00:00Z,0.778,19
1475,Potencia instalada de generación hidráulica,2026-02-01T00:00:00.000+01:00,2026-01-31T23:00:00Z,3732.876,17
1475,Potencia instalada de generación hidráulica,2026-02-01T00:00:00.000+01:00,2026-01-31T23:00:00Z,2277.362,16
1475,Potencia instalada de generación hidráulica,2026-02-01T00:00:00.000+01:00,2026-01-31T23:00:00Z,642.047,15
1475,Potencia instalada de generación hidráulica,2026-02-01T00:00:00.000+01:00,2026-01-31T23:00:00Z,108.517,13
1475,Potencia instalada de generación hidráulica,2026-02-01T00:00:00.000+01:00,2026-01-31T23:00:00Z,34.533,21
1475,Potencia instalada de generación hidráulica,2026-02-01T00:00:00.000+01:00,2026-01-31T23:00:00Z,178.423,10
1475,Potencia instalada de generación hidráulica,2026-02-01T00:00:00.000+01:00,2026-01-31T23:00:00Z,1915.045,9
1475,Potencia instalada de generación hidráulica,2026-02-01T00:00:00.000+01:00,2026-01-31T23:00:00Z,4397.001,8
1475,Potencia instalada de generación hidráulica,2026-02-01T00:00:00.000+01:00,2026-01-31T23:00:00Z,648.974,7
1475,Potencia instalada de generación hidráulica,2026-02-01T00:00:00.000+01:00,2026-01-31T23:00:00Z,98.597,6
1475,Potencia instalada de generación hidráulica,2026-02-01T00:00:00.000+01:00,2026-01-31T23:00:00Z,1330.668,5
1475,Potencia instalada de generación hidráulica,2026-02-01T00:00:00.000+01:00,2026-01-31T23:00:00Z,622.806,4
1475,Potencia instalada de generación hidráulica,2026-02-01T00:00:00.000+01:00,2026-01-31T23:00:00Z,805.66,11
1475,Potencia instalada de generación hidráulica,2026-03-01T00:00:00.000+01:00,2026-02-28T23:00:00Z,34.533,21
1475,Potencia instalada de generación hidráulica,2026-03-01T00:00:00.000+01:00,2026-02-28T23:00:00Z,52.426,20
1475,Potencia instalada de generación hidráulica,2026-03-01T00:00:00.000+01:00,2026-02-28T23:00:00Z,0.778,19
1475,Potencia instalada de generación hidráulica,2026-03-01T00:00:00.000+01:00,2026-02-28T23:00:00Z,3732.876,17
1475,Potencia instalada de generación hidráulica,2026-03-01T00:00:00.000+01:00,2026-02-28T23:00:00Z,2277.362,16
1475,Potencia instalada de generación hidráulica,2026-03-01T00:00:00.000+01:00,2026-02-28T23:00:00Z,642.047,15
1475,Potencia instalada de generación hidráulica,2026-03-01T00:00:00.000+01:00,2026-02-28T23:00:00Z,236.076,14
1475,Potencia instalada de generación hidráulica,2026-03-01T00:00:00.000+01:00,2026-02-28T23:00:00Z,108.517,13
1475,Potencia instalada de generación hidráulica,2026-03-01T00:00:00.000+01:00,2026-02-28T23:00:00Z,805.66,11
1475,Potencia instalada de generación hidráulica,2026-03-01T00:00:00.000+01:00,2026-02-28T23:00:00Z,178.423,10
1475,Potencia instalada de generación hidráulica,2026-03-01T00:00:00.000+01:00,2026-02-28T23:00:00Z,1915.045,9
1475,Potencia instalada de generación hidráulica,2026-03-01T00:00:00.000+01:00,2026-02-28T23:00:00Z,4397.001,8
1475,Potencia instalada de generación hidráulica,2026-03-01T00:00:00.000+01:00,2026-02-28T23:00:00Z,648.974,7
1475,Potencia instalada de generación hidráulica,2026-03-01T00:00:00.000+01:00,2026-02-28T23:00:00Z,98.597,6
1475,Potencia instalada de generación hidráulica,2026-03-01T00:00:00.000+01:00,2026-02-28T23:00:00Z,1330.668,5
1475,Potencia instalada de generación hidráulica,2026-03-01T00:00:00.000+01:00,2026-02-28T23:00:00Z,622.806,4
1475,Potencia instalada de generación hidráulica,2026-04-01T00:00:00.000+02:00,2026-03-31T22:00:00Z,34.533,21
1475,Potencia instalada de generación hidráulica,2026-04-01T00:00:00.000+02:00,2026-03-31T22:00:00Z,52.426,20
1475,Potencia instalada de generación hidráulica,2026-04-01T00:00:00.000+02:00,2026-03-31T22:00:00Z,0.778,19
1475,Potencia instalada de generación hidráulica,2026-04-01T00:00:00.000+02:00,2026-03-31T22:00:00Z,3732.876,17
1475,Potencia instalada de generación hidráulica,2026-04-01T00:00:00.000+02:00,2026-03-31T22:00:00Z,2277.362,16
1475,Potencia instalada de generación hidráulica,2026-04-01T00:00:00.000+02:00,2026-03-31T22:00:00Z,642.047,15
1475,Potencia instalada de generación hidráulica,2026-04-01T00:00:00.000+02:00,2026-03-31T22:00:00Z,236.076,14
1475,Potencia instalada de generación hidráulica,2026-04-01T00:00:00.000+02:00,2026-03-31T22:00:00Z,108.517,13
1475,Potencia instalada de generación hidráulica,2026-04-01T00:00:00.000+02:00,2026-03-31T22:00:00Z,805.66,11
1475,Potencia instalada de generación hidráulica,2026-04-01T00:00:00.000+02:00,2026-03-31T22:00:00Z,178.423,10
1475,Potencia instalada de generación hidráulica,2026-04-01T00:00:00.000+02:00,2026-03-31T22:00:00Z,1915.045,9
1475,Potencia instalada de generación hidráulica,2026-04-01T00:00:00.000+02:00,2026-03-31T22:00:00Z,4397.001,8
1475,Potencia instalada de generación hidráulica,2026-04-01T00:00:00.000+02:00,2026-03-31T22:00:00Z,648.974,7
1475,Potencia instalada de generación hidráulica,2026-04-01T00:00:00.000+02:00,2026-03-31T22:00:00Z,98.597,6
1475,Potencia instalada de generación hidráulica,2026-04-01T00:00:00.000+02:00,2026-03-31T22:00:00Z,1330.668,5
1475,Potencia instalada de generación hidráulica,2026-04-01T00:00:00.000+02:00,2026-03-31T22:00:00Z,622.806,4
1475,Potencia instalada de generación hidráulica,2026-05-01T00:00:00.000+02:00,2026-04-30T22:00:00Z,34.533,21
1475,Potencia instalada de generación hidráulica,2026-05-01T00:00:00.000+02:00,2026-04-30T22:00:00Z,52.426,20
1475,Potencia instalada de generación hidráulica,2026-05-01T00:00:00.000+02:00,2026-04-30T22:00:00Z,0.778,19
1475,Potencia instalada de generación hidráulica,2026-05-01T00:00:00.000+02:00,2026-04-30T22:00:00Z,3732.876,17
1475,Potencia instalada de generación hidráulica,2026-05-01T00:00:00.000+02:00,2026-04-30T22:00:00Z,2277.362,16
1475,Potencia instalada de generación hidráulica,2026-05-01T00:00:00.000+02:00,2026-04-30T22:00:00Z,642.047,15
1475,Potencia instalada de generación hidráulica,2026-05-01T00:00:00.000+02:00,2026-04-30T22:00:00Z,236.076,14
1475,Potencia instalada de generación hidráulica,2026-05-01T00:00:00.000+02:00,2026-04-30T22:00:00Z,108.517,13
1475,Potencia instalada de generación hidráulica,2026-05-01T00:00:00.000+02:00,2026-04-30T22:00:00Z,178.423,10
1475,Potencia instalada de generación hidráulica,2026-05-01T00:00:00.000+02:00,2026-04-30T22:00:00Z,1915.045,9
1475,Potencia instalada de generación hidráulica,2026-05-01T00:00:00.000+02:00,2026-04-30T22:00:00Z,4397.061,8
1475,Potencia instalada de generación hidráulica,2026-05-01T00:00:00.000+02:00,2026-04-30T22:00:00Z,648.974,7
1475,Potencia instalada de generación hidráulica,2026-05-01T00:00:00.000+02:00,2026-04-30T22:00:00Z,98.597,6
1475,Potencia instalada de generación hidráulica,2026-05-01T00:00:00.000+02:00,2026-04-30T22:00:00Z,1330.668,5
1475,Potencia instalada de generación hidráulica,2026-05-01T00:00:00.000+02:00,2026-04-30T22:00:00Z,622.806,4
1475,Potencia instalada de generación hidráulica,2026-05-01T00:00:00.000+02:00,2026-04-30T22:00:00Z,805.66,11
1475,Potencia instalada de generación hidráulica,2026-06-01T00:00:00.000+02:00,2026-05-31T22:00:00Z,236.076,14
1475,Potencia instalada de generación hidráulica,2026-06-01T00:00:00.000+02:00,2026-05-31T22:00:00Z,52.426,20
1475,Potencia instalada de generación hidráulica,2026-06-01T00:00:00.000+02:00,2026-05-31T22:00:00Z,0.778,19
1475,Potencia instalada de generación hidráulica,2026-06-01T00:00:00.000+02:00,2026-05-31T22:00:00Z,3731.666,17
1475,Potencia instalada de generación hidráulica,2026-06-01T00:00:00.000+02:00,2026-05-31T22:00:00Z,34.533,21
1475,Potencia instalada de generación hidráulica,2026-06-01T00:00:00.000+02:00,2026-05-31T22:00:00Z,2277.362,16
1475,Potencia instalada de generación hidráulica,2026-06-01T00:00:00.000+02:00,2026-05-31T22:00:00Z,642.047,15
1475,Potencia instalada de generación hidráulica,2026-06-01T00:00:00.000+02:00,2026-05-31T22:00:00Z,108.517,13
1475,Potencia instalada de generación hidráulica,2026-06-01T00:00:00.000+02:00,2026-05-31T22:00:00Z,648.974,7
1475,Potencia instalada de generación hidráulica,2026-06-01T00:00:00.000+02:00,2026-05-31T22:00:00Z,178.423,10
1475,Potencia instalada de generación hidráulica,2026-06-01T00:00:00.000+02:00,2026-05-31T22:00:00Z,1915.045,9
1475,Potencia instalada de generación hidráulica,2026-06-01T00:00:00.000+02:00,2026-05-31T22:00:00Z,4397.061,8
1475,Potencia instalada de generación hidráulica,2026-06-01T00:00:00.000+02:00,2026-05-31T22:00:00Z,98.597,6
1475,Potencia instalada de generación hidráulica,2026-06-01T00:00:00.000+02:00,2026-05-31T22:00:00Z,1330.668,5
1475,Potencia instalada de generación hidráulica,2026-06-01T00:00:00.000+02:00,2026-05-31T22:00:00Z,622.806,4
1475,Potencia instalada de generación hidráulica,2026-06-01T00:00:00.000+02:00,2026-05-31T22:00:00Z,805.66,11
1475,Potencia instalada de generación hidráulica,2026-07-01T00:00:00.000+02:00,2026-06-30T22:00:00Z,34.533,21
1475,Potencia instalada de generación hidráulica,2026-07-01T00:00:00.000+02:00,2026-06-30T22:00:00Z,52.426,20
1475,Potencia instalada de generación hidráulica,2026-07-01T00:00:00.000+02:00,2026-06-30T22:00:00Z,0.778,19
1475,Potencia instalada de generación hidráulica,2026-07-01T00:00:00.000+02:00,2026-06-30T22:00:00Z,3731.666,17
1475,Potencia instalada de generación hidráulica,2026-07-01T00:00:00.000+02:00,2026-06-30T22:00:00Z,2277.362,16
1475,Potencia instalada de generación hidráulica,2026-07-01T00:00:00.000+02:00,2026-06-30T22:00:00Z,642.047,15
1475,Potencia instalada de generación hidráulica,2026-07-01T00:00:00.000+02:00,2026-06-30T22:00:00Z,236.064,14
1475,Potencia instalada de generación hidráulica,2026-07-01T00:00:00.000+02:00,2026-06-30T22:00:00Z,108.517,13
1475,Potencia instalada de generación hidráulica,2026-07-01T00:00:00.000+02:00,2026-06-30T22:00:00Z,178.108,10
1475,Potencia instalada de generación hidráulica,2026-07-01T00:00:00.000+02:00,2026-06-30T22:00:00Z,1915.045,9
1475,Potencia instalada de generación hidráulica,2026-07-01T00:00:00.000+02:00,2026-06-30T22:00:00Z,4397.061,8
1475,Potencia instalada de generación hidráulica,2026-07-01T00:00:00.000+02:00,2026-06-30T22:00:00Z,648.974,7
1475,Potencia instalada de generación hidráulica,2026-07-01T00:00:00.000+02:00,2026-06-30T22:00:00Z,98.597,6
1475,Potencia instalada de generación hidráulica,2026-07-01T00:00:00.000+02:00,2026-06-30T22:00:00Z,1330.668,5
1475,Potencia instalada de generación hidráulica,2026-07-01T00:00:00.000+02:00,2026-06-30T22:00:00Z,622.806,4
1475,Potencia instalada de generación hidráulica,2026-07-01T00:00:00.000+02:00,2026-06-30T22:00:00Z,805.66,11
1475,Potencia instalada de generación hidráulica,2026-08-01T00:00:00.000+02:00,2026-07-31T22:00:00Z,236.064,14
1475,Potencia instalada de generación hidráulica,2026-08-01T00:00:00.000+02:00,2026-07-31T22:00:00Z,52.426,20
1475,Potencia instalada de generación hidráulica,2026-08-01T00:00:00.000+02:00,2026-07-31T22:00:00Z,0.778,19
1475,Potencia instalada de generación hidráulica,2026-08-01T00:00:00.000+02:00,2026-07-31T22:00:00Z,3731.666,17
1475,Potencia instalada de generación hidráulica,2026-08-01T00:00:00.000+02:00,2026-07-31T22:00:00Z,2277.362,16
1475,Potencia instalada de generación hidráulica,2026-08-01T00:00:00.000+02:00,2026-07-31T22:00:00Z,34.533,21
1475,Potencia instalada de generación hidráulica,2026-08-01T00:00:00.000+02:00,2026-07-31T22:00:00Z,642.047,15
1475,Potencia instalada de generación hidráulica,2026-08-01T00:00:00.000+02:00,2026-07-31T22:00:00Z,108.517,13
1475,Potencia instalada de generación hidráulica,2026-08-01T00:00:00.000+02:00,2026-07-31T22:00:00Z,4397.061,8
1475,Potencia instalada de generación hidráulica,2026-08-01T00:00:00.000+02:00,2026-07-31T22:00:00Z,178.108,10
1475,Potencia instalada de generación hidráulica,2026-08-01T00:00:00.000+02:00,2026-07-31T22:00:00Z,1915.045,9
1475,Potencia instalada de generación hidráulica,2026-08-01T00:00:00.000+02:00,2026-07-31T22:00:00Z,648.974,7
1475,Potencia instalada de generación hidráulica,2026-08-01T00:00:00.000+02:00,2026-07-31T22:00:00Z,98.597,6
1475,Potencia instalada de generación hidráulica,2026-08-01T00:00:00.000+02:00,2026-07-31T22:00:00Z,1330.668,5
1475,Potencia instalada de generación hidráulica,2026-08-01T00:00:00.000+02:00,2026-07-31T22:00:00Z,622.806,4
1475,Potencia instalada de generación hidráulica,2026-08-01T00:00:00.000+02:00,2026-07-31T22:00:00Z,805.66,11
1475,Potencia instalada de generación hidráulica,2026-09-01T00:00:00.000+02:00,2026-08-31T22:00:00Z,0.778,19
1475,Potencia instalada de generación hidráulica,2026-09-01T00:00:00.000+02:00,2026-08-31T22:00:00Z,3731.666,17
1475,Potencia instalada de generación hidráulica,2026-09-01T00:00:00.000+02:00,2026-08-31T22:00:00Z,2277.362,16
1475,Potencia instalada de generación hidráulica,2026-09-01T00:00:00.000+02:00,2026-08-31T22:00:00Z,642.047,15
1475,Potencia instalada de generación hidráulica,2026-09-01T00:00:00.000+02:00,2026-08-31T22:00:00Z,236.064,14
1475,Potencia instalada de generación hidráulica,2026-09-01T00:00:00.000+02:00,2026-08-31T22:00:00Z,108.517,13
1475,Potencia instalada de generación hidráulica,2026-09-01T00:00:00.000+02:00,2026-08-31T22:00:00Z,805.66,11
1475,Potencia instalada de generación hidráulica,2026-09-01T00:00:00.000+02:00,2026-08-31T22:00:00Z,4397.061,8
1475,Potencia instalada de generación hidráulica,2026-09-01T00:00:00.000+02:00,2026-08-31T22:00:00Z,1914.893,9
1475,Potencia instalada de generación hidráulica,2026-09-01T00:00:00.000+02:00,2026-08-31T22:00:00Z,648.974,7
1475,Potencia instalada de generación hidráulica,2026-09-01T00:00:00.000+02:00,2026-08-31T22:00:00Z,98.597,6
1475,Potencia instalada de generación hidráulica,2026-09-01T00:00:00.000+02:00,2026-08-31T22:00:00Z,1330.668,5
1475,Potencia instalada de generación hidráulica,2026-09-01T00:00:00.000+02:00,2026-08-31T22:00:00Z,622.806,4
1475,Potencia instalada de generación hidráulica,2026-09-01T00:00:00.000+02:00,2026-08-31T22:00:00Z,52.426,20
1475,Potencia instalada de generación hidráulica,2026-09-01T00:00:00.000+02:00,2026-08-31T22:00:00Z,178.108,10
1475,Potencia instalada de generación hidráulica,2026-09-01T00:00:00.000+02:00,2026-08-31T22:00:00Z,34.533,21
1476,Potencia instalada de turbinación de bombeo,2025-08-01T00:00:00.000+02:00,2025-07-31T22:00:00Z,584.87,4
1476,Potencia instalada de turbinación de bombeo,2025-08-01T00:00:00.000+02:00,2025-07-31T22:00:00Z,219.14,5
1476,Potencia instalada de turbinación de bombeo,2025-08-01T00:00:00.000+02:00,2025-07-31T22:00:00Z,360.6,6
1476,Potencia instalada de turbinación de bombeo,2025-08-01T00:00:00.000+02:00,2025-07-31T22:00:00Z,215.0,7
1476,Potencia instalada de turbinación de bombeo,2025-08-01T00:00:00.000+02:00,2025-07-31T22:00:00Z,439.84,9
1476,Potencia instalada de turbinación de bombeo,2025-08-01T00:00:00.000+02:00,2025-07-31T22:00:00Z,1511.95,15
1476,Potencia instalada de turbinación de bombeo,2025-09-01T00:00:00.000+02:00,2025-08-31T22:00:00Z,1511.95,15
1476,Potencia instalada de turbinación de bombeo,2025-09-01T00:00:00.000+02:00,2025-08-31T22:00:00Z,215.0,7
1476,Potencia instalada de turbinación de bombeo,2025-09-01T00:00:00.000+02:00,2025-08-31T22:00:00Z,439.84,9
1476,Potencia instalada de turbinación de bombeo,2025-09-01T00:00:00.000+02:00,2025-08-31T22:00:00Z,219.14,5
1476,Potencia instalada de turbinación de bombeo,2025-09-01T00:00:00.000+02:00,2025-08-31T22:00:00Z,584.87,4
1476,Potencia instalada de turbinación de bombeo,2025-09-01T00:00:00.000+02:00,2025-08-31T22:00:00Z,360.6,6
1476,Potencia instalada de turbinación de bombeo,2025-10-01T00:00:00.000+02:00,2025-09-30T22:00:00Z,584.87,4
1476,Potencia instalada de turbinación de bombeo,2025-10-01T00:00:00.000+02:00,2025-09-30T22:00:00Z,219.14,5
1476,Potencia instalada de turbinación de bombeo,2025-10-01T00:00:00.000+02:00,2025-09-30T22:00:00Z,360.6,6
1476,Potencia instalada de turbinación de bombeo,2025-10-01T00:00:00.000+02:00,2025-09-30T22:00:00Z,215.0,7
1476,Potencia instalada de turbinación de bombeo,2025-10-01T00:00:00.000+02:00,2025-09-30T22:00:00Z,439.84,9
1476,Potencia instalada de turbinación de bombeo,2025-10-01T00:00:00.000+02:00,2025-09-30T22:00:00Z,1511.95,15
1476,Potencia instalada de turbinación de bombeo,2025-11-01T00:00:00.000+01:00,2025-10-31T23:00:00Z,439.84,9
1476,Potencia instalada de turbinación de bombeo,2025-11-01T00:00:00.000+01:00,2025-10-31T23:00:00Z,1511.95,15
1476,Potencia instalada de turbinación de bombeo,2025-11-01T00:00:00.000+01:00,2025-10-31T23:00:00Z,215.0,7
1476,Potencia instalada de turbinación de bombeo,2025-11-01T00:00:00.000+01:00,2025-10-31T23:00:00Z,584.87,4
1476,Potencia instalada de turbinación de bombeo,2025-11-01T00:00:00.000+01:00,2025-10-31T23:00:00Z,219.14,5
1476,Potencia instalada de turbinación de bombeo,2025-11-01T00:00:00.000+01:00,2025-10-31T23:00:00Z,360.6,6
1476,Potencia instalada de turbinación de bombeo,2025-12-01T00:00:00.000+01:00,2025-11-30T23:00:00Z,584.87,4
1476,Potencia instalada de turbinación de bombeo,2025-12-01T00:00:00.000+01:00,2025-11-30T23:00:00Z,219.14,5
1476,Potencia instalada de turbinación de bombeo,2025-12-01T00:00:00.000+01:00,2025-11-30T23:00:00Z,360.6,6
1476,Potencia instalada de turbinación de bombeo,2025-12-01T00:00:00.000+01:00,2025-11-30T23:00:00Z,215.0,7
1476,Potencia instalada de turbinación de bombeo,2025-12-01T00:00:00.000+01:00,2025-11-30T23:00:00Z,439.84,9
1476,Potencia instalada de turbinación de bombeo,2025-12-01T00:00:00.000+01:00,2025-11-30T23:00:00Z,1511.95,15
1476,Potencia instalada de turbinación de bombeo,2026-01-01T00:00:00.000+01:00,2025-12-31T23:00:00Z,584.87,4
1476,Potencia instalada de turbinación de bombeo,2026-01-01T00:00:00.000+01:00,2025-12-31T23:00:00Z,219.14,5
1476,Potencia instalada de turbinación de bombeo,2026-01-01T00:00:00.000+01:00,2025-12-31T23:00:00Z,360.6,6
1476,Potencia instalada de turbinación de bombeo,2026-01-01T00:00:00.000+01:00,2025-12-31T23:00:00Z,215.0,7
1476,Potencia instalada de turbinación de bombeo,2026-01-01T00:00:00.000+01:00,2025-12-31T23:00:00Z,439.84,9
1476,Potencia instalada de turbinación de bombeo,2026-01-01T00:00:00.000+01:00,2025-12-31T23:00:00Z,1511.95,15
1476,Potencia instalada de turbinación de bombeo,2026-02-01T00:00:00.000+01:00,2026-01-31T23:00:00Z,439.84,9
1476,Potencia instalada de turbinación de bombeo,2026-02-01T00:00:00.000+01:00,2026-01-31T23:00:00Z,215.0,7
1476,Potencia instalada de turbinación de bombeo,2026-02-01T00:00:00.000+01:00,2026-01-31T23:00:00Z,1511.95,15
1476,Potencia instalada de turbinación de bombeo,2026-02-01T00:00:00.000+01:00,2026-01-31T23:00:00Z,219.14,5
1476,Potencia instalada de turbinación de bombeo,2026-02-01T00:00:00.000+01:00,2026-01-31T23:00:00Z,584.87,4
1476,Potencia instalada de turbinación de bombeo,2026-02-01T00:00:00.000+01:00,2026-01-31T23:00:00Z,360.6,6
1476,Potencia instalada de turbinación de bombeo,2026-03-01T00:00:00.000+01:00,2026-02-28T23:00:00Z,584.87,4
1476,Potencia instalada de turbinación de bombeo,2026-03-01T00:00:00.000+01:00,2026-02-28T23:00:00Z,219.14,5
1476,Potencia instalada de turbinación de bombeo,2026-03-01T00:00:00.000+01:00,2026-02-28T23:00:00Z,360.6,6
1476,Potencia instalada de turbinación de bombeo,2026-03-01T00:00:00.000+01:00,2026-02-28T23:00:00Z,215.0,7
1476,Potencia instalada de turbinación de bombeo,2026-03-01T00:00:00.000+01:00,2026-02-28T23:00:00Z,439.84,9
1476,Potencia instalada de turbinación de bombeo,2026-03-01T00:00:00.000+01:00,2026-02-28T23:00:00Z,1511.95,15
1476,Potencia instalada de turbinación de bombeo,2026-04-01T00:00:00.000+02:00,2026-03-31T22:00:00Z,1511.95,15
1476,Potencia instalada de turbinación de bombeo,2026-04-01T00:00:00.000+02:00,2026-03-31T22:00:00Z,439.84,9
1476,Potencia instalada de turbinación de bombeo,2026-04-01T00:00:00.000+02:00,2026-03-31T22:00:00Z,215.0,7
1476,Potencia instalada de turbinación de bombeo,2026-04-01T00:00:00.000+02:00,2026-03-31T22:00:00Z,360.6,6
1476,Potencia instalada de turbinación de bombeo,2026-04-01T00:00:00.000+02:00,2026-03-31T22:00:00Z,584.87,4
1476,Potencia instalada de turbinación de bombeo,2026-04-01T00:00:00.000+02:00,2026-03-31T22:00:00Z,219.14,5
1476,Potencia instalada de turbinación de bombeo,2026-05-01T00:00:00.000+02:00,2026-04-30T22:00:00Z,584.87,4
1476,Potencia instalada de turbinación de bombeo,2026-05-01T00:00:00.000+02:00,2026-04-30T22:00:00Z,219.14,5
1476,Potencia instalada de turbinación de bombeo,2026-05-01T00:00:00.000+02:00,2026-04-30T22:00:00Z,360.6,6
1476,Potencia instalada de turbinación de bombeo,2026-05-01T00:00:00.000+02:00,2026-04-30T22:00:00Z,215.0,7
1476,Potencia instalada de turbinación de bombeo,2026-05-01T00:00:00.000+02:00,2026-04-30T22:00:00Z,439.84,9
1476,Potencia instalada de turbinación de bombeo,2026-05-01T00:00:00.000+02:00,2026-04-30T22:00:00Z,1511.95,15
1476,Potencia instalada de turbinación de bombeo,2026-06-01T00:00:00.000+02:00,2026-05-31T22:00:00Z,1511.95,15
1476,Potencia instalada de turbinación de bombeo,2026-06-01T00:00:00.000+02:00,2026-05-31T22:00:00Z,439.84,9
1476,Potencia instalada de turbinación de bombeo,2026-06-01T00:00:00.000+02:00,2026-05-31T22:00:00Z,215.0,7
1476,Potencia instalada de turbinación de bombeo,2026-06-01T00:00:00.000+02:00,2026-05-31T22:00:00Z,219.14,5
1476,Potencia instalada de turbinación de bombeo,2026-06-01T00:00:00.000+02:00,2026-05-31T22:00:00Z,584.87,4
1476,Potencia instalada de turbinación de bombeo,2026-06-01T00:00:00.000+02:00,2026-05-31T22:00:00Z,360.6,6
1476,Potencia instalada de turbinación de bombeo,2026-07-01T00:00:00.000+02:00,2026-06-30T22:00:00Z,584.87,4
1476,Potencia instalada de turbinación de bombeo,2026-07-01T00:00:00.000+02:00,2026-06-30T22:00:00Z,219.14,5
1476,Potencia instalada de turbinación de bombeo,2026-07-01T00:00:00.000+02:00,2026-06-30T22:00:00Z,360.6,6
1476,Potencia instalada de turbinación de bombeo,2026-07-01T00:00:00.000+02:00,2026-06-30T22:00:00Z,215.0,7
1476,Potencia instalada de turbinación de bombeo,2026-07-01T00:00:00.000+02:00,2026-06-30T22:00:00Z,439.84,9
1476,Potencia instalada de turbinación de bombeo,2026-07-01T00:00:00.000+02:00,2026-06-30T22:00:00Z,1511.95,15
1476,Potencia instalada de turbinación de bombeo,2026-08-01T00:00:00.000+02:00,2026-07-31T22:00:00Z,1511.95,15
1476,Potencia instalada de turbinación de bombeo,2026-08-01T00:00:00.000+02:00,2026-07-31T22:00:00Z,439.84,9
1476,Potencia instalada de turbinación de bombeo,2026-08-01T00:00:00.000+02:00,2026-07-31T22:00:00Z,215.0,7
1476,Potencia instalada de turbinación de bombeo,2026-08-01T00:00:00.000+02:00,2026-07-31T22:00:00Z,219.14,5
1476,Potencia instalada de turbinación de bombeo,2026-08-01T00:00:00.000+02:00,2026-07-31T22:00:00Z,584.87,4
1476,Potencia instalada de turbinación de bombeo,2026-08-01T00:00:00.000+02:00,2026-07-31T22:00:00Z,360.6,6
1476,Potencia instalada de turbinación de bombeo,2026-09-01T00:00:00.000+02:00,2026-08-31T22:00:00Z,439.84,9
1476,Potencia instalada de turbinación de bombeo,2026-09-01T00:00:00.000+02:00,2026-08-31T22:00:00Z,584.87,4
1476,Potencia instalada de turbinación de bombeo,2026-09-01T00:00:00.000+02:00,2026-08-31T22:00:00Z,219.14,5
1476,Potencia instalada de turbinación de bombeo,2026-09-01T00:00:00.000+02:00,2026-08-31T22:00:00Z,360.6,6
1476,Potencia instalada de turbinación de bombeo,2026-09-01T00:00:00.000+02:00,2026-08-31T22:00:00Z,215.0,7
1476,Potencia instalada de turbinación de bombeo,2026-09-01T00:00:00.000+02:00,2026-08-31T22:00:00Z,1511.95,15
1477,Potencia instalada de generación nuclear,2025-08-01T00:00:00.000+02:00,2025-07-31T22:00:00Z,1003.41,7
1477,Potencia instalada de generación nuclear,2025-08-01T00:00:00.000+02:00,2025-07-31T22:00:00Z,3032.81,9
1477,Potencia instalada de generación nuclear,2025-08-01T00:00:00.000+02:00,2025-07-31T22:00:00Z,1063.94,15
1477,Potencia instalada de generación nuclear,2025-08-01T00:00:00.000+02:00,2025-07-31T22:00:00Z,2017.13,16
1477,Potencia instalada de generación nuclear,2025-09-01T00:00:00.000+02:00,2025-08-31T22:00:00Z,1003.41,7
1477,Potencia instalada de generación nuclear,2025-09-01T00:00:00.000+02:00,2025-08-31T22:00:00Z,3032.81,9
1477,Potencia instalada de generación nuclear,2025-09-01T00:00:00.000+02:00,2025-08-31T22:00:00Z,1063.94,15
1477,Potencia instalada de generación nuclear,2025-09-01T00:00:00.000+02:00,2025-08-31T22:00:00Z,2017.13,16
1477,Potencia instalada de generación nuclear,2025-10-01T00:00:00.000+02:00,2025-09-30T22:00:00Z,1003.41,7
1477,Potencia instalada de generación nuclear,2025-10-01T00:00:00.000+02:00,2025-09-30T22:00:00Z,3032.81,9
1477,Potencia instalada de generación nuclear,2025-10-01T00:00:00.000+02:00,2025-09-30T22:00:00Z,1063.94,15
1477,Potencia instalada de generación nuclear,2025-10-01T00:00:00.000+02:00,2025-09-30T22:00:00Z,2017.13,16
1477,Potencia instalada de generación nuclear,2025-11-01T00:00:00.000+01:00,2025-10-31T23:00:00Z,2017.13,16
1477,Potencia instalada de generación nuclear,2025-11-01T00:00:00.000+01:00,2025-10-31T23:00:00Z,1063.94,15
1477,Potencia instalada de generación nuclear,2025-11-01T00:00:00.000+01:00,2025-10-31T23:00:00Z,1003.41,7
1477,Potencia instalada de generación nuclear,2025-11-01T00:00:00.000+01:00,2025-10-31T23:00:00Z,3032.81,9
1477,Potencia instalada de generación nuclear,2025-12-01T00:00:00.000+01:00,2025-11-30T23:00:00Z,1003.41,7
1477,Potencia instalada de generación nuclear,2025-12-01T00:00:00.000+01:00,2025-11-30T23:00:00Z,3032.81,9
1477,Potencia instalada de generación nuclear,2025-12-01T00:00:00.000+01:00,2025-11-30T23:00:00Z,1063.94,15
1477,Potencia instalada de generación nuclear,2025-12-01T00:00:00.000+01:00,2025-11-30T23:00:00Z,2017.13,16
1477,Potencia instalada de generación nuclear,2026-01-01T00:00:00.000+01:00,2025-12-31T23:00:00Z,2017.13,16
1477,Potencia instalada de generación nuclear,2026-01-01T00:00:00.000+01:00,2025-12-31T23:00:00Z,1003.41,7
1477,Potencia instalada de generación nuclear,2026-01-01T00:00:00.000+01:00,2025-12-31T23:00:00Z,3032.81,9
1477,Potencia instalada de generación nuclear,2026-01-01T00:00:00.000+01:00,2025-12-31T23:00:00Z,1063.94,15
1477,Potencia instalada de generación nuclear,2026-02-01T00:00:00.000+01:00,2026-01-31T23:00:00Z,1063.94,15
1477,Potencia instalada de generación nuclear,2026-02-01T00:00:00.000+01:00,2026-01-31T23:00:00Z,2017.13,16
1477,Potencia instalada de generación nuclear,2026-02-01T00:00:00.000+01:00,2026-01-31T23:00:00Z,1003.41,7
1477,Potencia instalada de generación nuclear,2026-02-01T00:00:00.000+01:00,2026-01-31T23:00:00Z,3032.81,9
1477,Potencia instalada de generación nuclear,2026-03-01T00:00:00.000+01:00,2026-02-28T23:00:00Z,1003.41,7
1477,Potencia instalada de generación nuclear,2026-03-01T00:00:00.000+01:00,2026-02-28T23:00:00Z,3032.81,9
1477,Potencia instalada de generación nuclear,2026-03-01T00:00:00.000+01:00,2026-02-28T23:00:00Z,1063.94,15
1477,Potencia instalada de generación nuclear,2026-03-01T00:00:00.000+01:00,2026-02-28T23:00:00Z,2017.13,16
1477,Potencia instalada de generación nuclear,2026-04-01T00:00:00.000+02:00,2026-03-31T22:00:00Z,1003.41,7
1477,Potencia instalada de generación nuclear,2026-04-01T00:00:00.000+02:00,2026-03-31T22:00:00Z,3032.81,9
1477,Potencia instalada de generación nuclear,2026-04-01T00:00:00.000+02:00,2026-03-31T22:00:00Z,1063.94,15
1477,Potencia instalada de generación nuclear,2026-04-01T00:00:00.000+02:00,2026-03-31T22:00:00Z,2017.13,16
1477,Potencia instalada de generación nuclear,2026-05-01T00:00:00.000+02:00,2026-04-30T22:00:00Z,1003.41,7
1477,Potencia instalada de generación nuclear,2026-05-01T00:00:00.000+02:00,2026-04-30T22:00:00Z,3032.81,9
1477,Potencia instalada de generación nuclear,2026-05-01T00:00:00.000+02:00,2026-04-30T22:00:00Z,1063.94,15
1477,Potencia instalada de generación nuclear,2026-05-01T00:00:00.000+02:00,2026-04-30T22:00:00Z,2017.13,16
1477,Potencia instalada de generación nuclear,2026-06-01T00:00:00.000+02:00,2026-05-31T22:00:00Z,2017.13,16
1477,Potencia instalada de generación nuclear,2026-06-01T00:00:00.000+02:00,2026-05-31T22:00:00Z,1063.94,15
1477,Potencia instalada de generación nuclear,2026-06-01T00:00:00.000+02:00,2026-05-31T22:00:00Z,1003.41,7
1477,Potencia instalada de generación nuclear,2026-06-01T00:00:00.000+02:00,2026-05-31T22:00:00Z,3032.81,9
1477,Potencia instalada de generación nuclear,2026-07-01T00:00:00.000+02:00,2026-06-30T22:00:00Z,1003.41,7
1477,Potencia instalada de generación nuclear,2026-07-01T00:00:00.000+02:00,2026-06-30T22:00:00Z,3032.81,9
1477,Potencia instalada de generación nuclear,2026-07-01T00:00:00.000+02:00,2026-06-30T22:00:00Z,1063.94,15
1477,Potencia instalada de generación nuclear,2026-07-01T00:00:00.000+02:00,2026-06-30T22:00:00Z,2017.13,16
1477,Potencia instalada de generación nuclear,2026-08-01T00:00:00.000+02:00,2026-07-31T22:00:00Z,1003.41,7
1477,Potencia instalada de generación nuclear,2026-08-01T00:00:00.000+02:00,2026-07-31T22:00:00Z,3032.81,9
1477,Potencia instalada de generación nuclear,2026-08-01T00:00:00.000+02:00,2026-07-31T22:00:00Z,1063.94,15
1477,Potencia instalada de generación nuclear,2026-08-01T00:00:00.000+02:00,2026-07-31T22:00:00Z,2017.13,16
1477,Potencia instalada de generación nuclear,2026-09-01T00:00:00.000+02:00,2026-08-31T22:00:00Z,1063.94,15
1477,Potencia instalada de generación nuclear,2026-09-01T00:00:00.000+02:00,2026-08-31T22:00:00Z,1003.41,7
1477,Potencia instalada de generación nuclear,2026-09-01T00:00:00.000+02:00,2026-08-31T22:00:00Z,3032.81,9
1477,Potencia instalada de generación nuclear,2026-09-01T00:00:00.000+02:00,2026-08-31T22:00:00Z,2017.13,16
1478,Potencia instalada de generación carbón,2025-08-01T00:00:00.000+02:00,2025-07-31T22:00:00Z,570.05,4
1478,Potencia instalada de generación carbón,2025-08-01T00:00:00.000+02:00,2025-07-31T22:00:00Z,688.04,11
1478,Potencia instalada de generación carbón,2025-08-01T00:00:00.000+02:00,2025-07-31T22:00:00Z,241.2,18
1478,Potencia instalada de generación carbón,2025-09-01T00:00:00.000+02:00,2025-08-31T22:00:00Z,570.05,4
1478,Potencia instalada de generación carbón,2025-09-01T00:00:00.000+02:00,2025-08-31T22:00:00Z,688.04,11
1478,Potencia instalada de generación carbón,2025-09-01T00:00:00.000+02:00,2025-08-31T22:00:00Z,241.2,18
1478,Potencia instalada de generación carbón,2025-10-01T00:00:00.000+02:00,2025-09-30T22:00:00Z,570.05,4
1478,Potencia instalada de generación carbón,2025-10-01T00:00:00.000+02:00,2025-09-30T22:00:00Z,688.04,11
1478,Potencia instalada de generación carbón,2025-10-01T00:00:00.000+02:00,2025-09-30T22:00:00Z,241.2,18
1478,Potencia instalada de generación carbón,2025-11-01T00:00:00.000+01:00,2025-10-31T23:00:00Z,241.2,18
1478,Potencia instalada de generación carbón,2025-11-01T00:00:00.000+01:00,2025-10-31T23:00:00Z,570.05,4
1478,Potencia instalada de generación carbón,2025-11-01T00:00:00.000+01:00,2025-10-31T23:00:00Z,688.04,11
1478,Potencia instalada de generación carbón,2025-12-01T00:00:00.000+01:00,2025-11-30T23:00:00Z,570.05,4
1478,Potencia instalada de generación carbón,2025-12-01T00:00:00.000+01:00,2025-11-30T23:00:00Z,688.04,11
1478,Potencia instalada de generación carbón,2025-12-01T00:00:00.000+01:00,2025-11-30T23:00:00Z,241.2,18
1478,Potencia instalada de generación carbón,2026-01-01T00:00:00.000+01:00,2025-12-31T23:00:00Z,241.2,18
1478,Potencia instalada de generación carbón,2026-01-01T00:00:00.000+01:00,2025-12-31T23:00:00Z,570.05,4
1478,Potencia instalada de generación carbón,2026-01-01T00:00:00.000+01:00,2025-12-31T23:00:00Z,688.04,11
1478,Potencia instalada de generación carbón,2026-02-01T00:00:00.000+01:00,2026-01-31T23:00:00Z,688.04,11
1478,Potencia instalada de generación carbón,2026-02-01T00:00:00.000+01:00,2026-01-31T23:00:00Z,241.2,18
1478,Potencia instalada de generación carbón,2026-02-01T00:00:00.000+01:00,2026-01-31T23:00:00Z,570.05,4
1478,Potencia instalada de generación carbón,2026-03-01T00:00:00.000+01:00,2026-02-28T23:00:00Z,570.05,4
1478,Potencia instalada de generación carbón,2026-03-01T00:00:00.000+01:00,2026-02-28T23:00:00Z,688.04,11
1478,Potencia instalada de generación carbón,2026-03-01T00:00:00.000+01:00,2026-02-28T23:00:00Z,241.2,18
1478,Potencia instalada de generación carbón,2026-04-01T00:00:00.000+02:00,2026-03-31T22:00:00Z,570.05,4
1478,Potencia instalada de generación carbón,2026-04-01T00:00:00.000+02:00,2026-03-31T22:00:00Z,688.04,11
1478,Potencia instalada de generación carbón,2026-04-01T00:00:00.000+02:00,2026-03-31T22:00:00Z,241.2,18
1478,Potencia instalada de generación carbón,2026-05-01T00:00:00.000+02:00,2026-04-30T22:00:00Z,241.2,18
1478,Potencia instalada de generación carbón,2026-05-01T00:00:00.000+02:00,2026-04-30T22:00:00Z,570.05,4
1478,Potencia instalada de generación carbón,2026-05-01T00:00:00.000+02:00,2026-04-30T22:00:00Z,688.04,11
1478,Potencia instalada de generación carbón,2026-06-01T00:00:00.000+02:00,2026-05-31T22:00:00Z,241.2,18
1478,Potencia instalada de generación carbón,2026-06-01T00:00:00.000+02:00,2026-05-31T22:00:00Z,570.05,4
1478,Potencia instalada de generación carbón,2026-06-01T00:00:00.000+02:00,2026-05-31T22:00:00Z,688.04,11
1478,Potencia instalada de generación carbón,2026-07-01T00:00:00.000+02:00,2026-06-30T22:00:00Z,570.05,4
1478,Potencia instalada de generación carbón,2026-07-01T00:00:00.000+02:00,2026-06-30T22:00:00Z,688.04,11
1478,Potencia instalada de generación carbón,2026-07-01T00:00:00.000+02:00,2026-06-30T22:00:00Z,241.2,18
1478,Potencia instalada de generación carbón,2026-08-01T00:00:00.000+02:00,2026-07-31T22:00:00Z,688.04,11
1478,Potencia instalada de generación carbón,2026-08-01T00:00:00.000+02:00,2026-07-31T22:00:00Z,570.05,4
1478,Potencia instalada de generación carbón,2026-08-01T00:00:00.000+02:00,2026-07-31T22:00:00Z,241.2,18
1478,Potencia instalada de generación carbón,2026-09-01T00:00:00.000+02:00,2026-08-31T22:00:00Z,688.04,11
1478,Potencia instalada de generación carbón,2026-09-01T00:00:00.000+02:00,2026-08-31T22:00:00Z,570.05,4
1478,Potencia instalada de generación carbón,2026-09-01T00:00:00.000+02:00,2026-08-31T22:00:00Z,241.2,18
1479,Potencia instalada de generación motores diesel,2025-08-01T00:00:00.000+02:00,2025-07-31T22:00:00Z,77.52,12
1479,Potencia instalada de generación motores diesel,2025-08-01T00:00:00.000+02:00,2025-07-31T22:00:00Z,139.4,18
1479,Potencia instalada de generación motores diesel,2025-08-01T00:00:00.000+02:00,2025-07-31T22:00:00Z,487.64,19
1479,Potencia instalada de generación motores diesel,2025-08-01T00:00:00.000+02:00,2025-07-31T22:00:00Z,64.11,8746
1479,Potencia instalada de generación motores diesel,2025-09-01T00:00:00.000+02:00,2025-08-31T22:00:00Z,77.52,12
1479,Potencia instalada de generación motores diesel,2025-09-01T00:00:00.000+02:00,2025-08-31T22:00:00Z,139.4,18
1479,Potencia instalada de generación motores diesel,2025-09-01T00:00:00.000+02:00,2025-08-31T22:00:00Z,487.64,19
1479,Potencia instalada de generación motores diesel,2025-09-01T00:00:00.000+02:00,2025-08-31T22:00:00Z,64.11,8746
1479,Potencia instalada de generación motores diesel,2025-10-01T00:00:00.000+02:00,2025-09-30T22:00:00Z,77.52,12
1479,Potencia instalada de generación motores diesel,2025-10-01T00:00:00.000+02:00,2025-09-30T22:00:00Z,139.4,18
1479,Potencia instalada de generación motores diesel,2025-10-01T00:00:00.000+02:00,2025-09-30T22:00:00Z,487.64,19
1479,Potencia instalada de generación motores diesel,2025-10-01T00:00:00.000+02:00,2025-09-30T22:00:00Z,64.11,8746
1479,Potencia instalada de generación motores diesel,2025-11-01T00:00:00.000+01:00,2025-10-31T23:00:00Z,64.11,8746
1479,Potencia instalada de generación motores diesel,2025-11-01T00:00:00.000+01:00,2025-10-31T23:00:00Z,487.64,19
1479,Potencia instalada de generación motores diesel,2025-11-01T00:00:00.000+01:00,2025-10-31T23:00:00Z,77.52,12
1479,Potencia instalada de generación motores diesel,2025-11-01T00:00:00.000+01:00,2025-10-31T23:00:00Z,139.4,18
1479,Potencia instalada de generación motores diesel,2025-12-01T00:00:00.000+01:00,2025-11-30T23:00:00Z,77.52,12
1479,Potencia instalada de generación motores diesel,2025-12-01T00:00:00.000+01:00,2025-11-30T23:00:00Z,139.4,18
1479,Potencia instalada de generación motores diesel,2025-12-01T00:00:00.000+01:00,2025-11-30T23:00:00Z,487.64,19
1479,Potencia instalada de generación motores diesel,2025-12-01T00:00:00.000+01:00,2025-11-30T23:00:00Z,64.11,8746
1479,Potencia instalada de generación motores diesel,2026-01-01T00:00:00.000+01:00,2025-12-31T23:00:00Z,64.11,8746
1479,Potencia instalada de generación motores diesel,2026-01-01T00:00:00.000+01:00,2025-12-31T23:00:00Z,77.52,12
1479,Potencia instalada de generación motores diesel,2026-01-01T00:00:00.000+01:00,2025-12-31T23:00:00Z,139.4,18
1479,Potencia instalada de generación motores diesel,2026-01-01T00:00:00.000+01:00,2025-12-31T23:00:00Z,487.64,19
1479,Potencia instalada de generación motores diesel,2026-02-01T00:00:00.000+01:00,2026-01-31T23:00:00Z,487.64,19
1479,Potencia instalada de generación motores diesel,2026-02-01T00:00:00.000+01:00,2026-01-31T23:00:00Z,64.11,8746
1479,Potencia instalada de generación motores diesel,2026-02-01T00:00:00.000+01:00,2026-01-31T23:00:00Z,77.52,12
1479,Potencia instalada de generación motores diesel,2026-02-01T00:00:00.000+01:00,2026-01-31T23:00:00Z,139.4,18
1479,Potencia instalada de generación motores diesel,2026-03-01T00:00:00.000+01:00,2026-02-28T23:00:00Z,77.52,12
1479,Potencia instalada de generación motores diesel,2026-03-01T00:00:00.000+01:00,2026-02-28T23:00:00Z,139.4,18
1479,Potencia instalada de generación motores diesel,2026-03-01T00:00:00.000+01:00,2026-02-28T23:00:00Z,487.64,19
1479,Potencia instalada de generación motores diesel,2026-03-01T00:00:00.000+01:00,2026-02-28T23:00:00Z,64.11,8746
1479,Potencia instalada de generación motores diesel,2026-04-01T00:00:00.000+02:00,2026-03-31T22:00:00Z,77.52,12
1479,Potencia instalada de generación motores diesel,2026-04-01T00:00:00.000+02:00,2026-03-31T22:00:00Z,139.4,18
1479,Potencia instalada de generación motores diesel,2026-04-01T00:00:00.000+02:00,2026-03-31T22:00:00Z,487.64,19
1479,Potencia instalada de generación motores diesel,2026-04-01T00:00:00.000+02:00,2026-03-31T22:00:00Z,64.11,8746
1479,Potencia instalada de generación motores diesel,2026-05-01T00:00:00.000+02:00,2026-04-30T22:00:00Z,77.52,12
1479,Potencia instalada de generación motores diesel,2026-05-01T00:00:00.000+02:00,2026-04-30T22:00:00Z,139.4,18
1479,Potencia instalada de generación motores diesel,2026-05-01T00:00:00.000+02:00,2026-04-30T22:00:00Z,487.64,19
1479,Potencia instalada de generación motores diesel,2026-05-01T00:00:00.000+02:00,2026-04-30T22:00:00Z,64.11,8746
1479,Potencia instalada de generación motores diesel,2026-06-01T00:00:00.000+02:00,2026-05-31T22:00:00Z,64.11,8746
1479,Potencia instalada de generación motores diesel,2026-06-01T00:00:00.000+02:00,2026-05-31T22:00:00Z,487.64,19
1479,Potencia instalada de generación motores diesel,2026-06-01T00:00:00.000+02:00,2026-05-31T22:00:00Z,77.52,12
1479,Potencia instalada de generación motores diesel,2026-06-01T00:00:00.000+02:00,2026-05-31T22:00:00Z,139.4,18
1479,Potencia instalada de generación motores diesel,2026-07-01T00:00:00.000+02:00,2026-06-30T22:00:00Z,77.52,12
1479,Potencia instalada de generación motores diesel,2026-07-01T00:00:00.000+02:00,2026-06-30T22:00:00Z,139.4,18
1479,Potencia instalada de generación motores diesel,2026-07-01T00:00:00.000+02:00,2026-06-30T22:00:00Z,487.64,19
1479,Potencia instalada de generación motores diesel,2026-07-01T00:00:00.000+02:00,2026-06-30T22:00:00Z,64.11,8746
1479,Potencia instalada de generación motores diesel,2026-08-01T00:00:00.000+02:00,2026-07-31T22:00:00Z,77.52,12
1479,Potencia instalada de generación motores diesel,2026-08-01T00:00:00.000+02:00,2026-07-31T22:00:00Z,139.4,18
1479,Potencia instalada de generación motores diesel,2026-08-01T00:00:00.000+02:00,2026-07-31T22:00:00Z,487.64,19
1479,Potencia instalada de generación motores diesel,2026-08-01T00:00:00.000+02:00,2026-07-31T22:00:00Z,64.11,8746
1479,Potencia instalada de generación motores diesel,2026-09-01T00:00:00.000+02:00,2026-08-31T22:00:00Z,487.64,19
1479,Potencia instalada de generación motores diesel,2026-09-01T00:00:00.000+02:00,2026-08-31T22:00:00Z,77.52,12
1479,Potencia instalada de generación motores diesel,2026-09-01T00:00:00.000+02:00,2026-08-31T22:00:00Z,139.4,18
1479,Potencia instalada de generación motores diesel,2026-09-01T00:00:00.000+02:00,2026-08-31T22:00:00Z,64.11,8746
1480,Potencia instalada de generación turbina de gas,2025-08-01T00:00:00.000+02:00,2025-07-31T22:00:00Z,13.3,12
1480,Potencia instalada de generación turbina de gas,2025-08-01T00:00:00.000+02:00,2025-07-31T22:00:00Z,591.6,18
1480,Potencia instalada de generación turbina de gas,2025-08-01T00:00:00.000+02:00,2025-07-31T22:00:00Z,520.75,19
1480,Potencia instalada de generación turbina de gas,2025-08-01T00:00:00.000+02:00,2025-07-31T22:00:00Z,11.5,8746
1480,Potencia instalada de generación turbina de gas,2025-09-01T00:00:00.000+02:00,2025-08-31T22:00:00Z,13.3,12
1480,Potencia instalada de generación turbina de gas,2025-09-01T00:00:00.000+02:00,2025-08-31T22:00:00Z,591.6,18
1480,Potencia instalada de generación turbina de gas,2025-09-01T00:00:00.000+02:00,2025-08-31T22:00:00Z,520.75,19
1480,Potencia instalada de generación turbina de gas,2025-09-01T00:00:00.000+02:00,2025-08-31T22:00:00Z,11.5,8746
1480,Potencia instalada de generación turbina de gas,2025-10-01T00:00:00.000+02:00,2025-09-30T22:00:00Z,13.3,12
1480,Potencia instalada de generación turbina de gas,2025-10-01T00:00:00.000+02:00,2025-09-30T22:00:00Z,591.6,18
1480,Potencia instalada de generación turbina de gas,2025-10-01T00:00:00.000+02:00,2025-09-30T22:00:00Z,520.75,19
1480,Potencia instalada de generación turbina de gas,2025-10-01T00:00:00.000+02:00,2025-09-30T22:00:00Z,11.5,8746
1480,Potencia instalada de generación turbina de gas,2025-11-01T00:00:00.000+01:00,2025-10-31T23:00:00Z,11.5,8746
1480,Potencia instalada de generación turbina de gas,2025-11-01T00:00:00.000+01:00,2025-10-31T23:00:00Z,520.75,19
1480,Potencia instalada de generación turbina de gas,2025-11-01T00:00:00.000+01:00,2025-10-31T23:00:00Z,13.3,12
1480,Potencia instalada de generación turbina de gas,2025-11-01T00:00:00.000+01:00,2025-10-31T23:00:00Z,591.6,18
1480,Potencia instalada de generación turbina de gas,2025-12-01T00:00:00.000+01:00,2025-11-30T23:00:00Z,13.3,12
1480,Potencia instalada de generación turbina de gas,2025-12-01T00:00:00.000+01:00,2025-11-30T23:00:00Z,591.6,18
1480,Potencia instalada de generación turbina de gas,2025-12-01T00:00:00.000+01:00,2025-11-30T23:00:00Z,520.75,19
1480,Potencia instalada de generación turbina de gas,2025-12-01T00:00:00.000+01:00,2025-11-30T23:00:00Z,11.5,8746
1480,Potencia instalada de generación turbina de gas,2026-01-01T00:00:00.000+01:00,2025-12-31T23:00:00Z,11.5,8746
1480,Potencia instalada de generación turbina de gas,2026-01-01T00:00:00.000+01:00,2025-12-31T23:00:00Z,13.3,12
1480,Potencia instalada de generación turbina de gas,2026-01-01T00:00:00.000+01:00,2025-12-31T23:00:00Z,591.6,18
1480,Potencia instalada de generación turbina de gas,2026-01-01T00:00:00.000+01:00,2025-12-31T23:00:00Z,520.75,19
1480,Potencia instalada de generación turbina de gas,2026-02-01T00:00:00.000+01:00,2026-01-31T23:00:00Z,520.75,19
1480,Potencia instalada de generación turbina de gas,2026-02-01T00:00:00.000+01:00,2026-01-31T23:00:00Z,11.5,8746
1480,Potencia instalada de generación turbina de gas,2026-02-01T00:00:00.000+01:00,2026-01-31T23:00:00Z,13.3,12
1480,Potencia instalada de generación turbina de gas,2026-02-01T00:00:00.000+01:00,2026-01-31T23:00:00Z,591.6,18
1480,Potencia instalada de generación turbina de gas,2026-03-01T00:00:00.000+01:00,2026-02-28T23:00:00Z,13.3,12
1480,Potencia instalada de generación turbina de gas,2026-03-01T00:00:00.000+01:00,2026-02-28T23:00:00Z,591.6,18
1480,Potencia instalada de generación turbina de gas,2026-03-01T00:00:00.000+01:00,2026-02-28T23:00:00Z,520.75,19
1480,Potencia instalada de generación turbina de gas,2026-03-01T00:00:00.000+01:00,2026-02-28T23:00:00Z,11.5,8746
1480,Potencia instalada de generación turbina de gas,2026-04-01T00:00:00.000+02:00,2026-03-31T22:00:00Z,13.3,12
1480,Potencia instalada de generación turbina de gas,2026-04-01T00:00:00.000+02:00,2026-03-31T22:00:00Z,591.6,18
1480,Potencia instalada de generación turbina de gas,2026-04-01T00:00:00.000+02:00,2026-03-31T22:00:00Z,520.75,19
1480,Potencia instalada de generación turbina de gas,2026-04-01T00:00:00.000+02:00,2026-03-31T22:00:00Z,11.5,8746
1480,Potencia instalada de generación turbina de gas,2026-05-01T00:00:00.000+02:00,2026-04-30T22:00:00Z,13.3,12
1480,Potencia instalada de generación turbina de gas,2026-05-01T00:00:00.000+02:00,2026-04-30T22:00:00Z,591.6,18
1480,Potencia instalada de generación turbina de gas,2026-05-01T00:00:00.000+02:00,2026-04-30T22:00:00Z,520.75,19
1480,Potencia instalada de generación turbina de gas,2026-05-01T00:00:00.000+02:00,2026-04-30T22:00:00Z,11.5,8746
1480,Potencia instalada de generación turbina de gas,2026-06-01T00:00:00.000+02:00,2026-05-31T22:00:00Z,11.5,8746
1480,Potencia instalada de generación turbina de gas,2026-06-01T00:00:00.000+02:00,2026-05-31T22:00:00Z,520.75,19
1480,Potencia instalada de generación turbina de gas,2026-06-01T00:00:00.000+02:00,2026-05-31T22:00:00Z,13.3,12
1480,Potencia instalada de generación turbina de gas,2026-06-01T00:00:00.000+02:00,2026-05-31T22:00:00Z,591.6,18
1480,Potencia instalada de generación turbina de gas,2026-07-01T00:00:00.000+02:00,2026-06-30T22:00:00Z,13.3,12
1480,Potencia instalada de generación turbina de gas,2026-07-01T00:00:00.000+02:00,2026-06-30T22:00:00Z,591.6,18
1480,Potencia instalada de generación turbina de gas,2026-07-01T00:00:00.000+02:00,2026-06-30T22:00:00Z,520.75,19
1480,Potencia instalada de generación turbina de gas,2026-07-01T00:00:00.000+02:00,2026-06-30T22:00:00Z,11.5,8746
1480,Potencia instalada de generación turbina de gas,2026-08-01T00:00:00.000+02:00,2026-07-31T22:00:00Z,13.3,12
1480,Potencia instalada de generación turbina de gas,2026-08-01T00:00:00.000+02:00,2026-07-31T22:00:00Z,591.6,18
1480,Potencia instalada de generación turbina de gas,2026-08-01T00:00:00.000+02:00,2026-07-31T22:00:00Z,520.75,19
1480,Potencia instalada de generación turbina de gas,2026-08-01T00:00:00.000+02:00,2026-07-31T22:00:00Z,11.5,8746
1480,Potencia instalada de generación turbina de gas,2026-09-01T00:00:00.000+02:00,2026-08-31T22:00:00Z,520.75,19
1480,Potencia instalada de generación turbina de gas,2026-09-01T00:00:00.000+02:00,2026-08-31T22:00:00Z,13.3,12
1480,Potencia instalada de generación turbina de gas,2026-09-01T00:00:00.000+02:00,2026-08-31T22:00:00Z,591.6,18
1480,Potencia instalada de generación turbina de gas,2026-09-01T00:00:00.000+02:00,2026-08-31T22:00:00Z,11.5,8746
1481,Potencia instalada de generación turbina de vapor,2025-08-01T00:00:00.000+02:00,2025-07-31T22:00:00Z,561.885,11
1481,Potencia instalada de generación turbina de vapor,2025-08-01T00:00:00.000+02:00,2025-07-31T22:00:00Z,482.64,19
1481,Potencia instalada de generación turbina de vapor,2025-09-01T00:00:00.000+02:00,2025-08-31T22:00:00Z,561.885,11
1481,Potencia instalada de generación turbina de vapor,2025-09-01T00:00:00.000+02:00,2025-08-31T22:00:00Z,482.64,19
1481,Potencia instalada de generación turbina de vapor,2025-10-01T00:00:00.000+02:00,2025-09-30T22:00:00Z,561.885,11
1481,Potencia instalada de generación turbina de vapor,2025-10-01T00:00:00.000+02:00,2025-09-30T22:00:00Z,482.64,19
1481,Potencia instalada de generación turbina de vapor,2025-11-01T00:00:00.000+01:00,2025-10-31T23:00:00Z,561.885,11
1481,Potencia instalada de generación turbina de vapor,2025-11-01T00:00:00.000+01:00,2025-10-31T23:00:00Z,482.64,19
1481,Potencia instalada de generación turbina de vapor,2025-12-01T00:00:00.000+01:00,2025-11-30T23:00:00Z,561.885,11
1481,Potencia instalada de generación turbina de vapor,2025-12-01T00:00:00.000+01:00,2025-11-30T23:00:00Z,482.64,19
1481,Potencia instalada de generación turbina de vapor,2026-01-01T00:00:00.000+01:00,2025-12-31T23:00:00Z,561.885,11
1481,Potencia instalada de generación turbina de vapor,2026-01-01T00:00:00.000+01:00,2025-12-31T23:00:00Z,482.64,19
1481,Potencia instalada de generación turbina de vapor,2026-02-01T00:00:00.000+01:00,2026-01-31T23:00:00Z,482.64,19
1481,Potencia instalada de generación turbina de vapor,2026-02-01T00:00:00.000+01:00,2026-01-31T23:00:00Z,561.885,11
1481,Potencia instalada de generación turbina de vapor,2026-03-01T00:00:00.000+01:00,2026-02-28T23:00:00Z,561.885,11
1481,Potencia instalada de generación turbina de vapor,2026-03-01T00:00:00.000+01:00,2026-02-28T23:00:00Z,482.64,19
1481,Potencia instalada de generación turbina de vapor,2026-04-01T00:00:00.000+02:00,2026-03-31T22:00:00Z,561.885,11
1481,Potencia instalada de generación turbina de vapor,2026-04-01T00:00:00.000+02:00,2026-03-31T22:00:00Z,482.64,19
1481,Potencia instalada de generación turbina de vapor,2026-05-01T00:00:00.000+02:00,2026-04-30T22:00:00Z,561.885,11
1481,Potencia instalada de generación turbina de vapor,2026-05-01T00:00:00.000+02:00,2026-04-30T22:00:00Z,482.64,19
1481,Potencia instalada de generación turbina de vapor,2026-06-01T00:00:00.000+02:00,2026-05-31T22:00:00Z,561.885,11
1481,Potencia instalada de generación turbina de vapor,2026-06-01T00:00:00.000+02:00,2026-05-31T22:00:00Z,482.64,19
1481,Potencia instalada de generación turbina de vapor,2026-07-01T00:00:00.000+02:00,2026-06-30T22:00:00Z,561.885,11
1481,Potencia instalada de generación turbina de vapor,2026-07-01T00:00:00.000+02:00,2026-06-30T22:00:00Z,482.64,19
1481,Potencia instalada de generación turbina de vapor,2026-08-01T00:00:00.000+02:00,2026-07-31T22:00:00Z,561.885,11
1481,Potencia instalada de generación turbina de vapor,2026-08-01T00:00:00.000+02:00,2026-07-31T22:00:00Z,482.64,19
1481,Potencia instalada de generación turbina de vapor,2026-09-01T00:00:00.000+02:00,2026-08-31T22:00:00Z,561.885,11
1481,Potencia instalada de generación turbina de vapor,2026-09-01T00:00:00.000+02:00,2026-08-31T22:00:00Z,482.64,19
1482,Potencia instalada de generación fuel,2025-08-01T00:00:00.000+02:00,2025-07-31T22:00:00Z,7.95,15
1482,Potencia instalada de generación fuel,2025-09-01T00:00:00.000+02:00,2025-08-31T22:00:00Z,7.95,15
1482,Potencia instalada de generación fuel,2025-10-01T00:00:00.000+02:00,2025-09-30T22:00:00Z,7.95,15
1482,Potencia instalada de generación fuel,2025-11-01T00:00:00.000+01:00,2025-10-31T23:00:00Z,7.95,15
1482,Potencia instalada de generación fuel,2025-12-01T00:00:00.000+01:00,2025-11-30T23:00:00Z,7.95,15
1482,Potencia instalada de generación fuel,2026-01-01T00:00:00.000+01:00,2025-12-31T23:00:00Z,7.95,15
1482,Potencia instalada de generación fuel,2026-02-01T00:00:00.000+01:00,2026-01-31T23:00:00Z,7.95,15
1482,Potencia instalada de generación fuel,2026-03-01T00:00:00.000+01:00,2026-02-28T23:00:00Z,7.95,15
1482,Potencia instalada de generación fuel,2026-04-01T00:00:00.000+02:00,2026-03-31T22:00:00Z,7.95,15
1482,Potencia instalada de generación fuel,2026-05-01T00:00:00.000+02:00,2026-04-30T22:00:00Z,7.95,15
1482,Potencia instalada de generación fuel,2026-06-01T00:00:00.000+02:00,2026-05-31T22:00:00Z,7.95,15
1482,Potencia instalada de generación fuel,2026-07-01T00:00:00.000+02:00,2026-06-30T22:00:00Z,7.95,15
1482,Potencia instalada de generación fuel,2026-08-01T00:00:00.000+02:00,2026-07-31T22:00:00Z,7.95,15
1482,Potencia instalada de generación fuel,2026-09-01T00:00:00.000+02:00,2026-08-31T22:00:00Z,7.95,15
1483,Potencia instalada de generación ciclo combinado,2025-08-01T00:00:00.000+02:00,2025-07-31T22:00:00Z,5951.715,4
1483,Potencia instalada de generación ciclo combinado,2025-08-01T00:00:00.000+02:00,2025-07-31T22:00:00Z,3263.71,21
1483,Potencia instalada de generación ciclo combinado,2025-08-01T00:00:00.000+02:00,2025-07-31T22:00:00Z,784.7,20
1483,Potencia instalada de generación ciclo combinado,2025-08-01T00:00:00.000+02:00,2025-07-31T22:00:00Z,865.4,19
1483,Potencia instalada de generación ciclo combinado,2025-08-01T00:00:00.000+02:00,2025-07-31T22:00:00Z,1246.98,17
1483,Potencia instalada de generación ciclo combinado,2025-08-01T00:00:00.000+02:00,2025-07-31T22:00:00Z,2853.54,15
1483,Potencia instalada de generación ciclo combinado,2025-08-01T00:00:00.000+02:00,2025-07-31T22:00:00Z,822.9,18
1483,Potencia instalada de generación ciclo combinado,2025-08-01T00:00:00.000+02:00,2025-07-31T22:00:00Z,854.17,11
1483,Potencia instalada de generación ciclo combinado,2025-08-01T00:00:00.000+02:00,2025-07-31T22:00:00Z,1968.07,10
1483,Potencia instalada de generación ciclo combinado,2025-08-01T00:00:00.000+02:00,2025-07-31T22:00:00Z,3788.23,9
1483,Potencia instalada de generación ciclo combinado,2025-08-01T00:00:00.000+02:00,2025-07-31T22:00:00Z,758.74,7
1483,Potencia instalada de generación ciclo combinado,2025-08-01T00:00:00.000+02:00,2025-07-31T22:00:00Z,1869.67,5
1483,Potencia instalada de generación ciclo combinado,2025-08-01T00:00:00.000+02:00,2025-07-31T22:00:00Z,1222.32,14
1483,Potencia instalada de generación ciclo combinado,2025-09-01T00:00:00.000+02:00,2025-08-31T22:00:00Z,2853.54,15
1483,Potencia instalada de generación ciclo combinado,2025-09-01T00:00:00.000+02:00,2025-08-31T22:00:00Z,3263.71,21
1483,Potencia instalada de generación ciclo combinado,2025-09-01T00:00:00.000+02:00,2025-08-31T22:00:00Z,784.7,20
1483,Potencia instalada de generación ciclo combinado,2025-09-01T00:00:00.000+02:00,2025-08-31T22:00:00Z,865.4,19
1483,Potencia instalada de generación ciclo combinado,2025-09-01T00:00:00.000+02:00,2025-08-31T22:00:00Z,1246.98,17
1483,Potencia instalada de generación ciclo combinado,2025-09-01T00:00:00.000+02:00,2025-08-31T22:00:00Z,1222.32,14
1483,Potencia instalada de generación ciclo combinado,2025-09-01T00:00:00.000+02:00,2025-08-31T22:00:00Z,822.9,18
1483,Potencia instalada de generación ciclo combinado,2025-09-01T00:00:00.000+02:00,2025-08-31T22:00:00Z,1968.07,10
1483,Potencia instalada de generación ciclo combinado,2025-09-01T00:00:00.000+02:00,2025-08-31T22:00:00Z,3788.23,9
1483,Potencia instalada de generación ciclo combinado,2025-09-01T00:00:00.000+02:00,2025-08-31T22:00:00Z,758.74,7
1483,Potencia instalada de generación ciclo combinado,2025-09-01T00:00:00.000+02:00,2025-08-31T22:00:00Z,1869.67,5
1483,Potencia instalada de generación ciclo combinado,2025-09-01T00:00:00.000+02:00,2025-08-31T22:00:00Z,5951.715,4
1483,Potencia instalada de generación ciclo combinado,2025-09-01T00:00:00.000+02:00,2025-08-31T22:00:00Z,854.17,11
1483,Potencia instalada de generación ciclo combinado,2025-10-01T00:00:00.000+02:00,2025-09-30T22:00:00Z,3263.71,21
1483,Potencia instalada de generación ciclo combinado,2025-10-01T00:00:00.000+02:00,2025-09-30T22:00:00Z,784.7,20
1483,Potencia instalada de generación ciclo combinado,2025-10-01T00:00:00.000+02:00,2025-09-30T22:00:00Z,865.4,19
1483,Potencia instalada de generación ciclo combinado,2025-10-01T00:00:00.000+02:00,2025-09-30T22:00:00Z,822.9,18
1483,Potencia instalada de generación ciclo combinado,2025-10-01T00:00:00.000+02:00,2025-09-30T22:00:00Z,1246.98,17
1483,Potencia instalada de generación ciclo combinado,2025-10-01T00:00:00.000+02:00,2025-09-30T22:00:00Z,2853.54,15
1483,Potencia instalada de generación ciclo combinado,2025-10-01T00:00:00.000+02:00,2025-09-30T22:00:00Z,1222.32,14
1483,Potencia instalada de generación ciclo combinado,2025-10-01T00:00:00.000+02:00,2025-09-30T22:00:00Z,1968.07,10
1483,Potencia instalada de generación ciclo combinado,2025-10-01T00:00:00.000+02:00,2025-09-30T22:00:00Z,3788.23,9
1483,Potencia instalada de generación ciclo combinado,2025-10-01T00:00:00.000+02:00,2025-09-30T22:00:00Z,758.74,7
1483,Potencia instalada de generación ciclo combinado,2025-10-01T00:00:00.000+02:00,2025-09-30T22:00:00Z,1869.67,5
1483,Potencia instalada de generación ciclo combinado,2025-10-01T00:00:00.000+02:00,2025-09-30T22:00:00Z,5951.715,4
1483,Potencia instalada de generación ciclo combinado,2025-10-01T00:00:00.000+02:00,2025-09-30T22:00:00Z,854.17,11
1483,Potencia instalada de generación ciclo combinado,2025-11-01T00:00:00.000+01:00,2025-10-31T23:00:00Z,1246.98,17
1483,Potencia instalada de generación ciclo combinado,2025-11-01T00:00:00.000+01:00,2025-10-31T23:00:00Z,3263.71,21
1483,Potencia instalada de generación ciclo combinado,2025-11-01T00:00:00.000+01:00,2025-10-31T23:00:00Z,784.7,20
1483,Potencia instalada de generación ciclo combinado,2025-11-01T00:00:00.000+01:00,2025-10-31T23:00:00Z,865.4,19
1483,Potencia instalada de generación ciclo combinado,2025-11-01T00:00:00.000+01:00,2025-10-31T23:00:00Z,822.9,18
1483,Potencia instalada de generación ciclo combinado,2025-11-01T00:00:00.000+01:00,2025-10-31T23:00:00Z,2853.54,15
1483,Potencia instalada de generación ciclo combinado,2025-11-01T00:00:00.000+01:00,2025-10-31T23:00:00Z,758.74,7
1483,Potencia instalada de generación ciclo combinado,2025-11-01T00:00:00.000+01:00,2025-10-31T23:00:00Z,854.17,11
1483,Potencia instalada de generación ciclo combinado,2025-11-01T00:00:00.000+01:00,2025-10-31T23:00:00Z,1968.07,10
1483,Potencia instalada de generación ciclo combinado,2025-11-01T00:00:00.000+01:00,2025-10-31T23:00:00Z,3788.23,9
1483,Potencia instalada de generación ciclo combinado,2025-11-01T00:00:00.000+01:00,2025-10-31T23:00:00Z,1222.32,14
1483,Potencia instalada de generación ciclo combinado,2025-11-01T00:00:00.000+01:00,2025-10-31T23:00:00Z,1869.67,5
1483,Potencia instalada de generación ciclo combinado,2025-11-01T00:00:00.000+01:00,2025-10-31T23:00:00Z,5951.715,4
1483,Potencia instalada de generación ciclo combinado,2025-12-01T00:00:00.000+01:00,2025-11-30T23:00:00Z,784.7,20
1483,Potencia instalada de generación ciclo combinado,2025-12-01T00:00:00.000+01:00,2025-11-30T23:00:00Z,865.4,19
1483,Potencia instalada de generación ciclo combinado,2025-12-01T00:00:00.000+01:00,2025-11-30T23:00:00Z,822.9,18
1483,Potencia instalada de generación ciclo combinado,2025-12-01T00:00:00.000+01:00,2025-11-30T23:00:00Z,1246.98,17
1483,Potencia instalada de generación ciclo combinado,2025-12-01T00:00:00.000+01:00,2025-11-30T23:00:00Z,2853.54,15
1483,Potencia instalada de generación ciclo combinado,2025-12-01T00:00:00.000+01:00,2025-11-30T23:00:00Z,1222.32,14
1483,Potencia instalada de generación ciclo combinado,2025-12-01T00:00:00.000+01:00,2025-11-30T23:00:00Z,3263.71,21
1483,Potencia instalada de generación ciclo combinado,2025-12-01T00:00:00.000+01:00,2025-11-30T23:00:00Z,1968.07,10
1483,Potencia instalada de generación ciclo combinado,2025-12-01T00:00:00.000+01:00,2025-11-30T23:00:00Z,3788.23,9
1483,Potencia instalada de generación ciclo combinado,2025-12-01T00:00:00.000+01:00,2025-11-30T23:00:00Z,758.74,7
1483,Potencia instalada de generación ciclo combinado,2025-12-01T00:00:00.000+01:00,2025-11-30T23:00:00Z,1869.67,5
1483,Potencia instalada de generación ciclo combinado,2025-12-01T00:00:00.000+01:00,2025-11-30T23:00:00Z,5951.715,4
1483,Potencia instalada de generación ciclo combinado,2025-12-01T00:00:00.000+01:00,2025-11-30T23:00:00Z,854.17,11
1483,Potencia instalada de generación ciclo combinado,2026-01-01T00:00:00.000+01:00,2025-12-31T23:00:00Z,3263.71,21
1483,Potencia instalada de generación ciclo combinado,2026-01-01T00:00:00.000+01:00,2025-12-31T23:00:00Z,784.7,20
1483,Potencia instalada de generación ciclo combinado,2026-01-01T00:00:00.000+01:00,2025-12-31T23:00:00Z,865.4,19
1483,Potencia instalada de generación ciclo combinado,2026-01-01T00:00:00.000+01:00,2025-12-31T23:00:00Z,822.9,18
1483,Potencia instalada de generación ciclo combinado,2026-01-01T00:00:00.000+01:00,2025-12-31T23:00:00Z,1246.98,17
1483,Potencia instalada de generación ciclo combinado,2026-01-01T00:00:00.000+01:00,2025-12-31T23:00:00Z,2853.54,15
1483,Potencia instalada de generación ciclo combinado,2026-01-01T00:00:00.000+01:00,2025-12-31T23:00:00Z,1222.32,14
1483,Potencia instalada de generación ciclo combinado,2026-01-01T00:00:00.000+01:00,2025-12-31T23:00:00Z,1968.07,10
1483,Potencia instalada de generación ciclo combinado,2026-01-01T00:00:00.000+01:00,2025-12-31T23:00:00Z,3788.23,9
1483,Potencia instalada de generación ciclo combinado,2026-01-01T00:00:00.000+01:00,2025-12-31T23:00:00Z,758.74,7
1483,Potencia instalada de generación ciclo combinado,2026-01-01T00:00:00.000+01:00,2025-12-31T23:00:00Z,1869.67,5
1483,Potencia instalada de generación ciclo combinado,2026-01-01T00:00:00.000+01:00,2025-12-31T23:00:00Z,5951.715,4
1483,Potencia instalada de generación ciclo combinado,2026-01-01T00:00:00.000+01:00,2025-12-31T23:00:00Z,854.17,11
1483,Potencia instalada de generación ciclo combinado,2026-02-01T00:00:00.000+01:00,2026-01-31T23:00:00Z,2853.54,15
1483,Potencia instalada de generación ciclo combinado,2026-02-01T00:00:00.000+01:00,2026-01-31T23:00:00Z,784.7,20
1483,Potencia instalada de generación ciclo combinado,2026-02-01T00:00:00.000+01:00,2026-01-31T23:00:00Z,865.4,19
1483,Potencia instalada de generación ciclo combinado,2026-02-01T00:00:00.000+01:00,2026-01-31T23:00:00Z,822.9,18
1483,Potencia instalada de generación ciclo combinado,2026-02-01T00:00:00.000+01:00,2026-01-31T23:00:00Z,1246.98,17
1483,Potencia instalada de generación ciclo combinado,2026-02-01T00:00:00.000+01:00,2026-01-31T23:00:00Z,1222.32,14
1483,Potencia instalada de generación ciclo combinado,2026-02-01T00:00:00.000+01:00,2026-01-31T23:00:00Z,3263.71,21
1483,Potencia instalada de generación ciclo combinado,2026-02-01T00:00:00.000+01:00,2026-01-31T23:00:00Z,1968.07,10
1483,Potencia instalada de generación ciclo combinado,2026-02-01T00:00:00.000+01:00,2026-01-31T23:00:00Z,3788.23,9
1483,Potencia instalada de generación ciclo combinado,2026-02-01T00:00:00.000+01:00,2026-01-31T23:00:00Z,758.74,7
1483,Potencia instalada de generación ciclo combinado,2026-02-01T00:00:00.000+01:00,2026-01-31T23:00:00Z,1869.67,5
1483,Potencia instalada de generación ciclo combinado,2026-02-01T00:00:00.000+01:00,2026-01-31T23:00:00Z,5951.715,4
1483,Potencia instalada de generación ciclo combinado,2026-02-01T00:00:00.000+01:00,2026-01-31T23:00:00Z,854.17,11
1483,Potencia instalada de generación ciclo combinado,2026-03-01T00:00:00.000+01:00,2026-02-28T23:00:00Z,3263.71,21
1483,Potencia instalada de generación ciclo combinado,2026-03-01T00:00:00.000+01:00,2026-02-28T23:00:00Z,784.7,20
1483,Potencia instalada de generación ciclo combinado,2026-03-01T00:00:00.000+01:00,2026-02-28T23:00:00Z,865.4,19
1483,Potencia instalada de generación ciclo combinado,2026-03-01T00:00:00.000+01:00,2026-02-28T23:00:00Z,822.9,18
1483,Potencia instalada de generación ciclo combinado,2026-03-01T00:00:00.000+01:00,2026-02-28T23:00:00Z,1246.98,17
1483,Potencia instalada de generación ciclo combinado,2026-03-01T00:00:00.000+01:00,2026-02-28T23:00:00Z,2853.54,15
1483,Potencia instalada de generación ciclo combinado,2026-03-01T00:00:00.000+01:00,2026-02-28T23:00:00Z,1222.32,14
1483,Potencia instalada de generación ciclo combinado,2026-03-01T00:00:00.000+01:00,2026-02-28T23:00:00Z,854.17,11
1483,Potencia instalada de generación ciclo combinado,2026-03-01T00:00:00.000+01:00,2026-02-28T23:00:00Z,1968.07,10
1483,Potencia instalada de generación ciclo combinado,2026-03-01T00:00:00.000+01:00,2026-02-28T23:00:00Z,3788.23,9
1483,Potencia instalada de generación ciclo combinado,2026-03-01T00:00:00.000+01:00,2026-02-28T23:00:00Z,758.74,7
1483,Potencia instalada de generación ciclo combinado,2026-03-01T00:00:00.000+01:00,2026-02-28T23:00:00Z,1869.67,5
1483,Potencia instalada de generación ciclo combinado,2026-03-01T00:00:00.000+01:00,2026-02-28T23:00:00Z,5951.715,4
1483,Potencia instalada de generación ciclo combinado,2026-04-01T00:00:00.000+02:00,2026-03-31T22:00:00Z,3263.71,21
1483,Potencia instalada de generación ciclo combinado,2026-04-01T00:00:00.000+02:00,2026-03-31T22:00:00Z,784.7,20
1483,Potencia instalada de generación ciclo combinado,2026-04-01T00:00:00.000+02:00,2026-03-31T22:00:00Z,865.4,19
1483,Potencia instalada de generación ciclo combinado,2026-04-01T00:00:00.000+02:00,2026-03-31T22:00:00Z,822.9,18
1483,Potencia instalada de generación ciclo combinado,2026-04-01T00:00:00.000+02:00,2026-03-31T22:00:00Z,1246.98,17
1483,Potencia instalada de generación ciclo combinado,2026-04-01T00:00:00.000+02:00,2026-03-31T22:00:00Z,2853.54,15
1483,Potencia instalada de generación ciclo combinado,2026-04-01T00:00:00.000+02:00,2026-03-31T22:00:00Z,1222.32,14
1483,Potencia instalada de generación ciclo combinado,2026-04-01T00:00:00.000+02:00,2026-03-31T22:00:00Z,854.17,11
1483,Potencia instalada de generación ciclo combinado,2026-04-01T00:00:00.000+02:00,2026-03-31T22:00:00Z,1968.07,10
1483,Potencia instalada de generación ciclo combinado,2026-04-01T00:00:00.000+02:00,2026-03-31T22:00:00Z,3788.23,9
1483,Potencia instalada de generación ciclo combinado,2026-04-01T00:00:00.000+02:00,2026-03-31T22:00:00Z,758.74,7
1483,Potencia instalada de generación ciclo combinado,2026-04-01T00:00:00.000+02:00,2026-03-31T22:00:00Z,1869.67,5
1483,Potencia instalada de generación ciclo combinado,2026-04-01T00:00:00.000+02:00,2026-03-31T22:00:00Z,5951.715,4
1483,Potencia instalada de generación ciclo combinado,2026-05-01T00:00:00.000+02:00,2026-04-30T22:00:00Z,3263.71,21
1483,Potencia instalada de generación ciclo combinado,2026-05-01T00:00:00.000+02:00,2026-04-30T22:00:00Z,784.7,20
1483,Potencia instalada de generación ciclo combinado,2026-05-01T00:00:00.000+02:00,2026-04-30T22:00:00Z,865.4,19
1483,Potencia instalada de generación ciclo combinado,2026-05-01T00:00:00.000+02:00,2026-04-30T22:00:00Z,822.9,18
1483,Potencia instalada de generación ciclo combinado,2026-05-01T00:00:00.000+02:00,2026-04-30T22:00:00Z,1246.98,17
1483,Potencia instalada de generación ciclo combinado,2026-05-01T00:00:00.000+02:00,2026-04-30T22:00:00Z,2853.54,15
1483,Potencia instalada de generación ciclo combinado,2026-05-01T00:00:00.000+02:00,2026-04-30T22:00:00Z,1222.32,14
1483,Potencia instalada de generación ciclo combinado,2026-05-01T00:00:00.000+02:00,2026-04-30T22:00:00Z,854.17,11
1483,Potencia instalada de generación ciclo combinado,2026-05-01T00:00:00.000+02:00,2026-04-30T22:00:00Z,1968.07,10
1483,Potencia instalada de generación ciclo combinado,2026-05-01T00:00:00.000+02:00,2026-04-30T22:00:00Z,3788.23,9
1483,Potencia instalada de generación ciclo combinado,2026-05-01T00:00:00.000+02:00,2026-04-30T22:00:00Z,758.74,7
1483,Potencia instalada de generación ciclo combinado,2026-05-01T00:00:00.000+02:00,2026-04-30T22:00:00Z,1869.67,5
1483,Potencia instalada de generación ciclo combinado,2026-05-01T00:00:00.000+02:00,2026-04-30T22:00:00Z,5951.715,4
1483,Potencia instalada de generación ciclo combinado,2026-06-01T00:00:00.000+02:00,2026-05-31T22:00:00Z,784.7,20
1483,Potencia instalada de generación ciclo combinado,2026-06-01T00:00:00.000+02:00,2026-05-31T22:00:00Z,865.4,19
1483,Potencia instalada de generación ciclo combinado,2026-06-01T00:00:00.000+02:00,2026-05-31T22:00:00Z,822.9,18
1483,Potencia instalada de generación ciclo combinado,2026-06-01T00:00:00.000+02:00,2026-05-31T22:00:00Z,3263.71,21
1483,Potencia instalada de generación ciclo combinado,2026-06-01T00:00:00.000+02:00,2026-05-31T22:00:00Z,1246.98,17
1483,Potencia instalada de generación ciclo combinado,2026-06-01T00:00:00.000+02:00,2026-05-31T22:00:00Z,2853.54,15
1483,Potencia instalada de generación ciclo combinado,2026-06-01T00:00:00.000+02:00,2026-05-31T22:00:00Z,3788.23,9
1483,Potencia instalada de generación ciclo combinado,2026-06-01T00:00:00.000+02:00,2026-05-31T22:00:00Z,854.17,11
1483,Potencia instalada de generación ciclo combinado,2026-06-01T00:00:00.000+02:00,2026-05-31T22:00:00Z,1968.07,10
1483,Potencia instalada de generación ciclo combinado,2026-06-01T00:00:00.000+02:00,2026-05-31T22:00:00Z,758.74,7
1483,Potencia instalada de generación ciclo combinado,2026-06-01T00:00:00.000+02:00,2026-05-31T22:00:00Z,1869.67,5
1483,Potencia instalada de generación ciclo combinado,2026-06-01T00:00:00.000+02:00,2026-05-31T22:00:00Z,5951.715,4
1483,Potencia instalada de generación ciclo combinado,2026-06-01T00:00:00.000+02:00,2026-05-31T22:00:00Z,1222.32,14
1483,Potencia instalada de generación ciclo combinado,2026-07-01T00:00:00.000+02:00,2026-06-30T22:00:00Z,3263.71,21
1483,Potencia instalada de generación ciclo combinado,2026-07-01T00:00:00.000+02:00,2026-06-30T22:00:00Z,784.7,20
1483,Potencia instalada de generación ciclo combinado,2026-07-01T00:00:00.000+02:00,2026-06-30T22:00:00Z,865.4,19
1483,Potencia instalada de generación ciclo combinado,2026-07-01T00:00:00.000+02:00,2026-06-30T22:00:00Z,822.9,18
1483,Potencia instalada de generación ciclo combinado,2026-07-01T00:00:00.000+02:00,2026-06-30T22:00:00Z,1246.98,17
1483,Potencia instalada de generación ciclo combinado,2026-07-01T00:00:00.000+02:00,2026-06-30T22:00:00Z,2853.54,15
1483,Potencia instalada de generación ciclo combinado,2026-07-01T00:00:00.000+02:00,2026-06-30T22:00:00Z,1222.32,14
1483,Potencia instalada de generación ciclo combinado,2026-07-01T00:00:00.000+02:00,2026-06-30T22:00:00Z,854.17,11
1483,Potencia instalada de generación ciclo combinado,2026-07-01T00:00:00.000+02:00,2026-06-30T22:00:00Z,1968.07,10
1483,Potencia instalada de generación ciclo combinado,2026-07-01T00:00:00.000+02:00,2026-06-30T22:00:00Z,3788.23,9
1483,Potencia instalada de generación ciclo combinado,2026-07-01T00:00:00.000+02:00,2026-06-30T22:00:00Z,758.74,7
1483,Potencia instalada de generación ciclo combinado,2026-07-01T00:00:00.000+02:00,2026-06-30T22:00:00Z,1869.67,5
1483,Potencia instalada de generación ciclo combinado,2026-07-01T00:00:00.000+02:00,2026-06-30T22:00:00Z,5951.715,4
1483,Potencia instalada de generación ciclo combinado,2026-08-01T00:00:00.000+02:00,2026-07-31T22:00:00Z,784.7,20
1483,Potencia instalada de generación ciclo combinado,2026-08-01T00:00:00.000+02:00,2026-07-31T22:00:00Z,865.4,19
1483,Potencia instalada de generación ciclo combinado,2026-08-01T00:00:00.000+02:00,2026-07-31T22:00:00Z,822.9,18
1483,Potencia instalada de generación ciclo combinado,2026-08-01T00:00:00.000+02:00,2026-07-31T22:00:00Z,3263.71,21
1483,Potencia instalada de generación ciclo combinado,2026-08-01T00:00:00.000+02:00,2026-07-31T22:00:00Z,1246.98,17
1483,Potencia instalada de generación ciclo combinado,2026-08-01T00:00:00.000+02:00,2026-07-31T22:00:00Z,2853.54,15
1483,Potencia instalada de generación ciclo combinado,2026-08-01T00:00:00.000+02:00,2026-07-31T22:00:00Z,3788.23,9
1483,Potencia instalada de generación ciclo combinado,2026-08-01T00:00:00.000+02:00,2026-07-31T22:00:00Z,854.17,11
1483,Potencia instalada de generación ciclo combinado,2026-08-01T00:00:00.000+02:00,2026-07-31T22:00:00Z,1968.07,10
1483,Potencia instalada de generación ciclo combinado,2026-08-01T00:00:00.000+02:00,2026-07-31T22:00:00Z,758.74,7
1483,Potencia instalada de generación ciclo combinado,2026-08-01T00:00:00.000+02:00,2026-07-31T22:00:00Z,1869.67,5
1483,Potencia instalada de generación ciclo combinado,2026-08-01T00:00:00.000+02:00,2026-07-31T22:00:00Z,5951.715,4
1483,Potencia instalada de generación ciclo combinado,2026-08-01T00:00:00.000+02:00,2026-07-31T22:00:00Z,1222.32,14
1483,Potencia instalada de generación ciclo combinado,2026-09-01T00:00:00.000+02:00,2026-08-31T22:00:00Z,865.4,19
1483,Potencia instalada de generación ciclo combinado,2026-09-01T00:00:00.000+02:00,2026-08-31T22:00:00Z,822.9,18
1483,Potencia instalada de generación ciclo combinado,2026-09-01T00:00:00.000+02:00,2026-08-31T22:00:00Z,1246.98,17
1483,Potencia instalada de generación ciclo combinado,2026-09-01T00:00:00.000+02:00,2026-08-31T22:00:00Z,2853.54,15
1483,Potencia instalada de generación ciclo combinado,2026-09-01T00:00:00.000+02:00,2026-08-31T22:00:00Z,1222.32,14
1483,Potencia instalada de generación ciclo combinado,2026-09-01T00:00:00.000+02:00,2026-08-31T22:00:00Z,3788.23,9
1483,Potencia instalada de generación ciclo combinado,2026-09-01T00:00:00.000+02:00,2026-08-31T22:00:00Z,1968.07,10
1483,Potencia instalada de generación ciclo combinado,2026-09-01T00:00:00.000+02:00,2026-08-31T22:00:00Z,758.74,7
1483,Potencia instalada de generación ciclo combinado,2026-09-01T00:00:00.000+02:00,2026-08-31T22:00:00Z,1869.67,5
1483,Potencia instalada de generación ciclo combinado,2026-09-01T00:00:00.000+02:00,2026-08-31T22:00:00Z,5951.715,4
1483,Potencia instalada de generación ciclo combinado,2026-09-01T00:00:00.000+02:00,2026-08-31T22:00:00Z,784.7,20
1483,Potencia instalada de generación ciclo combinado,2026-09-01T00:00:00.000+02:00,2026-08-31T22:00:00Z,854.17,11
1483,Potencia instalada de generación ciclo combinado,2026-09-01T00:00:00.000+02:00,2026-08-31T22:00:00Z,3263.71,21
1484,Potencia instalada de generación hidroeólica,2025-08-01T00:00:00.000+02:00,2025-07-31T22:00:00Z,11.32,19
1484,Potencia instalada de generación hidroeólica,2025-09-01T00:00:00.000+02:00,2025-08-31T22:00:00Z,11.32,19
1484,Potencia instalada de generación hidroeólica,2025-10-01T00:00:00.000+02:00,2025-09-30T22:00:00Z,11.32,19
1484,Potencia instalada de generación hidroeólica,2025-11-01T00:00:00.000+01:00,2025-10-31T23:00:00Z,11.32,19
1484,Potencia instalada de generación hidroeólica,2025-12-01T00:00:00.000+01:00,2025-11-30T23:00:00Z,11.32,19
1484,Potencia instalada de generación hidroeólica,2026-01-01T00:00:00.000+01:00,2025-12-31T23:00:00Z,11.32,19
1484,Potencia instalada de generación hidroeólica,2026-02-01T00:00:00.000+01:00,2026-01-31T23:00:00Z,11.32,19
1484,Potencia instalada de generación hidroeólica,2026-03-01T00:00:00.000+01:00,2026-02-28T23:00:00Z,11.32,19
1484,Potencia instalada de generación hidroeólica,2026-04-01T00:00:00.000+02:00,2026-03-31T22:00:00Z,11.32,19
1484,Potencia instalada de generación hidroeólica,2026-05-01T00:00:00.000+02:00,2026-04-30T22:00:00Z,11.32,19
1484,Potencia instalada de generación hidroeólica,2026-06-01T00:00:00.000+02:00,2026-05-31T22:00:00Z,11.32,19
1484,Potencia instalada de generación hidroeólica,2026-07-01T00:00:00.000+02:00,2026-06-30T22:00:00Z,11.32,19
1484,Potencia instalada de generación hidroeólica,2026-08-01T00:00:00.000+02:00,2026-07-31T22:00:00Z,11.32,19
1484,Potencia instalada de generación hidroeólica,2026-09-01T00:00:00.000+02:00,2026-08-31T22:00:00Z,11.32,19
1485,Potencia instalada de generación eólica,2025-08-01T00:00:00.000+02:00,2025-07-31T22:00:00Z,3765.395,4
1485,Potencia instalada de generación eólica,2025-08-01T00:00:00.000+02:00,2025-07-31T22:00:00Z,264.097,21
1485,Potencia instalada de generación eólica,2025-08-01T00:00:00.000+02:00,2025-07-31T22:00:00Z,511.92,20
1485,Potencia instalada de generación eólica,2025-08-01T00:00:00.000+02:00,2025-07-31T22:00:00Z,657.86,19
1485,Potencia instalada de generación eólica,2025-08-01T00:00:00.000+02:00,2025-07-31T22:00:00Z,3.563,18
1485,Potencia instalada de generación eólica,2025-08-01T00:00:00.000+02:00,2025-07-31T22:00:00Z,98.775,16
1485,Potencia instalada de generación eólica,2025-08-01T00:00:00.000+02:00,2025-07-31T22:00:00Z,1243.033,15
1485,Potencia instalada de generación eólica,2025-08-01T00:00:00.000+02:00,2025-07-31T22:00:00Z,1635.232,14
1485,Potencia instalada de generación eólica,2025-08-01T00:00:00.000+02:00,2025-07-31T22:00:00Z,4026.94,17
1485,Potencia instalada de generación eólica,2025-08-01T00:00:00.000+02:00,2025-07-31T22:00:00Z,702.075,11
1485,Potencia instalada de generación eólica,2025-08-01T00:00:00.000+02:00,2025-07-31T22:00:00Z,155.382,10
1485,Potencia instalada de generación eólica,2025-08-01T00:00:00.000+02:00,2025-07-31T22:00:00Z,1442.752,9
1485,Potencia instalada de generación eólica,2025-08-01T00:00:00.000+02:00,2025-07-31T22:00:00Z,7735.167,8
1485,Potencia instalada de generación eólica,2025-08-01T00:00:00.000+02:00,2025-07-31T22:00:00Z,4982.534,7
1485,Potencia instalada de generación eólica,2025-08-01T00:00:00.000+02:00,2025-07-31T22:00:00Z,35.307,6
1485,Potencia instalada de generación eólica,2025-08-01T00:00:00.000+02:00,2025-07-31T22:00:00Z,5881.99,5
1485,Potencia instalada de generación eólica,2025-08-01T00:00:00.000+02:00,2025-07-31T22:00:00Z,0.003,13
1485,Potencia instalada de generación eólica,2025-09-01T00:00:00.000+02:00,2025-08-31T22:00:00Z,1635.232,14
1485,Potencia instalada de generación eólica,2025-09-01T00:00:00.000+02:00,2025-08-31T22:00:00Z,264.097,21
1485,Potencia instalada de generación eólica,2025-09-01T00:00:00.000+02:00,2025-08-31T22:00:00Z,511.92,20
1485,Potencia instalada de generación eólica,2025-09-01T00:00:00.000+02:00,2025-08-31T22:00:00Z,660.21,19
1485,Potencia instalada de generación eólica,2025-09-01T00:00:00.000+02:00,2025-08-31T22:00:00Z,3.563,18
1485,Potencia instalada de generación eólica,2025-09-01T00:00:00.000+02:00,2025-08-31T22:00:00Z,98.775,16
1485,Potencia instalada de generación eólica,2025-09-01T00:00:00.000+02:00,2025-08-31T22:00:00Z,1243.033,15
1485,Potencia instalada de generación eólica,2025-09-01T00:00:00.000+02:00,2025-08-31T22:00:00Z,0.003,13
1485,Potencia instalada de generación eólica,2025-09-01T00:00:00.000+02:00,2025-08-31T22:00:00Z,4026.94,17
1485,Potencia instalada de generación eólica,2025-09-01T00:00:00.000+02:00,2025-08-31T22:00:00Z,155.382,10
1485,Potencia instalada de generación eólica,2025-09-01T00:00:00.000+02:00,2025-08-31T22:00:00Z,1442.752,9
1485,Potencia instalada de generación eólica,2025-09-01T00:00:00.000+02:00,2025-08-31T22:00:00Z,7750.647,8
1485,Potencia instalada de generación eólica,2025-09-01T00:00:00.000+02:00,2025-08-31T22:00:00Z,4982.534,7
1485,Potencia instalada de generación eólica,2025-09-01T00:00:00.000+02:00,2025-08-31T22:00:00Z,35.307,6
1485,Potencia instalada de generación eólica,2025-09-01T00:00:00.000+02:00,2025-08-31T22:00:00Z,5881.99,5
1485,Potencia instalada de generación eólica,2025-09-01T00:00:00.000+02:00,2025-08-31T22:00:00Z,3706.795,4
1485,Potencia instalada de generación eólica,2025-09-01T00:00:00.000+02:00,2025-08-31T22:00:00Z,702.075,11
1485,Potencia instalada de generación eólica,2025-10-01T00:00:00.000+02:00,2025-09-30T22:00:00Z,264.097,21
1485,Potencia instalada de generación eólica,2025-10-01T00:00:00.000+02:00,2025-09-30T22:00:00Z,511.92,20
1485,Potencia instalada de generación eólica,2025-10-01T00:00:00.000+02:00,2025-09-30T22:00:00Z,660.21,19
1485,Potencia instalada de generación eólica,2025-10-01T00:00:00.000+02:00,2025-09-30T22:00:00Z,3.563,18
1485,Potencia instalada de generación eólica,2025-10-01T00:00:00.000+02:00,2025-09-30T22:00:00Z,4028.94,17
1485,Potencia instalada de generación eólica,2025-10-01T00:00:00.000+02:00,2025-09-30T22:00:00Z,98.775,16
1485,Potencia instalada de generación eólica,2025-10-01T00:00:00.000+02:00,2025-09-30T22:00:00Z,1243.033,15
1485,Potencia instalada de generación eólica,2025-10-01T00:00:00.000+02:00,2025-09-30T22:00:00Z,1635.232,14
1485,Potencia instalada de generación eólica,2025-10-01T00:00:00.000+02:00,2025-09-30T22:00:00Z,0.003,13
1485,Potencia instalada de generación eólica,2025-10-01T00:00:00.000+02:00,2025-09-30T22:00:00Z,155.382,10
1485,Potencia instalada de generación eólica,2025-10-01T00:00:00.000+02:00,2025-09-30T22:00:00Z,1442.824,9
1485,Potencia instalada de generación eólica,2025-10-01T00:00:00.000+02:00,2025-09-30T22:00:00Z,7750.652,8
1485,Potencia instalada de generación eólica,2025-10-01T00:00:00.000+02:00,2025-09-30T22:00:00Z,4982.534,7
1485,Potencia instalada de generación eólica,2025-10-01T00:00:00.000+02:00,2025-09-30T22:00:00Z,35.307,6
1485,Potencia instalada de generación eólica,2025-10-01T00:00:00.000+02:00,2025-09-30T22:00:00Z,5902.88,5
1485,Potencia instalada de generación eólica,2025-10-01T00:00:00.000+02:00,2025-09-30T22:00:00Z,3706.795,4
1485,Potencia instalada de generación eólica,2025-10-01T00:00:00.000+02:00,2025-09-30T22:00:00Z,702.075,11
1485,Potencia instalada de generación eólica,2025-11-01T00:00:00.000+01:00,2025-10-31T23:00:00Z,1243.033,15
1485,Potencia instalada de generación eólica,2025-11-01T00:00:00.000+01:00,2025-10-31T23:00:00Z,264.097,21
1485,Potencia instalada de generación eólica,2025-11-01T00:00:00.000+01:00,2025-10-31T23:00:00Z,511.92,20
1485,Potencia instalada de generación eólica,2025-11-01T00:00:00.000+01:00,2025-10-31T23:00:00Z,660.21,19
1485,Potencia instalada de generación eólica,2025-11-01T00:00:00.000+01:00,2025-10-31T23:00:00Z,3.563,18
1485,Potencia instalada de generación eólica,2025-11-01T00:00:00.000+01:00,2025-10-31T23:00:00Z,4028.94,17
1485,Potencia instalada de generación eólica,2025-11-01T00:00:00.000+01:00,2025-10-31T23:00:00Z,98.775,16
1485,Potencia instalada de generación eólica,2025-11-01T00:00:00.000+01:00,2025-10-31T23:00:00Z,1635.232,14
1485,Potencia instalada de generación eólica,2025-11-01T00:00:00.000+01:00,2025-10-31T23:00:00Z,4982.534,7
1485,Potencia instalada de generación eólica,2025-11-01T00:00:00.000+01:00,2025-10-31T23:00:00Z,702.075,11
1485,Potencia instalada de generación eólica,2025-11-01T00:00:00.000+01:00,2025-10-31T23:00:00Z,155.382,10
1485,Potencia instalada de generación eólica,2025-11-01T00:00:00.000+01:00,2025-10-31T23:00:00Z,1442.824,9
1485,Potencia instalada de generación eólica,2025-11-01T00:00:00.000+01:00,2025-10-31T23:00:00Z,7750.652,8
1485,Potencia instalada de generación eólica,2025-11-01T00:00:00.000+01:00,2025-10-31T23:00:00Z,0.003,13
1485,Potencia instalada de generación eólica,2025-11-01T00:00:00.000+01:00,2025-10-31T23:00:00Z,35.307,6
1485,Potencia instalada de generación eólica,2025-11-01T00:00:00.000+01:00,2025-10-31T23:00:00Z,5967.68,5
1485,Potencia instalada de generación eólica,2025-11-01T00:00:00.000+01:00,2025-10-31T23:00:00Z,3713.795,4
1485,Potencia instalada de generación eólica,2025-12-01T00:00:00.000+01:00,2025-11-30T23:00:00Z,511.92,20
1485,Potencia instalada de generación eólica,2025-12-01T00:00:00.000+01:00,2025-11-30T23:00:00Z,678.435,19
1485,Potencia instalada de generación eólica,2025-12-01T00:00:00.000+01:00,2025-11-30T23:00:00Z,3.563,18
1485,Potencia instalada de generación eólica,2025-12-01T00:00:00.000+01:00,2025-11-30T23:00:00Z,4028.94,17
1485,Potencia instalada de generación eólica,2025-12-01T00:00:00.000+01:00,2025-11-30T23:00:00Z,98.775,16
1485,Potencia instalada de generación eólica,2025-12-01T00:00:00.000+01:00,2025-11-30T23:00:00Z,1243.033,15
1485,Potencia instalada de generación eólica,2025-12-01T00:00:00.000+01:00,2025-11-30T23:00:00Z,1635.232,14
1485,Potencia instalada de generación eólica,2025-12-01T00:00:00.000+01:00,2025-11-30T23:00:00Z,0.003,13
1485,Potencia instalada de generación eólica,2025-12-01T00:00:00.000+01:00,2025-11-30T23:00:00Z,264.097,21
1485,Potencia instalada de generación eólica,2025-12-01T00:00:00.000+01:00,2025-11-30T23:00:00Z,155.382,10
1485,Potencia instalada de generación eólica,2025-12-01T00:00:00.000+01:00,2025-11-30T23:00:00Z,1455.024,9
1485,Potencia instalada de generación eólica,2025-12-01T00:00:00.000+01:00,2025-11-30T23:00:00Z,7750.652,8
1485,Potencia instalada de generación eólica,2025-12-01T00:00:00.000+01:00,2025-11-30T23:00:00Z,4982.534,7
1485,Potencia instalada de generación eólica,2025-12-01T00:00:00.000+01:00,2025-11-30T23:00:00Z,35.307,6
1485,Potencia instalada de generación eólica,2025-12-01T00:00:00.000+01:00,2025-11-30T23:00:00Z,6067.48,5
1485,Potencia instalada de generación eólica,2025-12-01T00:00:00.000+01:00,2025-11-30T23:00:00Z,3706.795,4
1485,Potencia instalada de generación eólica,2025-12-01T00:00:00.000+01:00,2025-11-30T23:00:00Z,702.075,11
1485,Potencia instalada de generación eólica,2026-01-01T00:00:00.000+01:00,2025-12-31T23:00:00Z,264.097,21
1485,Potencia instalada de generación eólica,2026-01-01T00:00:00.000+01:00,2025-12-31T23:00:00Z,511.92,20
1485,Potencia instalada de generación eólica,2026-01-01T00:00:00.000+01:00,2025-12-31T23:00:00Z,677.535,19
1485,Potencia instalada de generación eólica,2026-01-01T00:00:00.000+01:00,2025-12-31T23:00:00Z,3.563,18
1485,Potencia instalada de generación eólica,2026-01-01T00:00:00.000+01:00,2025-12-31T23:00:00Z,4028.94,17
1485,Potencia instalada de generación eólica,2026-01-01T00:00:00.000+01:00,2025-12-31T23:00:00Z,98.775,16
1485,Potencia instalada de generación eólica,2026-01-01T00:00:00.000+01:00,2025-12-31T23:00:00Z,1243.033,15
1485,Potencia instalada de generación eólica,2026-01-01T00:00:00.000+01:00,2025-12-31T23:00:00Z,1668.522,14
1485,Potencia instalada de generación eólica,2026-01-01T00:00:00.000+01:00,2025-12-31T23:00:00Z,0.003,13
1485,Potencia instalada de generación eólica,2026-01-01T00:00:00.000+01:00,2025-12-31T23:00:00Z,155.382,10
1485,Potencia instalada de generación eólica,2026-01-01T00:00:00.000+01:00,2025-12-31T23:00:00Z,1455.024,9
1485,Potencia instalada de generación eólica,2026-01-01T00:00:00.000+01:00,2025-12-31T23:00:00Z,7750.652,8
1485,Potencia instalada de generación eólica,2026-01-01T00:00:00.000+01:00,2025-12-31T23:00:00Z,4982.534,7
1485,Potencia instalada de generación eólica,2026-01-01T00:00:00.000+01:00,2025-12-31T23:00:00Z,35.307,6
1485,Potencia instalada de generación eólica,2026-01-01T00:00:00.000+01:00,2025-12-31T23:00:00Z,6067.48,5
1485,Potencia instalada de generación eólica,2026-01-01T00:00:00.000+01:00,2025-12-31T23:00:00Z,3706.795,4
1485,Potencia instalada de generación eólica,2026-01-01T00:00:00.000+01:00,2025-12-31T23:00:00Z,702.075,11
1485,Potencia instalada de generación eólica,2026-02-01T00:00:00.000+01:00,2026-01-31T23:00:00Z,1699.702,14
1485,Potencia instalada de generación eólica,2026-02-01T00:00:00.000+01:00,2026-01-31T23:00:00Z,511.92,20
1485,Potencia instalada de generación eólica,2026-02-01T00:00:00.000+01:00,2026-01-31T23:00:00Z,677.535,19
1485,Potencia instalada de generación eólica,2026-02-01T00:00:00.000+01:00,2026-01-31T23:00:00Z,3.563,18
1485,Potencia instalada de generación eólica,2026-02-01T00:00:00.000+01:00,2026-01-31T23:00:00Z,4028.94,17
1485,Potencia instalada de generación eólica,2026-02-01T00:00:00.000+01:00,2026-01-31T23:00:00Z,98.775,16
1485,Potencia instalada de generación eólica,2026-02-01T00:00:00.000+01:00,2026-01-31T23:00:00Z,1243.033,15
1485,Potencia instalada de generación eólica,2026-02-01T00:00:00.000+01:00,2026-01-31T23:00:00Z,0.003,13
1485,Potencia instalada de generación eólica,2026-02-01T00:00:00.000+01:00,2026-01-31T23:00:00Z,264.097,21
1485,Potencia instalada de generación eólica,2026-02-01T00:00:00.000+01:00,2026-01-31T23:00:00Z,155.382,10
1485,Potencia instalada de generación eólica,2026-02-01T00:00:00.000+01:00,2026-01-31T23:00:00Z,1455.024,9
1485,Potencia instalada de generación eólica,2026-02-01T00:00:00.000+01:00,2026-01-31T23:00:00Z,7750.652,8
1485,Potencia instalada de generación eólica,2026-02-01T00:00:00.000+01:00,2026-01-31T23:00:00Z,4982.534,7
1485,Potencia instalada de generación eólica,2026-02-01T00:00:00.000+01:00,2026-01-31T23:00:00Z,35.307,6
1485,Potencia instalada de generación eólica,2026-02-01T00:00:00.000+01:00,2026-01-31T23:00:00Z,6067.48,5
1485,Potencia instalada de generación eólica,2026-02-01T00:00:00.000+01:00,2026-01-31T23:00:00Z,3747.295,4
1485,Potencia instalada de generación eólica,2026-02-01T00:00:00.000+01:00,2026-01-31T23:00:00Z,702.075,11
1485,Potencia instalada de generación eólica,2026-03-01T00:00:00.000+01:00,2026-02-28T23:00:00Z,264.097,21
1485,Potencia instalada de generación eólica,2026-03-01T00:00:00.000+01:00,2026-02-28T23:00:00Z,511.92,20
1485,Potencia instalada de generación eólica,2026-03-01T00:00:00.000+01:00,2026-02-28T23:00:00Z,677.535,19
1485,Potencia instalada de generación eólica,2026-03-01T00:00:00.000+01:00,2026-02-28T23:00:00Z,3.563,18
1485,Potencia instalada de generación eólica,2026-03-01T00:00:00.000+01:00,2026-02-28T23:00:00Z,4028.94,17
1485,Potencia instalada de generación eólica,2026-03-01T00:00:00.000+01:00,2026-02-28T23:00:00Z,98.775,16
1485,Potencia instalada de generación eólica,2026-03-01T00:00:00.000+01:00,2026-02-28T23:00:00Z,1243.033,15
1485,Potencia instalada de generación eólica,2026-03-01T00:00:00.000+01:00,2026-02-28T23:00:00Z,1699.702,14
1485,Potencia instalada de generación eólica,2026-03-01T00:00:00.000+01:00,2026-02-28T23:00:00Z,0.003,13
1485,Potencia instalada de generación eólica,2026-03-01T00:00:00.000+01:00,2026-02-28T23:00:00Z,702.075,11
1485,Potencia instalada de generación eólica,2026-03-01T00:00:00.000+01:00,2026-02-28T23:00:00Z,155.382,10
1485,Potencia instalada de generación eólica,2026-03-01T00:00:00.000+01:00,2026-02-28T23:00:00Z,1455.024,9
1485,Potencia instalada de generación eólica,2026-03-01T00:00:00.000+01:00,2026-02-28T23:00:00Z,7821.052,8
1485,Potencia instalada de generación eólica,2026-03-01T00:00:00.000+01:00,2026-02-28T23:00:00Z,4982.534,7
1485,Potencia instalada de generación eólica,2026-03-01T00:00:00.000+01:00,2026-02-28T23:00:00Z,35.307,6
1485,Potencia instalada de generación eólica,2026-03-01T00:00:00.000+01:00,2026-02-28T23:00:00Z,6161.88,5
1485,Potencia instalada de generación eólica,2026-03-01T00:00:00.000+01:00,2026-02-28T23:00:00Z,3747.295,4
1485,Potencia instalada de generación eólica,2026-04-01T00:00:00.000+02:00,2026-03-31T22:00:00Z,264.097,21
1485,Potencia instalada de generación eólica,2026-04-01T00:00:00.000+02:00,2026-03-31T22:00:00Z,511.92,20
1485,Potencia instalada de generación eólica,2026-04-01T00:00:00.000+02:00,2026-03-31T22:00:00Z,677.535,19
1485,Potencia instalada de generación eólica,2026-04-01T00:00:00.000+02:00,2026-03-31T22:00:00Z,3.563,18
1485,Potencia instalada de generación eólica,2026-04-01T00:00:00.000+02:00,2026-03-31T22:00:00Z,4028.94,17
1485,Potencia instalada de generación eólica,2026-04-01T00:00:00.000+02:00,2026-03-31T22:00:00Z,98.775,16
1485,Potencia instalada de generación eólica,2026-04-01T00:00:00.000+02:00,2026-03-31T22:00:00Z,1243.033,15
1485,Potencia instalada de generación eólica,2026-04-01T00:00:00.000+02:00,2026-03-31T22:00:00Z,1699.702,14
1485,Potencia instalada de generación eólica,2026-04-01T00:00:00.000+02:00,2026-03-31T22:00:00Z,0.003,13
1485,Potencia instalada de generación eólica,2026-04-01T00:00:00.000+02:00,2026-03-31T22:00:00Z,702.075,11
1485,Potencia instalada de generación eólica,2026-04-01T00:00:00.000+02:00,2026-03-31T22:00:00Z,155.382,10
1485,Potencia instalada de generación eólica,2026-04-01T00:00:00.000+02:00,2026-03-31T22:00:00Z,1455.024,9
1485,Potencia instalada de generación eólica,2026-04-01T00:00:00.000+02:00,2026-03-31T22:00:00Z,7821.052,8
1485,Potencia instalada de generación eólica,2026-04-01T00:00:00.000+02:00,2026-03-31T22:00:00Z,4982.534,7
1485,Potencia instalada de generación eólica,2026-04-01T00:00:00.000+02:00,2026-03-31T22:00:00Z,35.307,6
1485,Potencia instalada de generación eólica,2026-04-01T00:00:00.000+02:00,2026-03-31T22:00:00Z,6161.88,5
1485,Potencia instalada de generación eólica,2026-04-01T00:00:00.000+02:00,2026-03-31T22:00:00Z,3747.295,4
1485,Potencia instalada de generación eólica,2026-05-01T00:00:00.000+02:00,2026-04-30T22:00:00Z,264.097,21
1485,Potencia instalada de generación eólica,2026-05-01T00:00:00.000+02:00,2026-04-30T22:00:00Z,511.92,20
1485,Potencia instalada de generación eólica,2026-05-01T00:00:00.000+02:00,2026-04-30T22:00:00Z,677.535,19
1485,Potencia instalada de generación eólica,2026-05-01T00:00:00.000+02:00,2026-04-30T22:00:00Z,3.563,18
1485,Potencia instalada de generación eólica,2026-05-01T00:00:00.000+02:00,2026-04-30T22:00:00Z,4027.24,17
1485,Potencia instalada de generación eólica,2026-05-01T00:00:00.000+02:00,2026-04-30T22:00:00Z,98.775,16
1485,Potencia instalada de generación eólica,2026-05-01T00:00:00.000+02:00,2026-04-30T22:00:00Z,1243.033,15
1485,Potencia instalada de generación eólica,2026-05-01T00:00:00.000+02:00,2026-04-30T22:00:00Z,1668.522,14
1485,Potencia instalada de generación eólica,2026-05-01T00:00:00.000+02:00,2026-04-30T22:00:00Z,0.003,13
1485,Potencia instalada de generación eólica,2026-05-01T00:00:00.000+02:00,2026-04-30T22:00:00Z,702.075,11
1485,Potencia instalada de generación eólica,2026-05-01T00:00:00.000+02:00,2026-04-30T22:00:00Z,155.382,10
1485,Potencia instalada de generación eólica,2026-05-01T00:00:00.000+02:00,2026-04-30T22:00:00Z,1455.024,9
1485,Potencia instalada de generación eólica,2026-05-01T00:00:00.000+02:00,2026-04-30T22:00:00Z,7815.052,8
1485,Potencia instalada de generación eólica,2026-05-01T00:00:00.000+02:00,2026-04-30T22:00:00Z,4982.534,7
1485,Potencia instalada de generación eólica,2026-05-01T00:00:00.000+02:00,2026-04-30T22:00:00Z,35.307,6
1485,Potencia instalada de generación eólica,2026-05-01T00:00:00.000+02:00,2026-04-30T22:00:00Z,6161.88,5
1485,Potencia instalada de generación eólica,2026-05-01T00:00:00.000+02:00,2026-04-30T22:00:00Z,3747.295,4
1485,Potencia instalada de generación eólica,2026-06-01T00:00:00.000+02:00,2026-05-31T22:00:00Z,511.92,20
1485,Potencia instalada de generación eólica,2026-06-01T00:00:00.000+02:00,2026-05-31T22:00:00Z,677.535,19
1485,Potencia instalada de generación eólica,2026-06-01T00:00:00.000+02:00,2026-05-31T22:00:00Z,3.563,18
1485,Potencia instalada de generación eólica,2026-06-01T00:00:00.000+02:00,2026-05-31T22:00:00Z,4027.24,17
1485,Potencia instalada de generación eólica,2026-06-01T00:00:00.000+02:00,2026-05-31T22:00:00Z,264.097,21
1485,Potencia instalada de generación eólica,2026-06-01T00:00:00.000+02:00,2026-05-31T22:00:00Z,98.775,16
1485,Potencia instalada de generación eólica,2026-06-01T00:00:00.000+02:00,2026-05-31T22:00:00Z,1243.033,15
1485,Potencia instalada de generación eólica,2026-06-01T00:00:00.000+02:00,2026-05-31T22:00:00Z,1668.522,14
1485,Potencia instalada de generación eólica,2026-06-01T00:00:00.000+02:00,2026-05-31T22:00:00Z,7815.052,8
1485,Potencia instalada de generación eólica,2026-06-01T00:00:00.000+02:00,2026-05-31T22:00:00Z,702.075,11
1485,Potencia instalada de generación eólica,2026-06-01T00:00:00.000+02:00,2026-05-31T22:00:00Z,155.382,10
1485,Potencia instalada de generación eólica,2026-06-01T00:00:00.000+02:00,2026-05-31T22:00:00Z,1455.024,9
1485,Potencia instalada de generación eólica,2026-06-01T00:00:00.000+02:00,2026-05-31T22:00:00Z,4982.534,7
1485,Potencia instalada de generación eólica,2026-06-01T00:00:00.000+02:00,2026-05-31T22:00:00Z,35.307,6
1485,Potencia instalada de generación eólica,2026-06-01T00:00:00.000+02:00,2026-05-31T22:00:00Z,6161.88,5
1485,Potencia instalada de generación eólica,2026-06-01T00:00:00.000+02:00,2026-05-31T22:00:00Z,3747.295,4
1485,Potencia instalada de generación eólica,2026-06-01T00:00:00.000+02:00,2026-05-31T22:00:00Z,0.003,13
1485,Potencia instalada de generación eólica,2026-07-01T00:00:00.000+02:00,2026-06-30T22:00:00Z,264.101,21
1485,Potencia instalada de generación eólica,2026-07-01T00:00:00.000+02:00,2026-06-30T22:00:00Z,511.92,20
1485,Potencia instalada de generación eólica,2026-07-01T00:00:00.000+02:00,2026-06-30T22:00:00Z,677.535,19
1485,Potencia instalada de generación eólica,2026-07-01T00:00:00.000+02:00,2026-06-30T22:00:00Z,3.563,18
1485,Potencia instalada de generación eólica,2026-07-01T00:00:00.000+02:00,2026-06-30T22:00:00Z,4027.24,17
1485,Potencia instalada de generación eólica,2026-07-01T00:00:00.000+02:00,2026-06-30T22:00:00Z,98.775,16
1485,Potencia instalada de generación eólica,2026-07-01T00:00:00.000+02:00,2026-06-30T22:00:00Z,1243.033,15
1485,Potencia instalada de generación eólica,2026-07-01T00:00:00.000+02:00,2026-06-30T22:00:00Z,1703.922,14
1485,Potencia instalada de generación eólica,2026-07-01T00:00:00.000+02:00,2026-06-30T22:00:00Z,0.003,13
1485,Potencia instalada de generación eólica,2026-07-01T00:00:00.000+02:00,2026-06-30T22:00:00Z,702.075,11
1485,Potencia instalada de generación eólica,2026-07-01T00:00:00.000+02:00,2026-06-30T22:00:00Z,155.382,10
1485,Potencia instalada de generación eólica,2026-07-01T00:00:00.000+02:00,2026-06-30T22:00:00Z,1418.394,9
1485,Potencia instalada de generación eólica,2026-07-01T00:00:00.000+02:00,2026-06-30T22:00:00Z,7815.052,8
1485,Potencia instalada de generación eólica,2026-07-01T00:00:00.000+02:00,2026-06-30T22:00:00Z,4982.534,7
1485,Potencia instalada de generación eólica,2026-07-01T00:00:00.000+02:00,2026-06-30T22:00:00Z,35.307,6
1485,Potencia instalada de generación eólica,2026-07-01T00:00:00.000+02:00,2026-06-30T22:00:00Z,6161.88,5
1485,Potencia instalada de generación eólica,2026-07-01T00:00:00.000+02:00,2026-06-30T22:00:00Z,3747.295,4
1485,Potencia instalada de generación eólica,2026-08-01T00:00:00.000+02:00,2026-07-31T22:00:00Z,511.92,20
1485,Potencia instalada de generación eólica,2026-08-01T00:00:00.000+02:00,2026-07-31T22:00:00Z,677.535,19
1485,Potencia instalada de generación eólica,2026-08-01T00:00:00.000+02:00,2026-07-31T22:00:00Z,3.563,18
1485,Potencia instalada de generación eólica,2026-08-01T00:00:00.000+02:00,2026-07-31T22:00:00Z,4027.24,17
1485,Potencia instalada de generación eólica,2026-08-01T00:00:00.000+02:00,2026-07-31T22:00:00Z,264.101,21
1485,Potencia instalada de generación eólica,2026-08-01T00:00:00.000+02:00,2026-07-31T22:00:00Z,98.775,16
1485,Potencia instalada de generación eólica,2026-08-01T00:00:00.000+02:00,2026-07-31T22:00:00Z,1243.033,15
1485,Potencia instalada de generación eólica,2026-08-01T00:00:00.000+02:00,2026-07-31T22:00:00Z,1703.922,14
1485,Potencia instalada de generación eólica,2026-08-01T00:00:00.000+02:00,2026-07-31T22:00:00Z,7815.052,8
1485,Potencia instalada de generación eólica,2026-08-01T00:00:00.000+02:00,2026-07-31T22:00:00Z,702.075,11
1485,Potencia instalada de generación eólica,2026-08-01T00:00:00.000+02:00,2026-07-31T22:00:00Z,155.382,10
1485,Potencia instalada de generación eólica,2026-08-01T00:00:00.000+02:00,2026-07-31T22:00:00Z,1418.394,9
1485,Potencia instalada de generación eólica,2026-08-01T00:00:00.000+02:00,2026-07-31T22:00:00Z,4982.534,7
1485,Potencia instalada de generación eólica,2026-08-01T00:00:00.000+02:00,2026-07-31T22:00:00Z,35.307,6
1485,Potencia instalada de generación eólica,2026-08-01T00:00:00.000+02:00,2026-07-31T22:00:00Z,6161.88,5
1485,Potencia instalada de generación eólica,2026-08-01T00:00:00.000+02:00,2026-07-31T22:00:00Z,3747.295,4
1485,Potencia instalada de generación eólica,2026-08-01T00:00:00.000+02:00,2026-07-31T22:00:00Z,0.003,13
1485,Potencia instalada de generación eólica,2026-09-01T00:00:00.000+02:00,2026-08-31T22:00:00Z,677.31,19
1485,Potencia instalada de generación eólica,2026-09-01T00:00:00.000+02:00,2026-08-31T22:00:00Z,3.563,18
1485,Potencia instalada de generación eólica,2026-09-01T00:00:00.000+02:00,2026-08-31T22:00:00Z,4027.24,17
1485,Potencia instalada de generación eólica,2026-09-01T00:00:00.000+02:00,2026-08-31T22:00:00Z,98.775,16
1485,Potencia instalada de generación eólica,2026-09-01T00:00:00.000+02:00,2026-08-31T22:00:00Z,1243.033,15
1485,Potencia instalada de generación eólica,2026-09-01T00:00:00.000+02:00,2026-08-31T22:00:00Z,1703.922,14
1485,Potencia instalada de generación eólica,2026-09-01T00:00:00.000+02:00,2026-08-31T22:00:00Z,0.003,13
1485,Potencia instalada de generación eólica,2026-09-01T00:00:00.000+02:00,2026-08-31T22:00:00Z,7815.052,8
1485,Potencia instalada de generación eólica,2026-09-01T00:00:00.000+02:00,2026-08-31T22:00:00Z,155.382,10
1485,Potencia instalada de generación eólica,2026-09-01T00:00:00.000+02:00,2026-08-31T22:00:00Z,1418.394,9
1485,Potencia instalada de generación eólica,2026-09-01T00:00:00.000+02:00,2026-08-31T22:00:00Z,4934.534,7
1485,Potencia instalada de generación eólica,2026-09-01T00:00:00.000+02:00,2026-08-31T22:00:00Z,35.307,6
1485,Potencia instalada de generación eólica,2026-09-01T00:00:00.000+02:00,2026-08-31T22:00:00Z,6161.88,5
1485,Potencia instalada de generación eólica,2026-09-01T00:00:00.000+02:00,2026-08-31T22:00:00Z,3747.295,4
1485,Potencia instalada de generación eólica,2026-09-01T00:00:00.000+02:00,2026-08-31T22:00:00Z,511.92,20
1485,Potencia instalada de generación eólica,2026-09-01T00:00:00.000+02:00,2026-08-31T22:00:00Z,702.075,11
1485,Potencia instalada de generación eólica,2026-09-01T00:00:00.000+02:00,2026-08-31T22:00:00Z,264.101,21
1486,Potencia instalada de generación solar fotovoltaica,2025-08-01T00:00:00.000+02:00,2025-07-31T22:00:00Z,11468.336,4
1486,Potencia instalada de generación solar fotovoltaica,2025-08-01T00:00:00.000+02:00,2025-07-31T22:00:00Z,3.639,8746
1486,Potencia instalada de generación solar fotovoltaica,2025-08-01T00:00:00.000+02:00,2025-07-31T22:00:00Z,2369.788,21
1486,Potencia instalada de generación solar fotovoltaica,2025-08-01T00:00:00.000+02:00,2025-07-31T22:00:00Z,252.94,20
1486,Potencia instalada de generación solar fotovoltaica,2025-08-01T00:00:00.000+02:00,2025-07-31T22:00:00Z,461.165,19
1486,Potencia instalada de generación solar fotovoltaica,2025-08-01T00:00:00.000+02:00,2025-07-31T22:00:00Z,568.751,18
1486,Potencia instalada de generación solar fotovoltaica,2025-08-01T00:00:00.000+02:00,2025-07-31T22:00:00Z,8599.252,16
1486,Potencia instalada de generación solar fotovoltaica,2025-08-01T00:00:00.000+02:00,2025-07-31T22:00:00Z,1817.019,15
1486,Potencia instalada de generación solar fotovoltaica,2025-08-01T00:00:00.000+02:00,2025-07-31T22:00:00Z,533.133,14
1486,Potencia instalada de generación solar fotovoltaica,2025-08-01T00:00:00.000+02:00,2025-07-31T22:00:00Z,252.482,17
1486,Potencia instalada de generación solar fotovoltaica,2025-08-01T00:00:00.000+02:00,2025-07-31T22:00:00Z,0.022,12
1486,Potencia instalada de generación solar fotovoltaica,2025-08-01T00:00:00.000+02:00,2025-07-31T22:00:00Z,852.962,13
1486,Potencia instalada de generación solar fotovoltaica,2025-08-01T00:00:00.000+02:00,2025-07-31T22:00:00Z,46.193,6
1486,Potencia instalada de generación solar fotovoltaica,2025-08-01T00:00:00.000+02:00,2025-07-31T22:00:00Z,9054.232,7
1486,Potencia instalada de generación solar fotovoltaica,2025-08-01T00:00:00.000+02:00,2025-07-31T22:00:00Z,4783.284,8
1486,Potencia instalada de generación solar fotovoltaica,2025-08-01T00:00:00.000+02:00,2025-07-31T22:00:00Z,3635.965,5
1486,Potencia instalada de generación solar fotovoltaica,2025-08-01T00:00:00.000+02:00,2025-07-31T22:00:00Z,341.459,10
1486,Potencia instalada de generación solar fotovoltaica,2025-08-01T00:00:00.000+02:00,2025-07-31T22:00:00Z,67.076,11
1486,Potencia instalada de generación solar fotovoltaica,2025-08-01T00:00:00.000+02:00,2025-07-31T22:00:00Z,1734.063,9
1486,Potencia instalada de generación solar fotovoltaica,2025-09-01T00:00:00.000+02:00,2025-08-31T22:00:00Z,535.506,14
1486,Potencia instalada de generación solar fotovoltaica,2025-09-01T00:00:00.000+02:00,2025-08-31T22:00:00Z,3.676,8746
1486,Potencia instalada de generación solar fotovoltaica,2025-09-01T00:00:00.000+02:00,2025-08-31T22:00:00Z,2538.796,21
1486,Potencia instalada de generación solar fotovoltaica,2025-09-01T00:00:00.000+02:00,2025-08-31T22:00:00Z,258.141,20
1486,Potencia instalada de generación solar fotovoltaica,2025-09-01T00:00:00.000+02:00,2025-08-31T22:00:00Z,472.022,19
1486,Potencia instalada de generación solar fotovoltaica,2025-09-01T00:00:00.000+02:00,2025-08-31T22:00:00Z,582.304,18
1486,Potencia instalada de generación solar fotovoltaica,2025-09-01T00:00:00.000+02:00,2025-08-31T22:00:00Z,8604.505,16
1486,Potencia instalada de generación solar fotovoltaica,2025-09-01T00:00:00.000+02:00,2025-08-31T22:00:00Z,1833.635,15
1486,Potencia instalada de generación solar fotovoltaica,2025-09-01T00:00:00.000+02:00,2025-08-31T22:00:00Z,981.216,13
1486,Potencia instalada de generación solar fotovoltaica,2025-09-01T00:00:00.000+02:00,2025-08-31T22:00:00Z,254.683,17
1486,Potencia instalada de generación solar fotovoltaica,2025-09-01T00:00:00.000+02:00,2025-08-31T22:00:00Z,67.447,11
1486,Potencia instalada de generación solar fotovoltaica,2025-09-01T00:00:00.000+02:00,2025-08-31T22:00:00Z,3681.734,5
1486,Potencia instalada de generación solar fotovoltaica,2025-09-01T00:00:00.000+02:00,2025-08-31T22:00:00Z,46.45,6
1486,Potencia instalada de generación solar fotovoltaica,2025-09-01T00:00:00.000+02:00,2025-08-31T22:00:00Z,9072.523,7
1486,Potencia instalada de generación solar fotovoltaica,2025-09-01T00:00:00.000+02:00,2025-08-31T22:00:00Z,11519.829,4
1486,Potencia instalada de generación solar fotovoltaica,2025-09-01T00:00:00.000+02:00,2025-08-31T22:00:00Z,1761.74,9
1486,Potencia instalada de generación solar fotovoltaica,2025-09-01T00:00:00.000+02:00,2025-08-31T22:00:00Z,344.374,10
1486,Potencia instalada de generación solar fotovoltaica,2025-09-01T00:00:00.000+02:00,2025-08-31T22:00:00Z,5062.893,8
1486,Potencia instalada de generación solar fotovoltaica,2025-09-01T00:00:00.000+02:00,2025-08-31T22:00:00Z,0.022,12
1486,Potencia instalada de generación solar fotovoltaica,2025-10-01T00:00:00.000+02:00,2025-09-30T22:00:00Z,3.731,8746
1486,Potencia instalada de generación solar fotovoltaica,2025-10-01T00:00:00.000+02:00,2025-09-30T22:00:00Z,586.818,14
1486,Potencia instalada de generación solar fotovoltaica,2025-10-01T00:00:00.000+02:00,2025-09-30T22:00:00Z,2544.852,21
1486,Potencia instalada de generación solar fotovoltaica,2025-10-01T00:00:00.000+02:00,2025-09-30T22:00:00Z,258.507,20
1486,Potencia instalada de generación solar fotovoltaica,2025-10-01T00:00:00.000+02:00,2025-09-30T22:00:00Z,474.058,19
1486,Potencia instalada de generación solar fotovoltaica,2025-10-01T00:00:00.000+02:00,2025-09-30T22:00:00Z,586.188,18
1486,Potencia instalada de generación solar fotovoltaica,2025-10-01T00:00:00.000+02:00,2025-09-30T22:00:00Z,260.255,17
1486,Potencia instalada de generación solar fotovoltaica,2025-10-01T00:00:00.000+02:00,2025-09-30T22:00:00Z,8757.8,16
1486,Potencia instalada de generación solar fotovoltaica,2025-10-01T00:00:00.000+02:00,2025-09-30T22:00:00Z,1848.061,15
1486,Potencia instalada de generación solar fotovoltaica,2025-10-01T00:00:00.000+02:00,2025-09-30T22:00:00Z,992.416,13
1486,Potencia instalada de generación solar fotovoltaica,2025-10-01T00:00:00.000+02:00,2025-09-30T22:00:00Z,67.914,11
1486,Potencia instalada de generación solar fotovoltaica,2025-10-01T00:00:00.000+02:00,2025-09-30T22:00:00Z,351.309,10
1486,Potencia instalada de generación solar fotovoltaica,2025-10-01T00:00:00.000+02:00,2025-09-30T22:00:00Z,1780.79,9
1486,Potencia instalada de generación solar fotovoltaica,2025-10-01T00:00:00.000+02:00,2025-09-30T22:00:00Z,5338.93,8
1486,Potencia instalada de generación solar fotovoltaica,2025-10-01T00:00:00.000+02:00,2025-09-30T22:00:00Z,9256.307,7
1486,Potencia instalada de generación solar fotovoltaica,2025-10-01T00:00:00.000+02:00,2025-09-30T22:00:00Z,46.924,6
1486,Potencia instalada de generación solar fotovoltaica,2025-10-01T00:00:00.000+02:00,2025-09-30T22:00:00Z,3684.692,5
1486,Potencia instalada de generación solar fotovoltaica,2025-10-01T00:00:00.000+02:00,2025-09-30T22:00:00Z,11893.953,4
1486,Potencia instalada de generación solar fotovoltaica,2025-10-01T00:00:00.000+02:00,2025-09-30T22:00:00Z,0.022,12
1486,Potencia instalada de generación solar fotovoltaica,2025-11-01T00:00:00.000+01:00,2025-10-31T23:00:00Z,8760.433,16
1486,Potencia instalada de generación solar fotovoltaica,2025-11-01T00:00:00.000+01:00,2025-10-31T23:00:00Z,264.629,17
1486,Potencia instalada de generación solar fotovoltaica,2025-11-01T00:00:00.000+01:00,2025-10-31T23:00:00Z,588.359,18
1486,Potencia instalada de generación solar fotovoltaica,2025-11-01T00:00:00.000+01:00,2025-10-31T23:00:00Z,1861.372,15
1486,Potencia instalada de generación solar fotovoltaica,2025-11-01T00:00:00.000+01:00,2025-10-31T23:00:00Z,259.333,20
1486,Potencia instalada de generación solar fotovoltaica,2025-11-01T00:00:00.000+01:00,2025-10-31T23:00:00Z,2549.273,21
1486,Potencia instalada de generación solar fotovoltaica,2025-11-01T00:00:00.000+01:00,2025-10-31T23:00:00Z,3.737,8746
1486,Potencia instalada de generación solar fotovoltaica,2025-11-01T00:00:00.000+01:00,2025-10-31T23:00:00Z,487.607,19
1486,Potencia instalada de generación solar fotovoltaica,2025-11-01T00:00:00.000+01:00,2025-10-31T23:00:00Z,588.076,14
1486,Potencia instalada de generación solar fotovoltaica,2025-11-01T00:00:00.000+01:00,2025-10-31T23:00:00Z,5463.626,8
1486,Potencia instalada de generación solar fotovoltaica,2025-11-01T00:00:00.000+01:00,2025-10-31T23:00:00Z,0.022,12
1486,Potencia instalada de generación solar fotovoltaica,2025-11-01T00:00:00.000+01:00,2025-10-31T23:00:00Z,3987.637,5
1486,Potencia instalada de generación solar fotovoltaica,2025-11-01T00:00:00.000+01:00,2025-10-31T23:00:00Z,47.415,6
1486,Potencia instalada de generación solar fotovoltaica,2025-11-01T00:00:00.000+01:00,2025-10-31T23:00:00Z,9267.379,7
1486,Potencia instalada de generación solar fotovoltaica,2025-11-01T00:00:00.000+01:00,2025-10-31T23:00:00Z,12401.446,4
1486,Potencia instalada de generación solar fotovoltaica,2025-11-01T00:00:00.000+01:00,2025-10-31T23:00:00Z,1791.502,9
1486,Potencia instalada de generación solar fotovoltaica,2025-11-01T00:00:00.000+01:00,2025-10-31T23:00:00Z,355.072,10
1486,Potencia instalada de generación solar fotovoltaica,2025-11-01T00:00:00.000+01:00,2025-10-31T23:00:00Z,69.268,11
1486,Potencia instalada de generación solar fotovoltaica,2025-11-01T00:00:00.000+01:00,2025-10-31T23:00:00Z,1000.372,13
1486,Potencia instalada de generación solar fotovoltaica,2025-12-01T00:00:00.000+01:00,2025-11-30T23:00:00Z,607.312,14
1486,Potencia instalada de generación solar fotovoltaica,2025-12-01T00:00:00.000+01:00,2025-11-30T23:00:00Z,2759.442,21
1486,Potencia instalada de generación solar fotovoltaica,2025-12-01T00:00:00.000+01:00,2025-11-30T23:00:00Z,260.069,20
1486,Potencia instalada de generación solar fotovoltaica,2025-12-01T00:00:00.000+01:00,2025-11-30T23:00:00Z,489.864,19
1486,Potencia instalada de generación solar fotovoltaica,2025-12-01T00:00:00.000+01:00,2025-11-30T23:00:00Z,590.571,18
1486,Potencia instalada de generación solar fotovoltaica,2025-12-01T00:00:00.000+01:00,2025-11-30T23:00:00Z,270.777,17
1486,Potencia instalada de generación solar fotovoltaica,2025-12-01T00:00:00.000+01:00,2025-11-30T23:00:00Z,8764.813,16
1486,Potencia instalada de generación solar fotovoltaica,2025-12-01T00:00:00.000+01:00,2025-11-30T23:00:00Z,1916.553,15
1486,Potencia instalada de generación solar fotovoltaica,2025-12-01T00:00:00.000+01:00,2025-11-30T23:00:00Z,1022.263,13
1486,Potencia instalada de generación solar fotovoltaica,2025-12-01T00:00:00.000+01:00,2025-11-30T23:00:00Z,3.769,8746
1486,Potencia instalada de generación solar fotovoltaica,2025-12-01T00:00:00.000+01:00,2025-11-30T23:00:00Z,70.494,11
1486,Potencia instalada de generación solar fotovoltaica,2025-12-01T00:00:00.000+01:00,2025-11-30T23:00:00Z,12460.23,4
1486,Potencia instalada de generación solar fotovoltaica,2025-12-01T00:00:00.000+01:00,2025-11-30T23:00:00Z,4014.265,5
1486,Potencia instalada de generación solar fotovoltaica,2025-12-01T00:00:00.000+01:00,2025-11-30T23:00:00Z,47.689,6
1486,Potencia instalada de generación solar fotovoltaica,2025-12-01T00:00:00.000+01:00,2025-11-30T23:00:00Z,0.022,12
1486,Potencia instalada de generación solar fotovoltaica,2025-12-01T00:00:00.000+01:00,2025-11-30T23:00:00Z,5846.252,8
1486,Potencia instalada de generación solar fotovoltaica,2025-12-01T00:00:00.000+01:00,2025-11-30T23:00:00Z,1820.277,9
1486,Potencia instalada de generación solar fotovoltaica,2025-12-01T00:00:00.000+01:00,2025-11-30T23:00:00Z,359.98,10
1486,Potencia instalada de generación solar fotovoltaica,2025-12-01T00:00:00.000+01:00,2025-11-30T23:00:00Z,9285.464,7
1486,Potencia instalada de generación solar fotovoltaica,2026-01-01T00:00:00.000+01:00,2025-12-31T23:00:00Z,698.356,14
1486,Potencia instalada de generación solar fotovoltaica,2026-01-01T00:00:00.000+01:00,2025-12-31T23:00:00Z,2764.594,21
1486,Potencia instalada de generación solar fotovoltaica,2026-01-01T00:00:00.000+01:00,2025-12-31T23:00:00Z,497.369,20
1486,Potencia instalada de generación solar fotovoltaica,2026-01-01T00:00:00.000+01:00,2025-12-31T23:00:00Z,491.62,19
1486,Potencia instalada de generación solar fotovoltaica,2026-01-01T00:00:00.000+01:00,2025-12-31T23:00:00Z,596.458,18
1486,Potencia instalada de generación solar fotovoltaica,2026-01-01T00:00:00.000+01:00,2025-12-31T23:00:00Z,275.745,17
1486,Potencia instalada de generación solar fotovoltaica,2026-01-01T00:00:00.000+01:00,2025-12-31T23:00:00Z,8767.13,16
1486,Potencia instalada de generación solar fotovoltaica,2026-01-01T00:00:00.000+01:00,2025-12-31T23:00:00Z,1933.284,15
1486,Potencia instalada de generación solar fotovoltaica,2026-01-01T00:00:00.000+01:00,2025-12-31T23:00:00Z,3.769,8746
1486,Potencia instalada de generación solar fotovoltaica,2026-01-01T00:00:00.000+01:00,2025-12-31T23:00:00Z,1031.057,13
1486,Potencia instalada de generación solar fotovoltaica,2026-01-01T00:00:00.000+01:00,2025-12-31T23:00:00Z,70.824,11
1486,Potencia instalada de generación solar fotovoltaica,2026-01-01T00:00:00.000+01:00,2025-12-31T23:00:00Z,362.398,10
1486,Potencia instalada de generación solar fotovoltaica,2026-01-01T00:00:00.000+01:00,2025-12-31T23:00:00Z,1871.213,9
1486,Potencia instalada de generación solar fotovoltaica,2026-01-01T00:00:00.000+01:00,2025-12-31T23:00:00Z,5884.98,8
1486,Potencia instalada de generación solar fotovoltaica,2026-01-01T00:00:00.000+01:00,2025-12-31T23:00:00Z,9408.419,7
1486,Potencia instalada de generación solar fotovoltaica,2026-01-01T00:00:00.000+01:00,2025-12-31T23:00:00Z,48.036,6
1486,Potencia instalada de generación solar fotovoltaica,2026-01-01T00:00:00.000+01:00,2025-12-31T23:00:00Z,4034.043,5
1486,Potencia instalada de generación solar fotovoltaica,2026-01-01T00:00:00.000+01:00,2025-12-31T23:00:00Z,13024.816,4
1486,Potencia instalada de generación solar fotovoltaica,2026-01-01T00:00:00.000+01:00,2025-12-31T23:00:00Z,0.022,12
1486,Potencia instalada de generación solar fotovoltaica,2026-02-01T00:00:00.000+01:00,2026-01-31T23:00:00Z,1943.437,15
1486,Potencia instalada de generación solar fotovoltaica,2026-02-01T00:00:00.000+01:00,2026-01-31T23:00:00Z,8769.187,16
1486,Potencia instalada de generación solar fotovoltaica,2026-02-01T00:00:00.000+01:00,2026-01-31T23:00:00Z,280.049,17
1486,Potencia instalada de generación solar fotovoltaica,2026-02-01T00:00:00.000+01:00,2026-01-31T23:00:00Z,699.315,14
1486,Potencia instalada de generación solar fotovoltaica,2026-02-01T00:00:00.000+01:00,2026-01-31T23:00:00Z,493.233,19
1486,Potencia instalada de generación solar fotovoltaica,2026-02-01T00:00:00.000+01:00,2026-01-31T23:00:00Z,497.959,20
1486,Potencia instalada de generación solar fotovoltaica,2026-02-01T00:00:00.000+01:00,2026-01-31T23:00:00Z,2804.098,21
1486,Potencia instalada de generación solar fotovoltaica,2026-02-01T00:00:00.000+01:00,2026-01-31T23:00:00Z,598.55,18
1486,Potencia instalada de generación solar fotovoltaica,2026-02-01T00:00:00.000+01:00,2026-01-31T23:00:00Z,1037.304,13
1486,Potencia instalada de generación solar fotovoltaica,2026-02-01T00:00:00.000+01:00,2026-01-31T23:00:00Z,3.773,8746
1486,Potencia instalada de generación solar fotovoltaica,2026-02-01T00:00:00.000+01:00,2026-01-31T23:00:00Z,71.066,11
1486,Potencia instalada de generación solar fotovoltaica,2026-02-01T00:00:00.000+01:00,2026-01-31T23:00:00Z,13107.776,4
1486,Potencia instalada de generación solar fotovoltaica,2026-02-01T00:00:00.000+01:00,2026-01-31T23:00:00Z,4060.869,5
1486,Potencia instalada de generación solar fotovoltaica,2026-02-01T00:00:00.000+01:00,2026-01-31T23:00:00Z,48.371,6
1486,Potencia instalada de generación solar fotovoltaica,2026-02-01T00:00:00.000+01:00,2026-01-31T23:00:00Z,0.022,12
1486,Potencia instalada de generación solar fotovoltaica,2026-02-01T00:00:00.000+01:00,2026-01-31T23:00:00Z,6109.176,8
1486,Potencia instalada de generación solar fotovoltaica,2026-02-01T00:00:00.000+01:00,2026-01-31T23:00:00Z,2134.828,9
1486,Potencia instalada de generación solar fotovoltaica,2026-02-01T00:00:00.000+01:00,2026-01-31T23:00:00Z,365.167,10
1486,Potencia instalada de generación solar fotovoltaica,2026-02-01T00:00:00.000+01:00,2026-01-31T23:00:00Z,9606.743,7
1486,Potencia instalada de generación solar fotovoltaica,2026-03-01T00:00:00.000+01:00,2026-02-28T23:00:00Z,1960.413,15
1486,Potencia instalada de generación solar fotovoltaica,2026-03-01T00:00:00.000+01:00,2026-02-28T23:00:00Z,3.773,8746
1486,Potencia instalada de generación solar fotovoltaica,2026-03-01T00:00:00.000+01:00,2026-02-28T23:00:00Z,3173.744,21
1486,Potencia instalada de generación solar fotovoltaica,2026-03-01T00:00:00.000+01:00,2026-02-28T23:00:00Z,498.631,20
1486,Potencia instalada de generación solar fotovoltaica,2026-03-01T00:00:00.000+01:00,2026-02-28T23:00:00Z,495.269,19
1486,Potencia instalada de generación solar fotovoltaica,2026-03-01T00:00:00.000+01:00,2026-02-28T23:00:00Z,651.718,18
1486,Potencia instalada de generación solar fotovoltaica,2026-03-01T00:00:00.000+01:00,2026-02-28T23:00:00Z,282.175,17
1486,Potencia instalada de generación solar fotovoltaica,2026-03-01T00:00:00.000+01:00,2026-02-28T23:00:00Z,8771.534,16
1486,Potencia instalada de generación solar fotovoltaica,2026-03-01T00:00:00.000+01:00,2026-02-28T23:00:00Z,700.883,14
1486,Potencia instalada de generación solar fotovoltaica,2026-03-01T00:00:00.000+01:00,2026-02-28T23:00:00Z,1045.78,13
1486,Potencia instalada de generación solar fotovoltaica,2026-03-01T00:00:00.000+01:00,2026-02-28T23:00:00Z,0.022,12
1486,Potencia instalada de generación solar fotovoltaica,2026-03-01T00:00:00.000+01:00,2026-02-28T23:00:00Z,4122.18,5
1486,Potencia instalada de generación solar fotovoltaica,2026-03-01T00:00:00.000+01:00,2026-02-28T23:00:00Z,48.673,6
1486,Potencia instalada de generación solar fotovoltaica,2026-03-01T00:00:00.000+01:00,2026-02-28T23:00:00Z,9774.903,7
1486,Potencia instalada de generación solar fotovoltaica,2026-03-01T00:00:00.000+01:00,2026-02-28T23:00:00Z,13553.594,4
1486,Potencia instalada de generación solar fotovoltaica,2026-03-01T00:00:00.000+01:00,2026-02-28T23:00:00Z,2149.804,9
1486,Potencia instalada de generación solar fotovoltaica,2026-03-01T00:00:00.000+01:00,2026-02-28T23:00:00Z,368.359,10
1486,Potencia instalada de generación solar fotovoltaica,2026-03-01T00:00:00.000+01:00,2026-02-28T23:00:00Z,71.319,11
1486,Potencia instalada de generación solar fotovoltaica,2026-03-01T00:00:00.000+01:00,2026-02-28T23:00:00Z,6244.562,8
1486,Potencia instalada de generación solar fotovoltaica,2026-04-01T00:00:00.000+02:00,2026-03-31T22:00:00Z,1969.641,15
1486,Potencia instalada de generación solar fotovoltaica,2026-04-01T00:00:00.000+02:00,2026-03-31T22:00:00Z,3.787,8746
1486,Potencia instalada de generación solar fotovoltaica,2026-04-01T00:00:00.000+02:00,2026-03-31T22:00:00Z,3178.199,21
1486,Potencia instalada de generación solar fotovoltaica,2026-04-01T00:00:00.000+02:00,2026-03-31T22:00:00Z,498.905,20
1486,Potencia instalada de generación solar fotovoltaica,2026-04-01T00:00:00.000+02:00,2026-03-31T22:00:00Z,497.267,19
1486,Potencia instalada de generación solar fotovoltaica,2026-04-01T00:00:00.000+02:00,2026-03-31T22:00:00Z,654.973,18
1486,Potencia instalada de generación solar fotovoltaica,2026-04-01T00:00:00.000+02:00,2026-03-31T22:00:00Z,284.584,17
1486,Potencia instalada de generación solar fotovoltaica,2026-04-01T00:00:00.000+02:00,2026-03-31T22:00:00Z,8905.676,16
1486,Potencia instalada de generación solar fotovoltaica,2026-04-01T00:00:00.000+02:00,2026-03-31T22:00:00Z,702.178,14
1486,Potencia instalada de generación solar fotovoltaica,2026-04-01T00:00:00.000+02:00,2026-03-31T22:00:00Z,1053.977,13
1486,Potencia instalada de generación solar fotovoltaica,2026-04-01T00:00:00.000+02:00,2026-03-31T22:00:00Z,0.022,12
1486,Potencia instalada de generación solar fotovoltaica,2026-04-01T00:00:00.000+02:00,2026-03-31T22:00:00Z,4130.171,5
1486,Potencia instalada de generación solar fotovoltaica,2026-04-01T00:00:00.000+02:00,2026-03-31T22:00:00Z,49.006,6
1486,Potencia instalada de generación solar fotovoltaica,2026-04-01T00:00:00.000+02:00,2026-03-31T22:00:00Z,9780.325,7
1486,Potencia instalada de generación solar fotovoltaica,2026-04-01T00:00:00.000+02:00,2026-03-31T22:00:00Z,13623.677,4
1486,Potencia instalada de generación solar fotovoltaica,2026-04-01T00:00:00.000+02:00,2026-03-31T22:00:00Z,2161.652,9
1486,Potencia instalada de generación solar fotovoltaica,2026-04-01T00:00:00.000+02:00,2026-03-31T22:00:00Z,371.4,10
1486,Potencia instalada de generación solar fotovoltaica,2026-04-01T00:00:00.000+02:00,2026-03-31T22:00:00Z,71.478,11
1486,Potencia instalada de generación solar fotovoltaica,2026-04-01T00:00:00.000+02:00,2026-03-31T22:00:00Z,6297.642,8
1486,Potencia instalada de generación solar fotovoltaica,2026-05-01T00:00:00.000+02:00,2026-04-30T22:00:00Z,1981.477,15
1486,Potencia instalada de generación solar fotovoltaica,2026-05-01T00:00:00.000+02:00,2026-04-30T22:00:00Z,3.823,8746
1486,Potencia instalada de generación solar fotovoltaica,2026-05-01T00:00:00.000+02:00,2026-04-30T22:00:00Z,3339.436,21
1486,Potencia instalada de generación solar fotovoltaica,2026-05-01T00:00:00.000+02:00,2026-04-30T22:00:00Z,499.217,20
1486,Potencia instalada de generación solar fotovoltaica,2026-05-01T00:00:00.000+02:00,2026-04-30T22:00:00Z,500.684,19
1486,Potencia instalada de generación solar fotovoltaica,2026-05-01T00:00:00.000+02:00,2026-04-30T22:00:00Z,673.564,18
1486,Potencia instalada de generación solar fotovoltaica,2026-05-01T00:00:00.000+02:00,2026-04-30T22:00:00Z,287.235,17
1486,Potencia instalada de generación solar fotovoltaica,2026-05-01T00:00:00.000+02:00,2026-04-30T22:00:00Z,8907.915,16
1486,Potencia instalada de generación solar fotovoltaica,2026-05-01T00:00:00.000+02:00,2026-04-30T22:00:00Z,703.589,14
1486,Potencia instalada de generación solar fotovoltaica,2026-05-01T00:00:00.000+02:00,2026-04-30T22:00:00Z,1061.633,13
1486,Potencia instalada de generación solar fotovoltaica,2026-05-01T00:00:00.000+02:00,2026-04-30T22:00:00Z,0.022,12
1486,Potencia instalada de generación solar fotovoltaica,2026-05-01T00:00:00.000+02:00,2026-04-30T22:00:00Z,4312.5,5
1486,Potencia instalada de generación solar fotovoltaica,2026-05-01T00:00:00.000+02:00,2026-04-30T22:00:00Z,49.012,6
1486,Potencia instalada de generación solar fotovoltaica,2026-05-01T00:00:00.000+02:00,2026-04-30T22:00:00Z,9815.727,7
1486,Potencia instalada de generación solar fotovoltaica,2026-05-01T00:00:00.000+02:00,2026-04-30T22:00:00Z,13672.492,4
1486,Potencia instalada de generación solar fotovoltaica,2026-05-01T00:00:00.000+02:00,2026-04-30T22:00:00Z,2168.264,9
1486,Potencia instalada de generación solar fotovoltaica,2026-05-01T00:00:00.000+02:00,2026-04-30T22:00:00Z,375.64,10
1486,Potencia instalada de generación solar fotovoltaica,2026-05-01T00:00:00.000+02:00,2026-04-30T22:00:00Z,71.525,11
1486,Potencia instalada de generación solar fotovoltaica,2026-05-01T00:00:00.000+02:00,2026-04-30T22:00:00Z,6959.47,8
1486,Potencia instalada de generación solar fotovoltaica,2026-06-01T00:00:00.000+02:00,2026-05-31T22:00:00Z,2189.387,15
1486,Potencia instalada de generación solar fotovoltaica,2026-06-01T00:00:00.000+02:00,2026-05-31T22:00:00Z,3412.068,21
1486,Potencia instalada de generación solar fotovoltaica,2026-06-01T00:00:00.000+02:00,2026-05-31T22:00:00Z,499.666,20
1486,Potencia instalada de generación solar fotovoltaica,2026-06-01T00:00:00.000+02:00,2026-05-31T22:00:00Z,502.658,19
1486,Potencia instalada de generación solar fotovoltaica,2026-06-01T00:00:00.000+02:00,2026-05-31T22:00:00Z,676.155,18
1486,Potencia instalada de generación solar fotovoltaica,2026-06-01T00:00:00.000+02:00,2026-05-31T22:00:00Z,3.823,8746
1486,Potencia instalada de generación solar fotovoltaica,2026-06-01T00:00:00.000+02:00,2026-05-31T22:00:00Z,289.889,17
1486,Potencia instalada de generación solar fotovoltaica,2026-06-01T00:00:00.000+02:00,2026-05-31T22:00:00Z,8911.333,16
1486,Potencia instalada de generación solar fotovoltaica,2026-06-01T00:00:00.000+02:00,2026-05-31T22:00:00Z,718.73,14
1486,Potencia instalada de generación solar fotovoltaica,2026-06-01T00:00:00.000+02:00,2026-05-31T22:00:00Z,7084.442,8
1486,Potencia instalada de generación solar fotovoltaica,2026-06-01T00:00:00.000+02:00,2026-05-31T22:00:00Z,0.022,12
1486,Potencia instalada de generación solar fotovoltaica,2026-06-01T00:00:00.000+02:00,2026-05-31T22:00:00Z,13688.11,4
1486,Potencia instalada de generación solar fotovoltaica,2026-06-01T00:00:00.000+02:00,2026-05-31T22:00:00Z,4438.78,5
1486,Potencia instalada de generación solar fotovoltaica,2026-06-01T00:00:00.000+02:00,2026-05-31T22:00:00Z,49.153,6
1486,Potencia instalada de generación solar fotovoltaica,2026-06-01T00:00:00.000+02:00,2026-05-31T22:00:00Z,1069.738,13
1486,Potencia instalada de generación solar fotovoltaica,2026-06-01T00:00:00.000+02:00,2026-05-31T22:00:00Z,2178.446,9
1486,Potencia instalada de generación solar fotovoltaica,2026-06-01T00:00:00.000+02:00,2026-05-31T22:00:00Z,378.998,10
1486,Potencia instalada de generación solar fotovoltaica,2026-06-01T00:00:00.000+02:00,2026-05-31T22:00:00Z,71.616,11
1486,Potencia instalada de generación solar fotovoltaica,2026-06-01T00:00:00.000+02:00,2026-05-31T22:00:00Z,9821.009,7
1486,Potencia instalada de generación solar fotovoltaica,2026-07-01T00:00:00.000+02:00,2026-06-30T22:00:00Z,2203.159,15
1486,Potencia instalada de generación solar fotovoltaica,2026-07-01T00:00:00.000+02:00,2026-06-30T22:00:00Z,3.823,8746
1486,Potencia instalada de generación solar fotovoltaica,2026-07-01T00:00:00.000+02:00,2026-06-30T22:00:00Z,3418.238,21
1486,Potencia instalada de generación solar fotovoltaica,2026-07-01T00:00:00.000+02:00,2026-06-30T22:00:00Z,500.112,20
1486,Potencia instalada de generación solar fotovoltaica,2026-07-01T00:00:00.000+02:00,2026-06-30T22:00:00Z,503.162,19
1486,Potencia instalada de generación solar fotovoltaica,2026-07-01T00:00:00.000+02:00,2026-06-30T22:00:00Z,677.377,18
1486,Potencia instalada de generación solar fotovoltaica,2026-07-01T00:00:00.000+02:00,2026-06-30T22:00:00Z,291.512,17
1486,Potencia instalada de generación solar fotovoltaica,2026-07-01T00:00:00.000+02:00,2026-06-30T22:00:00Z,8912.693,16
1486,Potencia instalada de generación solar fotovoltaica,2026-07-01T00:00:00.000+02:00,2026-06-30T22:00:00Z,720.517,14
1486,Potencia instalada de generación solar fotovoltaica,2026-07-01T00:00:00.000+02:00,2026-06-30T22:00:00Z,1079.878,13
1486,Potencia instalada de generación solar fotovoltaica,2026-07-01T00:00:00.000+02:00,2026-06-30T22:00:00Z,0.022,12
1486,Potencia instalada de generación solar fotovoltaica,2026-07-01T00:00:00.000+02:00,2026-06-30T22:00:00Z,4439.584,5
1486,Potencia instalada de generación solar fotovoltaica,2026-07-01T00:00:00.000+02:00,2026-06-30T22:00:00Z,49.379,6
1486,Potencia instalada de generación solar fotovoltaica,2026-07-01T00:00:00.000+02:00,2026-06-30T22:00:00Z,9825.904,7
1486,Potencia instalada de generación solar fotovoltaica,2026-07-01T00:00:00.000+02:00,2026-06-30T22:00:00Z,13693.604,4
1486,Potencia instalada de generación solar fotovoltaica,2026-07-01T00:00:00.000+02:00,2026-06-30T22:00:00Z,2184.006,9
1486,Potencia instalada de generación solar fotovoltaica,2026-07-01T00:00:00.000+02:00,2026-06-30T22:00:00Z,382.475,10
1486,Potencia instalada de generación solar fotovoltaica,2026-07-01T00:00:00.000+02:00,2026-06-30T22:00:00Z,71.867,11
1486,Potencia instalada de generación solar fotovoltaica,2026-07-01T00:00:00.000+02:00,2026-06-30T22:00:00Z,7088.038,8
1486,Potencia instalada de generación solar fotovoltaica,2026-08-01T00:00:00.000+02:00,2026-07-31T22:00:00Z,2209.925,15
1486,Potencia instalada de generación solar fotovoltaica,2026-08-01T00:00:00.000+02:00,2026-07-31T22:00:00Z,3423.71,21
1486,Potencia instalada de generación solar fotovoltaica,2026-08-01T00:00:00.000+02:00,2026-07-31T22:00:00Z,500.239,20
1486,Potencia instalada de generación solar fotovoltaica,2026-08-01T00:00:00.000+02:00,2026-07-31T22:00:00Z,503.162,19
1486,Potencia instalada de generación solar fotovoltaica,2026-08-01T00:00:00.000+02:00,2026-07-31T22:00:00Z,677.377,18
1486,Potencia instalada de generación solar fotovoltaica,2026-08-01T00:00:00.000+02:00,2026-07-31T22:00:00Z,3.823,8746
1486,Potencia instalada de generación solar fotovoltaica,2026-08-01T00:00:00.000+02:00,2026-07-31T22:00:00Z,291.525,17
1486,Potencia instalada de generación solar fotovoltaica,2026-08-01T00:00:00.000+02:00,2026-07-31T22:00:00Z,8913.649,16
1486,Potencia instalada de generación solar fotovoltaica,2026-08-01T00:00:00.000+02:00,2026-07-31T22:00:00Z,721.018,14
1486,Potencia instalada de generación solar fotovoltaica,2026-08-01T00:00:00.000+02:00,2026-07-31T22:00:00Z,7089.859,8
1486,Potencia instalada de generación solar fotovoltaica,2026-08-01T00:00:00.000+02:00,2026-07-31T22:00:00Z,0.022,12
1486,Potencia instalada de generación solar fotovoltaica,2026-08-01T00:00:00.000+02:00,2026-07-31T22:00:00Z,71.867,11
1486,Potencia instalada de generación solar fotovoltaica,2026-08-01T00:00:00.000+02:00,2026-07-31T22:00:00Z,384.928,10
1486,Potencia instalada de generación solar fotovoltaica,2026-08-01T00:00:00.000+02:00,2026-07-31T22:00:00Z,2183.949,9
1486,Potencia instalada de generación solar fotovoltaica,2026-08-01T00:00:00.000+02:00,2026-07-31T22:00:00Z,9827.346,7
1486,Potencia instalada de generación solar fotovoltaica,2026-08-01T00:00:00.000+02:00,2026-07-31T22:00:00Z,49.384,6
1486,Potencia instalada de generación solar fotovoltaica,2026-08-01T00:00:00.000+02:00,2026-07-31T22:00:00Z,4439.484,5
1486,Potencia instalada de generación solar fotovoltaica,2026-08-01T00:00:00.000+02:00,2026-07-31T22:00:00Z,13695.407,4
1486,Potencia instalada de generación solar fotovoltaica,2026-08-01T00:00:00.000+02:00,2026-07-31T22:00:00Z,1083.066,13
1486,Potencia instalada de generación solar fotovoltaica,2026-09-01T00:00:00.000+02:00,2026-08-31T22:00:00Z,2212.508,15
1486,Potencia instalada de generación solar fotovoltaica,2026-09-01T00:00:00.000+02:00,2026-08-31T22:00:00Z,8914.731,16
1486,Potencia instalada de generación solar fotovoltaica,2026-09-01T00:00:00.000+02:00,2026-08-31T22:00:00Z,500.21,20
1486,Potencia instalada de generación solar fotovoltaica,2026-09-01T00:00:00.000+02:00,2026-08-31T22:00:00Z,679.458,18
1486,Potencia instalada de generación solar fotovoltaica,2026-09-01T00:00:00.000+02:00,2026-08-31T22:00:00Z,505.371,19
1486,Potencia instalada de generación solar fotovoltaica,2026-09-01T00:00:00.000+02:00,2026-08-31T22:00:00Z,721.187,14
1486,Potencia instalada de generación solar fotovoltaica,2026-09-01T00:00:00.000+02:00,2026-08-31T22:00:00Z,291.586,17
1486,Potencia instalada de generación solar fotovoltaica,2026-09-01T00:00:00.000+02:00,2026-08-31T22:00:00Z,1091.147,13
1486,Potencia instalada de generación solar fotovoltaica,2026-09-01T00:00:00.000+02:00,2026-08-31T22:00:00Z,7090.627,8
1486,Potencia instalada de generación solar fotovoltaica,2026-09-01T00:00:00.000+02:00,2026-08-31T22:00:00Z,72.304,11
1486,Potencia instalada de generación solar fotovoltaica,2026-09-01T00:00:00.000+02:00,2026-08-31T22:00:00Z,385.466,10
1486,Potencia instalada de generación solar fotovoltaica,2026-09-01T00:00:00.000+02:00,2026-08-31T22:00:00Z,2191.022,9
1486,Potencia instalada de generación solar fotovoltaica,2026-09-01T00:00:00.000+02:00,2026-08-31T22:00:00Z,9828.267,7
1486,Potencia instalada de generación solar fotovoltaica,2026-09-01T00:00:00.000+02:00,2026-08-31T22:00:00Z,49.799,6
1486,Potencia instalada de generación solar fotovoltaica,2026-09-01T00:00:00.000+02:00,2026-08-31T22:00:00Z,4440.639,5
1486,Potencia instalada de generación solar fotovoltaica,2026-09-01T00:00:00.000+02:00,2026-08-31T22:00:00Z,13711.219,4
1486,Potencia instalada de generación solar fotovoltaica,2026-09-01T00:00:00.000+02:00,2026-08-31T22:00:00Z,3424.668,21
1486,Potencia instalada de generación solar fotovoltaica,2026-09-01T00:00:00.000+02:00,2026-08-31T22:00:00Z,0.022,12
1486,Potencia instalada de generación solar fotovoltaica,2026-09-01T00:00:00.000+02:00,2026-08-31T22:00:00Z,3.823,8746
1487,Potencia instalada de generación solar térmica,2025-08-01T00:00:00.000+02:00,2025-07-31T22:00:00Z,1000.256,4
1487,Potencia instalada de generación solar térmica,2025-08-01T00:00:00.000+02:00,2025-07-31T22:00:00Z,30.039,21
1487,Potencia instalada de generación solar térmica,2025-08-01T00:00:00.000+02:00,2025-07-31T22:00:00Z,0.043,19
1487,Potencia instalada de generación solar térmica,2025-08-01T00:00:00.000+02:00,2025-07-31T22:00:00Z,0.005,18
1487,Potencia instalada de generación solar térmica,2025-08-01T00:00:00.000+02:00,2025-07-31T22:00:00Z,0.004,17
1487,Potencia instalada de generación solar térmica,2025-08-01T00:00:00.000+02:00,2025-07-31T22:00:00Z,49.936,15
1487,Potencia instalada de generación solar térmica,2025-08-01T00:00:00.000+02:00,2025-07-31T22:00:00Z,0.28,14
1487,Potencia instalada de generación solar térmica,2025-08-01T00:00:00.000+02:00,2025-07-31T22:00:00Z,849.026,16
1487,Potencia instalada de generación solar térmica,2025-08-01T00:00:00.000+02:00,2025-07-31T22:00:00Z,0.02,10
1487,Potencia instalada de generación solar térmica,2025-08-01T00:00:00.000+02:00,2025-07-31T22:00:00Z,22.625,9
1487,Potencia instalada de generación solar térmica,2025-08-01T00:00:00.000+02:00,2025-07-31T22:00:00Z,0.008,8
1487,Potencia instalada de generación solar térmica,2025-08-01T00:00:00.000+02:00,2025-07-31T22:00:00Z,349.556,7
1487,Potencia instalada de generación solar térmica,2025-08-01T00:00:00.000+02:00,2025-07-31T22:00:00Z,0.01,5
1487,Potencia instalada de generación solar térmica,2025-08-01T00:00:00.000+02:00,2025-07-31T22:00:00Z,0.178,13
1487,Potencia instalada de generación solar térmica,2025-09-01T00:00:00.000+02:00,2025-08-31T22:00:00Z,49.941,15
1487,Potencia instalada de generación solar térmica,2025-09-01T00:00:00.000+02:00,2025-08-31T22:00:00Z,30.039,21
1487,Potencia instalada de generación solar térmica,2025-09-01T00:00:00.000+02:00,2025-08-31T22:00:00Z,0.053,19
1487,Potencia instalada de generación solar térmica,2025-09-01T00:00:00.000+02:00,2025-08-31T22:00:00Z,0.005,18
1487,Potencia instalada de generación solar térmica,2025-09-01T00:00:00.000+02:00,2025-08-31T22:00:00Z,849.026,16
1487,Potencia instalada de generación solar térmica,2025-09-01T00:00:00.000+02:00,2025-08-31T22:00:00Z,0.28,14
1487,Potencia instalada de generación solar térmica,2025-09-01T00:00:00.000+02:00,2025-08-31T22:00:00Z,0.004,17
1487,Potencia instalada de generación solar térmica,2025-09-01T00:00:00.000+02:00,2025-08-31T22:00:00Z,0.02,10
1487,Potencia instalada de generación solar térmica,2025-09-01T00:00:00.000+02:00,2025-08-31T22:00:00Z,22.625,9
1487,Potencia instalada de generación solar térmica,2025-09-01T00:00:00.000+02:00,2025-08-31T22:00:00Z,0.008,8
1487,Potencia instalada de generación solar térmica,2025-09-01T00:00:00.000+02:00,2025-08-31T22:00:00Z,349.556,7
1487,Potencia instalada de generación solar térmica,2025-09-01T00:00:00.000+02:00,2025-08-31T22:00:00Z,0.01,5
1487,Potencia instalada de generación solar térmica,2025-09-01T00:00:00.000+02:00,2025-08-31T22:00:00Z,1000.256,4
1487,Potencia instalada de generación solar térmica,2025-09-01T00:00:00.000+02:00,2025-08-31T22:00:00Z,0.178,13
1487,Potencia instalada de generación solar térmica,2025-10-01T00:00:00.000+02:00,2025-09-30T22:00:00Z,30.039,21
1487,Potencia instalada de generación solar térmica,2025-10-01T00:00:00.000+02:00,2025-09-30T22:00:00Z,0.053,19
1487,Potencia instalada de generación solar térmica,2025-10-01T00:00:00.000+02:00,2025-09-30T22:00:00Z,0.005,18
1487,Potencia instalada de generación solar térmica,2025-10-01T00:00:00.000+02:00,2025-09-30T22:00:00Z,0.004,17
1487,Potencia instalada de generación solar térmica,2025-10-01T00:00:00.000+02:00,2025-09-30T22:00:00Z,849.026,16
1487,Potencia instalada de generación solar térmica,2025-10-01T00:00:00.000+02:00,2025-09-30T22:00:00Z,49.941,15
1487,Potencia instalada de generación solar térmica,2025-10-01T00:00:00.000+02:00,2025-09-30T22:00:00Z,0.286,14
1487,Potencia instalada de generación solar térmica,2025-10-01T00:00:00.000+02:00,2025-09-30T22:00:00Z,0.178,13
1487,Potencia instalada de generación solar térmica,2025-10-01T00:00:00.000+02:00,2025-09-30T22:00:00Z,22.625,9
1487,Potencia instalada de generación solar térmica,2025-10-01T00:00:00.000+02:00,2025-09-30T22:00:00Z,0.008,8
1487,Potencia instalada de generación solar térmica,2025-10-01T00:00:00.000+02:00,2025-09-30T22:00:00Z,349.556,7
1487,Potencia instalada de generación solar térmica,2025-10-01T00:00:00.000+02:00,2025-09-30T22:00:00Z,0.014,5
1487,Potencia instalada de generación solar térmica,2025-10-01T00:00:00.000+02:00,2025-09-30T22:00:00Z,1000.256,4
1487,Potencia instalada de generación solar térmica,2025-10-01T00:00:00.000+02:00,2025-09-30T22:00:00Z,0.02,10
1487,Potencia instalada de generación solar térmica,2025-11-01T00:00:00.000+01:00,2025-10-31T23:00:00Z,49.945,15
1487,Potencia instalada de generación solar térmica,2025-11-01T00:00:00.000+01:00,2025-10-31T23:00:00Z,30.039,21
1487,Potencia instalada de generación solar térmica,2025-11-01T00:00:00.000+01:00,2025-10-31T23:00:00Z,0.053,19
1487,Potencia instalada de generación solar térmica,2025-11-01T00:00:00.000+01:00,2025-10-31T23:00:00Z,0.005,18
1487,Potencia instalada de generación solar térmica,2025-11-01T00:00:00.000+01:00,2025-10-31T23:00:00Z,0.004,17
1487,Potencia instalada de generación solar térmica,2025-11-01T00:00:00.000+01:00,2025-10-31T23:00:00Z,849.026,16
1487,Potencia instalada de generación solar térmica,2025-11-01T00:00:00.000+01:00,2025-10-31T23:00:00Z,0.296,14
1487,Potencia instalada de generación solar térmica,2025-11-01T00:00:00.000+01:00,2025-10-31T23:00:00Z,349.556,7
1487,Potencia instalada de generación solar térmica,2025-11-01T00:00:00.000+01:00,2025-10-31T23:00:00Z,0.02,10
1487,Potencia instalada de generación solar térmica,2025-11-01T00:00:00.000+01:00,2025-10-31T23:00:00Z,22.625,9
1487,Potencia instalada de generación solar térmica,2025-11-01T00:00:00.000+01:00,2025-10-31T23:00:00Z,0.008,8
1487,Potencia instalada de generación solar térmica,2025-11-01T00:00:00.000+01:00,2025-10-31T23:00:00Z,0.178,13
1487,Potencia instalada de generación solar térmica,2025-11-01T00:00:00.000+01:00,2025-10-31T23:00:00Z,0.014,5
1487,Potencia instalada de generación solar térmica,2025-11-01T00:00:00.000+01:00,2025-10-31T23:00:00Z,1000.256,4
1487,Potencia instalada de generación solar térmica,2025-12-01T00:00:00.000+01:00,2025-11-30T23:00:00Z,0.073,19
1487,Potencia instalada de generación solar térmica,2025-12-01T00:00:00.000+01:00,2025-11-30T23:00:00Z,0.005,18
1487,Potencia instalada de generación solar térmica,2025-12-01T00:00:00.000+01:00,2025-11-30T23:00:00Z,0.004,17
1487,Potencia instalada de generación solar térmica,2025-12-01T00:00:00.000+01:00,2025-11-30T23:00:00Z,849.032,16
1487,Potencia instalada de generación solar térmica,2025-12-01T00:00:00.000+01:00,2025-11-30T23:00:00Z,49.945,15
1487,Potencia instalada de generación solar térmica,2025-12-01T00:00:00.000+01:00,2025-11-30T23:00:00Z,0.302,14
1487,Potencia instalada de generación solar térmica,2025-12-01T00:00:00.000+01:00,2025-11-30T23:00:00Z,30.063,21
1487,Potencia instalada de generación solar térmica,2025-12-01T00:00:00.000+01:00,2025-11-30T23:00:00Z,0.02,10
1487,Potencia instalada de generación solar térmica,2025-12-01T00:00:00.000+01:00,2025-11-30T23:00:00Z,22.625,9
1487,Potencia instalada de generación solar térmica,2025-12-01T00:00:00.000+01:00,2025-11-30T23:00:00Z,0.008,8
1487,Potencia instalada de generación solar térmica,2025-12-01T00:00:00.000+01:00,2025-11-30T23:00:00Z,349.556,7
1487,Potencia instalada de generación solar térmica,2025-12-01T00:00:00.000+01:00,2025-11-30T23:00:00Z,0.014,5
1487,Potencia instalada de generación solar térmica,2025-12-01T00:00:00.000+01:00,2025-11-30T23:00:00Z,1000.256,4
1487,Potencia instalada de generación solar térmica,2025-12-01T00:00:00.000+01:00,2025-11-30T23:00:00Z,0.184,13
1487,Potencia instalada de generación solar térmica,2026-01-01T00:00:00.000+01:00,2025-12-31T23:00:00Z,30.063,21
1487,Potencia instalada de generación solar térmica,2026-01-01T00:00:00.000+01:00,2025-12-31T23:00:00Z,0.073,19
1487,Potencia instalada de generación solar térmica,2026-01-01T00:00:00.000+01:00,2025-12-31T23:00:00Z,0.005,18
1487,Potencia instalada de generación solar térmica,2026-01-01T00:00:00.000+01:00,2025-12-31T23:00:00Z,0.004,17
1487,Potencia instalada de generación solar térmica,2026-01-01T00:00:00.000+01:00,2025-12-31T23:00:00Z,849.032,16
1487,Potencia instalada de generación solar térmica,2026-01-01T00:00:00.000+01:00,2025-12-31T23:00:00Z,49.945,15
1487,Potencia instalada de generación solar térmica,2026-01-01T00:00:00.000+01:00,2025-12-31T23:00:00Z,0.312,14
1487,Potencia instalada de generación solar térmica,2026-01-01T00:00:00.000+01:00,2025-12-31T23:00:00Z,0.19,13
1487,Potencia instalada de generación solar térmica,2026-01-01T00:00:00.000+01:00,2025-12-31T23:00:00Z,22.625,9
1487,Potencia instalada de generación solar térmica,2026-01-01T00:00:00.000+01:00,2025-12-31T23:00:00Z,0.008,8
1487,Potencia instalada de generación solar térmica,2026-01-01T00:00:00.000+01:00,2025-12-31T23:00:00Z,349.556,7
1487,Potencia instalada de generación solar térmica,2026-01-01T00:00:00.000+01:00,2025-12-31T23:00:00Z,0.014,5
1487,Potencia instalada de generación solar térmica,2026-01-01T00:00:00.000+01:00,2025-12-31T23:00:00Z,1000.256,4
1487,Potencia instalada de generación solar térmica,2026-01-01T00:00:00.000+01:00,2025-12-31T23:00:00Z,0.02,10
1487,Potencia instalada de generación solar térmica,2026-02-01T00:00:00.000+01:00,2026-01-31T23:00:00Z,49.95,15
1487,Potencia instalada de generación solar térmica,2026-02-01T00:00:00.000+01:00,2026-01-31T23:00:00Z,0.073,19
1487,Potencia instalada de generación solar térmica,2026-02-01T00:00:00.000+01:00,2026-01-31T23:00:00Z,0.005,18
1487,Potencia instalada de generación solar térmica,2026-02-01T00:00:00.000+01:00,2026-01-31T23:00:00Z,0.004,17
1487,Potencia instalada de generación solar térmica,2026-02-01T00:00:00.000+01:00,2026-01-31T23:00:00Z,849.032,16
1487,Potencia instalada de generación solar térmica,2026-02-01T00:00:00.000+01:00,2026-01-31T23:00:00Z,0.321,14
1487,Potencia instalada de generación solar térmica,2026-02-01T00:00:00.000+01:00,2026-01-31T23:00:00Z,30.063,21
1487,Potencia instalada de generación solar térmica,2026-02-01T00:00:00.000+01:00,2026-01-31T23:00:00Z,0.02,10
1487,Potencia instalada de generación solar térmica,2026-02-01T00:00:00.000+01:00,2026-01-31T23:00:00Z,22.625,9
1487,Potencia instalada de generación solar térmica,2026-02-01T00:00:00.000+01:00,2026-01-31T23:00:00Z,0.008,8
1487,Potencia instalada de generación solar térmica,2026-02-01T00:00:00.000+01:00,2026-01-31T23:00:00Z,349.556,7
1487,Potencia instalada de generación solar térmica,2026-02-01T00:00:00.000+01:00,2026-01-31T23:00:00Z,0.014,5
1487,Potencia instalada de generación solar térmica,2026-02-01T00:00:00.000+01:00,2026-01-31T23:00:00Z,1000.256,4
1487,Potencia instalada de generación solar térmica,2026-02-01T00:00:00.000+01:00,2026-01-31T23:00:00Z,0.19,13
1487,Potencia instalada de generación solar térmica,2026-03-01T00:00:00.000+01:00,2026-02-28T23:00:00Z,30.063,21
1487,Potencia instalada de generación solar térmica,2026-03-01T00:00:00.000+01:00,2026-02-28T23:00:00Z,0.073,19
1487,Potencia instalada de generación solar térmica,2026-03-01T00:00:00.000+01:00,2026-02-28T23:00:00Z,0.005,18
1487,Potencia instalada de generación solar térmica,2026-03-01T00:00:00.000+01:00,2026-02-28T23:00:00Z,0.004,17
1487,Potencia instalada de generación solar térmica,2026-03-01T00:00:00.000+01:00,2026-02-28T23:00:00Z,849.032,16
1487,Potencia instalada de generación solar térmica,2026-03-01T00:00:00.000+01:00,2026-02-28T23:00:00Z,49.95,15
1487,Potencia instalada de generación solar térmica,2026-03-01T00:00:00.000+01:00,2026-02-28T23:00:00Z,0.327,14
1487,Potencia instalada de generación solar térmica,2026-03-01T00:00:00.000+01:00,2026-02-28T23:00:00Z,0.19,13
1487,Potencia instalada de generación solar térmica,2026-03-01T00:00:00.000+01:00,2026-02-28T23:00:00Z,0.02,10
1487,Potencia instalada de generación solar térmica,2026-03-01T00:00:00.000+01:00,2026-02-28T23:00:00Z,22.625,9
1487,Potencia instalada de generación solar térmica,2026-03-01T00:00:00.000+01:00,2026-02-28T23:00:00Z,0.008,8
1487,Potencia instalada de generación solar térmica,2026-03-01T00:00:00.000+01:00,2026-02-28T23:00:00Z,349.556,7
1487,Potencia instalada de generación solar térmica,2026-03-01T00:00:00.000+01:00,2026-02-28T23:00:00Z,0.014,5
1487,Potencia instalada de generación solar térmica,2026-03-01T00:00:00.000+01:00,2026-02-28T23:00:00Z,1000.256,4
1487,Potencia instalada de generación solar térmica,2026-04-01T00:00:00.000+02:00,2026-03-31T22:00:00Z,30.063,21
1487,Potencia instalada de generación solar térmica,2026-04-01T00:00:00.000+02:00,2026-03-31T22:00:00Z,0.073,19
1487,Potencia instalada de generación solar térmica,2026-04-01T00:00:00.000+02:00,2026-03-31T22:00:00Z,0.005,18
1487,Potencia instalada de generación solar térmica,2026-04-01T00:00:00.000+02:00,2026-03-31T22:00:00Z,0.004,17
1487,Potencia instalada de generación solar térmica,2026-04-01T00:00:00.000+02:00,2026-03-31T22:00:00Z,849.032,16
1487,Potencia instalada de generación solar térmica,2026-04-01T00:00:00.000+02:00,2026-03-31T22:00:00Z,49.95,15
1487,Potencia instalada de generación solar térmica,2026-04-01T00:00:00.000+02:00,2026-03-31T22:00:00Z,0.339,14
1487,Potencia instalada de generación solar térmica,2026-04-01T00:00:00.000+02:00,2026-03-31T22:00:00Z,0.19,13
1487,Potencia instalada de generación solar térmica,2026-04-01T00:00:00.000+02:00,2026-03-31T22:00:00Z,0.02,10
1487,Potencia instalada de generación solar térmica,2026-04-01T00:00:00.000+02:00,2026-03-31T22:00:00Z,22.625,9
1487,Potencia instalada de generación solar térmica,2026-04-01T00:00:00.000+02:00,2026-03-31T22:00:00Z,0.008,8
1487,Potencia instalada de generación solar térmica,2026-04-01T00:00:00.000+02:00,2026-03-31T22:00:00Z,349.556,7
1487,Potencia instalada de generación solar térmica,2026-04-01T00:00:00.000+02:00,2026-03-31T22:00:00Z,0.014,5
1487,Potencia instalada de generación solar térmica,2026-04-01T00:00:00.000+02:00,2026-03-31T22:00:00Z,1000.256,4
1487,Potencia instalada de generación solar térmica,2026-05-01T00:00:00.000+02:00,2026-04-30T22:00:00Z,30.063,21
1487,Potencia instalada de generación solar térmica,2026-05-01T00:00:00.000+02:00,2026-04-30T22:00:00Z,0.073,19
1487,Potencia instalada de generación solar térmica,2026-05-01T00:00:00.000+02:00,2026-04-30T22:00:00Z,0.005,18
1487,Potencia instalada de generación solar térmica,2026-05-01T00:00:00.000+02:00,2026-04-30T22:00:00Z,0.004,17
1487,Potencia instalada de generación solar térmica,2026-05-01T00:00:00.000+02:00,2026-04-30T22:00:00Z,849.032,16
1487,Potencia instalada de generación solar térmica,2026-05-01T00:00:00.000+02:00,2026-04-30T22:00:00Z,49.95,15
1487,Potencia instalada de generación solar térmica,2026-05-01T00:00:00.000+02:00,2026-04-30T22:00:00Z,0.339,14
1487,Potencia instalada de generación solar térmica,2026-05-01T00:00:00.000+02:00,2026-04-30T22:00:00Z,0.02,10
1487,Potencia instalada de generación solar térmica,2026-05-01T00:00:00.000+02:00,2026-04-30T22:00:00Z,22.625,9
1487,Potencia instalada de generación solar térmica,2026-05-01T00:00:00.000+02:00,2026-04-30T22:00:00Z,0.008,8
1487,Potencia instalada de generación solar térmica,2026-05-01T00:00:00.000+02:00,2026-04-30T22:00:00Z,349.556,7
1487,Potencia instalada de generación solar térmica,2026-05-01T00:00:00.000+02:00,2026-04-30T22:00:00Z,0.014,5
1487,Potencia instalada de generación solar térmica,2026-05-01T00:00:00.000+02:00,2026-04-30T22:00:00Z,1000.256,4
1487,Potencia instalada de generación solar térmica,2026-05-01T00:00:00.000+02:00,2026-04-30T22:00:00Z,0.194,13
1487,Potencia instalada de generación solar térmica,2026-06-01T00:00:00.000+02:00,2026-05-31T22:00:00Z,49.95,15
1487,Potencia instalada de generación solar térmica,2026-06-01T00:00:00.000+02:00,2026-05-31T22:00:00Z,0.073,19
1487,Potencia instalada de generación solar térmica,2026-06-01T00:00:00.000+02:00,2026-05-31T22:00:00Z,0.005,18
1487,Potencia instalada de generación solar térmica,2026-06-01T00:00:00.000+02:00,2026-05-31T22:00:00Z,0.004,17
1487,Potencia instalada de generación solar térmica,2026-06-01T00:00:00.000+02:00,2026-05-31T22:00:00Z,30.063,21
1487,Potencia instalada de generación solar térmica,2026-06-01T00:00:00.000+02:00,2026-05-31T22:00:00Z,849.032,16
1487,Potencia instalada de generación solar térmica,2026-06-01T00:00:00.000+02:00,2026-05-31T22:00:00Z,0.351,14
1487,Potencia instalada de generación solar térmica,2026-06-01T00:00:00.000+02:00,2026-05-31T22:00:00Z,0.008,8
1487,Potencia instalada de generación solar térmica,2026-06-01T00:00:00.000+02:00,2026-05-31T22:00:00Z,0.02,10
1487,Potencia instalada de generación solar térmica,2026-06-01T00:00:00.000+02:00,2026-05-31T22:00:00Z,22.625,9
1487,Potencia instalada de generación solar térmica,2026-06-01T00:00:00.000+02:00,2026-05-31T22:00:00Z,349.556,7
1487,Potencia instalada de generación solar térmica,2026-06-01T00:00:00.000+02:00,2026-05-31T22:00:00Z,0.014,5
1487,Potencia instalada de generación solar térmica,2026-06-01T00:00:00.000+02:00,2026-05-31T22:00:00Z,1000.256,4
1487,Potencia instalada de generación solar térmica,2026-06-01T00:00:00.000+02:00,2026-05-31T22:00:00Z,0.194,13
1487,Potencia instalada de generación solar térmica,2026-07-01T00:00:00.000+02:00,2026-06-30T22:00:00Z,30.063,21
1487,Potencia instalada de generación solar térmica,2026-07-01T00:00:00.000+02:00,2026-06-30T22:00:00Z,0.073,19
1487,Potencia instalada de generación solar térmica,2026-07-01T00:00:00.000+02:00,2026-06-30T22:00:00Z,0.005,18
1487,Potencia instalada de generación solar térmica,2026-07-01T00:00:00.000+02:00,2026-06-30T22:00:00Z,0.004,17
1487,Potencia instalada de generación solar térmica,2026-07-01T00:00:00.000+02:00,2026-06-30T22:00:00Z,849.032,16
1487,Potencia instalada de generación solar térmica,2026-07-01T00:00:00.000+02:00,2026-06-30T22:00:00Z,49.96,15
1487,Potencia instalada de generación solar térmica,2026-07-01T00:00:00.000+02:00,2026-06-30T22:00:00Z,0.359,14
1487,Potencia instalada de generación solar térmica,2026-07-01T00:00:00.000+02:00,2026-06-30T22:00:00Z,0.02,10
1487,Potencia instalada de generación solar térmica,2026-07-01T00:00:00.000+02:00,2026-06-30T22:00:00Z,22.625,9
1487,Potencia instalada de generación solar térmica,2026-07-01T00:00:00.000+02:00,2026-06-30T22:00:00Z,0.008,8
1487,Potencia instalada de generación solar térmica,2026-07-01T00:00:00.000+02:00,2026-06-30T22:00:00Z,349.561,7
1487,Potencia instalada de generación solar térmica,2026-07-01T00:00:00.000+02:00,2026-06-30T22:00:00Z,0.014,5
1487,Potencia instalada de generación solar térmica,2026-07-01T00:00:00.000+02:00,2026-06-30T22:00:00Z,1000.256,4
1487,Potencia instalada de generación solar térmica,2026-07-01T00:00:00.000+02:00,2026-06-30T22:00:00Z,0.2,13
1487,Potencia instalada de generación solar térmica,2026-08-01T00:00:00.000+02:00,2026-07-31T22:00:00Z,49.966,15
1487,Potencia instalada de generación solar térmica,2026-08-01T00:00:00.000+02:00,2026-07-31T22:00:00Z,0.073,19
1487,Potencia instalada de generación solar térmica,2026-08-01T00:00:00.000+02:00,2026-07-31T22:00:00Z,0.005,18
1487,Potencia instalada de generación solar térmica,2026-08-01T00:00:00.000+02:00,2026-07-31T22:00:00Z,0.004,17
1487,Potencia instalada de generación solar térmica,2026-08-01T00:00:00.000+02:00,2026-07-31T22:00:00Z,30.063,21
1487,Potencia instalada de generación solar térmica,2026-08-01T00:00:00.000+02:00,2026-07-31T22:00:00Z,849.032,16
1487,Potencia instalada de generación solar térmica,2026-08-01T00:00:00.000+02:00,2026-07-31T22:00:00Z,0.367,14
1487,Potencia instalada de generación solar térmica,2026-08-01T00:00:00.000+02:00,2026-07-31T22:00:00Z,0.008,8
1487,Potencia instalada de generación solar térmica,2026-08-01T00:00:00.000+02:00,2026-07-31T22:00:00Z,0.02,10
1487,Potencia instalada de generación solar térmica,2026-08-01T00:00:00.000+02:00,2026-07-31T22:00:00Z,22.625,9
1487,Potencia instalada de generación solar térmica,2026-08-01T00:00:00.000+02:00,2026-07-31T22:00:00Z,349.561,7
1487,Potencia instalada de generación solar térmica,2026-08-01T00:00:00.000+02:00,2026-07-31T22:00:00Z,0.014,5
1487,Potencia instalada de generación solar térmica,2026-08-01T00:00:00.000+02:00,2026-07-31T22:00:00Z,1000.256,4
1487,Potencia instalada de generación solar térmica,2026-08-01T00:00:00.000+02:00,2026-07-31T22:00:00Z,0.2,13
1487,Potencia instalada de generación solar térmica,2026-09-01T00:00:00.000+02:00,2026-08-31T22:00:00Z,0.005,18
1487,Potencia instalada de generación solar térmica,2026-09-01T00:00:00.000+02:00,2026-08-31T22:00:00Z,0.004,17
1487,Potencia instalada de generación solar térmica,2026-09-01T00:00:00.000+02:00,2026-08-31T22:00:00Z,849.032,16
1487,Potencia instalada de generación solar térmica,2026-09-01T00:00:00.000+02:00,2026-08-31T22:00:00Z,49.966,15
1487,Potencia instalada de generación solar térmica,2026-09-01T00:00:00.000+02:00,2026-08-31T22:00:00Z,0.367,14
1487,Potencia instalada de generación solar térmica,2026-09-01T00:00:00.000+02:00,2026-08-31T22:00:00Z,0.2,13
1487,Potencia instalada de generación solar térmica,2026-09-01T00:00:00.000+02:00,2026-08-31T22:00:00Z,0.008,8
1487,Potencia instalada de generación solar térmica,2026-09-01T00:00:00.000+02:00,2026-08-31T22:00:00Z,22.625,9
1487,Potencia instalada de generación solar térmica,2026-09-01T00:00:00.000+02:00,2026-08-31T22:00:00Z,349.561,7
1487,Potencia instalada de generación solar térmica,2026-09-01T00:00:00.000+02:00,2026-08-31T22:00:00Z,0.014,5
1487,Potencia instalada de generación solar térmica,2026-09-01T00:00:00.000+02:00,2026-08-31T22:00:00Z,1000.256,4
1487,Potencia instalada de generación solar térmica,2026-09-01T00:00:00.000+02:00,2026-08-31T22:00:00Z,0.073,19
1487,Potencia instalada de generación solar térmica,2026-09-01T00:00:00.000+02:00,2026-08-31T22:00:00Z,0.02,10
1487,Potencia instalada de generación solar térmica,2026-09-01T00:00:00.000+02:00,2026-08-31T22:00:00Z,30.063,21
1488,Potencia instalada de generación otras renovables,2025-08-01T00:00:00.000+02:00,2025-07-31T22:00:00Z,455.254,4
1488,Potencia instalada de generación otras renovables,2025-08-01T00:00:00.000+02:00,2025-07-31T22:00:00Z,0.0,8746
1488,Potencia instalada de generación otras renovables,2025-08-01T00:00:00.000+02:00,2025-07-31T22:00:00Z,8.715,21
1488,Potencia instalada de generación otras renovables,2025-08-01T00:00:00.000+02:00,2025-07-31T22:00:00Z,2.477,20
1488,Potencia instalada de generación otras renovables,2025-08-01T00:00:00.000+02:00,2025-07-31T22:00:00Z,8.806,19
1488,Potencia instalada de generación otras renovables,2025-08-01T00:00:00.000+02:00,2025-07-31T22:00:00Z,7.916,18
1488,Potencia instalada de generación otras renovables,2025-08-01T00:00:00.000+02:00,2025-07-31T22:00:00Z,93.985,16
1488,Potencia instalada de generación otras renovables,2025-08-01T00:00:00.000+02:00,2025-07-31T22:00:00Z,10.58,15
1488,Potencia instalada de generación otras renovables,2025-08-01T00:00:00.000+02:00,2025-07-31T22:00:00Z,42.851,14
1488,Potencia instalada de generación otras renovables,2025-08-01T00:00:00.000+02:00,2025-07-31T22:00:00Z,65.567,17
1488,Potencia instalada de generación otras renovables,2025-08-01T00:00:00.000+02:00,2025-07-31T22:00:00Z,90.535,11
1488,Potencia instalada de generación otras renovables,2025-08-01T00:00:00.000+02:00,2025-07-31T22:00:00Z,26.726,10
1488,Potencia instalada de generación otras renovables,2025-08-01T00:00:00.000+02:00,2025-07-31T22:00:00Z,59.436,9
1488,Potencia instalada de generación otras renovables,2025-08-01T00:00:00.000+02:00,2025-07-31T22:00:00Z,104.981,8
1488,Potencia instalada de generación otras renovables,2025-08-01T00:00:00.000+02:00,2025-07-31T22:00:00Z,98.064,7
1488,Potencia instalada de generación otras renovables,2025-08-01T00:00:00.000+02:00,2025-07-31T22:00:00Z,12.862,6
1488,Potencia instalada de generación otras renovables,2025-08-01T00:00:00.000+02:00,2025-07-31T22:00:00Z,16.877,5
1488,Potencia instalada de generación otras renovables,2025-08-01T00:00:00.000+02:00,2025-07-31T22:00:00Z,46.045,13
1488,Potencia instalada de generación otras renovables,2025-09-01T00:00:00.000+02:00,2025-08-31T22:00:00Z,10.58,15
1488,Potencia instalada de generación otras renovables,2025-09-01T00:00:00.000+02:00,2025-08-31T22:00:00Z,0.0,8746
1488,Potencia instalada de generación otras renovables,2025-09-01T00:00:00.000+02:00,2025-08-31T22:00:00Z,8.715,21
1488,Potencia instalada de generación otras renovables,2025-09-01T00:00:00.000+02:00,2025-08-31T22:00:00Z,2.477,20
1488,Potencia instalada de generación otras renovables,2025-09-01T00:00:00.000+02:00,2025-08-31T22:00:00Z,8.806,19
1488,Potencia instalada de generación otras renovables,2025-09-01T00:00:00.000+02:00,2025-08-31T22:00:00Z,65.567,17
1488,Potencia instalada de generación otras renovables,2025-09-01T00:00:00.000+02:00,2025-08-31T22:00:00Z,93.985,16
1488,Potencia instalada de generación otras renovables,2025-09-01T00:00:00.000+02:00,2025-08-31T22:00:00Z,42.851,14
1488,Potencia instalada de generación otras renovables,2025-09-01T00:00:00.000+02:00,2025-08-31T22:00:00Z,7.916,18
1488,Potencia instalada de generación otras renovables,2025-09-01T00:00:00.000+02:00,2025-08-31T22:00:00Z,90.535,11
1488,Potencia instalada de generación otras renovables,2025-09-01T00:00:00.000+02:00,2025-08-31T22:00:00Z,16.877,5
1488,Potencia instalada de generación otras renovables,2025-09-01T00:00:00.000+02:00,2025-08-31T22:00:00Z,12.862,6
1488,Potencia instalada de generación otras renovables,2025-09-01T00:00:00.000+02:00,2025-08-31T22:00:00Z,98.064,7
1488,Potencia instalada de generación otras renovables,2025-09-01T00:00:00.000+02:00,2025-08-31T22:00:00Z,455.854,4
1488,Potencia instalada de generación otras renovables,2025-09-01T00:00:00.000+02:00,2025-08-31T22:00:00Z,104.981,8
1488,Potencia instalada de generación otras renovables,2025-09-01T00:00:00.000+02:00,2025-08-31T22:00:00Z,59.436,9
1488,Potencia instalada de generación otras renovables,2025-09-01T00:00:00.000+02:00,2025-08-31T22:00:00Z,26.726,10
1488,Potencia instalada de generación otras renovables,2025-09-01T00:00:00.000+02:00,2025-08-31T22:00:00Z,46.045,13
1488,Potencia instalada de generación otras renovables,2025-10-01T00:00:00.000+02:00,2025-09-30T22:00:00Z,42.851,14
1488,Potencia instalada de generación otras renovables,2025-10-01T00:00:00.000+02:00,2025-09-30T22:00:00Z,8.715,21
1488,Potencia instalada de generación otras renovables,2025-10-01T00:00:00.000+02:00,2025-09-30T22:00:00Z,2.477,20
1488,Potencia instalada de generación otras renovables,2025-10-01T00:00:00.000+02:00,2025-09-30T22:00:00Z,8.806,19
1488,Potencia instalada de generación otras renovables,2025-10-01T00:00:00.000+02:00,2025-09-30T22:00:00Z,7.916,18
1488,Potencia instalada de generación otras renovables,2025-10-01T00:00:00.000+02:00,2025-09-30T22:00:00Z,63.217,17
1488,Potencia instalada de generación otras renovables,2025-10-01T00:00:00.000+02:00,2025-09-30T22:00:00Z,93.985,16
1488,Potencia instalada de generación otras renovables,2025-10-01T00:00:00.000+02:00,2025-09-30T22:00:00Z,10.58,15
1488,Potencia instalada de generación otras renovables,2025-10-01T00:00:00.000+02:00,2025-09-30T22:00:00Z,0.0,8746
1488,Potencia instalada de generación otras renovables,2025-10-01T00:00:00.000+02:00,2025-09-30T22:00:00Z,46.045,13
1488,Potencia instalada de generación otras renovables,2025-10-01T00:00:00.000+02:00,2025-09-30T22:00:00Z,26.726,10
1488,Potencia instalada de generación otras renovables,2025-10-01T00:00:00.000+02:00,2025-09-30T22:00:00Z,59.436,9
1488,Potencia instalada de generación otras renovables,2025-10-01T00:00:00.000+02:00,2025-09-30T22:00:00Z,104.981,8
1488,Potencia instalada de generación otras renovables,2025-10-01T00:00:00.000+02:00,2025-09-30T22:00:00Z,98.064,7
1488,Potencia instalada de generación otras renovables,2025-10-01T00:00:00.000+02:00,2025-09-30T22:00:00Z,12.862,6
1488,Potencia instalada de generación otras renovables,2025-10-01T00:00:00.000+02:00,2025-09-30T22:00:00Z,16.877,5
1488,Potencia instalada de generación otras renovables,2025-10-01T00:00:00.000+02:00,2025-09-30T22:00:00Z,455.854,4
1488,Potencia instalada de generación otras renovables,2025-10-01T00:00:00.000+02:00,2025-09-30T22:00:00Z,90.535,11
1488,Potencia instalada de generación otras renovables,2025-11-01T00:00:00.000+01:00,2025-10-31T23:00:00Z,93.985,16
1488,Potencia instalada de generación otras renovables,2025-11-01T00:00:00.000+01:00,2025-10-31T23:00:00Z,63.217,17
1488,Potencia instalada de generación otras renovables,2025-11-01T00:00:00.000+01:00,2025-10-31T23:00:00Z,7.916,18
1488,Potencia instalada de generación otras renovables,2025-11-01T00:00:00.000+01:00,2025-10-31T23:00:00Z,0.0,8746
1488,Potencia instalada de generación otras renovables,2025-11-01T00:00:00.000+01:00,2025-10-31T23:00:00Z,2.477,20
1488,Potencia instalada de generación otras renovables,2025-11-01T00:00:00.000+01:00,2025-10-31T23:00:00Z,8.715,21
1488,Potencia instalada de generación otras renovables,2025-11-01T00:00:00.000+01:00,2025-10-31T23:00:00Z,10.58,15
1488,Potencia instalada de generación otras renovables,2025-11-01T00:00:00.000+01:00,2025-10-31T23:00:00Z,8.806,19
1488,Potencia instalada de generación otras renovables,2025-11-01T00:00:00.000+01:00,2025-10-31T23:00:00Z,42.851,14
1488,Potencia instalada de generación otras renovables,2025-11-01T00:00:00.000+01:00,2025-10-31T23:00:00Z,98.064,7
1488,Potencia instalada de generación otras renovables,2025-11-01T00:00:00.000+01:00,2025-10-31T23:00:00Z,90.535,11
1488,Potencia instalada de generación otras renovables,2025-11-01T00:00:00.000+01:00,2025-10-31T23:00:00Z,26.726,10
1488,Potencia instalada de generación otras renovables,2025-11-01T00:00:00.000+01:00,2025-10-31T23:00:00Z,59.436,9
1488,Potencia instalada de generación otras renovables,2025-11-01T00:00:00.000+01:00,2025-10-31T23:00:00Z,104.981,8
1488,Potencia instalada de generación otras renovables,2025-11-01T00:00:00.000+01:00,2025-10-31T23:00:00Z,46.045,13
1488,Potencia instalada de generación otras renovables,2025-11-01T00:00:00.000+01:00,2025-10-31T23:00:00Z,12.862,6
1488,Potencia instalada de generación otras renovables,2025-11-01T00:00:00.000+01:00,2025-10-31T23:00:00Z,16.877,5
1488,Potencia instalada de generación otras renovables,2025-11-01T00:00:00.000+01:00,2025-10-31T23:00:00Z,455.854,4
1488,Potencia instalada de generación otras renovables,2025-12-01T00:00:00.000+01:00,2025-11-30T23:00:00Z,8.715,21
1488,Potencia instalada de generación otras renovables,2025-12-01T00:00:00.000+01:00,2025-11-30T23:00:00Z,2.477,20
1488,Potencia instalada de generación otras renovables,2025-12-01T00:00:00.000+01:00,2025-11-30T23:00:00Z,8.806,19
1488,Potencia instalada de generación otras renovables,2025-12-01T00:00:00.000+01:00,2025-11-30T23:00:00Z,7.916,18
1488,Potencia instalada de generación otras renovables,2025-12-01T00:00:00.000+01:00,2025-11-30T23:00:00Z,63.217,17
1488,Potencia instalada de generación otras renovables,2025-12-01T00:00:00.000+01:00,2025-11-30T23:00:00Z,93.985,16
1488,Potencia instalada de generación otras renovables,2025-12-01T00:00:00.000+01:00,2025-11-30T23:00:00Z,10.58,15
1488,Potencia instalada de generación otras renovables,2025-12-01T00:00:00.000+01:00,2025-11-30T23:00:00Z,42.851,14
1488,Potencia instalada de generación otras renovables,2025-12-01T00:00:00.000+01:00,2025-11-30T23:00:00Z,0.0,8746
1488,Potencia instalada de generación otras renovables,2025-12-01T00:00:00.000+01:00,2025-11-30T23:00:00Z,90.535,11
1488,Potencia instalada de generación otras renovables,2025-12-01T00:00:00.000+01:00,2025-11-30T23:00:00Z,455.854,4
1488,Potencia instalada de generación otras renovables,2025-12-01T00:00:00.000+01:00,2025-11-30T23:00:00Z,16.877,5
1488,Potencia instalada de generación otras renovables,2025-12-01T00:00:00.000+01:00,2025-11-30T23:00:00Z,12.862,6
1488,Potencia instalada de generación otras renovables,2025-12-01T00:00:00.000+01:00,2025-11-30T23:00:00Z,46.045,13
1488,Potencia instalada de generación otras renovables,2025-12-01T00:00:00.000+01:00,2025-11-30T23:00:00Z,104.981,8
1488,Potencia instalada de generación otras renovables,2025-12-01T00:00:00.000+01:00,2025-11-30T23:00:00Z,59.436,9
1488,Potencia instalada de generación otras renovables,2025-12-01T00:00:00.000+01:00,2025-11-30T23:00:00Z,26.726,10
1488,Potencia instalada de generación otras renovables,2025-12-01T00:00:00.000+01:00,2025-11-30T23:00:00Z,98.064,7
1488,Potencia instalada de generación otras renovables,2026-01-01T00:00:00.000+01:00,2025-12-31T23:00:00Z,42.851,14
1488,Potencia instalada de generación otras renovables,2026-01-01T00:00:00.000+01:00,2025-12-31T23:00:00Z,8.715,21
1488,Potencia instalada de generación otras renovables,2026-01-01T00:00:00.000+01:00,2025-12-31T23:00:00Z,2.477,20
1488,Potencia instalada de generación otras renovables,2026-01-01T00:00:00.000+01:00,2025-12-31T23:00:00Z,8.806,19
1488,Potencia instalada de generación otras renovables,2026-01-01T00:00:00.000+01:00,2025-12-31T23:00:00Z,7.916,18
1488,Potencia instalada de generación otras renovables,2026-01-01T00:00:00.000+01:00,2025-12-31T23:00:00Z,63.217,17
1488,Potencia instalada de generación otras renovables,2026-01-01T00:00:00.000+01:00,2025-12-31T23:00:00Z,89.985,16
1488,Potencia instalada de generación otras renovables,2026-01-01T00:00:00.000+01:00,2025-12-31T23:00:00Z,10.58,15
1488,Potencia instalada de generación otras renovables,2026-01-01T00:00:00.000+01:00,2025-12-31T23:00:00Z,0.0,8746
1488,Potencia instalada de generación otras renovables,2026-01-01T00:00:00.000+01:00,2025-12-31T23:00:00Z,46.045,13
1488,Potencia instalada de generación otras renovables,2026-01-01T00:00:00.000+01:00,2025-12-31T23:00:00Z,26.726,10
1488,Potencia instalada de generación otras renovables,2026-01-01T00:00:00.000+01:00,2025-12-31T23:00:00Z,59.436,9
1488,Potencia instalada de generación otras renovables,2026-01-01T00:00:00.000+01:00,2025-12-31T23:00:00Z,104.981,8
1488,Potencia instalada de generación otras renovables,2026-01-01T00:00:00.000+01:00,2025-12-31T23:00:00Z,98.064,7
1488,Potencia instalada de generación otras renovables,2026-01-01T00:00:00.000+01:00,2025-12-31T23:00:00Z,12.862,6
1488,Potencia instalada de generación otras renovables,2026-01-01T00:00:00.000+01:00,2025-12-31T23:00:00Z,16.877,5
1488,Potencia instalada de generación otras renovables,2026-01-01T00:00:00.000+01:00,2025-12-31T23:00:00Z,455.854,4
1488,Potencia instalada de generación otras renovables,2026-01-01T00:00:00.000+01:00,2025-12-31T23:00:00Z,90.535,11
1488,Potencia instalada de generación otras renovables,2026-02-01T00:00:00.000+01:00,2026-01-31T23:00:00Z,10.58,15
1488,Potencia instalada de generación otras renovables,2026-02-01T00:00:00.000+01:00,2026-01-31T23:00:00Z,8.715,21
1488,Potencia instalada de generación otras renovables,2026-02-01T00:00:00.000+01:00,2026-01-31T23:00:00Z,2.477,20
1488,Potencia instalada de generación otras renovables,2026-02-01T00:00:00.000+01:00,2026-01-31T23:00:00Z,8.806,19
1488,Potencia instalada de generación otras renovables,2026-02-01T00:00:00.000+01:00,2026-01-31T23:00:00Z,7.916,18
1488,Potencia instalada de generación otras renovables,2026-02-01T00:00:00.000+01:00,2026-01-31T23:00:00Z,63.217,17
1488,Potencia instalada de generación otras renovables,2026-02-01T00:00:00.000+01:00,2026-01-31T23:00:00Z,89.185,16
1488,Potencia instalada de generación otras renovables,2026-02-01T00:00:00.000+01:00,2026-01-31T23:00:00Z,42.851,14
1488,Potencia instalada de generación otras renovables,2026-02-01T00:00:00.000+01:00,2026-01-31T23:00:00Z,0.0,8746
1488,Potencia instalada de generación otras renovables,2026-02-01T00:00:00.000+01:00,2026-01-31T23:00:00Z,90.535,11
1488,Potencia instalada de generación otras renovables,2026-02-01T00:00:00.000+01:00,2026-01-31T23:00:00Z,455.854,4
1488,Potencia instalada de generación otras renovables,2026-02-01T00:00:00.000+01:00,2026-01-31T23:00:00Z,16.877,5
1488,Potencia instalada de generación otras renovables,2026-02-01T00:00:00.000+01:00,2026-01-31T23:00:00Z,12.862,6
1488,Potencia instalada de generación otras renovables,2026-02-01T00:00:00.000+01:00,2026-01-31T23:00:00Z,46.045,13
1488,Potencia instalada de generación otras renovables,2026-02-01T00:00:00.000+01:00,2026-01-31T23:00:00Z,104.981,8
1488,Potencia instalada de generación otras renovables,2026-02-01T00:00:00.000+01:00,2026-01-31T23:00:00Z,59.436,9
1488,Potencia instalada de generación otras renovables,2026-02-01T00:00:00.000+01:00,2026-01-31T23:00:00Z,26.726,10
1488,Potencia instalada de generación otras renovables,2026-02-01T00:00:00.000+01:00,2026-01-31T23:00:00Z,98.064,7
1488,Potencia instalada de generación otras renovables,2026-03-01T00:00:00.000+01:00,2026-02-28T23:00:00Z,10.58,15
1488,Potencia instalada de generación otras renovables,2026-03-01T00:00:00.000+01:00,2026-02-28T23:00:00Z,0.0,8746
1488,Potencia instalada de generación otras renovables,2026-03-01T00:00:00.000+01:00,2026-02-28T23:00:00Z,8.715,21
1488,Potencia instalada de generación otras renovables,2026-03-01T00:00:00.000+01:00,2026-02-28T23:00:00Z,2.477,20
1488,Potencia instalada de generación otras renovables,2026-03-01T00:00:00.000+01:00,2026-02-28T23:00:00Z,8.806,19
1488,Potencia instalada de generación otras renovables,2026-03-01T00:00:00.000+01:00,2026-02-28T23:00:00Z,7.916,18
1488,Potencia instalada de generación otras renovables,2026-03-01T00:00:00.000+01:00,2026-02-28T23:00:00Z,63.217,17
1488,Potencia instalada de generación otras renovables,2026-03-01T00:00:00.000+01:00,2026-02-28T23:00:00Z,89.185,16
1488,Potencia instalada de generación otras renovables,2026-03-01T00:00:00.000+01:00,2026-02-28T23:00:00Z,42.851,14
1488,Potencia instalada de generación otras renovables,2026-03-01T00:00:00.000+01:00,2026-02-28T23:00:00Z,46.045,13
1488,Potencia instalada de generación otras renovables,2026-03-01T00:00:00.000+01:00,2026-02-28T23:00:00Z,90.535,11
1488,Potencia instalada de generación otras renovables,2026-03-01T00:00:00.000+01:00,2026-02-28T23:00:00Z,26.726,10
1488,Potencia instalada de generación otras renovables,2026-03-01T00:00:00.000+01:00,2026-02-28T23:00:00Z,59.436,9
1488,Potencia instalada de generación otras renovables,2026-03-01T00:00:00.000+01:00,2026-02-28T23:00:00Z,104.981,8
1488,Potencia instalada de generación otras renovables,2026-03-01T00:00:00.000+01:00,2026-02-28T23:00:00Z,98.064,7
1488,Potencia instalada de generación otras renovables,2026-03-01T00:00:00.000+01:00,2026-02-28T23:00:00Z,12.862,6
1488,Potencia instalada de generación otras renovables,2026-03-01T00:00:00.000+01:00,2026-02-28T23:00:00Z,16.877,5
1488,Potencia instalada de generación otras renovables,2026-03-01T00:00:00.000+01:00,2026-02-28T23:00:00Z,455.854,4
1488,Potencia instalada de generación otras renovables,2026-04-01T00:00:00.000+02:00,2026-03-31T22:00:00Z,89.185,16
1488,Potencia instalada de generación otras renovables,2026-04-01T00:00:00.000+02:00,2026-03-31T22:00:00Z,63.217,17
1488,Potencia instalada de generación otras renovables,2026-04-01T00:00:00.000+02:00,2026-03-31T22:00:00Z,7.916,18
1488,Potencia instalada de generación otras renovables,2026-04-01T00:00:00.000+02:00,2026-03-31T22:00:00Z,0.0,8746
1488,Potencia instalada de generación otras renovables,2026-04-01T00:00:00.000+02:00,2026-03-31T22:00:00Z,2.477,20
1488,Potencia instalada de generación otras renovables,2026-04-01T00:00:00.000+02:00,2026-03-31T22:00:00Z,8.715,21
1488,Potencia instalada de generación otras renovables,2026-04-01T00:00:00.000+02:00,2026-03-31T22:00:00Z,10.58,15
1488,Potencia instalada de generación otras renovables,2026-04-01T00:00:00.000+02:00,2026-03-31T22:00:00Z,8.806,19
1488,Potencia instalada de generación otras renovables,2026-04-01T00:00:00.000+02:00,2026-03-31T22:00:00Z,42.851,14
1488,Potencia instalada de generación otras renovables,2026-04-01T00:00:00.000+02:00,2026-03-31T22:00:00Z,46.045,13
1488,Potencia instalada de generación otras renovables,2026-04-01T00:00:00.000+02:00,2026-03-31T22:00:00Z,90.535,11
1488,Potencia instalada de generación otras renovables,2026-04-01T00:00:00.000+02:00,2026-03-31T22:00:00Z,26.726,10
1488,Potencia instalada de generación otras renovables,2026-04-01T00:00:00.000+02:00,2026-03-31T22:00:00Z,59.436,9
1488,Potencia instalada de generación otras renovables,2026-04-01T00:00:00.000+02:00,2026-03-31T22:00:00Z,104.981,8
1488,Potencia instalada de generación otras renovables,2026-04-01T00:00:00.000+02:00,2026-03-31T22:00:00Z,98.064,7
1488,Potencia instalada de generación otras renovables,2026-04-01T00:00:00.000+02:00,2026-03-31T22:00:00Z,12.862,6
1488,Potencia instalada de generación otras renovables,2026-04-01T00:00:00.000+02:00,2026-03-31T22:00:00Z,16.877,5
1488,Potencia instalada de generación otras renovables,2026-04-01T00:00:00.000+02:00,2026-03-31T22:00:00Z,455.854,4
1488,Potencia instalada de generación otras renovables,2026-05-01T00:00:00.000+02:00,2026-04-30T22:00:00Z,0.0,8746
1488,Potencia instalada de generación otras renovables,2026-05-01T00:00:00.000+02:00,2026-04-30T22:00:00Z,8.715,21
1488,Potencia instalada de generación otras renovables,2026-05-01T00:00:00.000+02:00,2026-04-30T22:00:00Z,2.477,20
1488,Potencia instalada de generación otras renovables,2026-05-01T00:00:00.000+02:00,2026-04-30T22:00:00Z,8.806,19
1488,Potencia instalada de generación otras renovables,2026-05-01T00:00:00.000+02:00,2026-04-30T22:00:00Z,7.916,18
1488,Potencia instalada de generación otras renovables,2026-05-01T00:00:00.000+02:00,2026-04-30T22:00:00Z,63.217,17
1488,Potencia instalada de generación otras renovables,2026-05-01T00:00:00.000+02:00,2026-04-30T22:00:00Z,89.185,16
1488,Potencia instalada de generación otras renovables,2026-05-01T00:00:00.000+02:00,2026-04-30T22:00:00Z,10.58,15
1488,Potencia instalada de generación otras renovables,2026-05-01T00:00:00.000+02:00,2026-04-30T22:00:00Z,42.851,14
1488,Potencia instalada de generación otras renovables,2026-05-01T00:00:00.000+02:00,2026-04-30T22:00:00Z,455.854,4
1488,Potencia instalada de generación otras renovables,2026-05-01T00:00:00.000+02:00,2026-04-30T22:00:00Z,90.535,11
1488,Potencia instalada de generación otras renovables,2026-05-01T00:00:00.000+02:00,2026-04-30T22:00:00Z,26.726,10
1488,Potencia instalada de generación otras renovables,2026-05-01T00:00:00.000+02:00,2026-04-30T22:00:00Z,59.436,9
1488,Potencia instalada de generación otras renovables,2026-05-01T00:00:00.000+02:00,2026-04-30T22:00:00Z,104.981,8
1488,Potencia instalada de generación otras renovables,2026-05-01T00:00:00.000+02:00,2026-04-30T22:00:00Z,98.064,7
1488,Potencia instalada de generación otras renovables,2026-05-01T00:00:00.000+02:00,2026-04-30T22:00:00Z,12.862,6
1488,Potencia instalada de generación otras renovables,2026-05-01T00:00:00.000+02:00,2026-04-30T22:00:00Z,16.877,5
1488,Potencia instalada de generación otras renovables,2026-05-01T00:00:00.000+02:00,2026-04-30T22:00:00Z,46.045,13
1488,Potencia instalada de generación otras renovables,2026-06-01T00:00:00.000+02:00,2026-05-31T22:00:00Z,89.185,16
1488,Potencia instalada de generación otras renovables,2026-06-01T00:00:00.000+02:00,2026-05-31T22:00:00Z,63.217,17
1488,Potencia instalada de generación otras renovables,2026-06-01T00:00:00.000+02:00,2026-05-31T22:00:00Z,0.0,8746
1488,Potencia instalada de generación otras renovables,2026-06-01T00:00:00.000+02:00,2026-05-31T22:00:00Z,10.58,15
1488,Potencia instalada de generación otras renovables,2026-06-01T00:00:00.000+02:00,2026-05-31T22:00:00Z,8.806,19
1488,Potencia instalada de generación otras renovables,2026-06-01T00:00:00.000+02:00,2026-05-31T22:00:00Z,2.477,20
1488,Potencia instalada de generación otras renovables,2026-06-01T00:00:00.000+02:00,2026-05-31T22:00:00Z,8.715,21
1488,Potencia instalada de generación otras renovables,2026-06-01T00:00:00.000+02:00,2026-05-31T22:00:00Z,7.916,18
1488,Potencia instalada de generación otras renovables,2026-06-01T00:00:00.000+02:00,2026-05-31T22:00:00Z,42.851,14
1488,Potencia instalada de generación otras renovables,2026-06-01T00:00:00.000+02:00,2026-05-31T22:00:00Z,104.981,8
1488,Potencia instalada de generación otras renovables,2026-06-01T00:00:00.000+02:00,2026-05-31T22:00:00Z,90.535,11
1488,Potencia instalada de generación otras renovables,2026-06-01T00:00:00.000+02:00,2026-05-31T22:00:00Z,26.726,10
1488,Potencia instalada de generación otras renovables,2026-06-01T00:00:00.000+02:00,2026-05-31T22:00:00Z,59.436,9
1488,Potencia instalada de generación otras renovables,2026-06-01T00:00:00.000+02:00,2026-05-31T22:00:00Z,98.064,7
1488,Potencia instalada de generación otras renovables,2026-06-01T00:00:00.000+02:00,2026-05-31T22:00:00Z,12.862,6
1488,Potencia instalada de generación otras renovables,2026-06-01T00:00:00.000+02:00,2026-05-31T22:00:00Z,16.877,5
1488,Potencia instalada de generación otras renovables,2026-06-01T00:00:00.000+02:00,2026-05-31T22:00:00Z,455.854,4
1488,Potencia instalada de generación otras renovables,2026-06-01T00:00:00.000+02:00,2026-05-31T22:00:00Z,46.045,13
1488,Potencia instalada de generación otras renovables,2026-07-01T00:00:00.000+02:00,2026-06-30T22:00:00Z,0.0,8746
1488,Potencia instalada de generación otras renovables,2026-07-01T00:00:00.000+02:00,2026-06-30T22:00:00Z,8.715,21
1488,Potencia instalada de generación otras renovables,2026-07-01T00:00:00.000+02:00,2026-06-30T22:00:00Z,2.477,20
1488,Potencia instalada de generación otras renovables,2026-07-01T00:00:00.000+02:00,2026-06-30T22:00:00Z,8.806,19
1488,Potencia instalada de generación otras renovables,2026-07-01T00:00:00.000+02:00,2026-06-30T22:00:00Z,7.916,18
1488,Potencia instalada de generación otras renovables,2026-07-01T00:00:00.000+02:00,2026-06-30T22:00:00Z,63.217,17
1488,Potencia instalada de generación otras renovables,2026-07-01T00:00:00.000+02:00,2026-06-30T22:00:00Z,89.185,16
1488,Potencia instalada de generación otras renovables,2026-07-01T00:00:00.000+02:00,2026-06-30T22:00:00Z,10.58,15
1488,Potencia instalada de generación otras renovables,2026-07-01T00:00:00.000+02:00,2026-06-30T22:00:00Z,42.851,14
1488,Potencia instalada de generación otras renovables,2026-07-01T00:00:00.000+02:00,2026-06-30T22:00:00Z,455.854,4
1488,Potencia instalada de generación otras renovables,2026-07-01T00:00:00.000+02:00,2026-06-30T22:00:00Z,90.535,11
1488,Potencia instalada de generación otras renovables,2026-07-01T00:00:00.000+02:00,2026-06-30T22:00:00Z,26.746,10
1488,Potencia instalada de generación otras renovables,2026-07-01T00:00:00.000+02:00,2026-06-30T22:00:00Z,59.436,9
1488,Potencia instalada de generación otras renovables,2026-07-01T00:00:00.000+02:00,2026-06-30T22:00:00Z,104.981,8
1488,Potencia instalada de generación otras renovables,2026-07-01T00:00:00.000+02:00,2026-06-30T22:00:00Z,98.064,7
1488,Potencia instalada de generación otras renovables,2026-07-01T00:00:00.000+02:00,2026-06-30T22:00:00Z,12.862,6
1488,Potencia instalada de generación otras renovables,2026-07-01T00:00:00.000+02:00,2026-06-30T22:00:00Z,16.877,5
1488,Potencia instalada de generación otras renovables,2026-07-01T00:00:00.000+02:00,2026-06-30T22:00:00Z,46.045,13
1488,Potencia instalada de generación otras renovables,2026-08-01T00:00:00.000+02:00,2026-07-31T22:00:00Z,89.185,16
1488,Potencia instalada de generación otras renovables,2026-08-01T00:00:00.000+02:00,2026-07-31T22:00:00Z,63.217,17
1488,Potencia instalada de generación otras renovables,2026-08-01T00:00:00.000+02:00,2026-07-31T22:00:00Z,0.0,8746
1488,Potencia instalada de generación otras renovables,2026-08-01T00:00:00.000+02:00,2026-07-31T22:00:00Z,10.58,15
1488,Potencia instalada de generación otras renovables,2026-08-01T00:00:00.000+02:00,2026-07-31T22:00:00Z,8.806,19
1488,Potencia instalada de generación otras renovables,2026-08-01T00:00:00.000+02:00,2026-07-31T22:00:00Z,2.477,20
1488,Potencia instalada de generación otras renovables,2026-08-01T00:00:00.000+02:00,2026-07-31T22:00:00Z,8.715,21
1488,Potencia instalada de generación otras renovables,2026-08-01T00:00:00.000+02:00,2026-07-31T22:00:00Z,7.916,18
1488,Potencia instalada de generación otras renovables,2026-08-01T00:00:00.000+02:00,2026-07-31T22:00:00Z,42.851,14
1488,Potencia instalada de generación otras renovables,2026-08-01T00:00:00.000+02:00,2026-07-31T22:00:00Z,104.981,8
1488,Potencia instalada de generación otras renovables,2026-08-01T00:00:00.000+02:00,2026-07-31T22:00:00Z,90.535,11
1488,Potencia instalada de generación otras renovables,2026-08-01T00:00:00.000+02:00,2026-07-31T22:00:00Z,26.746,10
1488,Potencia instalada de generación otras renovables,2026-08-01T00:00:00.000+02:00,2026-07-31T22:00:00Z,59.436,9
1488,Potencia instalada de generación otras renovables,2026-08-01T00:00:00.000+02:00,2026-07-31T22:00:00Z,98.064,7
1488,Potencia instalada de generación otras renovables,2026-08-01T00:00:00.000+02:00,2026-07-31T22:00:00Z,12.862,6
1488,Potencia instalada de generación otras renovables,2026-08-01T00:00:00.000+02:00,2026-07-31T22:00:00Z,16.877,5
1488,Potencia instalada de generación otras renovables,2026-08-01T00:00:00.000+02:00,2026-07-31T22:00:00Z,455.854,4
1488,Potencia instalada de generación otras renovables,2026-08-01T00:00:00.000+02:00,2026-07-31T22:00:00Z,46.045,13
1488,Potencia instalada de generación otras renovables,2026-09-01T00:00:00.000+02:00,2026-08-31T22:00:00Z,2.477,20
1488,Potencia instalada de generación otras renovables,2026-09-01T00:00:00.000+02:00,2026-08-31T22:00:00Z,8.806,19
1488,Potencia instalada de generación otras renovables,2026-09-01T00:00:00.000+02:00,2026-08-31T22:00:00Z,7.916,18
1488,Potencia instalada de generación otras renovables,2026-09-01T00:00:00.000+02:00,2026-08-31T22:00:00Z,63.217,17
1488,Potencia instalada de generación otras renovables,2026-09-01T00:00:00.000+02:00,2026-08-31T22:00:00Z,89.185,16
1488,Potencia instalada de generación otras renovables,2026-09-01T00:00:00.000+02:00,2026-08-31T22:00:00Z,10.58,15
1488,Potencia instalada de generación otras renovables,2026-09-01T00:00:00.000+02:00,2026-08-31T22:00:00Z,42.851,14
1488,Potencia instalada de generación otras renovables,2026-09-01T00:00:00.000+02:00,2026-08-31T22:00:00Z,46.045,13
1488,Potencia instalada de generación otras renovables,2026-09-01T00:00:00.000+02:00,2026-08-31T22:00:00Z,104.981,8
1488,Potencia instalada de generación otras renovables,2026-09-01T00:00:00.000+02:00,2026-08-31T22:00:00Z,26.746,10
1488,Potencia instalada de generación otras renovables,2026-09-01T00:00:00.000+02:00,2026-08-31T22:00:00Z,59.436,9
1488,Potencia instalada de generación otras renovables,2026-09-01T00:00:00.000+02:00,2026-08-31T22:00:00Z,98.064,7
1488,Potencia instalada de generación otras renovables,2026-09-01T00:00:00.000+02:00,2026-08-31T22:00:00Z,12.862,6
1488,Potencia instalada de generación otras renovables,2026-09-01T00:00:00.000+02:00,2026-08-31T22:00:00Z,16.877,5
1488,Potencia instalada de generación otras renovables,2026-09-01T00:00:00.000+02:00,2026-08-31T22:00:00Z,455.854,4
1488,Potencia instalada de generación otras renovables,2026-09-01T00:00:00.000+02:00,2026-08-31T22:00:00Z,8.715,21
1488,Potencia instalada de generación otras renovables,2026-09-01T00:00:00.000+02:00,2026-08-31T22:00:00Z,90.535,11
1488,Potencia instalada de generación otras renovables,2026-09-01T00:00:00.000+02:00,2026-08-31T22:00:00Z,0.0,8746
1489,Potencia instalada de generación cogeneración,2025-08-01T00:00:00.000+02:00,2025-07-31T22:00:00Z,629.339,4
1489,Potencia instalada de generación cogeneración,2025-08-01T00:00:00.000+02:00,2025-07-31T22:00:00Z,302.154,21
1489,Potencia instalada de generación cogeneración,2025-08-01T00:00:00.000+02:00,2025-07-31T22:00:00Z,14.409,20
1489,Potencia instalada de generación cogeneración,2025-08-01T00:00:00.000+02:00,2025-07-31T22:00:00Z,38.2,19
1489,Potencia instalada de generación cogeneración,2025-08-01T00:00:00.000+02:00,2025-07-31T22:00:00Z,10.523,18
1489,Potencia instalada de generación cogeneración,2025-08-01T00:00:00.000+02:00,2025-07-31T22:00:00Z,8.351,16
1489,Potencia instalada de generación cogeneración,2025-08-01T00:00:00.000+02:00,2025-07-31T22:00:00Z,447.542,15
1489,Potencia instalada de generación cogeneración,2025-08-01T00:00:00.000+02:00,2025-07-31T22:00:00Z,140.671,14
1489,Potencia instalada de generación cogeneración,2025-08-01T00:00:00.000+02:00,2025-07-31T22:00:00Z,491.726,17
1489,Potencia instalada de generación cogeneración,2025-08-01T00:00:00.000+02:00,2025-07-31T22:00:00Z,61.067,11
1489,Potencia instalada de generación cogeneración,2025-08-01T00:00:00.000+02:00,2025-07-31T22:00:00Z,430.326,10
1489,Potencia instalada de generación cogeneración,2025-08-01T00:00:00.000+02:00,2025-07-31T22:00:00Z,916.454,9
1489,Potencia instalada de generación cogeneración,2025-08-01T00:00:00.000+02:00,2025-07-31T22:00:00Z,521.165,8
1489,Potencia instalada de generación cogeneración,2025-08-01T00:00:00.000+02:00,2025-07-31T22:00:00Z,344.078,7
1489,Potencia instalada de generación cogeneración,2025-08-01T00:00:00.000+02:00,2025-07-31T22:00:00Z,272.84,6
1489,Potencia instalada de generación cogeneración,2025-08-01T00:00:00.000+02:00,2025-07-31T22:00:00Z,482.293,5
1489,Potencia instalada de generación cogeneración,2025-08-01T00:00:00.000+02:00,2025-07-31T22:00:00Z,193.423,13
1489,Potencia instalada de generación cogeneración,2025-09-01T00:00:00.000+02:00,2025-08-31T22:00:00Z,140.671,14
1489,Potencia instalada de generación cogeneración,2025-09-01T00:00:00.000+02:00,2025-08-31T22:00:00Z,302.154,21
1489,Potencia instalada de generación cogeneración,2025-09-01T00:00:00.000+02:00,2025-08-31T22:00:00Z,14.409,20
1489,Potencia instalada de generación cogeneración,2025-09-01T00:00:00.000+02:00,2025-08-31T22:00:00Z,38.2,19
1489,Potencia instalada de generación cogeneración,2025-09-01T00:00:00.000+02:00,2025-08-31T22:00:00Z,10.523,18
1489,Potencia instalada de generación cogeneración,2025-09-01T00:00:00.000+02:00,2025-08-31T22:00:00Z,8.351,16
1489,Potencia instalada de generación cogeneración,2025-09-01T00:00:00.000+02:00,2025-08-31T22:00:00Z,447.542,15
1489,Potencia instalada de generación cogeneración,2025-09-01T00:00:00.000+02:00,2025-08-31T22:00:00Z,193.423,13
1489,Potencia instalada de generación cogeneración,2025-09-01T00:00:00.000+02:00,2025-08-31T22:00:00Z,491.231,17
1489,Potencia instalada de generación cogeneración,2025-09-01T00:00:00.000+02:00,2025-08-31T22:00:00Z,430.326,10
1489,Potencia instalada de generación cogeneración,2025-09-01T00:00:00.000+02:00,2025-08-31T22:00:00Z,916.454,9
1489,Potencia instalada de generación cogeneración,2025-09-01T00:00:00.000+02:00,2025-08-31T22:00:00Z,521.177,8
1489,Potencia instalada de generación cogeneración,2025-09-01T00:00:00.000+02:00,2025-08-31T22:00:00Z,344.078,7
1489,Potencia instalada de generación cogeneración,2025-09-01T00:00:00.000+02:00,2025-08-31T22:00:00Z,272.84,6
1489,Potencia instalada de generación cogeneración,2025-09-01T00:00:00.000+02:00,2025-08-31T22:00:00Z,482.293,5
1489,Potencia instalada de generación cogeneración,2025-09-01T00:00:00.000+02:00,2025-08-31T22:00:00Z,629.339,4
1489,Potencia instalada de generación cogeneración,2025-09-01T00:00:00.000+02:00,2025-08-31T22:00:00Z,61.067,11
1489,Potencia instalada de generación cogeneración,2025-10-01T00:00:00.000+02:00,2025-09-30T22:00:00Z,295.494,21
1489,Potencia instalada de generación cogeneración,2025-10-01T00:00:00.000+02:00,2025-09-30T22:00:00Z,14.409,20
1489,Potencia instalada de generación cogeneración,2025-10-01T00:00:00.000+02:00,2025-09-30T22:00:00Z,38.2,19
1489,Potencia instalada de generación cogeneración,2025-10-01T00:00:00.000+02:00,2025-09-30T22:00:00Z,10.523,18
1489,Potencia instalada de generación cogeneración,2025-10-01T00:00:00.000+02:00,2025-09-30T22:00:00Z,491.231,17
1489,Potencia instalada de generación cogeneración,2025-10-01T00:00:00.000+02:00,2025-09-30T22:00:00Z,8.351,16
1489,Potencia instalada de generación cogeneración,2025-10-01T00:00:00.000+02:00,2025-09-30T22:00:00Z,446.642,15
1489,Potencia instalada de generación cogeneración,2025-10-01T00:00:00.000+02:00,2025-09-30T22:00:00Z,139.671,14
1489,Potencia instalada de generación cogeneración,2025-10-01T00:00:00.000+02:00,2025-09-30T22:00:00Z,193.427,13
1489,Potencia instalada de generación cogeneración,2025-10-01T00:00:00.000+02:00,2025-09-30T22:00:00Z,430.326,10
1489,Potencia instalada de generación cogeneración,2025-10-01T00:00:00.000+02:00,2025-09-30T22:00:00Z,916.454,9
1489,Potencia instalada de generación cogeneración,2025-10-01T00:00:00.000+02:00,2025-09-30T22:00:00Z,520.177,8
1489,Potencia instalada de generación cogeneración,2025-10-01T00:00:00.000+02:00,2025-09-30T22:00:00Z,344.078,7
1489,Potencia instalada de generación cogeneración,2025-10-01T00:00:00.000+02:00,2025-09-30T22:00:00Z,272.84,6
1489,Potencia instalada de generación cogeneración,2025-10-01T00:00:00.000+02:00,2025-09-30T22:00:00Z,482.293,5
1489,Potencia instalada de generación cogeneración,2025-10-01T00:00:00.000+02:00,2025-09-30T22:00:00Z,627.495,4
1489,Potencia instalada de generación cogeneración,2025-10-01T00:00:00.000+02:00,2025-09-30T22:00:00Z,61.067,11
1489,Potencia instalada de generación cogeneración,2025-11-01T00:00:00.000+01:00,2025-10-31T23:00:00Z,446.642,15
1489,Potencia instalada de generación cogeneración,2025-11-01T00:00:00.000+01:00,2025-10-31T23:00:00Z,295.494,21
1489,Potencia instalada de generación cogeneración,2025-11-01T00:00:00.000+01:00,2025-10-31T23:00:00Z,14.409,20
1489,Potencia instalada de generación cogeneración,2025-11-01T00:00:00.000+01:00,2025-10-31T23:00:00Z,38.2,19
1489,Potencia instalada de generación cogeneración,2025-11-01T00:00:00.000+01:00,2025-10-31T23:00:00Z,10.523,18
1489,Potencia instalada de generación cogeneración,2025-11-01T00:00:00.000+01:00,2025-10-31T23:00:00Z,491.231,17
1489,Potencia instalada de generación cogeneración,2025-11-01T00:00:00.000+01:00,2025-10-31T23:00:00Z,8.351,16
1489,Potencia instalada de generación cogeneración,2025-11-01T00:00:00.000+01:00,2025-10-31T23:00:00Z,139.671,14
1489,Potencia instalada de generación cogeneración,2025-11-01T00:00:00.000+01:00,2025-10-31T23:00:00Z,344.078,7
1489,Potencia instalada de generación cogeneración,2025-11-01T00:00:00.000+01:00,2025-10-31T23:00:00Z,61.067,11
1489,Potencia instalada de generación cogeneración,2025-11-01T00:00:00.000+01:00,2025-10-31T23:00:00Z,430.326,10
1489,Potencia instalada de generación cogeneración,2025-11-01T00:00:00.000+01:00,2025-10-31T23:00:00Z,916.454,9
1489,Potencia instalada de generación cogeneración,2025-11-01T00:00:00.000+01:00,2025-10-31T23:00:00Z,513.487,8
1489,Potencia instalada de generación cogeneración,2025-11-01T00:00:00.000+01:00,2025-10-31T23:00:00Z,193.427,13
1489,Potencia instalada de generación cogeneración,2025-11-01T00:00:00.000+01:00,2025-10-31T23:00:00Z,272.84,6
1489,Potencia instalada de generación cogeneración,2025-11-01T00:00:00.000+01:00,2025-10-31T23:00:00Z,482.293,5
1489,Potencia instalada de generación cogeneración,2025-11-01T00:00:00.000+01:00,2025-10-31T23:00:00Z,627.495,4
1489,Potencia instalada de generación cogeneración,2025-12-01T00:00:00.000+01:00,2025-11-30T23:00:00Z,14.409,20
1489,Potencia instalada de generación cogeneración,2025-12-01T00:00:00.000+01:00,2025-11-30T23:00:00Z,38.2,19
1489,Potencia instalada de generación cogeneración,2025-12-01T00:00:00.000+01:00,2025-11-30T23:00:00Z,10.523,18
1489,Potencia instalada de generación cogeneración,2025-12-01T00:00:00.000+01:00,2025-11-30T23:00:00Z,491.231,17
1489,Potencia instalada de generación cogeneración,2025-12-01T00:00:00.000+01:00,2025-11-30T23:00:00Z,8.351,16
1489,Potencia instalada de generación cogeneración,2025-12-01T00:00:00.000+01:00,2025-11-30T23:00:00Z,446.642,15
1489,Potencia instalada de generación cogeneración,2025-12-01T00:00:00.000+01:00,2025-11-30T23:00:00Z,139.671,14
1489,Potencia instalada de generación cogeneración,2025-12-01T00:00:00.000+01:00,2025-11-30T23:00:00Z,193.427,13
1489,Potencia instalada de generación cogeneración,2025-12-01T00:00:00.000+01:00,2025-11-30T23:00:00Z,295.494,21
1489,Potencia instalada de generación cogeneración,2025-12-01T00:00:00.000+01:00,2025-11-30T23:00:00Z,430.326,10
1489,Potencia instalada de generación cogeneración,2025-12-01T00:00:00.000+01:00,2025-11-30T23:00:00Z,911.258,9
1489,Potencia instalada de generación cogeneración,2025-12-01T00:00:00.000+01:00,2025-11-30T23:00:00Z,513.487,8
1489,Potencia instalada de generación cogeneración,2025-12-01T00:00:00.000+01:00,2025-11-30T23:00:00Z,344.078,7
1489,Potencia instalada de generación cogeneración,2025-12-01T00:00:00.000+01:00,2025-11-30T23:00:00Z,272.84,6
1489,Potencia instalada de generación cogeneración,2025-12-01T00:00:00.000+01:00,2025-11-30T23:00:00Z,482.293,5
1489,Potencia instalada de generación cogeneración,2025-12-01T00:00:00.000+01:00,2025-11-30T23:00:00Z,627.495,4
1489,Potencia instalada de generación cogeneración,2025-12-01T00:00:00.000+01:00,2025-11-30T23:00:00Z,61.067,11
1489,Potencia instalada de generación cogeneración,2026-01-01T00:00:00.000+01:00,2025-12-31T23:00:00Z,295.494,21
1489,Potencia instalada de generación cogeneración,2026-01-01T00:00:00.000+01:00,2025-12-31T23:00:00Z,14.409,20
1489,Potencia instalada de generación cogeneración,2026-01-01T00:00:00.000+01:00,2025-12-31T23:00:00Z,38.2,19
1489,Potencia instalada de generación cogeneración,2026-01-01T00:00:00.000+01:00,2025-12-31T23:00:00Z,10.523,18
1489,Potencia instalada de generación cogeneración,2026-01-01T00:00:00.000+01:00,2025-12-31T23:00:00Z,491.231,17
1489,Potencia instalada de generación cogeneración,2026-01-01T00:00:00.000+01:00,2025-12-31T23:00:00Z,8.351,16
1489,Potencia instalada de generación cogeneración,2026-01-01T00:00:00.000+01:00,2025-12-31T23:00:00Z,446.642,15
1489,Potencia instalada de generación cogeneración,2026-01-01T00:00:00.000+01:00,2025-12-31T23:00:00Z,139.671,14
1489,Potencia instalada de generación cogeneración,2026-01-01T00:00:00.000+01:00,2025-12-31T23:00:00Z,193.441,13
1489,Potencia instalada de generación cogeneración,2026-01-01T00:00:00.000+01:00,2025-12-31T23:00:00Z,430.326,10
1489,Potencia instalada de generación cogeneración,2026-01-01T00:00:00.000+01:00,2025-12-31T23:00:00Z,911.258,9
1489,Potencia instalada de generación cogeneración,2026-01-01T00:00:00.000+01:00,2025-12-31T23:00:00Z,513.487,8
1489,Potencia instalada de generación cogeneración,2026-01-01T00:00:00.000+01:00,2025-12-31T23:00:00Z,344.099,7
1489,Potencia instalada de generación cogeneración,2026-01-01T00:00:00.000+01:00,2025-12-31T23:00:00Z,272.84,6
1489,Potencia instalada de generación cogeneración,2026-01-01T00:00:00.000+01:00,2025-12-31T23:00:00Z,482.293,5
1489,Potencia instalada de generación cogeneración,2026-01-01T00:00:00.000+01:00,2025-12-31T23:00:00Z,627.495,4
1489,Potencia instalada de generación cogeneración,2026-01-01T00:00:00.000+01:00,2025-12-31T23:00:00Z,61.067,11
1489,Potencia instalada de generación cogeneración,2026-02-01T00:00:00.000+01:00,2026-01-31T23:00:00Z,138.672,14
1489,Potencia instalada de generación cogeneración,2026-02-01T00:00:00.000+01:00,2026-01-31T23:00:00Z,14.409,20
1489,Potencia instalada de generación cogeneración,2026-02-01T00:00:00.000+01:00,2026-01-31T23:00:00Z,38.2,19
1489,Potencia instalada de generación cogeneración,2026-02-01T00:00:00.000+01:00,2026-01-31T23:00:00Z,10.523,18
1489,Potencia instalada de generación cogeneración,2026-02-01T00:00:00.000+01:00,2026-01-31T23:00:00Z,490.244,17
1489,Potencia instalada de generación cogeneración,2026-02-01T00:00:00.000+01:00,2026-01-31T23:00:00Z,8.351,16
1489,Potencia instalada de generación cogeneración,2026-02-01T00:00:00.000+01:00,2026-01-31T23:00:00Z,442.778,15
1489,Potencia instalada de generación cogeneración,2026-02-01T00:00:00.000+01:00,2026-01-31T23:00:00Z,191.989,13
1489,Potencia instalada de generación cogeneración,2026-02-01T00:00:00.000+01:00,2026-01-31T23:00:00Z,295.494,21
1489,Potencia instalada de generación cogeneración,2026-02-01T00:00:00.000+01:00,2026-01-31T23:00:00Z,430.326,10
1489,Potencia instalada de generación cogeneración,2026-02-01T00:00:00.000+01:00,2026-01-31T23:00:00Z,911.258,9
1489,Potencia instalada de generación cogeneración,2026-02-01T00:00:00.000+01:00,2026-01-31T23:00:00Z,513.487,8
1489,Potencia instalada de generación cogeneración,2026-02-01T00:00:00.000+01:00,2026-01-31T23:00:00Z,330.139,7
1489,Potencia instalada de generación cogeneración,2026-02-01T00:00:00.000+01:00,2026-01-31T23:00:00Z,272.84,6
1489,Potencia instalada de generación cogeneración,2026-02-01T00:00:00.000+01:00,2026-01-31T23:00:00Z,507.038,5
1489,Potencia instalada de generación cogeneración,2026-02-01T00:00:00.000+01:00,2026-01-31T23:00:00Z,627.495,4
1489,Potencia instalada de generación cogeneración,2026-02-01T00:00:00.000+01:00,2026-01-31T23:00:00Z,61.04,11
1489,Potencia instalada de generación cogeneración,2026-03-01T00:00:00.000+01:00,2026-02-28T23:00:00Z,295.494,21
1489,Potencia instalada de generación cogeneración,2026-03-01T00:00:00.000+01:00,2026-02-28T23:00:00Z,14.409,20
1489,Potencia instalada de generación cogeneración,2026-03-01T00:00:00.000+01:00,2026-02-28T23:00:00Z,38.2,19
1489,Potencia instalada de generación cogeneración,2026-03-01T00:00:00.000+01:00,2026-02-28T23:00:00Z,10.523,18
1489,Potencia instalada de generación cogeneración,2026-03-01T00:00:00.000+01:00,2026-02-28T23:00:00Z,490.244,17
1489,Potencia instalada de generación cogeneración,2026-03-01T00:00:00.000+01:00,2026-02-28T23:00:00Z,8.351,16
1489,Potencia instalada de generación cogeneración,2026-03-01T00:00:00.000+01:00,2026-02-28T23:00:00Z,442.778,15
1489,Potencia instalada de generación cogeneración,2026-03-01T00:00:00.000+01:00,2026-02-28T23:00:00Z,138.672,14
1489,Potencia instalada de generación cogeneración,2026-03-01T00:00:00.000+01:00,2026-02-28T23:00:00Z,191.989,13
1489,Potencia instalada de generación cogeneración,2026-03-01T00:00:00.000+01:00,2026-02-28T23:00:00Z,61.04,11
1489,Potencia instalada de generación cogeneración,2026-03-01T00:00:00.000+01:00,2026-02-28T23:00:00Z,430.326,10
1489,Potencia instalada de generación cogeneración,2026-03-01T00:00:00.000+01:00,2026-02-28T23:00:00Z,911.258,9
1489,Potencia instalada de generación cogeneración,2026-03-01T00:00:00.000+01:00,2026-02-28T23:00:00Z,513.487,8
1489,Potencia instalada de generación cogeneración,2026-03-01T00:00:00.000+01:00,2026-02-28T23:00:00Z,330.145,7
1489,Potencia instalada de generación cogeneración,2026-03-01T00:00:00.000+01:00,2026-02-28T23:00:00Z,272.84,6
1489,Potencia instalada de generación cogeneración,2026-03-01T00:00:00.000+01:00,2026-02-28T23:00:00Z,507.038,5
1489,Potencia instalada de generación cogeneración,2026-03-01T00:00:00.000+01:00,2026-02-28T23:00:00Z,627.495,4
1489,Potencia instalada de generación cogeneración,2026-04-01T00:00:00.000+02:00,2026-03-31T22:00:00Z,295.494,21
1489,Potencia instalada de generación cogeneración,2026-04-01T00:00:00.000+02:00,2026-03-31T22:00:00Z,14.409,20
1489,Potencia instalada de generación cogeneración,2026-04-01T00:00:00.000+02:00,2026-03-31T22:00:00Z,38.2,19
1489,Potencia instalada de generación cogeneración,2026-04-01T00:00:00.000+02:00,2026-03-31T22:00:00Z,10.523,18
1489,Potencia instalada de generación cogeneración,2026-04-01T00:00:00.000+02:00,2026-03-31T22:00:00Z,490.244,17
1489,Potencia instalada de generación cogeneración,2026-04-01T00:00:00.000+02:00,2026-03-31T22:00:00Z,8.351,16
1489,Potencia instalada de generación cogeneración,2026-04-01T00:00:00.000+02:00,2026-03-31T22:00:00Z,441.779,15
1489,Potencia instalada de generación cogeneración,2026-04-01T00:00:00.000+02:00,2026-03-31T22:00:00Z,138.672,14
1489,Potencia instalada de generación cogeneración,2026-04-01T00:00:00.000+02:00,2026-03-31T22:00:00Z,191.989,13
1489,Potencia instalada de generación cogeneración,2026-04-01T00:00:00.000+02:00,2026-03-31T22:00:00Z,61.04,11
1489,Potencia instalada de generación cogeneración,2026-04-01T00:00:00.000+02:00,2026-03-31T22:00:00Z,430.326,10
1489,Potencia instalada de generación cogeneración,2026-04-01T00:00:00.000+02:00,2026-03-31T22:00:00Z,911.258,9
1489,Potencia instalada de generación cogeneración,2026-04-01T00:00:00.000+02:00,2026-03-31T22:00:00Z,513.487,8
1489,Potencia instalada de generación cogeneración,2026-04-01T00:00:00.000+02:00,2026-03-31T22:00:00Z,330.145,7
1489,Potencia instalada de generación cogeneración,2026-04-01T00:00:00.000+02:00,2026-03-31T22:00:00Z,272.84,6
1489,Potencia instalada de generación cogeneración,2026-04-01T00:00:00.000+02:00,2026-03-31T22:00:00Z,507.038,5
1489,Potencia instalada de generación cogeneración,2026-04-01T00:00:00.000+02:00,2026-03-31T22:00:00Z,627.495,4
1489,Potencia instalada de generación cogeneración,2026-05-01T00:00:00.000+02:00,2026-04-30T22:00:00Z,295.494,21
1489,Potencia instalada de generación cogeneración,2026-05-01T00:00:00.000+02:00,2026-04-30T22:00:00Z,14.409,20
1489,Potencia instalada de generación cogeneración,2026-05-01T00:00:00.000+02:00,2026-04-30T22:00:00Z,38.2,19
1489,Potencia instalada de generación cogeneración,2026-05-01T00:00:00.000+02:00,2026-04-30T22:00:00Z,10.523,18
1489,Potencia instalada de generación cogeneración,2026-05-01T00:00:00.000+02:00,2026-04-30T22:00:00Z,490.244,17
1489,Potencia instalada de generación cogeneración,2026-05-01T00:00:00.000+02:00,2026-04-30T22:00:00Z,8.351,16
1489,Potencia instalada de generación cogeneración,2026-05-01T00:00:00.000+02:00,2026-04-30T22:00:00Z,442.605,15
1489,Potencia instalada de generación cogeneración,2026-05-01T00:00:00.000+02:00,2026-04-30T22:00:00Z,138.672,14
1489,Potencia instalada de generación cogeneración,2026-05-01T00:00:00.000+02:00,2026-04-30T22:00:00Z,191.989,13
1489,Potencia instalada de generación cogeneración,2026-05-01T00:00:00.000+02:00,2026-04-30T22:00:00Z,61.04,11
1489,Potencia instalada de generación cogeneración,2026-05-01T00:00:00.000+02:00,2026-04-30T22:00:00Z,430.326,10
1489,Potencia instalada de generación cogeneración,2026-05-01T00:00:00.000+02:00,2026-04-30T22:00:00Z,911.258,9
1489,Potencia instalada de generación cogeneración,2026-05-01T00:00:00.000+02:00,2026-04-30T22:00:00Z,513.487,8
1489,Potencia instalada de generación cogeneración,2026-05-01T00:00:00.000+02:00,2026-04-30T22:00:00Z,330.145,7
1489,Potencia instalada de generación cogeneración,2026-05-01T00:00:00.000+02:00,2026-04-30T22:00:00Z,272.84,6
1489,Potencia instalada de generación cogeneración,2026-05-01T00:00:00.000+02:00,2026-04-30T22:00:00Z,507.038,5
1489,Potencia instalada de generación cogeneración,2026-05-01T00:00:00.000+02:00,2026-04-30T22:00:00Z,627.495,4
1489,Potencia instalada de generación cogeneración,2026-06-01T00:00:00.000+02:00,2026-05-31T22:00:00Z,14.409,20
1489,Potencia instalada de generación cogeneración,2026-06-01T00:00:00.000+02:00,2026-05-31T22:00:00Z,38.2,19
1489,Potencia instalada de generación cogeneración,2026-06-01T00:00:00.000+02:00,2026-05-31T22:00:00Z,10.523,18
1489,Potencia instalada de generación cogeneración,2026-06-01T00:00:00.000+02:00,2026-05-31T22:00:00Z,490.244,17
1489,Potencia instalada de generación cogeneración,2026-06-01T00:00:00.000+02:00,2026-05-31T22:00:00Z,295.494,21
1489,Potencia instalada de generación cogeneración,2026-06-01T00:00:00.000+02:00,2026-05-31T22:00:00Z,8.351,16
1489,Potencia instalada de generación cogeneración,2026-06-01T00:00:00.000+02:00,2026-05-31T22:00:00Z,423.983,15
1489,Potencia instalada de generación cogeneración,2026-06-01T00:00:00.000+02:00,2026-05-31T22:00:00Z,138.672,14
1489,Potencia instalada de generación cogeneración,2026-06-01T00:00:00.000+02:00,2026-05-31T22:00:00Z,513.487,8
1489,Potencia instalada de generación cogeneración,2026-06-01T00:00:00.000+02:00,2026-05-31T22:00:00Z,61.04,11
1489,Potencia instalada de generación cogeneración,2026-06-01T00:00:00.000+02:00,2026-05-31T22:00:00Z,430.326,10
1489,Potencia instalada de generación cogeneración,2026-06-01T00:00:00.000+02:00,2026-05-31T22:00:00Z,911.258,9
1489,Potencia instalada de generación cogeneración,2026-06-01T00:00:00.000+02:00,2026-05-31T22:00:00Z,330.145,7
1489,Potencia instalada de generación cogeneración,2026-06-01T00:00:00.000+02:00,2026-05-31T22:00:00Z,272.84,6
1489,Potencia instalada de generación cogeneración,2026-06-01T00:00:00.000+02:00,2026-05-31T22:00:00Z,507.038,5
1489,Potencia instalada de generación cogeneración,2026-06-01T00:00:00.000+02:00,2026-05-31T22:00:00Z,627.495,4
1489,Potencia instalada de generación cogeneración,2026-06-01T00:00:00.000+02:00,2026-05-31T22:00:00Z,191.989,13
1489,Potencia instalada de generación cogeneración,2026-07-01T00:00:00.000+02:00,2026-06-30T22:00:00Z,293.494,21
1489,Potencia instalada de generación cogeneración,2026-07-01T00:00:00.000+02:00,2026-06-30T22:00:00Z,14.409,20
1489,Potencia instalada de generación cogeneración,2026-07-01T00:00:00.000+02:00,2026-06-30T22:00:00Z,38.2,19
1489,Potencia instalada de generación cogeneración,2026-07-01T00:00:00.000+02:00,2026-06-30T22:00:00Z,10.523,18
1489,Potencia instalada de generación cogeneración,2026-07-01T00:00:00.000+02:00,2026-06-30T22:00:00Z,490.244,17
1489,Potencia instalada de generación cogeneración,2026-07-01T00:00:00.000+02:00,2026-06-30T22:00:00Z,8.351,16
1489,Potencia instalada de generación cogeneración,2026-07-01T00:00:00.000+02:00,2026-06-30T22:00:00Z,422.983,15
1489,Potencia instalada de generación cogeneración,2026-07-01T00:00:00.000+02:00,2026-06-30T22:00:00Z,138.672,14
1489,Potencia instalada de generación cogeneración,2026-07-01T00:00:00.000+02:00,2026-06-30T22:00:00Z,191.996,13
1489,Potencia instalada de generación cogeneración,2026-07-01T00:00:00.000+02:00,2026-06-30T22:00:00Z,61.04,11
1489,Potencia instalada de generación cogeneración,2026-07-01T00:00:00.000+02:00,2026-06-30T22:00:00Z,430.326,10
1489,Potencia instalada de generación cogeneración,2026-07-01T00:00:00.000+02:00,2026-06-30T22:00:00Z,906.798,9
1489,Potencia instalada de generación cogeneración,2026-07-01T00:00:00.000+02:00,2026-06-30T22:00:00Z,513.487,8
1489,Potencia instalada de generación cogeneración,2026-07-01T00:00:00.000+02:00,2026-06-30T22:00:00Z,330.155,7
1489,Potencia instalada de generación cogeneración,2026-07-01T00:00:00.000+02:00,2026-06-30T22:00:00Z,272.84,6
1489,Potencia instalada de generación cogeneración,2026-07-01T00:00:00.000+02:00,2026-06-30T22:00:00Z,507.038,5
1489,Potencia instalada de generación cogeneración,2026-07-01T00:00:00.000+02:00,2026-06-30T22:00:00Z,627.495,4
1489,Potencia instalada de generación cogeneración,2026-08-01T00:00:00.000+02:00,2026-07-31T22:00:00Z,14.409,20
1489,Potencia instalada de generación cogeneración,2026-08-01T00:00:00.000+02:00,2026-07-31T22:00:00Z,38.2,19
1489,Potencia instalada de generación cogeneración,2026-08-01T00:00:00.000+02:00,2026-07-31T22:00:00Z,10.523,18
1489,Potencia instalada de generación cogeneración,2026-08-01T00:00:00.000+02:00,2026-07-31T22:00:00Z,490.244,17
1489,Potencia instalada de generación cogeneración,2026-08-01T00:00:00.000+02:00,2026-07-31T22:00:00Z,293.494,21
1489,Potencia instalada de generación cogeneración,2026-08-01T00:00:00.000+02:00,2026-07-31T22:00:00Z,8.351,16
1489,Potencia instalada de generación cogeneración,2026-08-01T00:00:00.000+02:00,2026-07-31T22:00:00Z,422.983,15
1489,Potencia instalada de generación cogeneración,2026-08-01T00:00:00.000+02:00,2026-07-31T22:00:00Z,138.672,14
1489,Potencia instalada de generación cogeneración,2026-08-01T00:00:00.000+02:00,2026-07-31T22:00:00Z,513.487,8
1489,Potencia instalada de generación cogeneración,2026-08-01T00:00:00.000+02:00,2026-07-31T22:00:00Z,61.04,11
1489,Potencia instalada de generación cogeneración,2026-08-01T00:00:00.000+02:00,2026-07-31T22:00:00Z,430.326,10
1489,Potencia instalada de generación cogeneración,2026-08-01T00:00:00.000+02:00,2026-07-31T22:00:00Z,906.798,9
1489,Potencia instalada de generación cogeneración,2026-08-01T00:00:00.000+02:00,2026-07-31T22:00:00Z,330.155,7
1489,Potencia instalada de generación cogeneración,2026-08-01T00:00:00.000+02:00,2026-07-31T22:00:00Z,272.84,6
1489,Potencia instalada de generación cogeneración,2026-08-01T00:00:00.000+02:00,2026-07-31T22:00:00Z,507.038,5
1489,Potencia instalada de generación cogeneración,2026-08-01T00:00:00.000+02:00,2026-07-31T22:00:00Z,627.495,4
1489,Potencia instalada de generación cogeneración,2026-08-01T00:00:00.000+02:00,2026-07-31T22:00:00Z,191.996,13
1489,Potencia instalada de generación cogeneración,2026-09-01T00:00:00.000+02:00,2026-08-31T22:00:00Z,38.2,19
1489,Potencia instalada de generación cogeneración,2026-09-01T00:00:00.000+02:00,2026-08-31T22:00:00Z,10.523,18
1489,Potencia instalada de generación cogeneración,2026-09-01T00:00:00.000+02:00,2026-08-31T22:00:00Z,490.244,17
1489,Potencia instalada de generación cogeneración,2026-09-01T00:00:00.000+02:00,2026-08-31T22:00:00Z,8.351,16
1489,Potencia instalada de generación cogeneración,2026-09-01T00:00:00.000+02:00,2026-08-31T22:00:00Z,422.983,15
1489,Potencia instalada de generación cogeneración,2026-09-01T00:00:00.000+02:00,2026-08-31T22:00:00Z,138.672,14
1489,Potencia instalada de generación cogeneración,2026-09-01T00:00:00.000+02:00,2026-08-31T22:00:00Z,192.007,13
1489,Potencia instalada de generación cogeneración,2026-09-01T00:00:00.000+02:00,2026-08-31T22:00:00Z,513.487,8
1489,Potencia instalada de generación cogeneración,2026-09-01T00:00:00.000+02:00,2026-08-31T22:00:00Z,430.326,10
1489,Potencia instalada de generación cogeneración,2026-09-01T00:00:00.000+02:00,2026-08-31T22:00:00Z,900.413,9
1489,Potencia instalada de generación cogeneración,2026-09-01T00:00:00.000+02:00,2026-08-31T22:00:00Z,330.155,7
1489,Potencia instalada de generación cogeneración,2026-09-01T00:00:00.000+02:00,2026-08-31T22:00:00Z,272.84,6
1489,Potencia instalada de generación cogeneración,2026-09-01T00:00:00.000+02:00,2026-08-31T22:00:00Z,507.038,5
1489,Potencia instalada de generación cogeneración,2026-09-01T00:00:00.000+02:00,2026-08-31T22:00:00Z,593.895,4
1489,Potencia instalada de generación cogeneración,2026-09-01T00:00:00.000+02:00,2026-08-31T22:00:00Z,14.409,20
1489,Potencia instalada de generación cogeneración,2026-09-01T00:00:00.000+02:00,2026-08-31T22:00:00Z,61.04,11
1489,Potencia instalada de generación cogeneración,2026-09-01T00:00:00.000+02:00,2026-08-31T22:00:00Z,293.494,21
1490,Potencia instalada de generación residuos no renovables,2025-08-01T00:00:00.000+02:00,2025-07-31T22:00:00Z,56.75,4
1490,Potencia instalada de generación residuos no renovables,2025-08-01T00:00:00.000+02:00,2025-07-31T22:00:00Z,1.084,8746
1490,Potencia instalada de generación residuos no renovables,2025-08-01T00:00:00.000+02:00,2025-07-31T22:00:00Z,0.1,21
1490,Potencia instalada de generación residuos no renovables,2025-08-01T00:00:00.000+02:00,2025-07-31T22:00:00Z,37.4,18
1490,Potencia instalada de generación residuos no renovables,2025-08-01T00:00:00.000+02:00,2025-07-31T22:00:00Z,54.15,15
1490,Potencia instalada de generación residuos no renovables,2025-08-01T00:00:00.000+02:00,2025-07-31T22:00:00Z,14.9,13
1490,Potencia instalada de generación residuos no renovables,2025-08-01T00:00:00.000+02:00,2025-07-31T22:00:00Z,40.68,17
1490,Potencia instalada de generación residuos no renovables,2025-08-01T00:00:00.000+02:00,2025-07-31T22:00:00Z,71.786,10
1490,Potencia instalada de generación residuos no renovables,2025-08-01T00:00:00.000+02:00,2025-07-31T22:00:00Z,36.617,9
1490,Potencia instalada de generación residuos no renovables,2025-08-01T00:00:00.000+02:00,2025-07-31T22:00:00Z,4.967,6
1490,Potencia instalada de generación residuos no renovables,2025-08-01T00:00:00.000+02:00,2025-07-31T22:00:00Z,49.9,5
1490,Potencia instalada de generación residuos no renovables,2025-08-01T00:00:00.000+02:00,2025-07-31T22:00:00Z,53.948,11
1490,Potencia instalada de generación residuos no renovables,2025-09-01T00:00:00.000+02:00,2025-08-31T22:00:00Z,54.15,15
1490,Potencia instalada de generación residuos no renovables,2025-09-01T00:00:00.000+02:00,2025-08-31T22:00:00Z,1.084,8746
1490,Potencia instalada de generación residuos no renovables,2025-09-01T00:00:00.000+02:00,2025-08-31T22:00:00Z,0.1,21
1490,Potencia instalada de generación residuos no renovables,2025-09-01T00:00:00.000+02:00,2025-08-31T22:00:00Z,37.4,18
1490,Potencia instalada de generación residuos no renovables,2025-09-01T00:00:00.000+02:00,2025-08-31T22:00:00Z,14.9,13
1490,Potencia instalada de generación residuos no renovables,2025-09-01T00:00:00.000+02:00,2025-08-31T22:00:00Z,40.68,17
1490,Potencia instalada de generación residuos no renovables,2025-09-01T00:00:00.000+02:00,2025-08-31T22:00:00Z,71.786,10
1490,Potencia instalada de generación residuos no renovables,2025-09-01T00:00:00.000+02:00,2025-08-31T22:00:00Z,36.617,9
1490,Potencia instalada de generación residuos no renovables,2025-09-01T00:00:00.000+02:00,2025-08-31T22:00:00Z,4.967,6
1490,Potencia instalada de generación residuos no renovables,2025-09-01T00:00:00.000+02:00,2025-08-31T22:00:00Z,49.9,5
1490,Potencia instalada de generación residuos no renovables,2025-09-01T00:00:00.000+02:00,2025-08-31T22:00:00Z,56.75,4
1490,Potencia instalada de generación residuos no renovables,2025-09-01T00:00:00.000+02:00,2025-08-31T22:00:00Z,53.948,11
1490,Potencia instalada de generación residuos no renovables,2025-10-01T00:00:00.000+02:00,2025-09-30T22:00:00Z,1.084,8746
1490,Potencia instalada de generación residuos no renovables,2025-10-01T00:00:00.000+02:00,2025-09-30T22:00:00Z,0.1,21
1490,Potencia instalada de generación residuos no renovables,2025-10-01T00:00:00.000+02:00,2025-09-30T22:00:00Z,37.4,18
1490,Potencia instalada de generación residuos no renovables,2025-10-01T00:00:00.000+02:00,2025-09-30T22:00:00Z,40.68,17
1490,Potencia instalada de generación residuos no renovables,2025-10-01T00:00:00.000+02:00,2025-09-30T22:00:00Z,54.15,15
1490,Potencia instalada de generación residuos no renovables,2025-10-01T00:00:00.000+02:00,2025-09-30T22:00:00Z,14.9,13
1490,Potencia instalada de generación residuos no renovables,2025-10-01T00:00:00.000+02:00,2025-09-30T22:00:00Z,53.948,11
1490,Potencia instalada de generación residuos no renovables,2025-10-01T00:00:00.000+02:00,2025-09-30T22:00:00Z,36.617,9
1490,Potencia instalada de generación residuos no renovables,2025-10-01T00:00:00.000+02:00,2025-09-30T22:00:00Z,4.967,6
1490,Potencia instalada de generación residuos no renovables,2025-10-01T00:00:00.000+02:00,2025-09-30T22:00:00Z,49.9,5
1490,Potencia instalada de generación residuos no renovables,2025-10-01T00:00:00.000+02:00,2025-09-30T22:00:00Z,56.75,4
1490,Potencia instalada de generación residuos no renovables,2025-10-01T00:00:00.000+02:00,2025-09-30T22:00:00Z,71.786,10
1490,Potencia instalada de generación residuos no renovables,2025-11-01T00:00:00.000+01:00,2025-10-31T23:00:00Z,54.15,15
1490,Potencia instalada de generación residuos no renovables,2025-11-01T00:00:00.000+01:00,2025-10-31T23:00:00Z,1.084,8746
1490,Potencia instalada de generación residuos no renovables,2025-11-01T00:00:00.000+01:00,2025-10-31T23:00:00Z,0.1,21
1490,Potencia instalada de generación residuos no renovables,2025-11-01T00:00:00.000+01:00,2025-10-31T23:00:00Z,37.4,18
1490,Potencia instalada de generación residuos no renovables,2025-11-01T00:00:00.000+01:00,2025-10-31T23:00:00Z,14.9,13
1490,Potencia instalada de generación residuos no renovables,2025-11-01T00:00:00.000+01:00,2025-10-31T23:00:00Z,40.68,17
1490,Potencia instalada de generación residuos no renovables,2025-11-01T00:00:00.000+01:00,2025-10-31T23:00:00Z,71.786,10
1490,Potencia instalada de generación residuos no renovables,2025-11-01T00:00:00.000+01:00,2025-10-31T23:00:00Z,56.75,4
1490,Potencia instalada de generación residuos no renovables,2025-11-01T00:00:00.000+01:00,2025-10-31T23:00:00Z,49.9,5
1490,Potencia instalada de generación residuos no renovables,2025-11-01T00:00:00.000+01:00,2025-10-31T23:00:00Z,53.948,11
1490,Potencia instalada de generación residuos no renovables,2025-11-01T00:00:00.000+01:00,2025-10-31T23:00:00Z,36.617,9
1490,Potencia instalada de generación residuos no renovables,2025-11-01T00:00:00.000+01:00,2025-10-31T23:00:00Z,4.967,6
1490,Potencia instalada de generación residuos no renovables,2025-12-01T00:00:00.000+01:00,2025-11-30T23:00:00Z,54.15,15
1490,Potencia instalada de generación residuos no renovables,2025-12-01T00:00:00.000+01:00,2025-11-30T23:00:00Z,1.084,8746
1490,Potencia instalada de generación residuos no renovables,2025-12-01T00:00:00.000+01:00,2025-11-30T23:00:00Z,0.1,21
1490,Potencia instalada de generación residuos no renovables,2025-12-01T00:00:00.000+01:00,2025-11-30T23:00:00Z,37.4,18
1490,Potencia instalada de generación residuos no renovables,2025-12-01T00:00:00.000+01:00,2025-11-30T23:00:00Z,40.68,17
1490,Potencia instalada de generación residuos no renovables,2025-12-01T00:00:00.000+01:00,2025-11-30T23:00:00Z,14.9,13
1490,Potencia instalada de generación residuos no renovables,2025-12-01T00:00:00.000+01:00,2025-11-30T23:00:00Z,53.948,11
1490,Potencia instalada de generación residuos no renovables,2025-12-01T00:00:00.000+01:00,2025-11-30T23:00:00Z,71.786,10
1490,Potencia instalada de generación residuos no renovables,2025-12-01T00:00:00.000+01:00,2025-11-30T23:00:00Z,36.617,9
1490,Potencia instalada de generación residuos no renovables,2025-12-01T00:00:00.000+01:00,2025-11-30T23:00:00Z,4.967,6
1490,Potencia instalada de generación residuos no renovables,2025-12-01T00:00:00.000+01:00,2025-11-30T23:00:00Z,49.9,5
1490,Potencia instalada de generación residuos no renovables,2025-12-01T00:00:00.000+01:00,2025-11-30T23:00:00Z,56.75,4
1490,Potencia instalada de generación residuos no renovables,2026-01-01T00:00:00.000+01:00,2025-12-31T23:00:00Z,0.1,21
1490,Potencia instalada de generación residuos no renovables,2026-01-01T00:00:00.000+01:00,2025-12-31T23:00:00Z,37.4,18
1490,Potencia instalada de generación residuos no renovables,2026-01-01T00:00:00.000+01:00,2025-12-31T23:00:00Z,40.68,17
1490,Potencia instalada de generación residuos no renovables,2026-01-01T00:00:00.000+01:00,2025-12-31T23:00:00Z,54.15,15
1490,Potencia instalada de generación residuos no renovables,2026-01-01T00:00:00.000+01:00,2025-12-31T23:00:00Z,14.9,13
1490,Potencia instalada de generación residuos no renovables,2026-01-01T00:00:00.000+01:00,2025-12-31T23:00:00Z,1.084,8746
1490,Potencia instalada de generación residuos no renovables,2026-01-01T00:00:00.000+01:00,2025-12-31T23:00:00Z,53.948,11
1490,Potencia instalada de generación residuos no renovables,2026-01-01T00:00:00.000+01:00,2025-12-31T23:00:00Z,36.617,9
1490,Potencia instalada de generación residuos no renovables,2026-01-01T00:00:00.000+01:00,2025-12-31T23:00:00Z,4.967,6
1490,Potencia instalada de generación residuos no renovables,2026-01-01T00:00:00.000+01:00,2025-12-31T23:00:00Z,49.9,5
1490,Potencia instalada de generación residuos no renovables,2026-01-01T00:00:00.000+01:00,2025-12-31T23:00:00Z,56.75,4
1490,Potencia instalada de generación residuos no renovables,2026-01-01T00:00:00.000+01:00,2025-12-31T23:00:00Z,71.786,10
1490,Potencia instalada de generación residuos no renovables,2026-02-01T00:00:00.000+01:00,2026-01-31T23:00:00Z,1.084,8746
1490,Potencia instalada de generación residuos no renovables,2026-02-01T00:00:00.000+01:00,2026-01-31T23:00:00Z,0.1,21
1490,Potencia instalada de generación residuos no renovables,2026-02-01T00:00:00.000+01:00,2026-01-31T23:00:00Z,37.4,18
1490,Potencia instalada de generación residuos no renovables,2026-02-01T00:00:00.000+01:00,2026-01-31T23:00:00Z,40.68,17
1490,Potencia instalada de generación residuos no renovables,2026-02-01T00:00:00.000+01:00,2026-01-31T23:00:00Z,54.15,15
1490,Potencia instalada de generación residuos no renovables,2026-02-01T00:00:00.000+01:00,2026-01-31T23:00:00Z,14.9,13
1490,Potencia instalada de generación residuos no renovables,2026-02-01T00:00:00.000+01:00,2026-01-31T23:00:00Z,71.786,10
1490,Potencia instalada de generación residuos no renovables,2026-02-01T00:00:00.000+01:00,2026-01-31T23:00:00Z,36.617,9
1490,Potencia instalada de generación residuos no renovables,2026-02-01T00:00:00.000+01:00,2026-01-31T23:00:00Z,4.967,6
1490,Potencia instalada de generación residuos no renovables,2026-02-01T00:00:00.000+01:00,2026-01-31T23:00:00Z,49.9,5
1490,Potencia instalada de generación residuos no renovables,2026-02-01T00:00:00.000+01:00,2026-01-31T23:00:00Z,56.75,4
1490,Potencia instalada de generación residuos no renovables,2026-02-01T00:00:00.000+01:00,2026-01-31T23:00:00Z,53.948,11
1490,Potencia instalada de generación residuos no renovables,2026-03-01T00:00:00.000+01:00,2026-02-28T23:00:00Z,54.15,15
1490,Potencia instalada de generación residuos no renovables,2026-03-01T00:00:00.000+01:00,2026-02-28T23:00:00Z,1.084,8746
1490,Potencia instalada de generación residuos no renovables,2026-03-01T00:00:00.000+01:00,2026-02-28T23:00:00Z,0.1,21
1490,Potencia instalada de generación residuos no renovables,2026-03-01T00:00:00.000+01:00,2026-02-28T23:00:00Z,37.4,18
1490,Potencia instalada de generación residuos no renovables,2026-03-01T00:00:00.000+01:00,2026-02-28T23:00:00Z,40.68,17
1490,Potencia instalada de generación residuos no renovables,2026-03-01T00:00:00.000+01:00,2026-02-28T23:00:00Z,14.9,13
1490,Potencia instalada de generación residuos no renovables,2026-03-01T00:00:00.000+01:00,2026-02-28T23:00:00Z,49.9,5
1490,Potencia instalada de generación residuos no renovables,2026-03-01T00:00:00.000+01:00,2026-02-28T23:00:00Z,71.786,10
1490,Potencia instalada de generación residuos no renovables,2026-03-01T00:00:00.000+01:00,2026-02-28T23:00:00Z,36.617,9
1490,Potencia instalada de generación residuos no renovables,2026-03-01T00:00:00.000+01:00,2026-02-28T23:00:00Z,4.967,6
1490,Potencia instalada de generación residuos no renovables,2026-03-01T00:00:00.000+01:00,2026-02-28T23:00:00Z,53.948,11
1490,Potencia instalada de generación residuos no renovables,2026-03-01T00:00:00.000+01:00,2026-02-28T23:00:00Z,56.75,4
1490,Potencia instalada de generación residuos no renovables,2026-04-01T00:00:00.000+02:00,2026-03-31T22:00:00Z,0.1,21
1490,Potencia instalada de generación residuos no renovables,2026-04-01T00:00:00.000+02:00,2026-03-31T22:00:00Z,37.4,18
1490,Potencia instalada de generación residuos no renovables,2026-04-01T00:00:00.000+02:00,2026-03-31T22:00:00Z,40.68,17
1490,Potencia instalada de generación residuos no renovables,2026-04-01T00:00:00.000+02:00,2026-03-31T22:00:00Z,54.15,15
1490,Potencia instalada de generación residuos no renovables,2026-04-01T00:00:00.000+02:00,2026-03-31T22:00:00Z,14.9,13
1490,Potencia instalada de generación residuos no renovables,2026-04-01T00:00:00.000+02:00,2026-03-31T22:00:00Z,1.084,8746
1490,Potencia instalada de generación residuos no renovables,2026-04-01T00:00:00.000+02:00,2026-03-31T22:00:00Z,71.786,10
1490,Potencia instalada de generación residuos no renovables,2026-04-01T00:00:00.000+02:00,2026-03-31T22:00:00Z,36.617,9
1490,Potencia instalada de generación residuos no renovables,2026-04-01T00:00:00.000+02:00,2026-03-31T22:00:00Z,4.967,6
1490,Potencia instalada de generación residuos no renovables,2026-04-01T00:00:00.000+02:00,2026-03-31T22:00:00Z,49.9,5
1490,Potencia instalada de generación residuos no renovables,2026-04-01T00:00:00.000+02:00,2026-03-31T22:00:00Z,56.75,4
1490,Potencia instalada de generación residuos no renovables,2026-04-01T00:00:00.000+02:00,2026-03-31T22:00:00Z,53.948,11
1490,Potencia instalada de generación residuos no renovables,2026-05-01T00:00:00.000+02:00,2026-04-30T22:00:00Z,1.084,8746
1490,Potencia instalada de generación residuos no renovables,2026-05-01T00:00:00.000+02:00,2026-04-30T22:00:00Z,0.1,21
1490,Potencia instalada de generación residuos no renovables,2026-05-01T00:00:00.000+02:00,2026-04-30T22:00:00Z,37.4,18
1490,Potencia instalada de generación residuos no renovables,2026-05-01T00:00:00.000+02:00,2026-04-30T22:00:00Z,40.68,17
1490,Potencia instalada de generación residuos no renovables,2026-05-01T00:00:00.000+02:00,2026-04-30T22:00:00Z,54.15,15
1490,Potencia instalada de generación residuos no renovables,2026-05-01T00:00:00.000+02:00,2026-04-30T22:00:00Z,14.9,13
1490,Potencia instalada de generación residuos no renovables,2026-05-01T00:00:00.000+02:00,2026-04-30T22:00:00Z,53.948,11
1490,Potencia instalada de generación residuos no renovables,2026-05-01T00:00:00.000+02:00,2026-04-30T22:00:00Z,36.617,9
1490,Potencia instalada de generación residuos no renovables,2026-05-01T00:00:00.000+02:00,2026-04-30T22:00:00Z,4.967,6
1490,Potencia instalada de generación residuos no renovables,2026-05-01T00:00:00.000+02:00,2026-04-30T22:00:00Z,49.9,5
1490,Potencia instalada de generación residuos no renovables,2026-05-01T00:00:00.000+02:00,2026-04-30T22:00:00Z,56.75,4
1490,Potencia instalada de generación residuos no renovables,2026-05-01T00:00:00.000+02:00,2026-04-30T22:00:00Z,71.786,10
1490,Potencia instalada de generación residuos no renovables,2026-06-01T00:00:00.000+02:00,2026-05-31T22:00:00Z,54.15,15
1490,Potencia instalada de generación residuos no renovables,2026-06-01T00:00:00.000+02:00,2026-05-31T22:00:00Z,1.084,8746
1490,Potencia instalada de generación residuos no renovables,2026-06-01T00:00:00.000+02:00,2026-05-31T22:00:00Z,37.4,18
1490,Potencia instalada de generación residuos no renovables,2026-06-01T00:00:00.000+02:00,2026-05-31T22:00:00Z,40.68,17
1490,Potencia instalada de generación residuos no renovables,2026-06-01T00:00:00.000+02:00,2026-05-31T22:00:00Z,14.9,13
1490,Potencia instalada de generación residuos no renovables,2026-06-01T00:00:00.000+02:00,2026-05-31T22:00:00Z,0.1,21
1490,Potencia instalada de generación residuos no renovables,2026-06-01T00:00:00.000+02:00,2026-05-31T22:00:00Z,71.786,10
1490,Potencia instalada de generación residuos no renovables,2026-06-01T00:00:00.000+02:00,2026-05-31T22:00:00Z,36.617,9
1490,Potencia instalada de generación residuos no renovables,2026-06-01T00:00:00.000+02:00,2026-05-31T22:00:00Z,4.967,6
1490,Potencia instalada de generación residuos no renovables,2026-06-01T00:00:00.000+02:00,2026-05-31T22:00:00Z,49.9,5
1490,Potencia instalada de generación residuos no renovables,2026-06-01T00:00:00.000+02:00,2026-05-31T22:00:00Z,56.75,4
1490,Potencia instalada de generación residuos no renovables,2026-06-01T00:00:00.000+02:00,2026-05-31T22:00:00Z,53.948,11
1490,Potencia instalada de generación residuos no renovables,2026-07-01T00:00:00.000+02:00,2026-06-30T22:00:00Z,1.084,8746
1490,Potencia instalada de generación residuos no renovables,2026-07-01T00:00:00.000+02:00,2026-06-30T22:00:00Z,0.1,21
1490,Potencia instalada de generación residuos no renovables,2026-07-01T00:00:00.000+02:00,2026-06-30T22:00:00Z,37.4,18
1490,Potencia instalada de generación residuos no renovables,2026-07-01T00:00:00.000+02:00,2026-06-30T22:00:00Z,40.68,17
1490,Potencia instalada de generación residuos no renovables,2026-07-01T00:00:00.000+02:00,2026-06-30T22:00:00Z,54.15,15
1490,Potencia instalada de generación residuos no renovables,2026-07-01T00:00:00.000+02:00,2026-06-30T22:00:00Z,0.006,14
1490,Potencia instalada de generación residuos no renovables,2026-07-01T00:00:00.000+02:00,2026-06-30T22:00:00Z,14.9,13
1490,Potencia instalada de generación residuos no renovables,2026-07-01T00:00:00.000+02:00,2026-06-30T22:00:00Z,53.948,11
1490,Potencia instalada de generación residuos no renovables,2026-07-01T00:00:00.000+02:00,2026-06-30T22:00:00Z,71.786,10
1490,Potencia instalada de generación residuos no renovables,2026-07-01T00:00:00.000+02:00,2026-06-30T22:00:00Z,36.617,9
1490,Potencia instalada de generación residuos no renovables,2026-07-01T00:00:00.000+02:00,2026-06-30T22:00:00Z,4.967,6
1490,Potencia instalada de generación residuos no renovables,2026-07-01T00:00:00.000+02:00,2026-06-30T22:00:00Z,49.9,5
1490,Potencia instalada de generación residuos no renovables,2026-07-01T00:00:00.000+02:00,2026-06-30T22:00:00Z,56.75,4
1490,Potencia instalada de generación residuos no renovables,2026-08-01T00:00:00.000+02:00,2026-07-31T22:00:00Z,0.1,21
1490,Potencia instalada de generación residuos no renovables,2026-08-01T00:00:00.000+02:00,2026-07-31T22:00:00Z,37.4,18
1490,Potencia instalada de generación residuos no renovables,2026-08-01T00:00:00.000+02:00,2026-07-31T22:00:00Z,40.68,17
1490,Potencia instalada de generación residuos no renovables,2026-08-01T00:00:00.000+02:00,2026-07-31T22:00:00Z,1.084,8746
1490,Potencia instalada de generación residuos no renovables,2026-08-01T00:00:00.000+02:00,2026-07-31T22:00:00Z,54.15,15
1490,Potencia instalada de generación residuos no renovables,2026-08-01T00:00:00.000+02:00,2026-07-31T22:00:00Z,0.006,14
1490,Potencia instalada de generación residuos no renovables,2026-08-01T00:00:00.000+02:00,2026-07-31T22:00:00Z,36.617,9
1490,Potencia instalada de generación residuos no renovables,2026-08-01T00:00:00.000+02:00,2026-07-31T22:00:00Z,53.948,11
1490,Potencia instalada de generación residuos no renovables,2026-08-01T00:00:00.000+02:00,2026-07-31T22:00:00Z,71.786,10
1490,Potencia instalada de generación residuos no renovables,2026-08-01T00:00:00.000+02:00,2026-07-31T22:00:00Z,4.967,6
1490,Potencia instalada de generación residuos no renovables,2026-08-01T00:00:00.000+02:00,2026-07-31T22:00:00Z,49.9,5
1490,Potencia instalada de generación residuos no renovables,2026-08-01T00:00:00.000+02:00,2026-07-31T22:00:00Z,56.75,4
1490,Potencia instalada de generación residuos no renovables,2026-08-01T00:00:00.000+02:00,2026-07-31T22:00:00Z,14.9,13
1490,Potencia instalada de generación residuos no renovables,2026-09-01T00:00:00.000+02:00,2026-08-31T22:00:00Z,37.4,18
1490,Potencia instalada de generación residuos no renovables,2026-09-01T00:00:00.000+02:00,2026-08-31T22:00:00Z,40.68,17
1490,Potencia instalada de generación residuos no renovables,2026-09-01T00:00:00.000+02:00,2026-08-31T22:00:00Z,54.15,15
1490,Potencia instalada de generación residuos no renovables,2026-09-01T00:00:00.000+02:00,2026-08-31T22:00:00Z,0.006,14
1490,Potencia instalada de generación residuos no renovables,2026-09-01T00:00:00.000+02:00,2026-08-31T22:00:00Z,14.9,13
1490,Potencia instalada de generación residuos no renovables,2026-09-01T00:00:00.000+02:00,2026-08-31T22:00:00Z,36.617,9
1490,Potencia instalada de generación residuos no renovables,2026-09-01T00:00:00.000+02:00,2026-08-31T22:00:00Z,71.786,10
1490,Potencia instalada de generación residuos no renovables,2026-09-01T00:00:00.000+02:00,2026-08-31T22:00:00Z,4.967,6
1490,Potencia instalada de generación residuos no renovables,2026-09-01T00:00:00.000+02:00,2026-08-31T22:00:00Z,49.9,5
1490,Potencia instalada de generación residuos no renovables,2026-09-01T00:00:00.000+02:00,2026-08-31T22:00:00Z,56.75,4
1490,Potencia instalada de generación residuos no renovables,2026-09-01T00:00:00.000+02:00,2026-08-31T22:00:00Z,0.1,21
1490,Potencia instalada de generación residuos no renovables,2026-09-01T00:00:00.000+02:00,2026-08-31T22:00:00Z,53.948,11
1490,Potencia instalada de generación residuos no renovables,2026-09-01T00:00:00.000+02:00,2026-08-31T22:00:00Z,1.084,8746
1491,Potencia instalada de generación residuos renovables,2025-08-01T00:00:00.000+02:00,2025-07-31T22:00:00Z,0.003,4
1491,Potencia instalada de generación residuos renovables,2025-08-01T00:00:00.000+02:00,2025-07-31T22:00:00Z,4.967,6
1491,Potencia instalada de generación residuos renovables,2025-08-01T00:00:00.000+02:00,2025-07-31T22:00:00Z,27.175,9
1491,Potencia instalada de generación residuos renovables,2025-08-01T00:00:00.000+02:00,2025-07-31T22:00:00Z,59.586,10
1491,Potencia instalada de generación residuos renovables,2025-08-01T00:00:00.000+02:00,2025-07-31T22:00:00Z,14.9,13
1491,Potencia instalada de generación residuos renovables,2025-08-01T00:00:00.000+02:00,2025-07-31T22:00:00Z,25.0,17
1491,Potencia instalada de generación residuos renovables,2025-08-01T00:00:00.000+02:00,2025-07-31T22:00:00Z,37.4,18
1491,Potencia instalada de generación residuos renovables,2025-08-01T00:00:00.000+02:00,2025-07-31T22:00:00Z,1.084,8746
1491,Potencia instalada de generación residuos renovables,2025-09-01T00:00:00.000+02:00,2025-08-31T22:00:00Z,1.084,8746
1491,Potencia instalada de generación residuos renovables,2025-09-01T00:00:00.000+02:00,2025-08-31T22:00:00Z,37.4,18
1491,Potencia instalada de generación residuos renovables,2025-09-01T00:00:00.000+02:00,2025-08-31T22:00:00Z,14.9,13
1491,Potencia instalada de generación residuos renovables,2025-09-01T00:00:00.000+02:00,2025-08-31T22:00:00Z,25.0,17
1491,Potencia instalada de generación residuos renovables,2025-09-01T00:00:00.000+02:00,2025-08-31T22:00:00Z,27.175,9
1491,Potencia instalada de generación residuos renovables,2025-09-01T00:00:00.000+02:00,2025-08-31T22:00:00Z,4.967,6
1491,Potencia instalada de generación residuos renovables,2025-09-01T00:00:00.000+02:00,2025-08-31T22:00:00Z,0.003,4
1491,Potencia instalada de generación residuos renovables,2025-09-01T00:00:00.000+02:00,2025-08-31T22:00:00Z,59.586,10
1491,Potencia instalada de generación residuos renovables,2025-10-01T00:00:00.000+02:00,2025-09-30T22:00:00Z,0.003,4
1491,Potencia instalada de generación residuos renovables,2025-10-01T00:00:00.000+02:00,2025-09-30T22:00:00Z,4.967,6
1491,Potencia instalada de generación residuos renovables,2025-10-01T00:00:00.000+02:00,2025-09-30T22:00:00Z,27.175,9
1491,Potencia instalada de generación residuos renovables,2025-10-01T00:00:00.000+02:00,2025-09-30T22:00:00Z,59.586,10
1491,Potencia instalada de generación residuos renovables,2025-10-01T00:00:00.000+02:00,2025-09-30T22:00:00Z,14.9,13
1491,Potencia instalada de generación residuos renovables,2025-10-01T00:00:00.000+02:00,2025-09-30T22:00:00Z,25.0,17
1491,Potencia instalada de generación residuos renovables,2025-10-01T00:00:00.000+02:00,2025-09-30T22:00:00Z,37.4,18
1491,Potencia instalada de generación residuos renovables,2025-10-01T00:00:00.000+02:00,2025-09-30T22:00:00Z,1.084,8746
1491,Potencia instalada de generación residuos renovables,2025-11-01T00:00:00.000+01:00,2025-10-31T23:00:00Z,25.0,17
1491,Potencia instalada de generación residuos renovables,2025-11-01T00:00:00.000+01:00,2025-10-31T23:00:00Z,1.084,8746
1491,Potencia instalada de generación residuos renovables,2025-11-01T00:00:00.000+01:00,2025-10-31T23:00:00Z,37.4,18
1491,Potencia instalada de generación residuos renovables,2025-11-01T00:00:00.000+01:00,2025-10-31T23:00:00Z,14.9,13
1491,Potencia instalada de generación residuos renovables,2025-11-01T00:00:00.000+01:00,2025-10-31T23:00:00Z,4.967,6
1491,Potencia instalada de generación residuos renovables,2025-11-01T00:00:00.000+01:00,2025-10-31T23:00:00Z,27.175,9
1491,Potencia instalada de generación residuos renovables,2025-11-01T00:00:00.000+01:00,2025-10-31T23:00:00Z,59.586,10
1491,Potencia instalada de generación residuos renovables,2025-11-01T00:00:00.000+01:00,2025-10-31T23:00:00Z,0.003,4
1491,Potencia instalada de generación residuos renovables,2025-12-01T00:00:00.000+01:00,2025-11-30T23:00:00Z,37.4,18
1491,Potencia instalada de generación residuos renovables,2025-12-01T00:00:00.000+01:00,2025-11-30T23:00:00Z,25.0,17
1491,Potencia instalada de generación residuos renovables,2025-12-01T00:00:00.000+01:00,2025-11-30T23:00:00Z,14.9,13
1491,Potencia instalada de generación residuos renovables,2025-12-01T00:00:00.000+01:00,2025-11-30T23:00:00Z,1.084,8746
1491,Potencia instalada de generación residuos renovables,2025-12-01T00:00:00.000+01:00,2025-11-30T23:00:00Z,27.175,9
1491,Potencia instalada de generación residuos renovables,2025-12-01T00:00:00.000+01:00,2025-11-30T23:00:00Z,4.967,6
1491,Potencia instalada de generación residuos renovables,2025-12-01T00:00:00.000+01:00,2025-11-30T23:00:00Z,0.003,4
1491,Potencia instalada de generación residuos renovables,2025-12-01T00:00:00.000+01:00,2025-11-30T23:00:00Z,59.586,10
1491,Potencia instalada de generación residuos renovables,2026-01-01T00:00:00.000+01:00,2025-12-31T23:00:00Z,0.003,4
1491,Potencia instalada de generación residuos renovables,2026-01-01T00:00:00.000+01:00,2025-12-31T23:00:00Z,4.967,6
1491,Potencia instalada de generación residuos renovables,2026-01-01T00:00:00.000+01:00,2025-12-31T23:00:00Z,27.175,9
1491,Potencia instalada de generación residuos renovables,2026-01-01T00:00:00.000+01:00,2025-12-31T23:00:00Z,59.586,10
1491,Potencia instalada de generación residuos renovables,2026-01-01T00:00:00.000+01:00,2025-12-31T23:00:00Z,14.9,13
1491,Potencia instalada de generación residuos renovables,2026-01-01T00:00:00.000+01:00,2025-12-31T23:00:00Z,25.0,17
1491,Potencia instalada de generación residuos renovables,2026-01-01T00:00:00.000+01:00,2025-12-31T23:00:00Z,37.4,18
1491,Potencia instalada de generación residuos renovables,2026-01-01T00:00:00.000+01:00,2025-12-31T23:00:00Z,1.084,8746
1491,Potencia instalada de generación residuos renovables,2026-02-01T00:00:00.000+01:00,2026-01-31T23:00:00Z,25.0,17
1491,Potencia instalada de generación residuos renovables,2026-02-01T00:00:00.000+01:00,2026-01-31T23:00:00Z,37.4,18
1491,Potencia instalada de generación residuos renovables,2026-02-01T00:00:00.000+01:00,2026-01-31T23:00:00Z,14.9,13
1491,Potencia instalada de generación residuos renovables,2026-02-01T00:00:00.000+01:00,2026-01-31T23:00:00Z,1.084,8746
1491,Potencia instalada de generación residuos renovables,2026-02-01T00:00:00.000+01:00,2026-01-31T23:00:00Z,27.175,9
1491,Potencia instalada de generación residuos renovables,2026-02-01T00:00:00.000+01:00,2026-01-31T23:00:00Z,4.967,6
1491,Potencia instalada de generación residuos renovables,2026-02-01T00:00:00.000+01:00,2026-01-31T23:00:00Z,0.003,4
1491,Potencia instalada de generación residuos renovables,2026-02-01T00:00:00.000+01:00,2026-01-31T23:00:00Z,59.586,10
1491,Potencia instalada de generación residuos renovables,2026-03-01T00:00:00.000+01:00,2026-02-28T23:00:00Z,0.003,4
1491,Potencia instalada de generación residuos renovables,2026-03-01T00:00:00.000+01:00,2026-02-28T23:00:00Z,4.967,6
1491,Potencia instalada de generación residuos renovables,2026-03-01T00:00:00.000+01:00,2026-02-28T23:00:00Z,27.175,9
1491,Potencia instalada de generación residuos renovables,2026-03-01T00:00:00.000+01:00,2026-02-28T23:00:00Z,59.586,10
1491,Potencia instalada de generación residuos renovables,2026-03-01T00:00:00.000+01:00,2026-02-28T23:00:00Z,14.9,13
1491,Potencia instalada de generación residuos renovables,2026-03-01T00:00:00.000+01:00,2026-02-28T23:00:00Z,25.0,17
1491,Potencia instalada de generación residuos renovables,2026-03-01T00:00:00.000+01:00,2026-02-28T23:00:00Z,37.4,18
1491,Potencia instalada de generación residuos renovables,2026-03-01T00:00:00.000+01:00,2026-02-28T23:00:00Z,1.084,8746
1491,Potencia instalada de generación residuos renovables,2026-04-01T00:00:00.000+02:00,2026-03-31T22:00:00Z,1.084,8746
1491,Potencia instalada de generación residuos renovables,2026-04-01T00:00:00.000+02:00,2026-03-31T22:00:00Z,37.4,18
1491,Potencia instalada de generación residuos renovables,2026-04-01T00:00:00.000+02:00,2026-03-31T22:00:00Z,25.0,17
1491,Potencia instalada de generación residuos renovables,2026-04-01T00:00:00.000+02:00,2026-03-31T22:00:00Z,14.9,13
1491,Potencia instalada de generación residuos renovables,2026-04-01T00:00:00.000+02:00,2026-03-31T22:00:00Z,59.586,10
1491,Potencia instalada de generación residuos renovables,2026-04-01T00:00:00.000+02:00,2026-03-31T22:00:00Z,27.175,9
1491,Potencia instalada de generación residuos renovables,2026-04-01T00:00:00.000+02:00,2026-03-31T22:00:00Z,4.967,6
1491,Potencia instalada de generación residuos renovables,2026-04-01T00:00:00.000+02:00,2026-03-31T22:00:00Z,0.003,4
1491,Potencia instalada de generación residuos renovables,2026-05-01T00:00:00.000+02:00,2026-04-30T22:00:00Z,0.003,4
1491,Potencia instalada de generación residuos renovables,2026-05-01T00:00:00.000+02:00,2026-04-30T22:00:00Z,4.967,6
1491,Potencia instalada de generación residuos renovables,2026-05-01T00:00:00.000+02:00,2026-04-30T22:00:00Z,27.175,9
1491,Potencia instalada de generación residuos renovables,2026-05-01T00:00:00.000+02:00,2026-04-30T22:00:00Z,59.586,10
1491,Potencia instalada de generación residuos renovables,2026-05-01T00:00:00.000+02:00,2026-04-30T22:00:00Z,14.9,13
1491,Potencia instalada de generación residuos renovables,2026-05-01T00:00:00.000+02:00,2026-04-30T22:00:00Z,25.0,17
1491,Potencia instalada de generación residuos renovables,2026-05-01T00:00:00.000+02:00,2026-04-30T22:00:00Z,37.4,18
1491,Potencia instalada de generación residuos renovables,2026-05-01T00:00:00.000+02:00,2026-04-30T22:00:00Z,1.084,8746
1491,Potencia instalada de generación residuos renovables,2026-06-01T00:00:00.000+02:00,2026-05-31T22:00:00Z,37.4,18
1491,Potencia instalada de generación residuos renovables,2026-06-01T00:00:00.000+02:00,2026-05-31T22:00:00Z,1.084,8746
1491,Potencia instalada de generación residuos renovables,2026-06-01T00:00:00.000+02:00,2026-05-31T22:00:00Z,25.0,17
1491,Potencia instalada de generación residuos renovables,2026-06-01T00:00:00.000+02:00,2026-05-31T22:00:00Z,14.9,13
1491,Potencia instalada de generación residuos renovables,2026-06-01T00:00:00.000+02:00,2026-05-31T22:00:00Z,4.967,6
1491,Potencia instalada de generación residuos renovables,2026-06-01T00:00:00.000+02:00,2026-05-31T22:00:00Z,27.175,9
1491,Potencia instalada de generación residuos renovables,2026-06-01T00:00:00.000+02:00,2026-05-31T22:00:00Z,0.003,4
1491,Potencia instalada de generación residuos renovables,2026-06-01T00:00:00.000+02:00,2026-05-31T22:00:00Z,59.586,10
1491,Potencia instalada de generación residuos renovables,2026-07-01T00:00:00.000+02:00,2026-06-30T22:00:00Z,0.003,4
1491,Potencia instalada de generación residuos renovables,2026-07-01T00:00:00.000+02:00,2026-06-30T22:00:00Z,4.967,6
1491,Potencia instalada de generación residuos renovables,2026-07-01T00:00:00.000+02:00,2026-06-30T22:00:00Z,27.175,9
1491,Potencia instalada de generación residuos renovables,2026-07-01T00:00:00.000+02:00,2026-06-30T22:00:00Z,59.586,10
1491,Potencia instalada de generación residuos renovables,2026-07-01T00:00:00.000+02:00,2026-06-30T22:00:00Z,14.9,13
1491,Potencia instalada de generación residuos renovables,2026-07-01T00:00:00.000+02:00,2026-06-30T22:00:00Z,25.0,17
1491,Potencia instalada de generación residuos renovables,2026-07-01T00:00:00.000+02:00,2026-06-30T22:00:00Z,37.4,18
1491,Potencia instalada de generación residuos renovables,2026-07-01T00:00:00.000+02:00,2026-06-30T22:00:00Z,1.084,8746
1491,Potencia instalada de generación residuos renovables,2026-08-01T00:00:00.000+02:00,2026-07-31T22:00:00Z,1.084,8746
1491,Potencia instalada de generación residuos renovables,2026-08-01T00:00:00.000+02:00,2026-07-31T22:00:00Z,37.4,18
1491,Potencia instalada de generación residuos renovables,2026-08-01T00:00:00.000+02:00,2026-07-31T22:00:00Z,25.0,17
1491,Potencia instalada de generación residuos renovables,2026-08-01T00:00:00.000+02:00,2026-07-31T22:00:00Z,14.9,13
1491,Potencia instalada de generación residuos renovables,2026-08-01T00:00:00.000+02:00,2026-07-31T22:00:00Z,27.175,9
1491,Potencia instalada de generación residuos renovables,2026-08-01T00:00:00.000+02:00,2026-07-31T22:00:00Z,4.967,6
1491,Potencia instalada de generación residuos renovables,2026-08-01T00:00:00.000+02:00,2026-07-31T22:00:00Z,0.003,4
1491,Potencia instalada de generación residuos renovables,2026-08-01T00:00:00.000+02:00,2026-07-31T22:00:00Z,59.586,10
1491,Potencia instalada de generación residuos renovables,2026-09-01T00:00:00.000+02:00,2026-08-31T22:00:00Z,37.4,18
1491,Potencia instalada de generación residuos renovables,2026-09-01T00:00:00.000+02:00,2026-08-31T22:00:00Z,0.003,4
1491,Potencia instalada de generación residuos renovables,2026-09-01T00:00:00.000+02:00,2026-08-31T22:00:00Z,4.967,6
1491,Potencia instalada de generación residuos renovables,2026-09-01T00:00:00.000+02:00,2026-08-31T22:00:00Z,27.175,9
1491,Potencia instalada de generación residuos renovables,2026-09-01T00:00:00.000+02:00,2026-08-31T22:00:00Z,59.586,10
1491,Potencia instalada de generación residuos renovables,2026-09-01T00:00:00.000+02:00,2026-08-31T22:00:00Z,14.9,13
1491,Potencia instalada de generación residuos renovables,2026-09-01T00:00:00.000+02:00,2026-08-31T22:00:00Z,25.0,17
1491,Potencia instalada de generación residuos renovables,2026-09-01T00:00:00.000+02:00,2026-08-31T22:00:00Z,1.084,8746
1943,Potencia instalada de generación autoconsumo hidráulica,2025-08-01T00:00:00.000+02:00,2025-07-31T22:00:00Z,4.731,4
1943,Potencia instalada de generación autoconsumo hidráulica,2025-08-01T00:00:00.000+02:00,2025-07-31T22:00:00Z,0.026,5
1943,Potencia instalada de generación autoconsumo hidráulica,2025-08-01T00:00:00.000+02:00,2025-07-31T22:00:00Z,8.8,7
1943,Potencia instalada de generación autoconsumo hidráulica,2025-08-01T00:00:00.000+02:00,2025-07-31T22:00:00Z,0.252,8
1943,Potencia instalada de generación autoconsumo hidráulica,2025-08-01T00:00:00.000+02:00,2025-07-31T22:00:00Z,0.203,9
1943,Potencia instalada de generación autoconsumo hidráulica,2025-08-01T00:00:00.000+02:00,2025-07-31T22:00:00Z,4.249,10
1943,Potencia instalada de generación autoconsumo hidráulica,2025-08-01T00:00:00.000+02:00,2025-07-31T22:00:00Z,0.998,14
1943,Potencia instalada de generación autoconsumo hidráulica,2025-08-01T00:00:00.000+02:00,2025-07-31T22:00:00Z,0.108,15
1943,Potencia instalada de generación autoconsumo hidráulica,2025-08-01T00:00:00.000+02:00,2025-07-31T22:00:00Z,0.015,19
1943,Potencia instalada de generación autoconsumo hidráulica,2025-09-01T00:00:00.000+02:00,2025-08-31T22:00:00Z,0.015,19
1943,Potencia instalada de generación autoconsumo hidráulica,2025-09-01T00:00:00.000+02:00,2025-08-31T22:00:00Z,0.108,15
1943,Potencia instalada de generación autoconsumo hidráulica,2025-09-01T00:00:00.000+02:00,2025-08-31T22:00:00Z,4.249,10
1943,Potencia instalada de generación autoconsumo hidráulica,2025-09-01T00:00:00.000+02:00,2025-08-31T22:00:00Z,0.203,9
1943,Potencia instalada de generación autoconsumo hidráulica,2025-09-01T00:00:00.000+02:00,2025-08-31T22:00:00Z,0.998,14
1943,Potencia instalada de generación autoconsumo hidráulica,2025-09-01T00:00:00.000+02:00,2025-08-31T22:00:00Z,8.8,7
1943,Potencia instalada de generación autoconsumo hidráulica,2025-09-01T00:00:00.000+02:00,2025-08-31T22:00:00Z,0.026,5
1943,Potencia instalada de generación autoconsumo hidráulica,2025-09-01T00:00:00.000+02:00,2025-08-31T22:00:00Z,4.731,4
1943,Potencia instalada de generación autoconsumo hidráulica,2025-09-01T00:00:00.000+02:00,2025-08-31T22:00:00Z,0.252,8
1943,Potencia instalada de generación autoconsumo hidráulica,2025-10-01T00:00:00.000+02:00,2025-09-30T22:00:00Z,0.015,19
1943,Potencia instalada de generación autoconsumo hidráulica,2025-10-01T00:00:00.000+02:00,2025-09-30T22:00:00Z,0.108,15
1943,Potencia instalada de generación autoconsumo hidráulica,2025-10-01T00:00:00.000+02:00,2025-09-30T22:00:00Z,0.998,14
1943,Potencia instalada de generación autoconsumo hidráulica,2025-10-01T00:00:00.000+02:00,2025-09-30T22:00:00Z,4.249,10
1943,Potencia instalada de generación autoconsumo hidráulica,2025-10-01T00:00:00.000+02:00,2025-09-30T22:00:00Z,0.203,9
1943,Potencia instalada de generación autoconsumo hidráulica,2025-10-01T00:00:00.000+02:00,2025-09-30T22:00:00Z,8.8,7
1943,Potencia instalada de generación autoconsumo hidráulica,2025-10-01T00:00:00.000+02:00,2025-09-30T22:00:00Z,0.026,5
1943,Potencia instalada de generación autoconsumo hidráulica,2025-10-01T00:00:00.000+02:00,2025-09-30T22:00:00Z,4.731,4
1943,Potencia instalada de generación autoconsumo hidráulica,2025-10-01T00:00:00.000+02:00,2025-09-30T22:00:00Z,6.552,8
1943,Potencia instalada de generación autoconsumo hidráulica,2025-11-01T00:00:00.000+01:00,2025-10-31T23:00:00Z,0.998,14
1943,Potencia instalada de generación autoconsumo hidráulica,2025-11-01T00:00:00.000+01:00,2025-10-31T23:00:00Z,0.015,19
1943,Potencia instalada de generación autoconsumo hidráulica,2025-11-01T00:00:00.000+01:00,2025-10-31T23:00:00Z,0.118,15
1943,Potencia instalada de generación autoconsumo hidráulica,2025-11-01T00:00:00.000+01:00,2025-10-31T23:00:00Z,4.249,10
1943,Potencia instalada de generación autoconsumo hidráulica,2025-11-01T00:00:00.000+01:00,2025-10-31T23:00:00Z,0.026,5
1943,Potencia instalada de generación autoconsumo hidráulica,2025-11-01T00:00:00.000+01:00,2025-10-31T23:00:00Z,6.552,8
1943,Potencia instalada de generación autoconsumo hidráulica,2025-11-01T00:00:00.000+01:00,2025-10-31T23:00:00Z,8.8,7
1943,Potencia instalada de generación autoconsumo hidráulica,2025-11-01T00:00:00.000+01:00,2025-10-31T23:00:00Z,0.203,9
1943,Potencia instalada de generación autoconsumo hidráulica,2025-11-01T00:00:00.000+01:00,2025-10-31T23:00:00Z,4.731,4
1943,Potencia instalada de generación autoconsumo hidráulica,2025-12-01T00:00:00.000+01:00,2025-11-30T23:00:00Z,0.118,15
1943,Potencia instalada de generación autoconsumo hidráulica,2025-12-01T00:00:00.000+01:00,2025-11-30T23:00:00Z,0.998,14
1943,Potencia instalada de generación autoconsumo hidráulica,2025-12-01T00:00:00.000+01:00,2025-11-30T23:00:00Z,4.249,10
1943,Potencia instalada de generación autoconsumo hidráulica,2025-12-01T00:00:00.000+01:00,2025-11-30T23:00:00Z,0.203,9
1943,Potencia instalada de generación autoconsumo hidráulica,2025-12-01T00:00:00.000+01:00,2025-11-30T23:00:00Z,0.015,19
1943,Potencia instalada de generación autoconsumo hidráulica,2025-12-01T00:00:00.000+01:00,2025-11-30T23:00:00Z,8.8,7
1943,Potencia instalada de generación autoconsumo hidráulica,2025-12-01T00:00:00.000+01:00,2025-11-30T23:00:00Z,0.026,5
1943,Potencia instalada de generación autoconsumo hidráulica,2025-12-01T00:00:00.000+01:00,2025-11-30T23:00:00Z,4.731,4
1943,Potencia instalada de generación autoconsumo hidráulica,2025-12-01T00:00:00.000+01:00,2025-11-30T23:00:00Z,6.552,8
1943,Potencia instalada de generación autoconsumo hidráulica,2026-01-01T00:00:00.000+01:00,2025-12-31T23:00:00Z,0.015,19
1943,Potencia instalada de generación autoconsumo hidráulica,2026-01-01T00:00:00.000+01:00,2025-12-31T23:00:00Z,0.118,15
1943,Potencia instalada de generación autoconsumo hidráulica,2026-01-01T00:00:00.000+01:00,2025-12-31T23:00:00Z,0.998,14
1943,Potencia instalada de generación autoconsumo hidráulica,2026-01-01T00:00:00.000+01:00,2025-12-31T23:00:00Z,4.249,10
1943,Potencia instalada de generación autoconsumo hidráulica,2026-01-01T00:00:00.000+01:00,2025-12-31T23:00:00Z,0.203,9
1943,Potencia instalada de generación autoconsumo hidráulica,2026-01-01T00:00:00.000+01:00,2025-12-31T23:00:00Z,8.8,7
1943,Potencia instalada de generación autoconsumo hidráulica,2026-01-01T00:00:00.000+01:00,2025-12-31T23:00:00Z,0.026,5
1943,Potencia instalada de generación autoconsumo hidráulica,2026-01-01T00:00:00.000+01:00,2025-12-31T23:00:00Z,4.731,4
1943,Potencia instalada de generación autoconsumo hidráulica,2026-01-01T00:00:00.000+01:00,2025-12-31T23:00:00Z,6.552,8
1943,Potencia instalada de generación autoconsumo hidráulica,2026-02-01T00:00:00.000+01:00,2026-01-31T23:00:00Z,4.249,10
1943,Potencia instalada de generación autoconsumo hidráulica,2026-02-01T00:00:00.000+01:00,2026-01-31T23:00:00Z,0.118,15
1943,Potencia instalada de generación autoconsumo hidráulica,2026-02-01T00:00:00.000+01:00,2026-01-31T23:00:00Z,0.998,14
1943,Potencia instalada de generación autoconsumo hidráulica,2026-02-01T00:00:00.000+01:00,2026-01-31T23:00:00Z,0.203,9
1943,Potencia instalada de generación autoconsumo hidráulica,2026-02-01T00:00:00.000+01:00,2026-01-31T23:00:00Z,0.015,19
1943,Potencia instalada de generación autoconsumo hidráulica,2026-02-01T00:00:00.000+01:00,2026-01-31T23:00:00Z,8.8,7
1943,Potencia instalada de generación autoconsumo hidráulica,2026-02-01T00:00:00.000+01:00,2026-01-31T23:00:00Z,4.731,4
1943,Potencia instalada de generación autoconsumo hidráulica,2026-02-01T00:00:00.000+01:00,2026-01-31T23:00:00Z,6.552,8
1943,Potencia instalada de generación autoconsumo hidráulica,2026-02-01T00:00:00.000+01:00,2026-01-31T23:00:00Z,0.026,5
1943,Potencia instalada de generación autoconsumo hidráulica,2026-03-01T00:00:00.000+01:00,2026-02-28T23:00:00Z,4.731,4
1943,Potencia instalada de generación autoconsumo hidráulica,2026-03-01T00:00:00.000+01:00,2026-02-28T23:00:00Z,0.026,5
1943,Potencia instalada de generación autoconsumo hidráulica,2026-03-01T00:00:00.000+01:00,2026-02-28T23:00:00Z,8.8,7
1943,Potencia instalada de generación autoconsumo hidráulica,2026-03-01T00:00:00.000+01:00,2026-02-28T23:00:00Z,6.552,8
1943,Potencia instalada de generación autoconsumo hidráulica,2026-03-01T00:00:00.000+01:00,2026-02-28T23:00:00Z,4.249,10
1943,Potencia instalada de generación autoconsumo hidráulica,2026-03-01T00:00:00.000+01:00,2026-02-28T23:00:00Z,0.998,14
1943,Potencia instalada de generación autoconsumo hidráulica,2026-03-01T00:00:00.000+01:00,2026-02-28T23:00:00Z,0.118,15
1943,Potencia instalada de generación autoconsumo hidráulica,2026-03-01T00:00:00.000+01:00,2026-02-28T23:00:00Z,0.015,19
1943,Potencia instalada de generación autoconsumo hidráulica,2026-03-01T00:00:00.000+01:00,2026-02-28T23:00:00Z,0.203,9
1943,Potencia instalada de generación autoconsumo hidráulica,2026-04-01T00:00:00.000+02:00,2026-03-31T22:00:00Z,0.015,19
1943,Potencia instalada de generación autoconsumo hidráulica,2026-04-01T00:00:00.000+02:00,2026-03-31T22:00:00Z,4.249,10
1943,Potencia instalada de generación autoconsumo hidráulica,2026-04-01T00:00:00.000+02:00,2026-03-31T22:00:00Z,0.118,15
1943,Potencia instalada de generación autoconsumo hidráulica,2026-04-01T00:00:00.000+02:00,2026-03-31T22:00:00Z,0.998,14
1943,Potencia instalada de generación autoconsumo hidráulica,2026-04-01T00:00:00.000+02:00,2026-03-31T22:00:00Z,0.203,9
1943,Potencia instalada de generación autoconsumo hidráulica,2026-04-01T00:00:00.000+02:00,2026-03-31T22:00:00Z,8.8,7
1943,Potencia instalada de generación autoconsumo hidráulica,2026-04-01T00:00:00.000+02:00,2026-03-31T22:00:00Z,0.026,5
1943,Potencia instalada de generación autoconsumo hidráulica,2026-04-01T00:00:00.000+02:00,2026-03-31T22:00:00Z,4.731,4
1943,Potencia instalada de generación autoconsumo hidráulica,2026-04-01T00:00:00.000+02:00,2026-03-31T22:00:00Z,6.552,8
1943,Potencia instalada de generación autoconsumo hidráulica,2026-05-01T00:00:00.000+02:00,2026-04-30T22:00:00Z,0.015,19
1943,Potencia instalada de generación autoconsumo hidráulica,2026-05-01T00:00:00.000+02:00,2026-04-30T22:00:00Z,0.118,15
1943,Potencia instalada de generación autoconsumo hidráulica,2026-05-01T00:00:00.000+02:00,2026-04-30T22:00:00Z,0.998,14
1943,Potencia instalada de generación autoconsumo hidráulica,2026-05-01T00:00:00.000+02:00,2026-04-30T22:00:00Z,4.249,10
1943,Potencia instalada de generación autoconsumo hidráulica,2026-05-01T00:00:00.000+02:00,2026-04-30T22:00:00Z,0.203,9
1943,Potencia instalada de generación autoconsumo hidráulica,2026-05-01T00:00:00.000+02:00,2026-04-30T22:00:00Z,8.8,7
1943,Potencia instalada de generación autoconsumo hidráulica,2026-05-01T00:00:00.000+02:00,2026-04-30T22:00:00Z,0.026,5
1943,Potencia instalada de generación autoconsumo hidráulica,2026-05-01T00:00:00.000+02:00,2026-04-30T22:00:00Z,4.731,4
1943,Potencia instalada de generación autoconsumo hidráulica,2026-05-01T00:00:00.000+02:00,2026-04-30T22:00:00Z,6.612,8
1943,Potencia instalada de generación autoconsumo hidráulica,2026-06-01T00:00:00.000+02:00,2026-05-31T22:00:00Z,0.015,19
1943,Potencia instalada de generación autoconsumo hidráulica,2026-06-01T00:00:00.000+02:00,2026-05-31T22:00:00Z,0.118,15
1943,Potencia instalada de generación autoconsumo hidráulica,2026-06-01T00:00:00.000+02:00,2026-05-31T22:00:00Z,0.998,14
1943,Potencia instalada de generación autoconsumo hidráulica,2026-06-01T00:00:00.000+02:00,2026-05-31T22:00:00Z,4.249,10
1943,Potencia instalada de generación autoconsumo hidráulica,2026-06-01T00:00:00.000+02:00,2026-05-31T22:00:00Z,8.8,7
1943,Potencia instalada de generación autoconsumo hidráulica,2026-06-01T00:00:00.000+02:00,2026-05-31T22:00:00Z,6.612,8
1943,Potencia instalada de generación autoconsumo hidráulica,2026-06-01T00:00:00.000+02:00,2026-05-31T22:00:00Z,0.026,5
1943,Potencia instalada de generación autoconsumo hidráulica,2026-06-01T00:00:00.000+02:00,2026-05-31T22:00:00Z,4.731,4
1943,Potencia instalada de generación autoconsumo hidráulica,2026-06-01T00:00:00.000+02:00,2026-05-31T22:00:00Z,0.203,9
1943,Potencia instalada de generación autoconsumo hidráulica,2026-07-01T00:00:00.000+02:00,2026-06-30T22:00:00Z,0.015,19
1943,Potencia instalada de generación autoconsumo hidráulica,2026-07-01T00:00:00.000+02:00,2026-06-30T22:00:00Z,0.118,15
1943,Potencia instalada de generación autoconsumo hidráulica,2026-07-01T00:00:00.000+02:00,2026-06-30T22:00:00Z,0.998,14
1943,Potencia instalada de generación autoconsumo hidráulica,2026-07-01T00:00:00.000+02:00,2026-06-30T22:00:00Z,4.249,10
1943,Potencia instalada de generación autoconsumo hidráulica,2026-07-01T00:00:00.000+02:00,2026-06-30T22:00:00Z,0.203,9
1943,Potencia instalada de generación autoconsumo hidráulica,2026-07-01T00:00:00.000+02:00,2026-06-30T22:00:00Z,8.8,7
1943,Potencia instalada de generación autoconsumo hidráulica,2026-07-01T00:00:00.000+02:00,2026-06-30T22:00:00Z,0.026,5
1943,Potencia instalada de generación autoconsumo hidráulica,2026-07-01T00:00:00.000+02:00,2026-06-30T22:00:00Z,4.731,4
1943,Potencia instalada de generación autoconsumo hidráulica,2026-07-01T00:00:00.000+02:00,2026-06-30T22:00:00Z,6.612,8
1943,Potencia instalada de generación autoconsumo hidráulica,2026-08-01T00:00:00.000+02:00,2026-07-31T22:00:00Z,0.015,19
1943,Potencia instalada de generación autoconsumo hidráulica,2026-08-01T00:00:00.000+02:00,2026-07-31T22:00:00Z,0.118,15
1943,Potencia instalada de generación autoconsumo hidráulica,2026-08-01T00:00:00.000+02:00,2026-07-31T22:00:00Z,0.998,14
1943,Potencia instalada de generación autoconsumo hidráulica,2026-08-01T00:00:00.000+02:00,2026-07-31T22:00:00Z,4.249,10
1943,Potencia instalada de generación autoconsumo hidráulica,2026-08-01T00:00:00.000+02:00,2026-07-31T22:00:00Z,8.8,7
1943,Potencia instalada de generación autoconsumo hidráulica,2026-08-01T00:00:00.000+02:00,2026-07-31T22:00:00Z,6.612,8
1943,Potencia instalada de generación autoconsumo hidráulica,2026-08-01T00:00:00.000+02:00,2026-07-31T22:00:00Z,0.026,5
1943,Potencia instalada de generación autoconsumo hidráulica,2026-08-01T00:00:00.000+02:00,2026-07-31T22:00:00Z,4.731,4
1943,Potencia instalada de generación autoconsumo hidráulica,2026-08-01T00:00:00.000+02:00,2026-07-31T22:00:00Z,0.203,9
1943,Potencia instalada de generación autoconsumo hidráulica,2026-09-01T00:00:00.000+02:00,2026-08-31T22:00:00Z,0.118,15
1943,Potencia instalada de generación autoconsumo hidráulica,2026-09-01T00:00:00.000+02:00,2026-08-31T22:00:00Z,4.731,4
1943,Potencia instalada de generación autoconsumo hidráulica,2026-09-01T00:00:00.000+02:00,2026-08-31T22:00:00Z,0.026,5
1943,Potencia instalada de generación autoconsumo hidráulica,2026-09-01T00:00:00.000+02:00,2026-08-31T22:00:00Z,8.8,7
1943,Potencia instalada de generación autoconsumo hidráulica,2026-09-01T00:00:00.000+02:00,2026-08-31T22:00:00Z,6.612,8
1943,Potencia instalada de generación autoconsumo hidráulica,2026-09-01T00:00:00.000+02:00,2026-08-31T22:00:00Z,0.203,9
1943,Potencia instalada de generación autoconsumo hidráulica,2026-09-01T00:00:00.000+02:00,2026-08-31T22:00:00Z,4.249,10
1943,Potencia instalada de generación autoconsumo hidráulica,2026-09-01T00:00:00.000+02:00,2026-08-31T22:00:00Z,0.998,14
1943,Potencia instalada de generación autoconsumo hidráulica,2026-09-01T00:00:00.000+02:00,2026-08-31T22:00:00Z,0.015,19
1944,Potencia instalada de generación autoconsumo eólica,2025-08-01T00:00:00.000+02:00,2025-07-31T22:00:00Z,0.089,4
1944,Potencia instalada de generación autoconsumo eólica,2025-08-01T00:00:00.000+02:00,2025-07-31T22:00:00Z,0.011,5
1944,Potencia instalada de generación autoconsumo eólica,2025-08-01T00:00:00.000+02:00,2025-07-31T22:00:00Z,0.01,7
1944,Potencia instalada de generación autoconsumo eólica,2025-08-01T00:00:00.000+02:00,2025-07-31T22:00:00Z,0.025,8
1944,Potencia instalada de generación autoconsumo eólica,2025-08-01T00:00:00.000+02:00,2025-07-31T22:00:00Z,0.002,9
1944,Potencia instalada de generación autoconsumo eólica,2025-08-01T00:00:00.000+02:00,2025-07-31T22:00:00Z,0.01,10
1944,Potencia instalada de generación autoconsumo eólica,2025-08-01T00:00:00.000+02:00,2025-07-31T22:00:00Z,0.003,13
1944,Potencia instalada de generación autoconsumo eólica,2025-08-01T00:00:00.000+02:00,2025-07-31T22:00:00Z,0.012,15
1944,Potencia instalada de generación autoconsumo eólica,2025-08-01T00:00:00.000+02:00,2025-07-31T22:00:00Z,0.005,18
1944,Potencia instalada de generación autoconsumo eólica,2025-08-01T00:00:00.000+02:00,2025-07-31T22:00:00Z,13.49,19
1944,Potencia instalada de generación autoconsumo eólica,2025-08-01T00:00:00.000+02:00,2025-07-31T22:00:00Z,0.007,21
1944,Potencia instalada de generación autoconsumo eólica,2025-09-01T00:00:00.000+02:00,2025-08-31T22:00:00Z,0.007,21
1944,Potencia instalada de generación autoconsumo eólica,2025-09-01T00:00:00.000+02:00,2025-08-31T22:00:00Z,13.49,19
1944,Potencia instalada de generación autoconsumo eólica,2025-09-01T00:00:00.000+02:00,2025-08-31T22:00:00Z,0.005,18
1944,Potencia instalada de generación autoconsumo eólica,2025-09-01T00:00:00.000+02:00,2025-08-31T22:00:00Z,0.003,13
1944,Potencia instalada de generación autoconsumo eólica,2025-09-01T00:00:00.000+02:00,2025-08-31T22:00:00Z,0.01,10
1944,Potencia instalada de generación autoconsumo eólica,2025-09-01T00:00:00.000+02:00,2025-08-31T22:00:00Z,0.012,15
1944,Potencia instalada de generación autoconsumo eólica,2025-09-01T00:00:00.000+02:00,2025-08-31T22:00:00Z,0.025,8
1944,Potencia instalada de generación autoconsumo eólica,2025-09-01T00:00:00.000+02:00,2025-08-31T22:00:00Z,0.01,7
1944,Potencia instalada de generación autoconsumo eólica,2025-09-01T00:00:00.000+02:00,2025-08-31T22:00:00Z,0.011,5
1944,Potencia instalada de generación autoconsumo eólica,2025-09-01T00:00:00.000+02:00,2025-08-31T22:00:00Z,0.089,4
1944,Potencia instalada de generación autoconsumo eólica,2025-09-01T00:00:00.000+02:00,2025-08-31T22:00:00Z,0.002,9
1944,Potencia instalada de generación autoconsumo eólica,2025-10-01T00:00:00.000+02:00,2025-09-30T22:00:00Z,0.007,21
1944,Potencia instalada de generación autoconsumo eólica,2025-10-01T00:00:00.000+02:00,2025-09-30T22:00:00Z,18.11,19
1944,Potencia instalada de generación autoconsumo eólica,2025-10-01T00:00:00.000+02:00,2025-09-30T22:00:00Z,0.005,18
1944,Potencia instalada de generación autoconsumo eólica,2025-10-01T00:00:00.000+02:00,2025-09-30T22:00:00Z,0.012,15
1944,Potencia instalada de generación autoconsumo eólica,2025-10-01T00:00:00.000+02:00,2025-09-30T22:00:00Z,0.003,13
1944,Potencia instalada de generación autoconsumo eólica,2025-10-01T00:00:00.000+02:00,2025-09-30T22:00:00Z,0.01,10
1944,Potencia instalada de generación autoconsumo eólica,2025-10-01T00:00:00.000+02:00,2025-09-30T22:00:00Z,0.03,8
1944,Potencia instalada de generación autoconsumo eólica,2025-10-01T00:00:00.000+02:00,2025-09-30T22:00:00Z,0.01,7
1944,Potencia instalada de generación autoconsumo eólica,2025-10-01T00:00:00.000+02:00,2025-09-30T22:00:00Z,0.011,5
1944,Potencia instalada de generación autoconsumo eólica,2025-10-01T00:00:00.000+02:00,2025-09-30T22:00:00Z,0.089,4
1944,Potencia instalada de generación autoconsumo eólica,2025-10-01T00:00:00.000+02:00,2025-09-30T22:00:00Z,0.074,9
1944,Potencia instalada de generación autoconsumo eólica,2025-11-01T00:00:00.000+01:00,2025-10-31T23:00:00Z,0.012,15
1944,Potencia instalada de generación autoconsumo eólica,2025-11-01T00:00:00.000+01:00,2025-10-31T23:00:00Z,0.007,21
1944,Potencia instalada de generación autoconsumo eólica,2025-11-01T00:00:00.000+01:00,2025-10-31T23:00:00Z,18.11,19
1944,Potencia instalada de generación autoconsumo eólica,2025-11-01T00:00:00.000+01:00,2025-10-31T23:00:00Z,0.005,18
1944,Potencia instalada de generación autoconsumo eólica,2025-11-01T00:00:00.000+01:00,2025-10-31T23:00:00Z,0.003,13
1944,Potencia instalada de generación autoconsumo eólica,2025-11-01T00:00:00.000+01:00,2025-10-31T23:00:00Z,0.01,7
1944,Potencia instalada de generación autoconsumo eólica,2025-11-01T00:00:00.000+01:00,2025-10-31T23:00:00Z,0.074,9
1944,Potencia instalada de generación autoconsumo eólica,2025-11-01T00:00:00.000+01:00,2025-10-31T23:00:00Z,0.03,8
1944,Potencia instalada de generación autoconsumo eólica,2025-11-01T00:00:00.000+01:00,2025-10-31T23:00:00Z,0.11,10
1944,Potencia instalada de generación autoconsumo eólica,2025-11-01T00:00:00.000+01:00,2025-10-31T23:00:00Z,0.011,5
1944,Potencia instalada de generación autoconsumo eólica,2025-11-01T00:00:00.000+01:00,2025-10-31T23:00:00Z,0.089,4
1944,Potencia instalada de generación autoconsumo eólica,2025-12-01T00:00:00.000+01:00,2025-11-30T23:00:00Z,18.11,19
1944,Potencia instalada de generación autoconsumo eólica,2025-12-01T00:00:00.000+01:00,2025-11-30T23:00:00Z,0.005,18
1944,Potencia instalada de generación autoconsumo eólica,2025-12-01T00:00:00.000+01:00,2025-11-30T23:00:00Z,0.012,15
1944,Potencia instalada de generación autoconsumo eólica,2025-12-01T00:00:00.000+01:00,2025-11-30T23:00:00Z,0.003,13
1944,Potencia instalada de generación autoconsumo eólica,2025-12-01T00:00:00.000+01:00,2025-11-30T23:00:00Z,0.11,10
1944,Potencia instalada de generación autoconsumo eólica,2025-12-01T00:00:00.000+01:00,2025-11-30T23:00:00Z,0.007,21
1944,Potencia instalada de generación autoconsumo eólica,2025-12-01T00:00:00.000+01:00,2025-11-30T23:00:00Z,0.03,8
1944,Potencia instalada de generación autoconsumo eólica,2025-12-01T00:00:00.000+01:00,2025-11-30T23:00:00Z,0.01,7
1944,Potencia instalada de generación autoconsumo eólica,2025-12-01T00:00:00.000+01:00,2025-11-30T23:00:00Z,0.011,5
1944,Potencia instalada de generación autoconsumo eólica,2025-12-01T00:00:00.000+01:00,2025-11-30T23:00:00Z,0.089,4
1944,Potencia instalada de generación autoconsumo eólica,2025-12-01T00:00:00.000+01:00,2025-11-30T23:00:00Z,0.074,9
1944,Potencia instalada de generación autoconsumo eólica,2026-01-01T00:00:00.000+01:00,2025-12-31T23:00:00Z,0.007,21
1944,Potencia instalada de generación autoconsumo eólica,2026-01-01T00:00:00.000+01:00,2025-12-31T23:00:00Z,18.11,19
1944,Potencia instalada de generación autoconsumo eólica,2026-01-01T00:00:00.000+01:00,2025-12-31T23:00:00Z,0.005,18
1944,Potencia instalada de generación autoconsumo eólica,2026-01-01T00:00:00.000+01:00,2025-12-31T23:00:00Z,0.012,15
1944,Potencia instalada de generación autoconsumo eólica,2026-01-01T00:00:00.000+01:00,2025-12-31T23:00:00Z,0.003,13
1944,Potencia instalada de generación autoconsumo eólica,2026-01-01T00:00:00.000+01:00,2025-12-31T23:00:00Z,0.11,10
1944,Potencia instalada de generación autoconsumo eólica,2026-01-01T00:00:00.000+01:00,2025-12-31T23:00:00Z,0.03,8
1944,Potencia instalada de generación autoconsumo eólica,2026-01-01T00:00:00.000+01:00,2025-12-31T23:00:00Z,0.01,7
1944,Potencia instalada de generación autoconsumo eólica,2026-01-01T00:00:00.000+01:00,2025-12-31T23:00:00Z,0.011,5
1944,Potencia instalada de generación autoconsumo eólica,2026-01-01T00:00:00.000+01:00,2025-12-31T23:00:00Z,0.089,4
1944,Potencia instalada de generación autoconsumo eólica,2026-01-01T00:00:00.000+01:00,2025-12-31T23:00:00Z,0.074,9
1944,Potencia instalada de generación autoconsumo eólica,2026-02-01T00:00:00.000+01:00,2026-01-31T23:00:00Z,0.003,13
1944,Potencia instalada de generación autoconsumo eólica,2026-02-01T00:00:00.000+01:00,2026-01-31T23:00:00Z,18.11,19
1944,Potencia instalada de generación autoconsumo eólica,2026-02-01T00:00:00.000+01:00,2026-01-31T23:00:00Z,0.005,18
1944,Potencia instalada de generación autoconsumo eólica,2026-02-01T00:00:00.000+01:00,2026-01-31T23:00:00Z,0.012,15
1944,Potencia instalada de generación autoconsumo eólica,2026-02-01T00:00:00.000+01:00,2026-01-31T23:00:00Z,0.11,10
1944,Potencia instalada de generación autoconsumo eólica,2026-02-01T00:00:00.000+01:00,2026-01-31T23:00:00Z,0.007,21
1944,Potencia instalada de generación autoconsumo eólica,2026-02-01T00:00:00.000+01:00,2026-01-31T23:00:00Z,0.03,8
1944,Potencia instalada de generación autoconsumo eólica,2026-02-01T00:00:00.000+01:00,2026-01-31T23:00:00Z,0.01,7
1944,Potencia instalada de generación autoconsumo eólica,2026-02-01T00:00:00.000+01:00,2026-01-31T23:00:00Z,0.011,5
1944,Potencia instalada de generación autoconsumo eólica,2026-02-01T00:00:00.000+01:00,2026-01-31T23:00:00Z,0.089,4
1944,Potencia instalada de generación autoconsumo eólica,2026-02-01T00:00:00.000+01:00,2026-01-31T23:00:00Z,0.074,9
1944,Potencia instalada de generación autoconsumo eólica,2026-03-01T00:00:00.000+01:00,2026-02-28T23:00:00Z,0.007,21
1944,Potencia instalada de generación autoconsumo eólica,2026-03-01T00:00:00.000+01:00,2026-02-28T23:00:00Z,18.11,19
1944,Potencia instalada de generación autoconsumo eólica,2026-03-01T00:00:00.000+01:00,2026-02-28T23:00:00Z,0.005,18
1944,Potencia instalada de generación autoconsumo eólica,2026-03-01T00:00:00.000+01:00,2026-02-28T23:00:00Z,0.012,15
1944,Potencia instalada de generación autoconsumo eólica,2026-03-01T00:00:00.000+01:00,2026-02-28T23:00:00Z,0.003,13
1944,Potencia instalada de generación autoconsumo eólica,2026-03-01T00:00:00.000+01:00,2026-02-28T23:00:00Z,0.11,10
1944,Potencia instalada de generación autoconsumo eólica,2026-03-01T00:00:00.000+01:00,2026-02-28T23:00:00Z,0.074,9
1944,Potencia instalada de generación autoconsumo eólica,2026-03-01T00:00:00.000+01:00,2026-02-28T23:00:00Z,0.03,8
1944,Potencia instalada de generación autoconsumo eólica,2026-03-01T00:00:00.000+01:00,2026-02-28T23:00:00Z,0.01,7
1944,Potencia instalada de generación autoconsumo eólica,2026-03-01T00:00:00.000+01:00,2026-02-28T23:00:00Z,0.011,5
1944,Potencia instalada de generación autoconsumo eólica,2026-03-01T00:00:00.000+01:00,2026-02-28T23:00:00Z,0.089,4
1944,Potencia instalada de generación autoconsumo eólica,2026-04-01T00:00:00.000+02:00,2026-03-31T22:00:00Z,0.007,21
1944,Potencia instalada de generación autoconsumo eólica,2026-04-01T00:00:00.000+02:00,2026-03-31T22:00:00Z,18.11,19
1944,Potencia instalada de generación autoconsumo eólica,2026-04-01T00:00:00.000+02:00,2026-03-31T22:00:00Z,0.005,18
1944,Potencia instalada de generación autoconsumo eólica,2026-04-01T00:00:00.000+02:00,2026-03-31T22:00:00Z,0.012,15
1944,Potencia instalada de generación autoconsumo eólica,2026-04-01T00:00:00.000+02:00,2026-03-31T22:00:00Z,0.003,13
1944,Potencia instalada de generación autoconsumo eólica,2026-04-01T00:00:00.000+02:00,2026-03-31T22:00:00Z,0.11,10
1944,Potencia instalada de generación autoconsumo eólica,2026-04-01T00:00:00.000+02:00,2026-03-31T22:00:00Z,0.074,9
1944,Potencia instalada de generación autoconsumo eólica,2026-04-01T00:00:00.000+02:00,2026-03-31T22:00:00Z,0.03,8
1944,Potencia instalada de generación autoconsumo eólica,2026-04-01T00:00:00.000+02:00,2026-03-31T22:00:00Z,0.01,7
1944,Potencia instalada de generación autoconsumo eólica,2026-04-01T00:00:00.000+02:00,2026-03-31T22:00:00Z,0.011,5
1944,Potencia instalada de generación autoconsumo eólica,2026-04-01T00:00:00.000+02:00,2026-03-31T22:00:00Z,0.089,4
1944,Potencia instalada de generación autoconsumo eólica,2026-05-01T00:00:00.000+02:00,2026-04-30T22:00:00Z,0.007,21
1944,Potencia instalada de generación autoconsumo eólica,2026-05-01T00:00:00.000+02:00,2026-04-30T22:00:00Z,18.11,19
1944,Potencia instalada de generación autoconsumo eólica,2026-05-01T00:00:00.000+02:00,2026-04-30T22:00:00Z,0.005,18
1944,Potencia instalada de generación autoconsumo eólica,2026-05-01T00:00:00.000+02:00,2026-04-30T22:00:00Z,0.012,15
1944,Potencia instalada de generación autoconsumo eólica,2026-05-01T00:00:00.000+02:00,2026-04-30T22:00:00Z,0.003,13
1944,Potencia instalada de generación autoconsumo eólica,2026-05-01T00:00:00.000+02:00,2026-04-30T22:00:00Z,0.11,10
1944,Potencia instalada de generación autoconsumo eólica,2026-05-01T00:00:00.000+02:00,2026-04-30T22:00:00Z,0.074,9
1944,Potencia instalada de generación autoconsumo eólica,2026-05-01T00:00:00.000+02:00,2026-04-30T22:00:00Z,0.03,8
1944,Potencia instalada de generación autoconsumo eólica,2026-05-01T00:00:00.000+02:00,2026-04-30T22:00:00Z,0.01,7
1944,Potencia instalada de generación autoconsumo eólica,2026-05-01T00:00:00.000+02:00,2026-04-30T22:00:00Z,0.011,5
1944,Potencia instalada de generación autoconsumo eólica,2026-05-01T00:00:00.000+02:00,2026-04-30T22:00:00Z,0.089,4
1944,Potencia instalada de generación autoconsumo eólica,2026-06-01T00:00:00.000+02:00,2026-05-31T22:00:00Z,18.11,19
1944,Potencia instalada de generación autoconsumo eólica,2026-06-01T00:00:00.000+02:00,2026-05-31T22:00:00Z,0.005,18
1944,Potencia instalada de generación autoconsumo eólica,2026-06-01T00:00:00.000+02:00,2026-05-31T22:00:00Z,0.007,21
1944,Potencia instalada de generación autoconsumo eólica,2026-06-01T00:00:00.000+02:00,2026-05-31T22:00:00Z,0.012,15
1944,Potencia instalada de generación autoconsumo eólica,2026-06-01T00:00:00.000+02:00,2026-05-31T22:00:00Z,0.003,13
1944,Potencia instalada de generación autoconsumo eólica,2026-06-01T00:00:00.000+02:00,2026-05-31T22:00:00Z,0.01,7
1944,Potencia instalada de generación autoconsumo eólica,2026-06-01T00:00:00.000+02:00,2026-05-31T22:00:00Z,0.074,9
1944,Potencia instalada de generación autoconsumo eólica,2026-06-01T00:00:00.000+02:00,2026-05-31T22:00:00Z,0.03,8
1944,Potencia instalada de generación autoconsumo eólica,2026-06-01T00:00:00.000+02:00,2026-05-31T22:00:00Z,0.011,5
1944,Potencia instalada de generación autoconsumo eólica,2026-06-01T00:00:00.000+02:00,2026-05-31T22:00:00Z,0.089,4
1944,Potencia instalada de generación autoconsumo eólica,2026-06-01T00:00:00.000+02:00,2026-05-31T22:00:00Z,0.11,10
1944,Potencia instalada de generación autoconsumo eólica,2026-07-01T00:00:00.000+02:00,2026-06-30T22:00:00Z,0.011,21
1944,Potencia instalada de generación autoconsumo eólica,2026-07-01T00:00:00.000+02:00,2026-06-30T22:00:00Z,18.11,19
1944,Potencia instalada de generación autoconsumo eólica,2026-07-01T00:00:00.000+02:00,2026-06-30T22:00:00Z,0.005,18
1944,Potencia instalada de generación autoconsumo eólica,2026-07-01T00:00:00.000+02:00,2026-06-30T22:00:00Z,0.012,15
1944,Potencia instalada de generación autoconsumo eólica,2026-07-01T00:00:00.000+02:00,2026-06-30T22:00:00Z,0.003,13
1944,Potencia instalada de generación autoconsumo eólica,2026-07-01T00:00:00.000+02:00,2026-06-30T22:00:00Z,0.11,10
1944,Potencia instalada de generación autoconsumo eólica,2026-07-01T00:00:00.000+02:00,2026-06-30T22:00:00Z,0.074,9
1944,Potencia instalada de generación autoconsumo eólica,2026-07-01T00:00:00.000+02:00,2026-06-30T22:00:00Z,0.03,8
1944,Potencia instalada de generación autoconsumo eólica,2026-07-01T00:00:00.000+02:00,2026-06-30T22:00:00Z,0.01,7
1944,Potencia instalada de generación autoconsumo eólica,2026-07-01T00:00:00.000+02:00,2026-06-30T22:00:00Z,0.011,5
1944,Potencia instalada de generación autoconsumo eólica,2026-07-01T00:00:00.000+02:00,2026-06-30T22:00:00Z,0.089,4
1944,Potencia instalada de generación autoconsumo eólica,2026-08-01T00:00:00.000+02:00,2026-07-31T22:00:00Z,18.11,19
1944,Potencia instalada de generación autoconsumo eólica,2026-08-01T00:00:00.000+02:00,2026-07-31T22:00:00Z,0.005,18
1944,Potencia instalada de generación autoconsumo eólica,2026-08-01T00:00:00.000+02:00,2026-07-31T22:00:00Z,0.011,21
1944,Potencia instalada de generación autoconsumo eólica,2026-08-01T00:00:00.000+02:00,2026-07-31T22:00:00Z,0.012,15
1944,Potencia instalada de generación autoconsumo eólica,2026-08-01T00:00:00.000+02:00,2026-07-31T22:00:00Z,0.003,13
1944,Potencia instalada de generación autoconsumo eólica,2026-08-01T00:00:00.000+02:00,2026-07-31T22:00:00Z,0.01,7
1944,Potencia instalada de generación autoconsumo eólica,2026-08-01T00:00:00.000+02:00,2026-07-31T22:00:00Z,0.074,9
1944,Potencia instalada de generación autoconsumo eólica,2026-08-01T00:00:00.000+02:00,2026-07-31T22:00:00Z,0.03,8
1944,Potencia instalada de generación autoconsumo eólica,2026-08-01T00:00:00.000+02:00,2026-07-31T22:00:00Z,0.011,5
1944,Potencia instalada de generación autoconsumo eólica,2026-08-01T00:00:00.000+02:00,2026-07-31T22:00:00Z,0.089,4
1944,Potencia instalada de generación autoconsumo eólica,2026-08-01T00:00:00.000+02:00,2026-07-31T22:00:00Z,0.11,10
1944,Potencia instalada de generación autoconsumo eólica,2026-09-01T00:00:00.000+02:00,2026-08-31T22:00:00Z,18.11,19
1944,Potencia instalada de generación autoconsumo eólica,2026-09-01T00:00:00.000+02:00,2026-08-31T22:00:00Z,0.089,4
1944,Potencia instalada de generación autoconsumo eólica,2026-09-01T00:00:00.000+02:00,2026-08-31T22:00:00Z,0.011,5
1944,Potencia instalada de generación autoconsumo eólica,2026-09-01T00:00:00.000+02:00,2026-08-31T22:00:00Z,0.01,7
1944,Potencia instalada de generación autoconsumo eólica,2026-09-01T00:00:00.000+02:00,2026-08-31T22:00:00Z,0.03,8
1944,Potencia instalada de generación autoconsumo eólica,2026-09-01T00:00:00.000+02:00,2026-08-31T22:00:00Z,0.074,9
1944,Potencia instalada de generación autoconsumo eólica,2026-09-01T00:00:00.000+02:00,2026-08-31T22:00:00Z,0.11,10
1944,Potencia instalada de generación autoconsumo eólica,2026-09-01T00:00:00.000+02:00,2026-08-31T22:00:00Z,0.003,13
1944,Potencia instalada de generación autoconsumo eólica,2026-09-01T00:00:00.000+02:00,2026-08-31T22:00:00Z,0.012,15
1944,Potencia instalada de generación autoconsumo eólica,2026-09-01T00:00:00.000+02:00,2026-08-31T22:00:00Z,0.005,18
1944,Potencia instalada de generación autoconsumo eólica,2026-09-01T00:00:00.000+02:00,2026-08-31T22:00:00Z,0.011,21
1945,Potencia instalada de generación autoconsumo solar fotovoltaica,2025-08-01T00:00:00.000+02:00,2025-07-31T22:00:00Z,1670.447,4
1945,Potencia instalada de generación autoconsumo solar fotovoltaica,2025-08-01T00:00:00.000+02:00,2025-07-31T22:00:00Z,3.58,8746
1945,Potencia instalada de generación autoconsumo solar fotovoltaica,2025-08-01T00:00:00.000+02:00,2025-07-31T22:00:00Z,524.887,21
1945,Potencia instalada de generación autoconsumo solar fotovoltaica,2025-08-01T00:00:00.000+02:00,2025-07-31T22:00:00Z,60.81,20
1945,Potencia instalada de generación autoconsumo solar fotovoltaica,2025-08-01T00:00:00.000+02:00,2025-07-31T22:00:00Z,145.149,19
1945,Potencia instalada de generación autoconsumo solar fotovoltaica,2025-08-01T00:00:00.000+02:00,2025-07-31T22:00:00Z,186.733,18
1945,Potencia instalada de generación autoconsumo solar fotovoltaica,2025-08-01T00:00:00.000+02:00,2025-07-31T22:00:00Z,237.543,16
1945,Potencia instalada de generación autoconsumo solar fotovoltaica,2025-08-01T00:00:00.000+02:00,2025-07-31T22:00:00Z,1193.735,15
1945,Potencia instalada de generación autoconsumo solar fotovoltaica,2025-08-01T00:00:00.000+02:00,2025-07-31T22:00:00Z,202.537,14
1945,Potencia instalada de generación autoconsumo solar fotovoltaica,2025-08-01T00:00:00.000+02:00,2025-07-31T22:00:00Z,230.391,17
1945,Potencia instalada de generación autoconsumo solar fotovoltaica,2025-08-01T00:00:00.000+02:00,2025-07-31T22:00:00Z,0.036,12
1945,Potencia instalada de generación autoconsumo solar fotovoltaica,2025-08-01T00:00:00.000+02:00,2025-07-31T22:00:00Z,781.492,13
1945,Potencia instalada de generación autoconsumo solar fotovoltaica,2025-08-01T00:00:00.000+02:00,2025-07-31T22:00:00Z,43.888,6
1945,Potencia instalada de generación autoconsumo solar fotovoltaica,2025-08-01T00:00:00.000+02:00,2025-07-31T22:00:00Z,705.825,7
1945,Potencia instalada de generación autoconsumo solar fotovoltaica,2025-08-01T00:00:00.000+02:00,2025-07-31T22:00:00Z,491.551,8
1945,Potencia instalada de generación autoconsumo solar fotovoltaica,2025-08-01T00:00:00.000+02:00,2025-07-31T22:00:00Z,308.147,5
1945,Potencia instalada de generación autoconsumo solar fotovoltaica,2025-08-01T00:00:00.000+02:00,2025-07-31T22:00:00Z,286.285,10
1945,Potencia instalada de generación autoconsumo solar fotovoltaica,2025-08-01T00:00:00.000+02:00,2025-07-31T22:00:00Z,66.132,11
1945,Potencia instalada de generación autoconsumo solar fotovoltaica,2025-08-01T00:00:00.000+02:00,2025-07-31T22:00:00Z,1334.282,9
1945,Potencia instalada de generación autoconsumo solar fotovoltaica,2025-09-01T00:00:00.000+02:00,2025-08-31T22:00:00Z,205.948,14
1945,Potencia instalada de generación autoconsumo solar fotovoltaica,2025-09-01T00:00:00.000+02:00,2025-08-31T22:00:00Z,3.617,8746
1945,Potencia instalada de generación autoconsumo solar fotovoltaica,2025-09-01T00:00:00.000+02:00,2025-08-31T22:00:00Z,534.689,21
1945,Potencia instalada de generación autoconsumo solar fotovoltaica,2025-09-01T00:00:00.000+02:00,2025-08-31T22:00:00Z,66.211,20
1945,Potencia instalada de generación autoconsumo solar fotovoltaica,2025-09-01T00:00:00.000+02:00,2025-08-31T22:00:00Z,148.125,19
1945,Potencia instalada de generación autoconsumo solar fotovoltaica,2025-09-01T00:00:00.000+02:00,2025-08-31T22:00:00Z,190.866,18
1945,Potencia instalada de generación autoconsumo solar fotovoltaica,2025-09-01T00:00:00.000+02:00,2025-08-31T22:00:00Z,242.906,16
1945,Potencia instalada de generación autoconsumo solar fotovoltaica,2025-09-01T00:00:00.000+02:00,2025-08-31T22:00:00Z,1204.654,15
1945,Potencia instalada de generación autoconsumo solar fotovoltaica,2025-09-01T00:00:00.000+02:00,2025-08-31T22:00:00Z,909.803,13
1945,Potencia instalada de generación autoconsumo solar fotovoltaica,2025-09-01T00:00:00.000+02:00,2025-08-31T22:00:00Z,232.606,17
1945,Potencia instalada de generación autoconsumo solar fotovoltaica,2025-09-01T00:00:00.000+02:00,2025-08-31T22:00:00Z,66.503,11
1945,Potencia instalada de generación autoconsumo solar fotovoltaica,2025-09-01T00:00:00.000+02:00,2025-08-31T22:00:00Z,310.137,5
1945,Potencia instalada de generación autoconsumo solar fotovoltaica,2025-09-01T00:00:00.000+02:00,2025-08-31T22:00:00Z,44.245,6
1945,Potencia instalada de generación autoconsumo solar fotovoltaica,2025-09-01T00:00:00.000+02:00,2025-08-31T22:00:00Z,711.521,7
1945,Potencia instalada de generación autoconsumo solar fotovoltaica,2025-09-01T00:00:00.000+02:00,2025-08-31T22:00:00Z,1689.707,4
1945,Potencia instalada de generación autoconsumo solar fotovoltaica,2025-09-01T00:00:00.000+02:00,2025-08-31T22:00:00Z,1345.73,9
1945,Potencia instalada de generación autoconsumo solar fotovoltaica,2025-09-01T00:00:00.000+02:00,2025-08-31T22:00:00Z,289.284,10
1945,Potencia instalada de generación autoconsumo solar fotovoltaica,2025-09-01T00:00:00.000+02:00,2025-08-31T22:00:00Z,495.219,8
1945,Potencia instalada de generación autoconsumo solar fotovoltaica,2025-09-01T00:00:00.000+02:00,2025-08-31T22:00:00Z,0.036,12
1945,Potencia instalada de generación autoconsumo solar fotovoltaica,2025-10-01T00:00:00.000+02:00,2025-09-30T22:00:00Z,3.671,8746
1945,Potencia instalada de generación autoconsumo solar fotovoltaica,2025-10-01T00:00:00.000+02:00,2025-09-30T22:00:00Z,208.56,14
1945,Potencia instalada de generación autoconsumo solar fotovoltaica,2025-10-01T00:00:00.000+02:00,2025-09-30T22:00:00Z,540.751,21
1945,Potencia instalada de generación autoconsumo solar fotovoltaica,2025-10-01T00:00:00.000+02:00,2025-09-30T22:00:00Z,66.577,20
1945,Potencia instalada de generación autoconsumo solar fotovoltaica,2025-10-01T00:00:00.000+02:00,2025-09-30T22:00:00Z,150.167,19
1945,Potencia instalada de generación autoconsumo solar fotovoltaica,2025-10-01T00:00:00.000+02:00,2025-09-30T22:00:00Z,194.65,18
1945,Potencia instalada de generación autoconsumo solar fotovoltaica,2025-10-01T00:00:00.000+02:00,2025-09-30T22:00:00Z,240.641,17
1945,Potencia instalada de generación autoconsumo solar fotovoltaica,2025-10-01T00:00:00.000+02:00,2025-09-30T22:00:00Z,246.269,16
1945,Potencia instalada de generación autoconsumo solar fotovoltaica,2025-10-01T00:00:00.000+02:00,2025-09-30T22:00:00Z,1216.966,15
1945,Potencia instalada de generación autoconsumo solar fotovoltaica,2025-10-01T00:00:00.000+02:00,2025-09-30T22:00:00Z,921.053,13
1945,Potencia instalada de generación autoconsumo solar fotovoltaica,2025-10-01T00:00:00.000+02:00,2025-09-30T22:00:00Z,66.97,11
1945,Potencia instalada de generación autoconsumo solar fotovoltaica,2025-10-01T00:00:00.000+02:00,2025-09-30T22:00:00Z,295.719,10
1945,Potencia instalada de generación autoconsumo solar fotovoltaica,2025-10-01T00:00:00.000+02:00,2025-09-30T22:00:00Z,1355.446,9
1945,Potencia instalada de generación autoconsumo solar fotovoltaica,2025-10-01T00:00:00.000+02:00,2025-09-30T22:00:00Z,503.751,8
1945,Potencia instalada de generación autoconsumo solar fotovoltaica,2025-10-01T00:00:00.000+02:00,2025-09-30T22:00:00Z,718.928,7
1945,Potencia instalada de generación autoconsumo solar fotovoltaica,2025-10-01T00:00:00.000+02:00,2025-09-30T22:00:00Z,44.719,6
1945,Potencia instalada de generación autoconsumo solar fotovoltaica,2025-10-01T00:00:00.000+02:00,2025-09-30T22:00:00Z,313.614,5
1945,Potencia instalada de generación autoconsumo solar fotovoltaica,2025-10-01T00:00:00.000+02:00,2025-09-30T22:00:00Z,1708.187,4
1945,Potencia instalada de generación autoconsumo solar fotovoltaica,2025-10-01T00:00:00.000+02:00,2025-09-30T22:00:00Z,0.036,12
1945,Potencia instalada de generación autoconsumo solar fotovoltaica,2025-11-01T00:00:00.000+01:00,2025-10-31T23:00:00Z,249.142,16
1945,Potencia instalada de generación autoconsumo solar fotovoltaica,2025-11-01T00:00:00.000+01:00,2025-10-31T23:00:00Z,241.815,17
1945,Potencia instalada de generación autoconsumo solar fotovoltaica,2025-11-01T00:00:00.000+01:00,2025-10-31T23:00:00Z,196.965,18
1945,Potencia instalada de generación autoconsumo solar fotovoltaica,2025-11-01T00:00:00.000+01:00,2025-10-31T23:00:00Z,1230.788,15
1945,Potencia instalada de generación autoconsumo solar fotovoltaica,2025-11-01T00:00:00.000+01:00,2025-10-31T23:00:00Z,67.403,20
1945,Potencia instalada de generación autoconsumo solar fotovoltaica,2025-11-01T00:00:00.000+01:00,2025-10-31T23:00:00Z,545.175,21
1945,Potencia instalada de generación autoconsumo solar fotovoltaica,2025-11-01T00:00:00.000+01:00,2025-10-31T23:00:00Z,3.677,8746
1945,Potencia instalada de generación autoconsumo solar fotovoltaica,2025-11-01T00:00:00.000+01:00,2025-10-31T23:00:00Z,152.416,19
1945,Potencia instalada de generación autoconsumo solar fotovoltaica,2025-11-01T00:00:00.000+01:00,2025-10-31T23:00:00Z,209.922,14
1945,Potencia instalada de generación autoconsumo solar fotovoltaica,2025-11-01T00:00:00.000+01:00,2025-10-31T23:00:00Z,509.697,8
1945,Potencia instalada de generación autoconsumo solar fotovoltaica,2025-11-01T00:00:00.000+01:00,2025-10-31T23:00:00Z,0.036,12
1945,Potencia instalada de generación autoconsumo solar fotovoltaica,2025-11-01T00:00:00.000+01:00,2025-10-31T23:00:00Z,317.515,5
1945,Potencia instalada de generación autoconsumo solar fotovoltaica,2025-11-01T00:00:00.000+01:00,2025-10-31T23:00:00Z,45.215,6
1945,Potencia instalada de generación autoconsumo solar fotovoltaica,2025-11-01T00:00:00.000+01:00,2025-10-31T23:00:00Z,723.025,7
1945,Potencia instalada de generación autoconsumo solar fotovoltaica,2025-11-01T00:00:00.000+01:00,2025-10-31T23:00:00Z,1724.512,4
1945,Potencia instalada de generación autoconsumo solar fotovoltaica,2025-11-01T00:00:00.000+01:00,2025-10-31T23:00:00Z,1365.643,9
1945,Potencia instalada de generación autoconsumo solar fotovoltaica,2025-11-01T00:00:00.000+01:00,2025-10-31T23:00:00Z,298.498,10
1945,Potencia instalada de generación autoconsumo solar fotovoltaica,2025-11-01T00:00:00.000+01:00,2025-10-31T23:00:00Z,68.325,11
1945,Potencia instalada de generación autoconsumo solar fotovoltaica,2025-11-01T00:00:00.000+01:00,2025-10-31T23:00:00Z,929.047,13
1945,Potencia instalada de generación autoconsumo solar fotovoltaica,2025-12-01T00:00:00.000+01:00,2025-11-30T23:00:00Z,229.158,14
1945,Potencia instalada de generación autoconsumo solar fotovoltaica,2025-12-01T00:00:00.000+01:00,2025-11-30T23:00:00Z,564.819,21
1945,Potencia instalada de generación autoconsumo solar fotovoltaica,2025-12-01T00:00:00.000+01:00,2025-11-30T23:00:00Z,68.039,20
1945,Potencia instalada de generación autoconsumo solar fotovoltaica,2025-12-01T00:00:00.000+01:00,2025-11-30T23:00:00Z,154.673,19
1945,Potencia instalada de generación autoconsumo solar fotovoltaica,2025-12-01T00:00:00.000+01:00,2025-11-30T23:00:00Z,199.278,18
1945,Potencia instalada de generación autoconsumo solar fotovoltaica,2025-12-01T00:00:00.000+01:00,2025-11-30T23:00:00Z,247.964,17
1945,Potencia instalada de generación autoconsumo solar fotovoltaica,2025-12-01T00:00:00.000+01:00,2025-11-30T23:00:00Z,253.582,16
1945,Potencia instalada de generación autoconsumo solar fotovoltaica,2025-12-01T00:00:00.000+01:00,2025-11-30T23:00:00Z,1270.325,15
1945,Potencia instalada de generación autoconsumo solar fotovoltaica,2025-12-01T00:00:00.000+01:00,2025-11-30T23:00:00Z,950.943,13
1945,Potencia instalada de generación autoconsumo solar fotovoltaica,2025-12-01T00:00:00.000+01:00,2025-11-30T23:00:00Z,3.71,8746
1945,Potencia instalada de generación autoconsumo solar fotovoltaica,2025-12-01T00:00:00.000+01:00,2025-11-30T23:00:00Z,69.55,11
1945,Potencia instalada de generación autoconsumo solar fotovoltaica,2025-12-01T00:00:00.000+01:00,2025-11-30T23:00:00Z,1757.154,4
1945,Potencia instalada de generación autoconsumo solar fotovoltaica,2025-12-01T00:00:00.000+01:00,2025-11-30T23:00:00Z,322.644,5
1945,Potencia instalada de generación autoconsumo solar fotovoltaica,2025-12-01T00:00:00.000+01:00,2025-11-30T23:00:00Z,45.494,6
1945,Potencia instalada de generación autoconsumo solar fotovoltaica,2025-12-01T00:00:00.000+01:00,2025-11-30T23:00:00Z,0.036,12
1945,Potencia instalada de generación autoconsumo solar fotovoltaica,2025-12-01T00:00:00.000+01:00,2025-11-30T23:00:00Z,526.582,8
1945,Potencia instalada de generación autoconsumo solar fotovoltaica,2025-12-01T00:00:00.000+01:00,2025-11-30T23:00:00Z,1391.122,9
1945,Potencia instalada de generación autoconsumo solar fotovoltaica,2025-12-01T00:00:00.000+01:00,2025-11-30T23:00:00Z,302.456,10
1945,Potencia instalada de generación autoconsumo solar fotovoltaica,2025-12-01T00:00:00.000+01:00,2025-11-30T23:00:00Z,734.724,7
1945,Potencia instalada de generación autoconsumo solar fotovoltaica,2026-01-01T00:00:00.000+01:00,2025-12-31T23:00:00Z,246.203,14
1945,Potencia instalada de generación autoconsumo solar fotovoltaica,2026-01-01T00:00:00.000+01:00,2025-12-31T23:00:00Z,570.121,21
1945,Potencia instalada de generación autoconsumo solar fotovoltaica,2026-01-01T00:00:00.000+01:00,2025-12-31T23:00:00Z,68.639,20
1945,Potencia instalada de generación autoconsumo solar fotovoltaica,2026-01-01T00:00:00.000+01:00,2025-12-31T23:00:00Z,156.441,19
1945,Potencia instalada de generación autoconsumo solar fotovoltaica,2026-01-01T00:00:00.000+01:00,2025-12-31T23:00:00Z,201.175,18
1945,Potencia instalada de generación autoconsumo solar fotovoltaica,2026-01-01T00:00:00.000+01:00,2025-12-31T23:00:00Z,252.961,17
1945,Potencia instalada de generación autoconsumo solar fotovoltaica,2026-01-01T00:00:00.000+01:00,2025-12-31T23:00:00Z,255.899,16
1945,Potencia instalada de generación autoconsumo solar fotovoltaica,2026-01-01T00:00:00.000+01:00,2025-12-31T23:00:00Z,1286.975,15
1945,Potencia instalada de generación autoconsumo solar fotovoltaica,2026-01-01T00:00:00.000+01:00,2025-12-31T23:00:00Z,3.71,8746
1945,Potencia instalada de generación autoconsumo solar fotovoltaica,2026-01-01T00:00:00.000+01:00,2025-12-31T23:00:00Z,959.766,13
1945,Potencia instalada de generación autoconsumo solar fotovoltaica,2026-01-01T00:00:00.000+01:00,2025-12-31T23:00:00Z,69.88,11
1945,Potencia instalada de generación autoconsumo solar fotovoltaica,2026-01-01T00:00:00.000+01:00,2025-12-31T23:00:00Z,304.874,10
1945,Potencia instalada de generación autoconsumo solar fotovoltaica,2026-01-01T00:00:00.000+01:00,2025-12-31T23:00:00Z,1399.058,9
1945,Potencia instalada de generación autoconsumo solar fotovoltaica,2026-01-01T00:00:00.000+01:00,2025-12-31T23:00:00Z,529.345,8
1945,Potencia instalada de generación autoconsumo solar fotovoltaica,2026-01-01T00:00:00.000+01:00,2025-12-31T23:00:00Z,745.153,7
1945,Potencia instalada de generación autoconsumo solar fotovoltaica,2026-01-01T00:00:00.000+01:00,2025-12-31T23:00:00Z,45.841,6
1945,Potencia instalada de generación autoconsumo solar fotovoltaica,2026-01-01T00:00:00.000+01:00,2025-12-31T23:00:00Z,323.521,5
1945,Potencia instalada de generación autoconsumo solar fotovoltaica,2026-01-01T00:00:00.000+01:00,2025-12-31T23:00:00Z,1773.488,4
1945,Potencia instalada de generación autoconsumo solar fotovoltaica,2026-01-01T00:00:00.000+01:00,2025-12-31T23:00:00Z,0.036,12
1945,Potencia instalada de generación autoconsumo solar fotovoltaica,2026-02-01T00:00:00.000+01:00,2026-01-31T23:00:00Z,1296.47,15
1945,Potencia instalada de generación autoconsumo solar fotovoltaica,2026-02-01T00:00:00.000+01:00,2026-01-31T23:00:00Z,258.006,16
1945,Potencia instalada de generación autoconsumo solar fotovoltaica,2026-02-01T00:00:00.000+01:00,2026-01-31T23:00:00Z,257.274,17
1945,Potencia instalada de generación autoconsumo solar fotovoltaica,2026-02-01T00:00:00.000+01:00,2026-01-31T23:00:00Z,247.178,14
1945,Potencia instalada de generación autoconsumo solar fotovoltaica,2026-02-01T00:00:00.000+01:00,2026-01-31T23:00:00Z,159.07,19
1945,Potencia instalada de generación autoconsumo solar fotovoltaica,2026-02-01T00:00:00.000+01:00,2026-01-31T23:00:00Z,69.336,20
1945,Potencia instalada de generación autoconsumo solar fotovoltaica,2026-02-01T00:00:00.000+01:00,2026-01-31T23:00:00Z,574.491,21
1945,Potencia instalada de generación autoconsumo solar fotovoltaica,2026-02-01T00:00:00.000+01:00,2026-01-31T23:00:00Z,203.367,18
1945,Potencia instalada de generación autoconsumo solar fotovoltaica,2026-02-01T00:00:00.000+01:00,2026-01-31T23:00:00Z,966.023,13
1945,Potencia instalada de generación autoconsumo solar fotovoltaica,2026-02-01T00:00:00.000+01:00,2026-01-31T23:00:00Z,3.713,8746
1945,Potencia instalada de generación autoconsumo solar fotovoltaica,2026-02-01T00:00:00.000+01:00,2026-01-31T23:00:00Z,70.122,11
1945,Potencia instalada de generación autoconsumo solar fotovoltaica,2026-02-01T00:00:00.000+01:00,2026-01-31T23:00:00Z,1785.863,4
1945,Potencia instalada de generación autoconsumo solar fotovoltaica,2026-02-01T00:00:00.000+01:00,2026-01-31T23:00:00Z,312.223,5
1945,Potencia instalada de generación autoconsumo solar fotovoltaica,2026-02-01T00:00:00.000+01:00,2026-01-31T23:00:00Z,46.177,6
1945,Potencia instalada de generación autoconsumo solar fotovoltaica,2026-02-01T00:00:00.000+01:00,2026-01-31T23:00:00Z,0.036,12
1945,Potencia instalada de generación autoconsumo solar fotovoltaica,2026-02-01T00:00:00.000+01:00,2026-01-31T23:00:00Z,538.05,8
1945,Potencia instalada de generación autoconsumo solar fotovoltaica,2026-02-01T00:00:00.000+01:00,2026-01-31T23:00:00Z,1410.532,9
1945,Potencia instalada de generación autoconsumo solar fotovoltaica,2026-02-01T00:00:00.000+01:00,2026-01-31T23:00:00Z,307.552,10
1945,Potencia instalada de generación autoconsumo solar fotovoltaica,2026-02-01T00:00:00.000+01:00,2026-01-31T23:00:00Z,749.275,7
1945,Potencia instalada de generación autoconsumo solar fotovoltaica,2026-03-01T00:00:00.000+01:00,2026-02-28T23:00:00Z,1313.659,15
1945,Potencia instalada de generación autoconsumo solar fotovoltaica,2026-03-01T00:00:00.000+01:00,2026-02-28T23:00:00Z,3.713,8746
1945,Potencia instalada de generación autoconsumo solar fotovoltaica,2026-03-01T00:00:00.000+01:00,2026-02-28T23:00:00Z,580.834,21
1945,Potencia instalada de generación autoconsumo solar fotovoltaica,2026-03-01T00:00:00.000+01:00,2026-02-28T23:00:00Z,70.007,20
1945,Potencia instalada de generación autoconsumo solar fotovoltaica,2026-03-01T00:00:00.000+01:00,2026-02-28T23:00:00Z,161.105,19
1945,Potencia instalada de generación autoconsumo solar fotovoltaica,2026-03-01T00:00:00.000+01:00,2026-02-28T23:00:00Z,205.949,18
1945,Potencia instalada de generación autoconsumo solar fotovoltaica,2026-03-01T00:00:00.000+01:00,2026-02-28T23:00:00Z,259.401,17
1945,Potencia instalada de generación autoconsumo solar fotovoltaica,2026-03-01T00:00:00.000+01:00,2026-02-28T23:00:00Z,260.45,16
1945,Potencia instalada de generación autoconsumo solar fotovoltaica,2026-03-01T00:00:00.000+01:00,2026-02-28T23:00:00Z,248.845,14
1945,Potencia instalada de generación autoconsumo solar fotovoltaica,2026-03-01T00:00:00.000+01:00,2026-02-28T23:00:00Z,974.505,13
1945,Potencia instalada de generación autoconsumo solar fotovoltaica,2026-03-01T00:00:00.000+01:00,2026-02-28T23:00:00Z,0.036,12
1945,Potencia instalada de generación autoconsumo solar fotovoltaica,2026-03-01T00:00:00.000+01:00,2026-02-28T23:00:00Z,313.223,5
1945,Potencia instalada de generación autoconsumo solar fotovoltaica,2026-03-01T00:00:00.000+01:00,2026-02-28T23:00:00Z,46.478,6
1945,Potencia instalada de generación autoconsumo solar fotovoltaica,2026-03-01T00:00:00.000+01:00,2026-02-28T23:00:00Z,754.252,7
1945,Potencia instalada de generación autoconsumo solar fotovoltaica,2026-03-01T00:00:00.000+01:00,2026-02-28T23:00:00Z,1803.639,4
1945,Potencia instalada de generación autoconsumo solar fotovoltaica,2026-03-01T00:00:00.000+01:00,2026-02-28T23:00:00Z,1423.675,9
1945,Potencia instalada de generación autoconsumo solar fotovoltaica,2026-03-01T00:00:00.000+01:00,2026-02-28T23:00:00Z,310.771,10
1945,Potencia instalada de generación autoconsumo solar fotovoltaica,2026-03-01T00:00:00.000+01:00,2026-02-28T23:00:00Z,70.375,11
1945,Potencia instalada de generación autoconsumo solar fotovoltaica,2026-03-01T00:00:00.000+01:00,2026-02-28T23:00:00Z,543.965,8
1945,Potencia instalada de generación autoconsumo solar fotovoltaica,2026-04-01T00:00:00.000+02:00,2026-03-31T22:00:00Z,1322.922,15
1945,Potencia instalada de generación autoconsumo solar fotovoltaica,2026-04-01T00:00:00.000+02:00,2026-03-31T22:00:00Z,3.727,8746
1945,Potencia instalada de generación autoconsumo solar fotovoltaica,2026-04-01T00:00:00.000+02:00,2026-03-31T22:00:00Z,585.289,21
1945,Potencia instalada de generación autoconsumo solar fotovoltaica,2026-04-01T00:00:00.000+02:00,2026-03-31T22:00:00Z,70.281,20
1945,Potencia instalada de generación autoconsumo solar fotovoltaica,2026-04-01T00:00:00.000+02:00,2026-03-31T22:00:00Z,163.103,19
1945,Potencia instalada de generación autoconsumo solar fotovoltaica,2026-04-01T00:00:00.000+02:00,2026-03-31T22:00:00Z,209.205,18
1945,Potencia instalada de generación autoconsumo solar fotovoltaica,2026-04-01T00:00:00.000+02:00,2026-03-31T22:00:00Z,261.809,17
1945,Potencia instalada de generación autoconsumo solar fotovoltaica,2026-04-01T00:00:00.000+02:00,2026-03-31T22:00:00Z,262.652,16
1945,Potencia instalada de generación autoconsumo solar fotovoltaica,2026-04-01T00:00:00.000+02:00,2026-03-31T22:00:00Z,250.141,14
1945,Potencia instalada de generación autoconsumo solar fotovoltaica,2026-04-01T00:00:00.000+02:00,2026-03-31T22:00:00Z,982.702,13
1945,Potencia instalada de generación autoconsumo solar fotovoltaica,2026-04-01T00:00:00.000+02:00,2026-03-31T22:00:00Z,0.036,12
1945,Potencia instalada de generación autoconsumo solar fotovoltaica,2026-04-01T00:00:00.000+02:00,2026-03-31T22:00:00Z,314.848,5
1945,Potencia instalada de generación autoconsumo solar fotovoltaica,2026-04-01T00:00:00.000+02:00,2026-03-31T22:00:00Z,46.811,6
1945,Potencia instalada de generación autoconsumo solar fotovoltaica,2026-04-01T00:00:00.000+02:00,2026-03-31T22:00:00Z,759.699,7
1945,Potencia instalada de generación autoconsumo solar fotovoltaica,2026-04-01T00:00:00.000+02:00,2026-03-31T22:00:00Z,1820.673,4
1945,Potencia instalada de generación autoconsumo solar fotovoltaica,2026-04-01T00:00:00.000+02:00,2026-03-31T22:00:00Z,1436.856,9
1945,Potencia instalada de generación autoconsumo solar fotovoltaica,2026-04-01T00:00:00.000+02:00,2026-03-31T22:00:00Z,313.822,10
1945,Potencia instalada de generación autoconsumo solar fotovoltaica,2026-04-01T00:00:00.000+02:00,2026-03-31T22:00:00Z,70.535,11
1945,Potencia instalada de generación autoconsumo solar fotovoltaica,2026-04-01T00:00:00.000+02:00,2026-03-31T22:00:00Z,547.325,8
1945,Potencia instalada de generación autoconsumo solar fotovoltaica,2026-05-01T00:00:00.000+02:00,2026-04-30T22:00:00Z,1334.849,15
1945,Potencia instalada de generación autoconsumo solar fotovoltaica,2026-05-01T00:00:00.000+02:00,2026-04-30T22:00:00Z,3.763,8746
1945,Potencia instalada de generación autoconsumo solar fotovoltaica,2026-05-01T00:00:00.000+02:00,2026-04-30T22:00:00Z,591.66,21
1945,Potencia instalada de generación autoconsumo solar fotovoltaica,2026-05-01T00:00:00.000+02:00,2026-04-30T22:00:00Z,70.593,20
1945,Potencia instalada de generación autoconsumo solar fotovoltaica,2026-05-01T00:00:00.000+02:00,2026-04-30T22:00:00Z,164.541,19
1945,Potencia instalada de generación autoconsumo solar fotovoltaica,2026-05-01T00:00:00.000+02:00,2026-04-30T22:00:00Z,210.996,18
1945,Potencia instalada de generación autoconsumo solar fotovoltaica,2026-05-01T00:00:00.000+02:00,2026-04-30T22:00:00Z,264.475,17
1945,Potencia instalada de generación autoconsumo solar fotovoltaica,2026-05-01T00:00:00.000+02:00,2026-04-30T22:00:00Z,264.896,16
1945,Potencia instalada de generación autoconsumo solar fotovoltaica,2026-05-01T00:00:00.000+02:00,2026-04-30T22:00:00Z,251.558,14
1945,Potencia instalada de generación autoconsumo solar fotovoltaica,2026-05-01T00:00:00.000+02:00,2026-04-30T22:00:00Z,990.522,13
1945,Potencia instalada de generación autoconsumo solar fotovoltaica,2026-05-01T00:00:00.000+02:00,2026-04-30T22:00:00Z,0.036,12
1945,Potencia instalada de generación autoconsumo solar fotovoltaica,2026-05-01T00:00:00.000+02:00,2026-04-30T22:00:00Z,315.588,5
1945,Potencia instalada de generación autoconsumo solar fotovoltaica,2026-05-01T00:00:00.000+02:00,2026-04-30T22:00:00Z,46.817,6
1945,Potencia instalada de generación autoconsumo solar fotovoltaica,2026-05-01T00:00:00.000+02:00,2026-04-30T22:00:00Z,767.973,7
1945,Potencia instalada de generación autoconsumo solar fotovoltaica,2026-05-01T00:00:00.000+02:00,2026-04-30T22:00:00Z,1829.087,4
1945,Potencia instalada de generación autoconsumo solar fotovoltaica,2026-05-01T00:00:00.000+02:00,2026-04-30T22:00:00Z,1443.788,9
1945,Potencia instalada de generación autoconsumo solar fotovoltaica,2026-05-01T00:00:00.000+02:00,2026-04-30T22:00:00Z,317.879,10
1945,Potencia instalada de generación autoconsumo solar fotovoltaica,2026-05-01T00:00:00.000+02:00,2026-04-30T22:00:00Z,70.581,11
1945,Potencia instalada de generación autoconsumo solar fotovoltaica,2026-05-01T00:00:00.000+02:00,2026-04-30T22:00:00Z,551.999,8
1945,Potencia instalada de generación autoconsumo solar fotovoltaica,2026-06-01T00:00:00.000+02:00,2026-05-31T22:00:00Z,1348.047,15
1945,Potencia instalada de generación autoconsumo solar fotovoltaica,2026-06-01T00:00:00.000+02:00,2026-05-31T22:00:00Z,681.82,21
1945,Potencia instalada de generación autoconsumo solar fotovoltaica,2026-06-01T00:00:00.000+02:00,2026-05-31T22:00:00Z,71.042,20
1945,Potencia instalada de generación autoconsumo solar fotovoltaica,2026-06-01T00:00:00.000+02:00,2026-05-31T22:00:00Z,166.514,19
1945,Potencia instalada de generación autoconsumo solar fotovoltaica,2026-06-01T00:00:00.000+02:00,2026-05-31T22:00:00Z,213.586,18
1945,Potencia instalada de generación autoconsumo solar fotovoltaica,2026-06-01T00:00:00.000+02:00,2026-05-31T22:00:00Z,3.763,8746
1945,Potencia instalada de generación autoconsumo solar fotovoltaica,2026-06-01T00:00:00.000+02:00,2026-05-31T22:00:00Z,267.142,17
1945,Potencia instalada de generación autoconsumo solar fotovoltaica,2026-06-01T00:00:00.000+02:00,2026-05-31T22:00:00Z,267.395,16
1945,Potencia instalada de generación autoconsumo solar fotovoltaica,2026-06-01T00:00:00.000+02:00,2026-05-31T22:00:00Z,266.709,14
1945,Potencia instalada de generación autoconsumo solar fotovoltaica,2026-06-01T00:00:00.000+02:00,2026-05-31T22:00:00Z,556.076,8
1945,Potencia instalada de generación autoconsumo solar fotovoltaica,2026-06-01T00:00:00.000+02:00,2026-05-31T22:00:00Z,0.036,12
1945,Potencia instalada de generación autoconsumo solar fotovoltaica,2026-06-01T00:00:00.000+02:00,2026-05-31T22:00:00Z,1846.238,4
1945,Potencia instalada de generación autoconsumo solar fotovoltaica,2026-06-01T00:00:00.000+02:00,2026-05-31T22:00:00Z,318.436,5
1945,Potencia instalada de generación autoconsumo solar fotovoltaica,2026-06-01T00:00:00.000+02:00,2026-05-31T22:00:00Z,46.963,6
1945,Potencia instalada de generación autoconsumo solar fotovoltaica,2026-06-01T00:00:00.000+02:00,2026-05-31T22:00:00Z,998.966,13
1945,Potencia instalada de generación autoconsumo solar fotovoltaica,2026-06-01T00:00:00.000+02:00,2026-05-31T22:00:00Z,1456.326,9
1945,Potencia instalada de generación autoconsumo solar fotovoltaica,2026-06-01T00:00:00.000+02:00,2026-05-31T22:00:00Z,321.146,10
1945,Potencia instalada de generación autoconsumo solar fotovoltaica,2026-06-01T00:00:00.000+02:00,2026-05-31T22:00:00Z,70.672,11
1945,Potencia instalada de generación autoconsumo solar fotovoltaica,2026-06-01T00:00:00.000+02:00,2026-05-31T22:00:00Z,773.423,7
1945,Potencia instalada de generación autoconsumo solar fotovoltaica,2026-07-01T00:00:00.000+02:00,2026-06-30T22:00:00Z,1361.872,15
1945,Potencia instalada de generación autoconsumo solar fotovoltaica,2026-07-01T00:00:00.000+02:00,2026-06-30T22:00:00Z,3.763,8746
1945,Potencia instalada de generación autoconsumo solar fotovoltaica,2026-07-01T00:00:00.000+02:00,2026-06-30T22:00:00Z,688.076,21
1945,Potencia instalada de generación autoconsumo solar fotovoltaica,2026-07-01T00:00:00.000+02:00,2026-06-30T22:00:00Z,72.143,20
1945,Potencia instalada de generación autoconsumo solar fotovoltaica,2026-07-01T00:00:00.000+02:00,2026-06-30T22:00:00Z,167.726,19
1945,Potencia instalada de generación autoconsumo solar fotovoltaica,2026-07-01T00:00:00.000+02:00,2026-06-30T22:00:00Z,214.829,18
1945,Potencia instalada de generación autoconsumo solar fotovoltaica,2026-07-01T00:00:00.000+02:00,2026-06-30T22:00:00Z,268.771,17
1945,Potencia instalada de generación autoconsumo solar fotovoltaica,2026-07-01T00:00:00.000+02:00,2026-06-30T22:00:00Z,268.797,16
1945,Potencia instalada de generación autoconsumo solar fotovoltaica,2026-07-01T00:00:00.000+02:00,2026-06-30T22:00:00Z,268.495,14
1945,Potencia instalada de generación autoconsumo solar fotovoltaica,2026-07-01T00:00:00.000+02:00,2026-06-30T22:00:00Z,1009.118,13
1945,Potencia instalada de generación autoconsumo solar fotovoltaica,2026-07-01T00:00:00.000+02:00,2026-06-30T22:00:00Z,0.036,12
1945,Potencia instalada de generación autoconsumo solar fotovoltaica,2026-07-01T00:00:00.000+02:00,2026-06-30T22:00:00Z,319.265,5
1945,Potencia instalada de generación autoconsumo solar fotovoltaica,2026-07-01T00:00:00.000+02:00,2026-06-30T22:00:00Z,47.189,6
1945,Potencia instalada de generación autoconsumo solar fotovoltaica,2026-07-01T00:00:00.000+02:00,2026-06-30T22:00:00Z,778.437,7
1945,Potencia instalada de generación autoconsumo solar fotovoltaica,2026-07-01T00:00:00.000+02:00,2026-06-30T22:00:00Z,1852.028,4
1945,Potencia instalada de generación autoconsumo solar fotovoltaica,2026-07-01T00:00:00.000+02:00,2026-06-30T22:00:00Z,1464.772,9
1945,Potencia instalada de generación autoconsumo solar fotovoltaica,2026-07-01T00:00:00.000+02:00,2026-06-30T22:00:00Z,324.985,10
1945,Potencia instalada de generación autoconsumo solar fotovoltaica,2026-07-01T00:00:00.000+02:00,2026-06-30T22:00:00Z,70.923,11
1945,Potencia instalada de generación autoconsumo solar fotovoltaica,2026-07-01T00:00:00.000+02:00,2026-06-30T22:00:00Z,568.717,8
1945,Potencia instalada de generación autoconsumo solar fotovoltaica,2026-08-01T00:00:00.000+02:00,2026-07-31T22:00:00Z,1368.652,15
1945,Potencia instalada de generación autoconsumo solar fotovoltaica,2026-08-01T00:00:00.000+02:00,2026-07-31T22:00:00Z,693.552,21
1945,Potencia instalada de generación autoconsumo solar fotovoltaica,2026-08-01T00:00:00.000+02:00,2026-07-31T22:00:00Z,72.27,20
1945,Potencia instalada de generación autoconsumo solar fotovoltaica,2026-08-01T00:00:00.000+02:00,2026-07-31T22:00:00Z,167.726,19
1945,Potencia instalada de generación autoconsumo solar fotovoltaica,2026-08-01T00:00:00.000+02:00,2026-07-31T22:00:00Z,214.829,18
1945,Potencia instalada de generación autoconsumo solar fotovoltaica,2026-08-01T00:00:00.000+02:00,2026-07-31T22:00:00Z,3.763,8746
1945,Potencia instalada de generación autoconsumo solar fotovoltaica,2026-08-01T00:00:00.000+02:00,2026-07-31T22:00:00Z,268.784,17
1945,Potencia instalada de generación autoconsumo solar fotovoltaica,2026-08-01T00:00:00.000+02:00,2026-07-31T22:00:00Z,269.793,16
1945,Potencia instalada de generación autoconsumo solar fotovoltaica,2026-08-01T00:00:00.000+02:00,2026-07-31T22:00:00Z,268.996,14
1945,Potencia instalada de generación autoconsumo solar fotovoltaica,2026-08-01T00:00:00.000+02:00,2026-07-31T22:00:00Z,570.638,8
1945,Potencia instalada de generación autoconsumo solar fotovoltaica,2026-08-01T00:00:00.000+02:00,2026-07-31T22:00:00Z,0.036,12
1945,Potencia instalada de generación autoconsumo solar fotovoltaica,2026-08-01T00:00:00.000+02:00,2026-07-31T22:00:00Z,70.923,11
1945,Potencia instalada de generación autoconsumo solar fotovoltaica,2026-08-01T00:00:00.000+02:00,2026-07-31T22:00:00Z,327.438,10
1945,Potencia instalada de generación autoconsumo solar fotovoltaica,2026-08-01T00:00:00.000+02:00,2026-07-31T22:00:00Z,1480.225,9
1945,Potencia instalada de generación autoconsumo solar fotovoltaica,2026-08-01T00:00:00.000+02:00,2026-07-31T22:00:00Z,786.902,7
1945,Potencia instalada de generación autoconsumo solar fotovoltaica,2026-08-01T00:00:00.000+02:00,2026-07-31T22:00:00Z,47.194,6
1945,Potencia instalada de generación autoconsumo solar fotovoltaica,2026-08-01T00:00:00.000+02:00,2026-07-31T22:00:00Z,319.165,5
1945,Potencia instalada de generación autoconsumo solar fotovoltaica,2026-08-01T00:00:00.000+02:00,2026-07-31T22:00:00Z,1852.031,4
1945,Potencia instalada de generación autoconsumo solar fotovoltaica,2026-08-01T00:00:00.000+02:00,2026-07-31T22:00:00Z,1012.306,13
1945,Potencia instalada de generación autoconsumo solar fotovoltaica,2026-09-01T00:00:00.000+02:00,2026-08-31T22:00:00Z,1371.306,15
1945,Potencia instalada de generación autoconsumo solar fotovoltaica,2026-09-01T00:00:00.000+02:00,2026-08-31T22:00:00Z,270.875,16
1945,Potencia instalada de generación autoconsumo solar fotovoltaica,2026-09-01T00:00:00.000+02:00,2026-08-31T22:00:00Z,72.247,20
1945,Potencia instalada de generación autoconsumo solar fotovoltaica,2026-09-01T00:00:00.000+02:00,2026-08-31T22:00:00Z,216.909,18
1945,Potencia instalada de generación autoconsumo solar fotovoltaica,2026-09-01T00:00:00.000+02:00,2026-08-31T22:00:00Z,170.321,19
1945,Potencia instalada de generación autoconsumo solar fotovoltaica,2026-09-01T00:00:00.000+02:00,2026-08-31T22:00:00Z,269.166,14
1945,Potencia instalada de generación autoconsumo solar fotovoltaica,2026-09-01T00:00:00.000+02:00,2026-08-31T22:00:00Z,268.849,17
1945,Potencia instalada de generación autoconsumo solar fotovoltaica,2026-09-01T00:00:00.000+02:00,2026-08-31T22:00:00Z,1020.391,13
1945,Potencia instalada de generación autoconsumo solar fotovoltaica,2026-09-01T00:00:00.000+02:00,2026-08-31T22:00:00Z,571.622,8
1945,Potencia instalada de generación autoconsumo solar fotovoltaica,2026-09-01T00:00:00.000+02:00,2026-08-31T22:00:00Z,71.36,11
1945,Potencia instalada de generación autoconsumo solar fotovoltaica,2026-09-01T00:00:00.000+02:00,2026-08-31T22:00:00Z,327.976,10
1945,Potencia instalada de generación autoconsumo solar fotovoltaica,2026-09-01T00:00:00.000+02:00,2026-08-31T22:00:00Z,1487.306,9
1945,Potencia instalada de generación autoconsumo solar fotovoltaica,2026-09-01T00:00:00.000+02:00,2026-08-31T22:00:00Z,787.858,7
1945,Potencia instalada de generación autoconsumo solar fotovoltaica,2026-09-01T00:00:00.000+02:00,2026-08-31T22:00:00Z,47.609,6
1945,Potencia instalada de generación autoconsumo solar fotovoltaica,2026-09-01T00:00:00.000+02:00,2026-08-31T22:00:00Z,320.319,5
1945,Potencia instalada de generación autoconsumo solar fotovoltaica,2026-09-01T00:00:00.000+02:00,2026-08-31T22:00:00Z,1867.933,4
1945,Potencia instalada de generación autoconsumo solar fotovoltaica,2026-09-01T00:00:00.000+02:00,2026-08-31T22:00:00Z,694.56,21
1945,Potencia instalada de generación autoconsumo solar fotovoltaica,2026-09-01T00:00:00.000+02:00,2026-08-31T22:00:00Z,0.036,12
1945,Potencia instalada de generación autoconsumo solar fotovoltaica,2026-09-01T00:00:00.000+02:00,2026-08-31T22:00:00Z,3.763,8746
1946,Potencia instalada de generación autoconsumo cogeneración,2025-08-01T00:00:00.000+02:00,2025-07-31T22:00:00Z,440.261,4
1946,Potencia instalada de generación autoconsumo cogeneración,2025-08-01T00:00:00.000+02:00,2025-07-31T22:00:00Z,67.196,21
1946,Potencia instalada de generación autoconsumo cogeneración,2025-08-01T00:00:00.000+02:00,2025-07-31T22:00:00Z,0.384,20
1946,Potencia instalada de generación autoconsumo cogeneración,2025-08-01T00:00:00.000+02:00,2025-07-31T22:00:00Z,3.649,18
1946,Potencia instalada de generación autoconsumo cogeneración,2025-08-01T00:00:00.000+02:00,2025-07-31T22:00:00Z,109.002,17
1946,Potencia instalada de generación autoconsumo cogeneración,2025-08-01T00:00:00.000+02:00,2025-07-31T22:00:00Z,289.76,15
1946,Potencia instalada de generación autoconsumo cogeneración,2025-08-01T00:00:00.000+02:00,2025-07-31T22:00:00Z,14.084,14
1946,Potencia instalada de generación autoconsumo cogeneración,2025-08-01T00:00:00.000+02:00,2025-07-31T22:00:00Z,31.412,13
1946,Potencia instalada de generación autoconsumo cogeneración,2025-08-01T00:00:00.000+02:00,2025-07-31T22:00:00Z,3.848,16
1946,Potencia instalada de generación autoconsumo cogeneración,2025-08-01T00:00:00.000+02:00,2025-07-31T22:00:00Z,116.931,10
1946,Potencia instalada de generación autoconsumo cogeneración,2025-08-01T00:00:00.000+02:00,2025-07-31T22:00:00Z,344.287,9
1946,Potencia instalada de generación autoconsumo cogeneración,2025-08-01T00:00:00.000+02:00,2025-07-31T22:00:00Z,182.084,8
1946,Potencia instalada de generación autoconsumo cogeneración,2025-08-01T00:00:00.000+02:00,2025-07-31T22:00:00Z,128.797,7
1946,Potencia instalada de generación autoconsumo cogeneración,2025-08-01T00:00:00.000+02:00,2025-07-31T22:00:00Z,188.93,6
1946,Potencia instalada de generación autoconsumo cogeneración,2025-08-01T00:00:00.000+02:00,2025-07-31T22:00:00Z,230.941,5
1946,Potencia instalada de generación autoconsumo cogeneración,2025-08-01T00:00:00.000+02:00,2025-07-31T22:00:00Z,51.022,11
1946,Potencia instalada de generación autoconsumo cogeneración,2025-09-01T00:00:00.000+02:00,2025-08-31T22:00:00Z,14.084,14
1946,Potencia instalada de generación autoconsumo cogeneración,2025-09-01T00:00:00.000+02:00,2025-08-31T22:00:00Z,67.196,21
1946,Potencia instalada de generación autoconsumo cogeneración,2025-09-01T00:00:00.000+02:00,2025-08-31T22:00:00Z,0.384,20
1946,Potencia instalada de generación autoconsumo cogeneración,2025-09-01T00:00:00.000+02:00,2025-08-31T22:00:00Z,3.649,18
1946,Potencia instalada de generación autoconsumo cogeneración,2025-09-01T00:00:00.000+02:00,2025-08-31T22:00:00Z,109.002,17
1946,Potencia instalada de generación autoconsumo cogeneración,2025-09-01T00:00:00.000+02:00,2025-08-31T22:00:00Z,288.76,15
1946,Potencia instalada de generación autoconsumo cogeneración,2025-09-01T00:00:00.000+02:00,2025-08-31T22:00:00Z,31.412,13
1946,Potencia instalada de generación autoconsumo cogeneración,2025-09-01T00:00:00.000+02:00,2025-08-31T22:00:00Z,3.848,16
1946,Potencia instalada de generación autoconsumo cogeneración,2025-09-01T00:00:00.000+02:00,2025-08-31T22:00:00Z,116.931,10
1946,Potencia instalada de generación autoconsumo cogeneración,2025-09-01T00:00:00.000+02:00,2025-08-31T22:00:00Z,344.287,9
1946,Potencia instalada de generación autoconsumo cogeneración,2025-09-01T00:00:00.000+02:00,2025-08-31T22:00:00Z,182.096,8
1946,Potencia instalada de generación autoconsumo cogeneración,2025-09-01T00:00:00.000+02:00,2025-08-31T22:00:00Z,128.797,7
1946,Potencia instalada de generación autoconsumo cogeneración,2025-09-01T00:00:00.000+02:00,2025-08-31T22:00:00Z,188.93,6
1946,Potencia instalada de generación autoconsumo cogeneración,2025-09-01T00:00:00.000+02:00,2025-08-31T22:00:00Z,230.941,5
1946,Potencia instalada de generación autoconsumo cogeneración,2025-09-01T00:00:00.000+02:00,2025-08-31T22:00:00Z,440.261,4
1946,Potencia instalada de generación autoconsumo cogeneración,2025-09-01T00:00:00.000+02:00,2025-08-31T22:00:00Z,51.022,11
1946,Potencia instalada de generación autoconsumo cogeneración,2025-10-01T00:00:00.000+02:00,2025-09-30T22:00:00Z,67.196,21
1946,Potencia instalada de generación autoconsumo cogeneración,2025-10-01T00:00:00.000+02:00,2025-09-30T22:00:00Z,0.384,20
1946,Potencia instalada de generación autoconsumo cogeneración,2025-10-01T00:00:00.000+02:00,2025-09-30T22:00:00Z,3.649,18
1946,Potencia instalada de generación autoconsumo cogeneración,2025-10-01T00:00:00.000+02:00,2025-09-30T22:00:00Z,109.002,17
1946,Potencia instalada de generación autoconsumo cogeneración,2025-10-01T00:00:00.000+02:00,2025-09-30T22:00:00Z,3.848,16
1946,Potencia instalada de generación autoconsumo cogeneración,2025-10-01T00:00:00.000+02:00,2025-09-30T22:00:00Z,288.76,15
1946,Potencia instalada de generación autoconsumo cogeneración,2025-10-01T00:00:00.000+02:00,2025-09-30T22:00:00Z,14.084,14
1946,Potencia instalada de generación autoconsumo cogeneración,2025-10-01T00:00:00.000+02:00,2025-09-30T22:00:00Z,31.416,13
1946,Potencia instalada de generación autoconsumo cogeneración,2025-10-01T00:00:00.000+02:00,2025-09-30T22:00:00Z,51.022,11
1946,Potencia instalada de generación autoconsumo cogeneración,2025-10-01T00:00:00.000+02:00,2025-09-30T22:00:00Z,344.287,9
1946,Potencia instalada de generación autoconsumo cogeneración,2025-10-01T00:00:00.000+02:00,2025-09-30T22:00:00Z,182.096,8
1946,Potencia instalada de generación autoconsumo cogeneración,2025-10-01T00:00:00.000+02:00,2025-09-30T22:00:00Z,128.797,7
1946,Potencia instalada de generación autoconsumo cogeneración,2025-10-01T00:00:00.000+02:00,2025-09-30T22:00:00Z,188.93,6
1946,Potencia instalada de generación autoconsumo cogeneración,2025-10-01T00:00:00.000+02:00,2025-09-30T22:00:00Z,230.941,5
1946,Potencia instalada de generación autoconsumo cogeneración,2025-10-01T00:00:00.000+02:00,2025-09-30T22:00:00Z,440.261,4
1946,Potencia instalada de generación autoconsumo cogeneración,2025-10-01T00:00:00.000+02:00,2025-09-30T22:00:00Z,116.931,10
1946,Potencia instalada de generación autoconsumo cogeneración,2025-11-01T00:00:00.000+01:00,2025-10-31T23:00:00Z,27.504,14
1946,Potencia instalada de generación autoconsumo cogeneración,2025-11-01T00:00:00.000+01:00,2025-10-31T23:00:00Z,60.532,21
1946,Potencia instalada de generación autoconsumo cogeneración,2025-11-01T00:00:00.000+01:00,2025-10-31T23:00:00Z,0.384,20
1946,Potencia instalada de generación autoconsumo cogeneración,2025-11-01T00:00:00.000+01:00,2025-10-31T23:00:00Z,3.649,18
1946,Potencia instalada de generación autoconsumo cogeneración,2025-11-01T00:00:00.000+01:00,2025-10-31T23:00:00Z,109.002,17
1946,Potencia instalada de generación autoconsumo cogeneración,2025-11-01T00:00:00.000+01:00,2025-10-31T23:00:00Z,3.848,16
1946,Potencia instalada de generación autoconsumo cogeneración,2025-11-01T00:00:00.000+01:00,2025-10-31T23:00:00Z,287.765,15
1946,Potencia instalada de generación autoconsumo cogeneración,2025-11-01T00:00:00.000+01:00,2025-10-31T23:00:00Z,31.416,13
1946,Potencia instalada de generación autoconsumo cogeneración,2025-11-01T00:00:00.000+01:00,2025-10-31T23:00:00Z,128.797,7
1946,Potencia instalada de generación autoconsumo cogeneración,2025-11-01T00:00:00.000+01:00,2025-10-31T23:00:00Z,116.931,10
1946,Potencia instalada de generación autoconsumo cogeneración,2025-11-01T00:00:00.000+01:00,2025-10-31T23:00:00Z,344.287,9
1946,Potencia instalada de generación autoconsumo cogeneración,2025-11-01T00:00:00.000+01:00,2025-10-31T23:00:00Z,171.176,8
1946,Potencia instalada de generación autoconsumo cogeneración,2025-11-01T00:00:00.000+01:00,2025-10-31T23:00:00Z,51.022,11
1946,Potencia instalada de generación autoconsumo cogeneración,2025-11-01T00:00:00.000+01:00,2025-10-31T23:00:00Z,188.93,6
1946,Potencia instalada de generación autoconsumo cogeneración,2025-11-01T00:00:00.000+01:00,2025-10-31T23:00:00Z,230.941,5
1946,Potencia instalada de generación autoconsumo cogeneración,2025-11-01T00:00:00.000+01:00,2025-10-31T23:00:00Z,439.339,4
1946,Potencia instalada de generación autoconsumo cogeneración,2025-12-01T00:00:00.000+01:00,2025-11-30T23:00:00Z,0.384,20
1946,Potencia instalada de generación autoconsumo cogeneración,2025-12-01T00:00:00.000+01:00,2025-11-30T23:00:00Z,3.649,18
1946,Potencia instalada de generación autoconsumo cogeneración,2025-12-01T00:00:00.000+01:00,2025-11-30T23:00:00Z,109.002,17
1946,Potencia instalada de generación autoconsumo cogeneración,2025-12-01T00:00:00.000+01:00,2025-11-30T23:00:00Z,3.848,16
1946,Potencia instalada de generación autoconsumo cogeneración,2025-12-01T00:00:00.000+01:00,2025-11-30T23:00:00Z,287.765,15
1946,Potencia instalada de generación autoconsumo cogeneración,2025-12-01T00:00:00.000+01:00,2025-11-30T23:00:00Z,27.504,14
1946,Potencia instalada de generación autoconsumo cogeneración,2025-12-01T00:00:00.000+01:00,2025-11-30T23:00:00Z,31.416,13
1946,Potencia instalada de generación autoconsumo cogeneración,2025-12-01T00:00:00.000+01:00,2025-11-30T23:00:00Z,60.532,21
1946,Potencia instalada de generación autoconsumo cogeneración,2025-12-01T00:00:00.000+01:00,2025-11-30T23:00:00Z,116.931,10
1946,Potencia instalada de generación autoconsumo cogeneración,2025-12-01T00:00:00.000+01:00,2025-11-30T23:00:00Z,339.091,9
1946,Potencia instalada de generación autoconsumo cogeneración,2025-12-01T00:00:00.000+01:00,2025-11-30T23:00:00Z,171.176,8
1946,Potencia instalada de generación autoconsumo cogeneración,2025-12-01T00:00:00.000+01:00,2025-11-30T23:00:00Z,128.797,7
1946,Potencia instalada de generación autoconsumo cogeneración,2025-12-01T00:00:00.000+01:00,2025-11-30T23:00:00Z,188.93,6
1946,Potencia instalada de generación autoconsumo cogeneración,2025-12-01T00:00:00.000+01:00,2025-11-30T23:00:00Z,230.941,5
1946,Potencia instalada de generación autoconsumo cogeneración,2025-12-01T00:00:00.000+01:00,2025-11-30T23:00:00Z,439.339,4
1946,Potencia instalada de generación autoconsumo cogeneración,2025-12-01T00:00:00.000+01:00,2025-11-30T23:00:00Z,51.022,11
1946,Potencia instalada de generación autoconsumo cogeneración,2026-01-01T00:00:00.000+01:00,2025-12-31T23:00:00Z,60.532,21
1946,Potencia instalada de generación autoconsumo cogeneración,2026-01-01T00:00:00.000+01:00,2025-12-31T23:00:00Z,0.384,20
1946,Potencia instalada de generación autoconsumo cogeneración,2026-01-01T00:00:00.000+01:00,2025-12-31T23:00:00Z,3.649,18
1946,Potencia instalada de generación autoconsumo cogeneración,2026-01-01T00:00:00.000+01:00,2025-12-31T23:00:00Z,109.002,17
1946,Potencia instalada de generación autoconsumo cogeneración,2026-01-01T00:00:00.000+01:00,2025-12-31T23:00:00Z,3.848,16
1946,Potencia instalada de generación autoconsumo cogeneración,2026-01-01T00:00:00.000+01:00,2025-12-31T23:00:00Z,287.765,15
1946,Potencia instalada de generación autoconsumo cogeneración,2026-01-01T00:00:00.000+01:00,2025-12-31T23:00:00Z,27.504,14
1946,Potencia instalada de generación autoconsumo cogeneración,2026-01-01T00:00:00.000+01:00,2025-12-31T23:00:00Z,31.43,13
1946,Potencia instalada de generación autoconsumo cogeneración,2026-01-01T00:00:00.000+01:00,2025-12-31T23:00:00Z,51.022,11
1946,Potencia instalada de generación autoconsumo cogeneración,2026-01-01T00:00:00.000+01:00,2025-12-31T23:00:00Z,506.231,9
1946,Potencia instalada de generación autoconsumo cogeneración,2026-01-01T00:00:00.000+01:00,2025-12-31T23:00:00Z,171.176,8
1946,Potencia instalada de generación autoconsumo cogeneración,2026-01-01T00:00:00.000+01:00,2025-12-31T23:00:00Z,125.298,7
1946,Potencia instalada de generación autoconsumo cogeneración,2026-01-01T00:00:00.000+01:00,2025-12-31T23:00:00Z,188.93,6
1946,Potencia instalada de generación autoconsumo cogeneración,2026-01-01T00:00:00.000+01:00,2025-12-31T23:00:00Z,231.441,5
1946,Potencia instalada de generación autoconsumo cogeneración,2026-01-01T00:00:00.000+01:00,2025-12-31T23:00:00Z,439.339,4
1946,Potencia instalada de generación autoconsumo cogeneración,2026-01-01T00:00:00.000+01:00,2025-12-31T23:00:00Z,116.931,10
1946,Potencia instalada de generación autoconsumo cogeneración,2026-02-01T00:00:00.000+01:00,2026-01-31T23:00:00Z,27.504,14
1946,Potencia instalada de generación autoconsumo cogeneración,2026-02-01T00:00:00.000+01:00,2026-01-31T23:00:00Z,0.384,20
1946,Potencia instalada de generación autoconsumo cogeneración,2026-02-01T00:00:00.000+01:00,2026-01-31T23:00:00Z,3.649,18
1946,Potencia instalada de generación autoconsumo cogeneración,2026-02-01T00:00:00.000+01:00,2026-01-31T23:00:00Z,109.002,17
1946,Potencia instalada de generación autoconsumo cogeneración,2026-02-01T00:00:00.000+01:00,2026-01-31T23:00:00Z,3.848,16
1946,Potencia instalada de generación autoconsumo cogeneración,2026-02-01T00:00:00.000+01:00,2026-01-31T23:00:00Z,287.765,15
1946,Potencia instalada de generación autoconsumo cogeneración,2026-02-01T00:00:00.000+01:00,2026-01-31T23:00:00Z,31.43,13
1946,Potencia instalada de generación autoconsumo cogeneración,2026-02-01T00:00:00.000+01:00,2026-01-31T23:00:00Z,60.532,21
1946,Potencia instalada de generación autoconsumo cogeneración,2026-02-01T00:00:00.000+01:00,2026-01-31T23:00:00Z,116.931,10
1946,Potencia instalada de generación autoconsumo cogeneración,2026-02-01T00:00:00.000+01:00,2026-01-31T23:00:00Z,505.236,9
1946,Potencia instalada de generación autoconsumo cogeneración,2026-02-01T00:00:00.000+01:00,2026-01-31T23:00:00Z,171.176,8
1946,Potencia instalada de generación autoconsumo cogeneración,2026-02-01T00:00:00.000+01:00,2026-01-31T23:00:00Z,125.298,7
1946,Potencia instalada de generación autoconsumo cogeneración,2026-02-01T00:00:00.000+01:00,2026-01-31T23:00:00Z,188.93,6
1946,Potencia instalada de generación autoconsumo cogeneración,2026-02-01T00:00:00.000+01:00,2026-01-31T23:00:00Z,256.186,5
1946,Potencia instalada de generación autoconsumo cogeneración,2026-02-01T00:00:00.000+01:00,2026-01-31T23:00:00Z,439.339,4
1946,Potencia instalada de generación autoconsumo cogeneración,2026-02-01T00:00:00.000+01:00,2026-01-31T23:00:00Z,51.022,11
1946,Potencia instalada de generación autoconsumo cogeneración,2026-03-01T00:00:00.000+01:00,2026-02-28T23:00:00Z,58.532,21
1946,Potencia instalada de generación autoconsumo cogeneración,2026-03-01T00:00:00.000+01:00,2026-02-28T23:00:00Z,0.384,20
1946,Potencia instalada de generación autoconsumo cogeneración,2026-03-01T00:00:00.000+01:00,2026-02-28T23:00:00Z,3.649,18
1946,Potencia instalada de generación autoconsumo cogeneración,2026-03-01T00:00:00.000+01:00,2026-02-28T23:00:00Z,108.015,17
1946,Potencia instalada de generación autoconsumo cogeneración,2026-03-01T00:00:00.000+01:00,2026-02-28T23:00:00Z,3.848,16
1946,Potencia instalada de generación autoconsumo cogeneración,2026-03-01T00:00:00.000+01:00,2026-02-28T23:00:00Z,283.652,15
1946,Potencia instalada de generación autoconsumo cogeneración,2026-03-01T00:00:00.000+01:00,2026-02-28T23:00:00Z,25.506,14
1946,Potencia instalada de generación autoconsumo cogeneración,2026-03-01T00:00:00.000+01:00,2026-02-28T23:00:00Z,29.978,13
1946,Potencia instalada de generación autoconsumo cogeneración,2026-03-01T00:00:00.000+01:00,2026-02-28T23:00:00Z,51.022,11
1946,Potencia instalada de generación autoconsumo cogeneración,2026-03-01T00:00:00.000+01:00,2026-02-28T23:00:00Z,116.931,10
1946,Potencia instalada de generación autoconsumo cogeneración,2026-03-01T00:00:00.000+01:00,2026-02-28T23:00:00Z,496.871,9
1946,Potencia instalada de generación autoconsumo cogeneración,2026-03-01T00:00:00.000+01:00,2026-02-28T23:00:00Z,171.176,8
1946,Potencia instalada de generación autoconsumo cogeneración,2026-03-01T00:00:00.000+01:00,2026-02-28T23:00:00Z,97.384,7
1946,Potencia instalada de generación autoconsumo cogeneración,2026-03-01T00:00:00.000+01:00,2026-02-28T23:00:00Z,188.93,6
1946,Potencia instalada de generación autoconsumo cogeneración,2026-03-01T00:00:00.000+01:00,2026-02-28T23:00:00Z,256.186,5
1946,Potencia instalada de generación autoconsumo cogeneración,2026-03-01T00:00:00.000+01:00,2026-02-28T23:00:00Z,372.139,4
1946,Potencia instalada de generación autoconsumo cogeneración,2026-04-01T00:00:00.000+02:00,2026-03-31T22:00:00Z,58.532,21
1946,Potencia instalada de generación autoconsumo cogeneración,2026-04-01T00:00:00.000+02:00,2026-03-31T22:00:00Z,0.384,20
1946,Potencia instalada de generación autoconsumo cogeneración,2026-04-01T00:00:00.000+02:00,2026-03-31T22:00:00Z,3.649,18
1946,Potencia instalada de generación autoconsumo cogeneración,2026-04-01T00:00:00.000+02:00,2026-03-31T22:00:00Z,108.015,17
1946,Potencia instalada de generación autoconsumo cogeneración,2026-04-01T00:00:00.000+02:00,2026-03-31T22:00:00Z,3.848,16
1946,Potencia instalada de generación autoconsumo cogeneración,2026-04-01T00:00:00.000+02:00,2026-03-31T22:00:00Z,283.652,15
1946,Potencia instalada de generación autoconsumo cogeneración,2026-04-01T00:00:00.000+02:00,2026-03-31T22:00:00Z,25.506,14
1946,Potencia instalada de generación autoconsumo cogeneración,2026-04-01T00:00:00.000+02:00,2026-03-31T22:00:00Z,29.978,13
1946,Potencia instalada de generación autoconsumo cogeneración,2026-04-01T00:00:00.000+02:00,2026-03-31T22:00:00Z,51.022,11
1946,Potencia instalada de generación autoconsumo cogeneración,2026-04-01T00:00:00.000+02:00,2026-03-31T22:00:00Z,116.931,10
1946,Potencia instalada de generación autoconsumo cogeneración,2026-04-01T00:00:00.000+02:00,2026-03-31T22:00:00Z,496.871,9
1946,Potencia instalada de generación autoconsumo cogeneración,2026-04-01T00:00:00.000+02:00,2026-03-31T22:00:00Z,171.176,8
1946,Potencia instalada de generación autoconsumo cogeneración,2026-04-01T00:00:00.000+02:00,2026-03-31T22:00:00Z,97.384,7
1946,Potencia instalada de generación autoconsumo cogeneración,2026-04-01T00:00:00.000+02:00,2026-03-31T22:00:00Z,188.93,6
1946,Potencia instalada de generación autoconsumo cogeneración,2026-04-01T00:00:00.000+02:00,2026-03-31T22:00:00Z,256.186,5
1946,Potencia instalada de generación autoconsumo cogeneración,2026-04-01T00:00:00.000+02:00,2026-03-31T22:00:00Z,372.139,4
1946,Potencia instalada de generación autoconsumo cogeneración,2026-05-01T00:00:00.000+02:00,2026-04-30T22:00:00Z,58.532,21
1946,Potencia instalada de generación autoconsumo cogeneración,2026-05-01T00:00:00.000+02:00,2026-04-30T22:00:00Z,0.384,20
1946,Potencia instalada de generación autoconsumo cogeneración,2026-05-01T00:00:00.000+02:00,2026-04-30T22:00:00Z,3.649,18
1946,Potencia instalada de generación autoconsumo cogeneración,2026-05-01T00:00:00.000+02:00,2026-04-30T22:00:00Z,108.015,17
1946,Potencia instalada de generación autoconsumo cogeneración,2026-05-01T00:00:00.000+02:00,2026-04-30T22:00:00Z,3.848,16
1946,Potencia instalada de generación autoconsumo cogeneración,2026-05-01T00:00:00.000+02:00,2026-04-30T22:00:00Z,284.478,15
1946,Potencia instalada de generación autoconsumo cogeneración,2026-05-01T00:00:00.000+02:00,2026-04-30T22:00:00Z,25.506,14
1946,Potencia instalada de generación autoconsumo cogeneración,2026-05-01T00:00:00.000+02:00,2026-04-30T22:00:00Z,29.978,13
1946,Potencia instalada de generación autoconsumo cogeneración,2026-05-01T00:00:00.000+02:00,2026-04-30T22:00:00Z,116.931,10
1946,Potencia instalada de generación autoconsumo cogeneración,2026-05-01T00:00:00.000+02:00,2026-04-30T22:00:00Z,496.871,9
1946,Potencia instalada de generación autoconsumo cogeneración,2026-05-01T00:00:00.000+02:00,2026-04-30T22:00:00Z,171.176,8
1946,Potencia instalada de generación autoconsumo cogeneración,2026-05-01T00:00:00.000+02:00,2026-04-30T22:00:00Z,97.384,7
1946,Potencia instalada de generación autoconsumo cogeneración,2026-05-01T00:00:00.000+02:00,2026-04-30T22:00:00Z,188.93,6
1946,Potencia instalada de generación autoconsumo cogeneración,2026-05-01T00:00:00.000+02:00,2026-04-30T22:00:00Z,256.186,5
1946,Potencia instalada de generación autoconsumo cogeneración,2026-05-01T00:00:00.000+02:00,2026-04-30T22:00:00Z,372.139,4
1946,Potencia instalada de generación autoconsumo cogeneración,2026-05-01T00:00:00.000+02:00,2026-04-30T22:00:00Z,51.022,11
1946,Potencia instalada de generación autoconsumo cogeneración,2026-06-01T00:00:00.000+02:00,2026-05-31T22:00:00Z,25.506,14
1946,Potencia instalada de generación autoconsumo cogeneración,2026-06-01T00:00:00.000+02:00,2026-05-31T22:00:00Z,0.384,20
1946,Potencia instalada de generación autoconsumo cogeneración,2026-06-01T00:00:00.000+02:00,2026-05-31T22:00:00Z,3.649,18
1946,Potencia instalada de generación autoconsumo cogeneración,2026-06-01T00:00:00.000+02:00,2026-05-31T22:00:00Z,108.015,17
1946,Potencia instalada de generación autoconsumo cogeneración,2026-06-01T00:00:00.000+02:00,2026-05-31T22:00:00Z,58.532,21
1946,Potencia instalada de generación autoconsumo cogeneración,2026-06-01T00:00:00.000+02:00,2026-05-31T22:00:00Z,3.848,16
1946,Potencia instalada de generación autoconsumo cogeneración,2026-06-01T00:00:00.000+02:00,2026-05-31T22:00:00Z,284.485,15
1946,Potencia instalada de generación autoconsumo cogeneración,2026-06-01T00:00:00.000+02:00,2026-05-31T22:00:00Z,29.978,13
1946,Potencia instalada de generación autoconsumo cogeneración,2026-06-01T00:00:00.000+02:00,2026-05-31T22:00:00Z,93.464,7
1946,Potencia instalada de generación autoconsumo cogeneración,2026-06-01T00:00:00.000+02:00,2026-05-31T22:00:00Z,116.931,10
1946,Potencia instalada de generación autoconsumo cogeneración,2026-06-01T00:00:00.000+02:00,2026-05-31T22:00:00Z,492.411,9
1946,Potencia instalada de generación autoconsumo cogeneración,2026-06-01T00:00:00.000+02:00,2026-05-31T22:00:00Z,171.176,8
1946,Potencia instalada de generación autoconsumo cogeneración,2026-06-01T00:00:00.000+02:00,2026-05-31T22:00:00Z,188.93,6
1946,Potencia instalada de generación autoconsumo cogeneración,2026-06-01T00:00:00.000+02:00,2026-05-31T22:00:00Z,256.186,5
1946,Potencia instalada de generación autoconsumo cogeneración,2026-06-01T00:00:00.000+02:00,2026-05-31T22:00:00Z,372.139,4
1946,Potencia instalada de generación autoconsumo cogeneración,2026-06-01T00:00:00.000+02:00,2026-05-31T22:00:00Z,51.022,11
1946,Potencia instalada de generación autoconsumo cogeneración,2026-07-01T00:00:00.000+02:00,2026-06-30T22:00:00Z,58.532,21
1946,Potencia instalada de generación autoconsumo cogeneración,2026-07-01T00:00:00.000+02:00,2026-06-30T22:00:00Z,0.384,20
1946,Potencia instalada de generación autoconsumo cogeneración,2026-07-01T00:00:00.000+02:00,2026-06-30T22:00:00Z,3.649,18
1946,Potencia instalada de generación autoconsumo cogeneración,2026-07-01T00:00:00.000+02:00,2026-06-30T22:00:00Z,108.015,17
1946,Potencia instalada de generación autoconsumo cogeneración,2026-07-01T00:00:00.000+02:00,2026-06-30T22:00:00Z,3.848,16
1946,Potencia instalada de generación autoconsumo cogeneración,2026-07-01T00:00:00.000+02:00,2026-06-30T22:00:00Z,284.485,15
1946,Potencia instalada de generación autoconsumo cogeneración,2026-07-01T00:00:00.000+02:00,2026-06-30T22:00:00Z,25.506,14
1946,Potencia instalada de generación autoconsumo cogeneración,2026-07-01T00:00:00.000+02:00,2026-06-30T22:00:00Z,29.986,13
1946,Potencia instalada de generación autoconsumo cogeneración,2026-07-01T00:00:00.000+02:00,2026-06-30T22:00:00Z,116.931,10
1946,Potencia instalada de generación autoconsumo cogeneración,2026-07-01T00:00:00.000+02:00,2026-06-30T22:00:00Z,487.021,9
1946,Potencia instalada de generación autoconsumo cogeneración,2026-07-01T00:00:00.000+02:00,2026-06-30T22:00:00Z,171.176,8
1946,Potencia instalada de generación autoconsumo cogeneración,2026-07-01T00:00:00.000+02:00,2026-06-30T22:00:00Z,93.474,7
1946,Potencia instalada de generación autoconsumo cogeneración,2026-07-01T00:00:00.000+02:00,2026-06-30T22:00:00Z,188.93,6
1946,Potencia instalada de generación autoconsumo cogeneración,2026-07-01T00:00:00.000+02:00,2026-06-30T22:00:00Z,256.186,5
1946,Potencia instalada de generación autoconsumo cogeneración,2026-07-01T00:00:00.000+02:00,2026-06-30T22:00:00Z,372.139,4
1946,Potencia instalada de generación autoconsumo cogeneración,2026-07-01T00:00:00.000+02:00,2026-06-30T22:00:00Z,51.022,11
1946,Potencia instalada de generación autoconsumo cogeneración,2026-08-01T00:00:00.000+02:00,2026-07-31T22:00:00Z,25.506,14
1946,Potencia instalada de generación autoconsumo cogeneración,2026-08-01T00:00:00.000+02:00,2026-07-31T22:00:00Z,0.384,20
1946,Potencia instalada de generación autoconsumo cogeneración,2026-08-01T00:00:00.000+02:00,2026-07-31T22:00:00Z,3.649,18
1946,Potencia instalada de generación autoconsumo cogeneración,2026-08-01T00:00:00.000+02:00,2026-07-31T22:00:00Z,108.015,17
1946,Potencia instalada de generación autoconsumo cogeneración,2026-08-01T00:00:00.000+02:00,2026-07-31T22:00:00Z,3.848,16
1946,Potencia instalada de generación autoconsumo cogeneración,2026-08-01T00:00:00.000+02:00,2026-07-31T22:00:00Z,58.532,21
1946,Potencia instalada de generación autoconsumo cogeneración,2026-08-01T00:00:00.000+02:00,2026-07-31T22:00:00Z,284.485,15
1946,Potencia instalada de generación autoconsumo cogeneración,2026-08-01T00:00:00.000+02:00,2026-07-31T22:00:00Z,29.986,13
1946,Potencia instalada de generación autoconsumo cogeneración,2026-08-01T00:00:00.000+02:00,2026-07-31T22:00:00Z,171.176,8
1946,Potencia instalada de generación autoconsumo cogeneración,2026-08-01T00:00:00.000+02:00,2026-07-31T22:00:00Z,116.931,10
1946,Potencia instalada de generación autoconsumo cogeneración,2026-08-01T00:00:00.000+02:00,2026-07-31T22:00:00Z,487.021,9
1946,Potencia instalada de generación autoconsumo cogeneración,2026-08-01T00:00:00.000+02:00,2026-07-31T22:00:00Z,93.474,7
1946,Potencia instalada de generación autoconsumo cogeneración,2026-08-01T00:00:00.000+02:00,2026-07-31T22:00:00Z,188.93,6
1946,Potencia instalada de generación autoconsumo cogeneración,2026-08-01T00:00:00.000+02:00,2026-07-31T22:00:00Z,254.186,5
1946,Potencia instalada de generación autoconsumo cogeneración,2026-08-01T00:00:00.000+02:00,2026-07-31T22:00:00Z,335.251,4
1946,Potencia instalada de generación autoconsumo cogeneración,2026-08-01T00:00:00.000+02:00,2026-07-31T22:00:00Z,51.022,11
1946,Potencia instalada de generación autoconsumo cogeneración,2026-09-01T00:00:00.000+02:00,2026-08-31T22:00:00Z,3.649,18
1946,Potencia instalada de generación autoconsumo cogeneración,2026-09-01T00:00:00.000+02:00,2026-08-31T22:00:00Z,108.015,17
1946,Potencia instalada de generación autoconsumo cogeneración,2026-09-01T00:00:00.000+02:00,2026-08-31T22:00:00Z,3.848,16
1946,Potencia instalada de generación autoconsumo cogeneración,2026-09-01T00:00:00.000+02:00,2026-08-31T22:00:00Z,284.485,15
1946,Potencia instalada de generación autoconsumo cogeneración,2026-09-01T00:00:00.000+02:00,2026-08-31T22:00:00Z,25.506,14
1946,Potencia instalada de generación autoconsumo cogeneración,2026-09-01T00:00:00.000+02:00,2026-08-31T22:00:00Z,29.997,13
1946,Potencia instalada de generación autoconsumo cogeneración,2026-09-01T00:00:00.000+02:00,2026-08-31T22:00:00Z,51.022,11
1946,Potencia instalada de generación autoconsumo cogeneración,2026-09-01T00:00:00.000+02:00,2026-08-31T22:00:00Z,171.176,8
1946,Potencia instalada de generación autoconsumo cogeneración,2026-09-01T00:00:00.000+02:00,2026-08-31T22:00:00Z,487.021,9
1946,Potencia instalada de generación autoconsumo cogeneración,2026-09-01T00:00:00.000+02:00,2026-08-31T22:00:00Z,93.474,7
1946,Potencia instalada de generación autoconsumo cogeneración,2026-09-01T00:00:00.000+02:00,2026-08-31T22:00:00Z,188.93,6
1946,Potencia instalada de generación autoconsumo cogeneración,2026-09-01T00:00:00.000+02:00,2026-08-31T22:00:00Z,254.186,5
1946,Potencia instalada de generación autoconsumo cogeneración,2026-09-01T00:00:00.000+02:00,2026-08-31T22:00:00Z,335.251,4
1946,Potencia instalada de generación autoconsumo cogeneración,2026-09-01T00:00:00.000+02:00,2026-08-31T22:00:00Z,0.384,20
1946,Potencia instalada de generación autoconsumo cogeneración,2026-09-01T00:00:00.000+02:00,2026-08-31T22:00:00Z,116.931,10
1946,Potencia instalada de generación autoconsumo cogeneración,2026-09-01T00:00:00.000+02:00,2026-08-31T22:00:00Z,58.532,21
1947,Potencia instalada de generación autoconsumo otras renovables,2025-08-01T00:00:00.000+02:00,2025-07-31T22:00:00Z,134.395,4
1947,Potencia instalada de generación autoconsumo otras renovables,2025-08-01T00:00:00.000+02:00,2025-07-31T22:00:00Z,0.35,21
1947,Potencia instalada de generación autoconsumo otras renovables,2025-08-01T00:00:00.000+02:00,2025-07-31T22:00:00Z,2.287,20
1947,Potencia instalada de generación autoconsumo otras renovables,2025-08-01T00:00:00.000+02:00,2025-07-31T22:00:00Z,5.012,19
1947,Potencia instalada de generación autoconsumo otras renovables,2025-08-01T00:00:00.000+02:00,2025-07-31T22:00:00Z,8.22,18
1947,Potencia instalada de generación autoconsumo otras renovables,2025-08-01T00:00:00.000+02:00,2025-07-31T22:00:00Z,0.03,16
1947,Potencia instalada de generación autoconsumo otras renovables,2025-08-01T00:00:00.000+02:00,2025-07-31T22:00:00Z,1.256,15
1947,Potencia instalada de generación autoconsumo otras renovables,2025-08-01T00:00:00.000+02:00,2025-07-31T22:00:00Z,5.216,14
1947,Potencia instalada de generación autoconsumo otras renovables,2025-08-01T00:00:00.000+02:00,2025-07-31T22:00:00Z,6.7,17
1947,Potencia instalada de generación autoconsumo otras renovables,2025-08-01T00:00:00.000+02:00,2025-07-31T22:00:00Z,0.368,11
1947,Potencia instalada de generación autoconsumo otras renovables,2025-08-01T00:00:00.000+02:00,2025-07-31T22:00:00Z,6.245,10
1947,Potencia instalada de generación autoconsumo otras renovables,2025-08-01T00:00:00.000+02:00,2025-07-31T22:00:00Z,104.858,9
1947,Potencia instalada de generación autoconsumo otras renovables,2025-08-01T00:00:00.000+02:00,2025-07-31T22:00:00Z,42.415,8
1947,Potencia instalada de generación autoconsumo otras renovables,2025-08-01T00:00:00.000+02:00,2025-07-31T22:00:00Z,1.05,7
1947,Potencia instalada de generación autoconsumo otras renovables,2025-08-01T00:00:00.000+02:00,2025-07-31T22:00:00Z,66.097,5
1947,Potencia instalada de generación autoconsumo otras renovables,2025-08-01T00:00:00.000+02:00,2025-07-31T22:00:00Z,6.922,13
1947,Potencia instalada de generación autoconsumo otras renovables,2025-09-01T00:00:00.000+02:00,2025-08-31T22:00:00Z,1.256,15
1947,Potencia instalada de generación autoconsumo otras renovables,2025-09-01T00:00:00.000+02:00,2025-08-31T22:00:00Z,0.35,21
1947,Potencia instalada de generación autoconsumo otras renovables,2025-09-01T00:00:00.000+02:00,2025-08-31T22:00:00Z,2.287,20
1947,Potencia instalada de generación autoconsumo otras renovables,2025-09-01T00:00:00.000+02:00,2025-08-31T22:00:00Z,5.012,19
1947,Potencia instalada de generación autoconsumo otras renovables,2025-09-01T00:00:00.000+02:00,2025-08-31T22:00:00Z,8.22,18
1947,Potencia instalada de generación autoconsumo otras renovables,2025-09-01T00:00:00.000+02:00,2025-08-31T22:00:00Z,0.03,16
1947,Potencia instalada de generación autoconsumo otras renovables,2025-09-01T00:00:00.000+02:00,2025-08-31T22:00:00Z,5.216,14
1947,Potencia instalada de generación autoconsumo otras renovables,2025-09-01T00:00:00.000+02:00,2025-08-31T22:00:00Z,6.7,17
1947,Potencia instalada de generación autoconsumo otras renovables,2025-09-01T00:00:00.000+02:00,2025-08-31T22:00:00Z,0.368,11
1947,Potencia instalada de generación autoconsumo otras renovables,2025-09-01T00:00:00.000+02:00,2025-08-31T22:00:00Z,6.245,10
1947,Potencia instalada de generación autoconsumo otras renovables,2025-09-01T00:00:00.000+02:00,2025-08-31T22:00:00Z,104.858,9
1947,Potencia instalada de generación autoconsumo otras renovables,2025-09-01T00:00:00.000+02:00,2025-08-31T22:00:00Z,42.415,8
1947,Potencia instalada de generación autoconsumo otras renovables,2025-09-01T00:00:00.000+02:00,2025-08-31T22:00:00Z,1.05,7
1947,Potencia instalada de generación autoconsumo otras renovables,2025-09-01T00:00:00.000+02:00,2025-08-31T22:00:00Z,66.097,5
1947,Potencia instalada de generación autoconsumo otras renovables,2025-09-01T00:00:00.000+02:00,2025-08-31T22:00:00Z,134.395,4
1947,Potencia instalada de generación autoconsumo otras renovables,2025-09-01T00:00:00.000+02:00,2025-08-31T22:00:00Z,6.922,13
1947,Potencia instalada de generación autoconsumo otras renovables,2025-10-01T00:00:00.000+02:00,2025-09-30T22:00:00Z,0.35,21
1947,Potencia instalada de generación autoconsumo otras renovables,2025-10-01T00:00:00.000+02:00,2025-09-30T22:00:00Z,2.287,20
1947,Potencia instalada de generación autoconsumo otras renovables,2025-10-01T00:00:00.000+02:00,2025-09-30T22:00:00Z,5.012,19
1947,Potencia instalada de generación autoconsumo otras renovables,2025-10-01T00:00:00.000+02:00,2025-09-30T22:00:00Z,11.9,18
1947,Potencia instalada de generación autoconsumo otras renovables,2025-10-01T00:00:00.000+02:00,2025-09-30T22:00:00Z,6.7,17
1947,Potencia instalada de generación autoconsumo otras renovables,2025-10-01T00:00:00.000+02:00,2025-09-30T22:00:00Z,0.03,16
1947,Potencia instalada de generación autoconsumo otras renovables,2025-10-01T00:00:00.000+02:00,2025-09-30T22:00:00Z,1.356,15
1947,Potencia instalada de generación autoconsumo otras renovables,2025-10-01T00:00:00.000+02:00,2025-09-30T22:00:00Z,5.216,14
1947,Potencia instalada de generación autoconsumo otras renovables,2025-10-01T00:00:00.000+02:00,2025-09-30T22:00:00Z,6.922,13
1947,Potencia instalada de generación autoconsumo otras renovables,2025-10-01T00:00:00.000+02:00,2025-09-30T22:00:00Z,6.245,10
1947,Potencia instalada de generación autoconsumo otras renovables,2025-10-01T00:00:00.000+02:00,2025-09-30T22:00:00Z,104.858,9
1947,Potencia instalada de generación autoconsumo otras renovables,2025-10-01T00:00:00.000+02:00,2025-09-30T22:00:00Z,42.415,8
1947,Potencia instalada de generación autoconsumo otras renovables,2025-10-01T00:00:00.000+02:00,2025-09-30T22:00:00Z,1.05,7
1947,Potencia instalada de generación autoconsumo otras renovables,2025-10-01T00:00:00.000+02:00,2025-09-30T22:00:00Z,66.097,5
1947,Potencia instalada de generación autoconsumo otras renovables,2025-10-01T00:00:00.000+02:00,2025-09-30T22:00:00Z,134.395,4
1947,Potencia instalada de generación autoconsumo otras renovables,2025-10-01T00:00:00.000+02:00,2025-09-30T22:00:00Z,0.368,11
1947,Potencia instalada de generación autoconsumo otras renovables,2025-11-01T00:00:00.000+01:00,2025-10-31T23:00:00Z,1.356,15
1947,Potencia instalada de generación autoconsumo otras renovables,2025-11-01T00:00:00.000+01:00,2025-10-31T23:00:00Z,0.35,21
1947,Potencia instalada de generación autoconsumo otras renovables,2025-11-01T00:00:00.000+01:00,2025-10-31T23:00:00Z,2.287,20
1947,Potencia instalada de generación autoconsumo otras renovables,2025-11-01T00:00:00.000+01:00,2025-10-31T23:00:00Z,5.012,19
1947,Potencia instalada de generación autoconsumo otras renovables,2025-11-01T00:00:00.000+01:00,2025-10-31T23:00:00Z,11.9,18
1947,Potencia instalada de generación autoconsumo otras renovables,2025-11-01T00:00:00.000+01:00,2025-10-31T23:00:00Z,6.7,17
1947,Potencia instalada de generación autoconsumo otras renovables,2025-11-01T00:00:00.000+01:00,2025-10-31T23:00:00Z,0.03,16
1947,Potencia instalada de generación autoconsumo otras renovables,2025-11-01T00:00:00.000+01:00,2025-10-31T23:00:00Z,5.376,14
1947,Potencia instalada de generación autoconsumo otras renovables,2025-11-01T00:00:00.000+01:00,2025-10-31T23:00:00Z,42.415,8
1947,Potencia instalada de generación autoconsumo otras renovables,2025-11-01T00:00:00.000+01:00,2025-10-31T23:00:00Z,0.368,11
1947,Potencia instalada de generación autoconsumo otras renovables,2025-11-01T00:00:00.000+01:00,2025-10-31T23:00:00Z,6.245,10
1947,Potencia instalada de generación autoconsumo otras renovables,2025-11-01T00:00:00.000+01:00,2025-10-31T23:00:00Z,104.858,9
1947,Potencia instalada de generación autoconsumo otras renovables,2025-11-01T00:00:00.000+01:00,2025-10-31T23:00:00Z,6.922,13
1947,Potencia instalada de generación autoconsumo otras renovables,2025-11-01T00:00:00.000+01:00,2025-10-31T23:00:00Z,1.05,7
1947,Potencia instalada de generación autoconsumo otras renovables,2025-11-01T00:00:00.000+01:00,2025-10-31T23:00:00Z,66.097,5
1947,Potencia instalada de generación autoconsumo otras renovables,2025-11-01T00:00:00.000+01:00,2025-10-31T23:00:00Z,134.395,4
1947,Potencia instalada de generación autoconsumo otras renovables,2025-12-01T00:00:00.000+01:00,2025-11-30T23:00:00Z,2.287,20
1947,Potencia instalada de generación autoconsumo otras renovables,2025-12-01T00:00:00.000+01:00,2025-11-30T23:00:00Z,5.012,19
1947,Potencia instalada de generación autoconsumo otras renovables,2025-12-01T00:00:00.000+01:00,2025-11-30T23:00:00Z,11.9,18
1947,Potencia instalada de generación autoconsumo otras renovables,2025-12-01T00:00:00.000+01:00,2025-11-30T23:00:00Z,6.7,17
1947,Potencia instalada de generación autoconsumo otras renovables,2025-12-01T00:00:00.000+01:00,2025-11-30T23:00:00Z,0.03,16
1947,Potencia instalada de generación autoconsumo otras renovables,2025-12-01T00:00:00.000+01:00,2025-11-30T23:00:00Z,1.356,15
1947,Potencia instalada de generación autoconsumo otras renovables,2025-12-01T00:00:00.000+01:00,2025-11-30T23:00:00Z,5.376,14
1947,Potencia instalada de generación autoconsumo otras renovables,2025-12-01T00:00:00.000+01:00,2025-11-30T23:00:00Z,0.35,21
1947,Potencia instalada de generación autoconsumo otras renovables,2025-12-01T00:00:00.000+01:00,2025-11-30T23:00:00Z,0.368,11
1947,Potencia instalada de generación autoconsumo otras renovables,2025-12-01T00:00:00.000+01:00,2025-11-30T23:00:00Z,6.245,10
1947,Potencia instalada de generación autoconsumo otras renovables,2025-12-01T00:00:00.000+01:00,2025-11-30T23:00:00Z,104.858,9
1947,Potencia instalada de generación autoconsumo otras renovables,2025-12-01T00:00:00.000+01:00,2025-11-30T23:00:00Z,42.415,8
1947,Potencia instalada de generación autoconsumo otras renovables,2025-12-01T00:00:00.000+01:00,2025-11-30T23:00:00Z,1.05,7
1947,Potencia instalada de generación autoconsumo otras renovables,2025-12-01T00:00:00.000+01:00,2025-11-30T23:00:00Z,66.097,5
1947,Potencia instalada de generación autoconsumo otras renovables,2025-12-01T00:00:00.000+01:00,2025-11-30T23:00:00Z,134.395,4
1947,Potencia instalada de generación autoconsumo otras renovables,2025-12-01T00:00:00.000+01:00,2025-11-30T23:00:00Z,6.922,13
1947,Potencia instalada de generación autoconsumo otras renovables,2026-01-01T00:00:00.000+01:00,2025-12-31T23:00:00Z,0.35,21
1947,Potencia instalada de generación autoconsumo otras renovables,2026-01-01T00:00:00.000+01:00,2025-12-31T23:00:00Z,2.287,20
1947,Potencia instalada de generación autoconsumo otras renovables,2026-01-01T00:00:00.000+01:00,2025-12-31T23:00:00Z,5.012,19
1947,Potencia instalada de generación autoconsumo otras renovables,2026-01-01T00:00:00.000+01:00,2025-12-31T23:00:00Z,11.9,18
1947,Potencia instalada de generación autoconsumo otras renovables,2026-01-01T00:00:00.000+01:00,2025-12-31T23:00:00Z,6.7,17
1947,Potencia instalada de generación autoconsumo otras renovables,2026-01-01T00:00:00.000+01:00,2025-12-31T23:00:00Z,0.03,16
1947,Potencia instalada de generación autoconsumo otras renovables,2026-01-01T00:00:00.000+01:00,2025-12-31T23:00:00Z,1.356,15
1947,Potencia instalada de generación autoconsumo otras renovables,2026-01-01T00:00:00.000+01:00,2025-12-31T23:00:00Z,5.376,14
1947,Potencia instalada de generación autoconsumo otras renovables,2026-01-01T00:00:00.000+01:00,2025-12-31T23:00:00Z,6.922,13
1947,Potencia instalada de generación autoconsumo otras renovables,2026-01-01T00:00:00.000+01:00,2025-12-31T23:00:00Z,6.245,10
1947,Potencia instalada de generación autoconsumo otras renovables,2026-01-01T00:00:00.000+01:00,2025-12-31T23:00:00Z,104.858,9
1947,Potencia instalada de generación autoconsumo otras renovables,2026-01-01T00:00:00.000+01:00,2025-12-31T23:00:00Z,42.415,8
1947,Potencia instalada de generación autoconsumo otras renovables,2026-01-01T00:00:00.000+01:00,2025-12-31T23:00:00Z,1.05,7
1947,Potencia instalada de generación autoconsumo otras renovables,2026-01-01T00:00:00.000+01:00,2025-12-31T23:00:00Z,66.097,5
1947,Potencia instalada de generación autoconsumo otras renovables,2026-01-01T00:00:00.000+01:00,2025-12-31T23:00:00Z,134.395,4
1947,Potencia instalada de generación autoconsumo otras renovables,2026-01-01T00:00:00.000+01:00,2025-12-31T23:00:00Z,0.368,11
1947,Potencia instalada de generación autoconsumo otras renovables,2026-02-01T00:00:00.000+01:00,2026-01-31T23:00:00Z,1.356,15
1947,Potencia instalada de generación autoconsumo otras renovables,2026-02-01T00:00:00.000+01:00,2026-01-31T23:00:00Z,2.287,20
1947,Potencia instalada de generación autoconsumo otras renovables,2026-02-01T00:00:00.000+01:00,2026-01-31T23:00:00Z,5.012,19
1947,Potencia instalada de generación autoconsumo otras renovables,2026-02-01T00:00:00.000+01:00,2026-01-31T23:00:00Z,11.9,18
1947,Potencia instalada de generación autoconsumo otras renovables,2026-02-01T00:00:00.000+01:00,2026-01-31T23:00:00Z,6.7,17
1947,Potencia instalada de generación autoconsumo otras renovables,2026-02-01T00:00:00.000+01:00,2026-01-31T23:00:00Z,0.03,16
1947,Potencia instalada de generación autoconsumo otras renovables,2026-02-01T00:00:00.000+01:00,2026-01-31T23:00:00Z,5.376,14
1947,Potencia instalada de generación autoconsumo otras renovables,2026-02-01T00:00:00.000+01:00,2026-01-31T23:00:00Z,0.35,21
1947,Potencia instalada de generación autoconsumo otras renovables,2026-02-01T00:00:00.000+01:00,2026-01-31T23:00:00Z,0.368,11
1947,Potencia instalada de generación autoconsumo otras renovables,2026-02-01T00:00:00.000+01:00,2026-01-31T23:00:00Z,6.245,10
1947,Potencia instalada de generación autoconsumo otras renovables,2026-02-01T00:00:00.000+01:00,2026-01-31T23:00:00Z,104.858,9
1947,Potencia instalada de generación autoconsumo otras renovables,2026-02-01T00:00:00.000+01:00,2026-01-31T23:00:00Z,42.415,8
1947,Potencia instalada de generación autoconsumo otras renovables,2026-02-01T00:00:00.000+01:00,2026-01-31T23:00:00Z,1.05,7
1947,Potencia instalada de generación autoconsumo otras renovables,2026-02-01T00:00:00.000+01:00,2026-01-31T23:00:00Z,66.097,5
1947,Potencia instalada de generación autoconsumo otras renovables,2026-02-01T00:00:00.000+01:00,2026-01-31T23:00:00Z,134.395,4
1947,Potencia instalada de generación autoconsumo otras renovables,2026-02-01T00:00:00.000+01:00,2026-01-31T23:00:00Z,6.922,13
1947,Potencia instalada de generación autoconsumo otras renovables,2026-03-01T00:00:00.000+01:00,2026-02-28T23:00:00Z,0.35,21
1947,Potencia instalada de generación autoconsumo otras renovables,2026-03-01T00:00:00.000+01:00,2026-02-28T23:00:00Z,2.287,20
1947,Potencia instalada de generación autoconsumo otras renovables,2026-03-01T00:00:00.000+01:00,2026-02-28T23:00:00Z,5.012,19
1947,Potencia instalada de generación autoconsumo otras renovables,2026-03-01T00:00:00.000+01:00,2026-02-28T23:00:00Z,11.9,18
1947,Potencia instalada de generación autoconsumo otras renovables,2026-03-01T00:00:00.000+01:00,2026-02-28T23:00:00Z,6.7,17
1947,Potencia instalada de generación autoconsumo otras renovables,2026-03-01T00:00:00.000+01:00,2026-02-28T23:00:00Z,0.03,16
1947,Potencia instalada de generación autoconsumo otras renovables,2026-03-01T00:00:00.000+01:00,2026-02-28T23:00:00Z,1.356,15
1947,Potencia instalada de generación autoconsumo otras renovables,2026-03-01T00:00:00.000+01:00,2026-02-28T23:00:00Z,5.376,14
1947,Potencia instalada de generación autoconsumo otras renovables,2026-03-01T00:00:00.000+01:00,2026-02-28T23:00:00Z,6.922,13
1947,Potencia instalada de generación autoconsumo otras renovables,2026-03-01T00:00:00.000+01:00,2026-02-28T23:00:00Z,0.368,11
1947,Potencia instalada de generación autoconsumo otras renovables,2026-03-01T00:00:00.000+01:00,2026-02-28T23:00:00Z,6.245,10
1947,Potencia instalada de generación autoconsumo otras renovables,2026-03-01T00:00:00.000+01:00,2026-02-28T23:00:00Z,104.858,9
1947,Potencia instalada de generación autoconsumo otras renovables,2026-03-01T00:00:00.000+01:00,2026-02-28T23:00:00Z,42.415,8
1947,Potencia instalada de generación autoconsumo otras renovables,2026-03-01T00:00:00.000+01:00,2026-02-28T23:00:00Z,1.05,7
1947,Potencia instalada de generación autoconsumo otras renovables,2026-03-01T00:00:00.000+01:00,2026-02-28T23:00:00Z,66.097,5
1947,Potencia instalada de generación autoconsumo otras renovables,2026-03-01T00:00:00.000+01:00,2026-02-28T23:00:00Z,134.395,4
1947,Potencia instalada de generación autoconsumo otras renovables,2026-04-01T00:00:00.000+02:00,2026-03-31T22:00:00Z,0.51,21
1947,Potencia instalada de generación autoconsumo otras renovables,2026-04-01T00:00:00.000+02:00,2026-03-31T22:00:00Z,2.287,20
1947,Potencia instalada de generación autoconsumo otras renovables,2026-04-01T00:00:00.000+02:00,2026-03-31T22:00:00Z,5.012,19
1947,Potencia instalada de generación autoconsumo otras renovables,2026-04-01T00:00:00.000+02:00,2026-03-31T22:00:00Z,11.9,18
1947,Potencia instalada de generación autoconsumo otras renovables,2026-04-01T00:00:00.000+02:00,2026-03-31T22:00:00Z,6.7,17
1947,Potencia instalada de generación autoconsumo otras renovables,2026-04-01T00:00:00.000+02:00,2026-03-31T22:00:00Z,0.03,16
1947,Potencia instalada de generación autoconsumo otras renovables,2026-04-01T00:00:00.000+02:00,2026-03-31T22:00:00Z,1.356,15
1947,Potencia instalada de generación autoconsumo otras renovables,2026-04-01T00:00:00.000+02:00,2026-03-31T22:00:00Z,5.376,14
1947,Potencia instalada de generación autoconsumo otras renovables,2026-04-01T00:00:00.000+02:00,2026-03-31T22:00:00Z,6.922,13
1947,Potencia instalada de generación autoconsumo otras renovables,2026-04-01T00:00:00.000+02:00,2026-03-31T22:00:00Z,0.368,11
1947,Potencia instalada de generación autoconsumo otras renovables,2026-04-01T00:00:00.000+02:00,2026-03-31T22:00:00Z,6.245,10
1947,Potencia instalada de generación autoconsumo otras renovables,2026-04-01T00:00:00.000+02:00,2026-03-31T22:00:00Z,104.858,9
1947,Potencia instalada de generación autoconsumo otras renovables,2026-04-01T00:00:00.000+02:00,2026-03-31T22:00:00Z,42.415,8
1947,Potencia instalada de generación autoconsumo otras renovables,2026-04-01T00:00:00.000+02:00,2026-03-31T22:00:00Z,1.05,7
1947,Potencia instalada de generación autoconsumo otras renovables,2026-04-01T00:00:00.000+02:00,2026-03-31T22:00:00Z,66.097,5
1947,Potencia instalada de generación autoconsumo otras renovables,2026-04-01T00:00:00.000+02:00,2026-03-31T22:00:00Z,134.395,4
1947,Potencia instalada de generación autoconsumo otras renovables,2026-05-01T00:00:00.000+02:00,2026-04-30T22:00:00Z,0.51,21
1947,Potencia instalada de generación autoconsumo otras renovables,2026-05-01T00:00:00.000+02:00,2026-04-30T22:00:00Z,2.287,20
1947,Potencia instalada de generación autoconsumo otras renovables,2026-05-01T00:00:00.000+02:00,2026-04-30T22:00:00Z,5.012,19
1947,Potencia instalada de generación autoconsumo otras renovables,2026-05-01T00:00:00.000+02:00,2026-04-30T22:00:00Z,11.9,18
1947,Potencia instalada de generación autoconsumo otras renovables,2026-05-01T00:00:00.000+02:00,2026-04-30T22:00:00Z,6.7,17
1947,Potencia instalada de generación autoconsumo otras renovables,2026-05-01T00:00:00.000+02:00,2026-04-30T22:00:00Z,0.03,16
1947,Potencia instalada de generación autoconsumo otras renovables,2026-05-01T00:00:00.000+02:00,2026-04-30T22:00:00Z,1.356,15
1947,Potencia instalada de generación autoconsumo otras renovables,2026-05-01T00:00:00.000+02:00,2026-04-30T22:00:00Z,5.376,14
1947,Potencia instalada de generación autoconsumo otras renovables,2026-05-01T00:00:00.000+02:00,2026-04-30T22:00:00Z,0.368,11
1947,Potencia instalada de generación autoconsumo otras renovables,2026-05-01T00:00:00.000+02:00,2026-04-30T22:00:00Z,6.245,10
1947,Potencia instalada de generación autoconsumo otras renovables,2026-05-01T00:00:00.000+02:00,2026-04-30T22:00:00Z,104.858,9
1947,Potencia instalada de generación autoconsumo otras renovables,2026-05-01T00:00:00.000+02:00,2026-04-30T22:00:00Z,42.415,8
1947,Potencia instalada de generación autoconsumo otras renovables,2026-05-01T00:00:00.000+02:00,2026-04-30T22:00:00Z,1.05,7
1947,Potencia instalada de generación autoconsumo otras renovables,2026-05-01T00:00:00.000+02:00,2026-04-30T22:00:00Z,66.097,5
1947,Potencia instalada de generación autoconsumo otras renovables,2026-05-01T00:00:00.000+02:00,2026-04-30T22:00:00Z,134.395,4
1947,Potencia instalada de generación autoconsumo otras renovables,2026-05-01T00:00:00.000+02:00,2026-04-30T22:00:00Z,6.922,13
1947,Potencia instalada de generación autoconsumo otras renovables,2026-06-01T00:00:00.000+02:00,2026-05-31T22:00:00Z,1.356,15
1947,Potencia instalada de generación autoconsumo otras renovables,2026-06-01T00:00:00.000+02:00,2026-05-31T22:00:00Z,2.287,20
1947,Potencia instalada de generación autoconsumo otras renovables,2026-06-01T00:00:00.000+02:00,2026-05-31T22:00:00Z,5.012,19
1947,Potencia instalada de generación autoconsumo otras renovables,2026-06-01T00:00:00.000+02:00,2026-05-31T22:00:00Z,11.9,18
1947,Potencia instalada de generación autoconsumo otras renovables,2026-06-01T00:00:00.000+02:00,2026-05-31T22:00:00Z,0.51,21
1947,Potencia instalada de generación autoconsumo otras renovables,2026-06-01T00:00:00.000+02:00,2026-05-31T22:00:00Z,6.7,17
1947,Potencia instalada de generación autoconsumo otras renovables,2026-06-01T00:00:00.000+02:00,2026-05-31T22:00:00Z,0.03,16
1947,Potencia instalada de generación autoconsumo otras renovables,2026-06-01T00:00:00.000+02:00,2026-05-31T22:00:00Z,5.376,14
1947,Potencia instalada de generación autoconsumo otras renovables,2026-06-01T00:00:00.000+02:00,2026-05-31T22:00:00Z,42.415,8
1947,Potencia instalada de generación autoconsumo otras renovables,2026-06-01T00:00:00.000+02:00,2026-05-31T22:00:00Z,0.368,11
1947,Potencia instalada de generación autoconsumo otras renovables,2026-06-01T00:00:00.000+02:00,2026-05-31T22:00:00Z,6.245,10
1947,Potencia instalada de generación autoconsumo otras renovables,2026-06-01T00:00:00.000+02:00,2026-05-31T22:00:00Z,104.858,9
1947,Potencia instalada de generación autoconsumo otras renovables,2026-06-01T00:00:00.000+02:00,2026-05-31T22:00:00Z,1.05,7
1947,Potencia instalada de generación autoconsumo otras renovables,2026-06-01T00:00:00.000+02:00,2026-05-31T22:00:00Z,66.097,5
1947,Potencia instalada de generación autoconsumo otras renovables,2026-06-01T00:00:00.000+02:00,2026-05-31T22:00:00Z,134.395,4
1947,Potencia instalada de generación autoconsumo otras renovables,2026-06-01T00:00:00.000+02:00,2026-05-31T22:00:00Z,6.922,13
1947,Potencia instalada de generación autoconsumo otras renovables,2026-07-01T00:00:00.000+02:00,2026-06-30T22:00:00Z,0.51,21
1947,Potencia instalada de generación autoconsumo otras renovables,2026-07-01T00:00:00.000+02:00,2026-06-30T22:00:00Z,2.287,20
1947,Potencia instalada de generación autoconsumo otras renovables,2026-07-01T00:00:00.000+02:00,2026-06-30T22:00:00Z,5.012,19
1947,Potencia instalada de generación autoconsumo otras renovables,2026-07-01T00:00:00.000+02:00,2026-06-30T22:00:00Z,11.9,18
1947,Potencia instalada de generación autoconsumo otras renovables,2026-07-01T00:00:00.000+02:00,2026-06-30T22:00:00Z,6.7,17
1947,Potencia instalada de generación autoconsumo otras renovables,2026-07-01T00:00:00.000+02:00,2026-06-30T22:00:00Z,0.03,16
1947,Potencia instalada de generación autoconsumo otras renovables,2026-07-01T00:00:00.000+02:00,2026-06-30T22:00:00Z,1.356,15
1947,Potencia instalada de generación autoconsumo otras renovables,2026-07-01T00:00:00.000+02:00,2026-06-30T22:00:00Z,5.376,14
1947,Potencia instalada de generación autoconsumo otras renovables,2026-07-01T00:00:00.000+02:00,2026-06-30T22:00:00Z,0.368,11
1947,Potencia instalada de generación autoconsumo otras renovables,2026-07-01T00:00:00.000+02:00,2026-06-30T22:00:00Z,6.265,10
1947,Potencia instalada de generación autoconsumo otras renovables,2026-07-01T00:00:00.000+02:00,2026-06-30T22:00:00Z,104.858,9
1947,Potencia instalada de generación autoconsumo otras renovables,2026-07-01T00:00:00.000+02:00,2026-06-30T22:00:00Z,42.415,8
1947,Potencia instalada de generación autoconsumo otras renovables,2026-07-01T00:00:00.000+02:00,2026-06-30T22:00:00Z,1.05,7
1947,Potencia instalada de generación autoconsumo otras renovables,2026-07-01T00:00:00.000+02:00,2026-06-30T22:00:00Z,66.097,5
1947,Potencia instalada de generación autoconsumo otras renovables,2026-07-01T00:00:00.000+02:00,2026-06-30T22:00:00Z,134.395,4
1947,Potencia instalada de generación autoconsumo otras renovables,2026-07-01T00:00:00.000+02:00,2026-06-30T22:00:00Z,6.922,13
1947,Potencia instalada de generación autoconsumo otras renovables,2026-08-01T00:00:00.000+02:00,2026-07-31T22:00:00Z,1.356,15
1947,Potencia instalada de generación autoconsumo otras renovables,2026-08-01T00:00:00.000+02:00,2026-07-31T22:00:00Z,2.287,20
1947,Potencia instalada de generación autoconsumo otras renovables,2026-08-01T00:00:00.000+02:00,2026-07-31T22:00:00Z,5.012,19
1947,Potencia instalada de generación autoconsumo otras renovables,2026-08-01T00:00:00.000+02:00,2026-07-31T22:00:00Z,11.9,18
1947,Potencia instalada de generación autoconsumo otras renovables,2026-08-01T00:00:00.000+02:00,2026-07-31T22:00:00Z,6.7,17
1947,Potencia instalada de generación autoconsumo otras renovables,2026-08-01T00:00:00.000+02:00,2026-07-31T22:00:00Z,0.51,21
1947,Potencia instalada de generación autoconsumo otras renovables,2026-08-01T00:00:00.000+02:00,2026-07-31T22:00:00Z,0.03,16
1947,Potencia instalada de generación autoconsumo otras renovables,2026-08-01T00:00:00.000+02:00,2026-07-31T22:00:00Z,5.376,14
1947,Potencia instalada de generación autoconsumo otras renovables,2026-08-01T00:00:00.000+02:00,2026-07-31T22:00:00Z,104.858,9
1947,Potencia instalada de generación autoconsumo otras renovables,2026-08-01T00:00:00.000+02:00,2026-07-31T22:00:00Z,0.368,11
1947,Potencia instalada de generación autoconsumo otras renovables,2026-08-01T00:00:00.000+02:00,2026-07-31T22:00:00Z,6.265,10
1947,Potencia instalada de generación autoconsumo otras renovables,2026-08-01T00:00:00.000+02:00,2026-07-31T22:00:00Z,42.415,8
1947,Potencia instalada de generación autoconsumo otras renovables,2026-08-01T00:00:00.000+02:00,2026-07-31T22:00:00Z,1.05,7
1947,Potencia instalada de generación autoconsumo otras renovables,2026-08-01T00:00:00.000+02:00,2026-07-31T22:00:00Z,66.097,5
1947,Potencia instalada de generación autoconsumo otras renovables,2026-08-01T00:00:00.000+02:00,2026-07-31T22:00:00Z,134.395,4
1947,Potencia instalada de generación autoconsumo otras renovables,2026-08-01T00:00:00.000+02:00,2026-07-31T22:00:00Z,6.922,13
1947,Potencia instalada de generación autoconsumo otras renovables,2026-09-01T00:00:00.000+02:00,2026-08-31T22:00:00Z,5.012,19
1947,Potencia instalada de generación autoconsumo otras renovables,2026-09-01T00:00:00.000+02:00,2026-08-31T22:00:00Z,11.9,18
1947,Potencia instalada de generación autoconsumo otras renovables,2026-09-01T00:00:00.000+02:00,2026-08-31T22:00:00Z,6.7,17
1947,Potencia instalada de generación autoconsumo otras renovables,2026-09-01T00:00:00.000+02:00,2026-08-31T22:00:00Z,0.03,16
1947,Potencia instalada de generación autoconsumo otras renovables,2026-09-01T00:00:00.000+02:00,2026-08-31T22:00:00Z,1.356,15
1947,Potencia instalada de generación autoconsumo otras renovables,2026-09-01T00:00:00.000+02:00,2026-08-31T22:00:00Z,5.376,14
1947,Potencia instalada de generación autoconsumo otras renovables,2026-09-01T00:00:00.000+02:00,2026-08-31T22:00:00Z,6.922,13
1947,Potencia instalada de generación autoconsumo otras renovables,2026-09-01T00:00:00.000+02:00,2026-08-31T22:00:00Z,104.858,9
1947,Potencia instalada de generación autoconsumo otras renovables,2026-09-01T00:00:00.000+02:00,2026-08-31T22:00:00Z,6.265,10
1947,Potencia instalada de generación autoconsumo otras renovables,2026-09-01T00:00:00.000+02:00,2026-08-31T22:00:00Z,42.415,8
1947,Potencia instalada de generación autoconsumo otras renovables,2026-09-01T00:00:00.000+02:00,2026-08-31T22:00:00Z,1.05,7
1947,Potencia instalada de generación autoconsumo otras renovables,2026-09-01T00:00:00.000+02:00,2026-08-31T22:00:00Z,66.097,5
1947,Potencia instalada de generación autoconsumo otras renovables,2026-09-01T00:00:00.000+02:00,2026-08-31T22:00:00Z,134.395,4
1947,Potencia instalada de generación autoconsumo otras renovables,2026-09-01T00:00:00.000+02:00,2026-08-31T22:00:00Z,2.287,20
1947,Potencia instalada de generación autoconsumo otras renovables,2026-09-01T00:00:00.000+02:00,2026-08-31T22:00:00Z,0.368,11
1947,Potencia instalada de generación autoconsumo otras renovables,2026-09-01T00:00:00.000+02:00,2026-08-31T22:00:00Z,0.51,21
1948,Potencia instalada de generación autoconsumo residuos renovables,2025-08-01T00:00:00.000+02:00,2025-07-31T22:00:00Z,0.003,4
1948,Potencia instalada de generación autoconsumo residuos renovables,2025-08-01T00:00:00.000+02:00,2025-07-31T22:00:00Z,4.965,6
1948,Potencia instalada de generación autoconsumo residuos renovables,2025-08-01T00:00:00.000+02:00,2025-07-31T22:00:00Z,43.055,9
1948,Potencia instalada de generación autoconsumo residuos renovables,2025-09-01T00:00:00.000+02:00,2025-08-31T22:00:00Z,0.003,4
1948,Potencia instalada de generación autoconsumo residuos renovables,2025-09-01T00:00:00.000+02:00,2025-08-31T22:00:00Z,4.965,6
1948,Potencia instalada de generación autoconsumo residuos renovables,2025-09-01T00:00:00.000+02:00,2025-08-31T22:00:00Z,43.055,9
1948,Potencia instalada de generación autoconsumo residuos renovables,2025-10-01T00:00:00.000+02:00,2025-09-30T22:00:00Z,0.003,4
1948,Potencia instalada de generación autoconsumo residuos renovables,2025-10-01T00:00:00.000+02:00,2025-09-30T22:00:00Z,4.965,6
1948,Potencia instalada de generación autoconsumo residuos renovables,2025-10-01T00:00:00.000+02:00,2025-09-30T22:00:00Z,43.055,9
1948,Potencia instalada de generación autoconsumo residuos renovables,2025-11-01T00:00:00.000+01:00,2025-10-31T23:00:00Z,43.055,9
1948,Potencia instalada de generación autoconsumo residuos renovables,2025-11-01T00:00:00.000+01:00,2025-10-31T23:00:00Z,0.003,4
1948,Potencia instalada de generación autoconsumo residuos renovables,2025-11-01T00:00:00.000+01:00,2025-10-31T23:00:00Z,4.965,6
1948,Potencia instalada de generación autoconsumo residuos renovables,2025-12-01T00:00:00.000+01:00,2025-11-30T23:00:00Z,0.003,4
1948,Potencia instalada de generación autoconsumo residuos renovables,2025-12-01T00:00:00.000+01:00,2025-11-30T23:00:00Z,4.965,6
1948,Potencia instalada de generación autoconsumo residuos renovables,2025-12-01T00:00:00.000+01:00,2025-11-30T23:00:00Z,43.055,9
1948,Potencia instalada de generación autoconsumo residuos renovables,2026-01-01T00:00:00.000+01:00,2025-12-31T23:00:00Z,43.055,9
1948,Potencia instalada de generación autoconsumo residuos renovables,2026-01-01T00:00:00.000+01:00,2025-12-31T23:00:00Z,0.003,4
1948,Potencia instalada de generación autoconsumo residuos renovables,2026-01-01T00:00:00.000+01:00,2025-12-31T23:00:00Z,4.965,6
1948,Potencia instalada de generación autoconsumo residuos renovables,2026-02-01T00:00:00.000+01:00,2026-01-31T23:00:00Z,4.965,6
1948,Potencia instalada de generación autoconsumo residuos renovables,2026-02-01T00:00:00.000+01:00,2026-01-31T23:00:00Z,43.055,9
1948,Potencia instalada de generación autoconsumo residuos renovables,2026-02-01T00:00:00.000+01:00,2026-01-31T23:00:00Z,0.003,4
1948,Potencia instalada de generación autoconsumo residuos renovables,2026-03-01T00:00:00.000+01:00,2026-02-28T23:00:00Z,0.003,4
1948,Potencia instalada de generación autoconsumo residuos renovables,2026-03-01T00:00:00.000+01:00,2026-02-28T23:00:00Z,4.965,6
1948,Potencia instalada de generación autoconsumo residuos renovables,2026-03-01T00:00:00.000+01:00,2026-02-28T23:00:00Z,43.055,9
1948,Potencia instalada de generación autoconsumo residuos renovables,2026-04-01T00:00:00.000+02:00,2026-03-31T22:00:00Z,0.003,4
1948,Potencia instalada de generación autoconsumo residuos renovables,2026-04-01T00:00:00.000+02:00,2026-03-31T22:00:00Z,4.965,6
1948,Potencia instalada de generación autoconsumo residuos renovables,2026-04-01T00:00:00.000+02:00,2026-03-31T22:00:00Z,43.055,9
1948,Potencia instalada de generación autoconsumo residuos renovables,2026-05-01T00:00:00.000+02:00,2026-04-30T22:00:00Z,43.055,9
1948,Potencia instalada de generación autoconsumo residuos renovables,2026-05-01T00:00:00.000+02:00,2026-04-30T22:00:00Z,0.003,4
1948,Potencia instalada de generación autoconsumo residuos renovables,2026-05-01T00:00:00.000+02:00,2026-04-30T22:00:00Z,4.965,6
1948,Potencia instalada de generación autoconsumo residuos renovables,2026-06-01T00:00:00.000+02:00,2026-05-31T22:00:00Z,43.055,9
1948,Potencia instalada de generación autoconsumo residuos renovables,2026-06-01T00:00:00.000+02:00,2026-05-31T22:00:00Z,0.003,4
1948,Potencia instalada de generación autoconsumo residuos renovables,2026-06-01T00:00:00.000+02:00,2026-05-31T22:00:00Z,4.965,6
1948,Potencia instalada de generación autoconsumo residuos renovables,2026-07-01T00:00:00.000+02:00,2026-06-30T22:00:00Z,0.003,4
1948,Potencia instalada de generación autoconsumo residuos renovables,2026-07-01T00:00:00.000+02:00,2026-06-30T22:00:00Z,4.965,6
1948,Potencia instalada de generación autoconsumo residuos renovables,2026-07-01T00:00:00.000+02:00,2026-06-30T22:00:00Z,43.055,9
1948,Potencia instalada de generación autoconsumo residuos renovables,2026-08-01T00:00:00.000+02:00,2026-07-31T22:00:00Z,4.965,6
1948,Potencia instalada de generación autoconsumo residuos renovables,2026-08-01T00:00:00.000+02:00,2026-07-31T22:00:00Z,0.003,4
1948,Potencia instalada de generación autoconsumo residuos renovables,2026-08-01T00:00:00.000+02:00,2026-07-31T22:00:00Z,43.055,9
1948,Potencia instalada de generación autoconsumo residuos renovables,2026-09-01T00:00:00.000+02:00,2026-08-31T22:00:00Z,4.965,6
1948,Potencia instalada de generación autoconsumo residuos renovables,2026-09-01T00:00:00.000+02:00,2026-08-31T22:00:00Z,0.003,4
1948,Potencia instalada de generación autoconsumo residuos renovables,2026-09-01T00:00:00.000+02:00,2026-08-31T22:00:00Z,43.055,9
2017,Potencia instalada de generación autoconsumo solar térmica,2025-08-01T00:00:00.000+02:00,2025-07-31T22:00:00Z,0.233,4
2017,Potencia instalada de generación autoconsumo solar térmica,2025-08-01T00:00:00.000+02:00,2025-07-31T22:00:00Z,0.039,21
2017,Potencia instalada de generación autoconsumo solar térmica,2025-08-01T00:00:00.000+02:00,2025-07-31T22:00:00Z,0.043,19
2017,Potencia instalada de generación autoconsumo solar térmica,2025-08-01T00:00:00.000+02:00,2025-07-31T22:00:00Z,0.005,18
2017,Potencia instalada de generación autoconsumo solar térmica,2025-08-01T00:00:00.000+02:00,2025-07-31T22:00:00Z,0.004,17
2017,Potencia instalada de generación autoconsumo solar térmica,2025-08-01T00:00:00.000+02:00,2025-07-31T22:00:00Z,0.036,15
2017,Potencia instalada de generación autoconsumo solar térmica,2025-08-01T00:00:00.000+02:00,2025-07-31T22:00:00Z,0.28,14
2017,Potencia instalada de generación autoconsumo solar térmica,2025-08-01T00:00:00.000+02:00,2025-07-31T22:00:00Z,0.026,16
2017,Potencia instalada de generación autoconsumo solar térmica,2025-08-01T00:00:00.000+02:00,2025-07-31T22:00:00Z,0.02,10
2017,Potencia instalada de generación autoconsumo solar térmica,2025-08-01T00:00:00.000+02:00,2025-07-31T22:00:00Z,0.125,9
2017,Potencia instalada de generación autoconsumo solar térmica,2025-08-01T00:00:00.000+02:00,2025-07-31T22:00:00Z,0.008,8
2017,Potencia instalada de generación autoconsumo solar térmica,2025-08-01T00:00:00.000+02:00,2025-07-31T22:00:00Z,0.156,7
2017,Potencia instalada de generación autoconsumo solar térmica,2025-08-01T00:00:00.000+02:00,2025-07-31T22:00:00Z,0.01,5
2017,Potencia instalada de generación autoconsumo solar térmica,2025-08-01T00:00:00.000+02:00,2025-07-31T22:00:00Z,0.178,13
2017,Potencia instalada de generación autoconsumo solar térmica,2025-09-01T00:00:00.000+02:00,2025-08-31T22:00:00Z,0.041,15
2017,Potencia instalada de generación autoconsumo solar térmica,2025-09-01T00:00:00.000+02:00,2025-08-31T22:00:00Z,0.039,21
2017,Potencia instalada de generación autoconsumo solar térmica,2025-09-01T00:00:00.000+02:00,2025-08-31T22:00:00Z,0.053,19
2017,Potencia instalada de generación autoconsumo solar térmica,2025-09-01T00:00:00.000+02:00,2025-08-31T22:00:00Z,0.005,18
2017,Potencia instalada de generación autoconsumo solar térmica,2025-09-01T00:00:00.000+02:00,2025-08-31T22:00:00Z,0.026,16
2017,Potencia instalada de generación autoconsumo solar térmica,2025-09-01T00:00:00.000+02:00,2025-08-31T22:00:00Z,0.28,14
2017,Potencia instalada de generación autoconsumo solar térmica,2025-09-01T00:00:00.000+02:00,2025-08-31T22:00:00Z,0.004,17
2017,Potencia instalada de generación autoconsumo solar térmica,2025-09-01T00:00:00.000+02:00,2025-08-31T22:00:00Z,0.02,10
2017,Potencia instalada de generación autoconsumo solar térmica,2025-09-01T00:00:00.000+02:00,2025-08-31T22:00:00Z,0.125,9
2017,Potencia instalada de generación autoconsumo solar térmica,2025-09-01T00:00:00.000+02:00,2025-08-31T22:00:00Z,0.008,8
2017,Potencia instalada de generación autoconsumo solar térmica,2025-09-01T00:00:00.000+02:00,2025-08-31T22:00:00Z,0.156,7
2017,Potencia instalada de generación autoconsumo solar térmica,2025-09-01T00:00:00.000+02:00,2025-08-31T22:00:00Z,0.01,5
2017,Potencia instalada de generación autoconsumo solar térmica,2025-09-01T00:00:00.000+02:00,2025-08-31T22:00:00Z,0.233,4
2017,Potencia instalada de generación autoconsumo solar térmica,2025-09-01T00:00:00.000+02:00,2025-08-31T22:00:00Z,0.178,13
2017,Potencia instalada de generación autoconsumo solar térmica,2025-10-01T00:00:00.000+02:00,2025-09-30T22:00:00Z,0.039,21
2017,Potencia instalada de generación autoconsumo solar térmica,2025-10-01T00:00:00.000+02:00,2025-09-30T22:00:00Z,0.053,19
2017,Potencia instalada de generación autoconsumo solar térmica,2025-10-01T00:00:00.000+02:00,2025-09-30T22:00:00Z,0.005,18
2017,Potencia instalada de generación autoconsumo solar térmica,2025-10-01T00:00:00.000+02:00,2025-09-30T22:00:00Z,0.004,17
2017,Potencia instalada de generación autoconsumo solar térmica,2025-10-01T00:00:00.000+02:00,2025-09-30T22:00:00Z,0.026,16
2017,Potencia instalada de generación autoconsumo solar térmica,2025-10-01T00:00:00.000+02:00,2025-09-30T22:00:00Z,0.041,15
2017,Potencia instalada de generación autoconsumo solar térmica,2025-10-01T00:00:00.000+02:00,2025-09-30T22:00:00Z,0.286,14
2017,Potencia instalada de generación autoconsumo solar térmica,2025-10-01T00:00:00.000+02:00,2025-09-30T22:00:00Z,0.178,13
2017,Potencia instalada de generación autoconsumo solar térmica,2025-10-01T00:00:00.000+02:00,2025-09-30T22:00:00Z,0.125,9
2017,Potencia instalada de generación autoconsumo solar térmica,2025-10-01T00:00:00.000+02:00,2025-09-30T22:00:00Z,0.008,8
2017,Potencia instalada de generación autoconsumo solar térmica,2025-10-01T00:00:00.000+02:00,2025-09-30T22:00:00Z,0.156,7
2017,Potencia instalada de generación autoconsumo solar térmica,2025-10-01T00:00:00.000+02:00,2025-09-30T22:00:00Z,0.014,5
2017,Potencia instalada de generación autoconsumo solar térmica,2025-10-01T00:00:00.000+02:00,2025-09-30T22:00:00Z,0.233,4
2017,Potencia instalada de generación autoconsumo solar térmica,2025-10-01T00:00:00.000+02:00,2025-09-30T22:00:00Z,0.02,10
2017,Potencia instalada de generación autoconsumo solar térmica,2025-11-01T00:00:00.000+01:00,2025-10-31T23:00:00Z,0.045,15
2017,Potencia instalada de generación autoconsumo solar térmica,2025-11-01T00:00:00.000+01:00,2025-10-31T23:00:00Z,0.039,21
2017,Potencia instalada de generación autoconsumo solar térmica,2025-11-01T00:00:00.000+01:00,2025-10-31T23:00:00Z,0.053,19
2017,Potencia instalada de generación autoconsumo solar térmica,2025-11-01T00:00:00.000+01:00,2025-10-31T23:00:00Z,0.005,18
2017,Potencia instalada de generación autoconsumo solar térmica,2025-11-01T00:00:00.000+01:00,2025-10-31T23:00:00Z,0.004,17
2017,Potencia instalada de generación autoconsumo solar térmica,2025-11-01T00:00:00.000+01:00,2025-10-31T23:00:00Z,0.026,16
2017,Potencia instalada de generación autoconsumo solar térmica,2025-11-01T00:00:00.000+01:00,2025-10-31T23:00:00Z,0.296,14
2017,Potencia instalada de generación autoconsumo solar térmica,2025-11-01T00:00:00.000+01:00,2025-10-31T23:00:00Z,0.156,7
2017,Potencia instalada de generación autoconsumo solar térmica,2025-11-01T00:00:00.000+01:00,2025-10-31T23:00:00Z,0.02,10
2017,Potencia instalada de generación autoconsumo solar térmica,2025-11-01T00:00:00.000+01:00,2025-10-31T23:00:00Z,0.125,9
2017,Potencia instalada de generación autoconsumo solar térmica,2025-11-01T00:00:00.000+01:00,2025-10-31T23:00:00Z,0.008,8
2017,Potencia instalada de generación autoconsumo solar térmica,2025-11-01T00:00:00.000+01:00,2025-10-31T23:00:00Z,0.178,13
2017,Potencia instalada de generación autoconsumo solar térmica,2025-11-01T00:00:00.000+01:00,2025-10-31T23:00:00Z,0.014,5
2017,Potencia instalada de generación autoconsumo solar térmica,2025-11-01T00:00:00.000+01:00,2025-10-31T23:00:00Z,0.233,4
2017,Potencia instalada de generación autoconsumo solar térmica,2025-12-01T00:00:00.000+01:00,2025-11-30T23:00:00Z,0.073,19
2017,Potencia instalada de generación autoconsumo solar térmica,2025-12-01T00:00:00.000+01:00,2025-11-30T23:00:00Z,0.005,18
2017,Potencia instalada de generación autoconsumo solar térmica,2025-12-01T00:00:00.000+01:00,2025-11-30T23:00:00Z,0.004,17
2017,Potencia instalada de generación autoconsumo solar térmica,2025-12-01T00:00:00.000+01:00,2025-11-30T23:00:00Z,0.032,16
2017,Potencia instalada de generación autoconsumo solar térmica,2025-12-01T00:00:00.000+01:00,2025-11-30T23:00:00Z,0.045,15
2017,Potencia instalada de generación autoconsumo solar térmica,2025-12-01T00:00:00.000+01:00,2025-11-30T23:00:00Z,0.302,14
2017,Potencia instalada de generación autoconsumo solar térmica,2025-12-01T00:00:00.000+01:00,2025-11-30T23:00:00Z,0.063,21
2017,Potencia instalada de generación autoconsumo solar térmica,2025-12-01T00:00:00.000+01:00,2025-11-30T23:00:00Z,0.02,10
2017,Potencia instalada de generación autoconsumo solar térmica,2025-12-01T00:00:00.000+01:00,2025-11-30T23:00:00Z,0.125,9
2017,Potencia instalada de generación autoconsumo solar térmica,2025-12-01T00:00:00.000+01:00,2025-11-30T23:00:00Z,0.008,8
2017,Potencia instalada de generación autoconsumo solar térmica,2025-12-01T00:00:00.000+01:00,2025-11-30T23:00:00Z,0.156,7
2017,Potencia instalada de generación autoconsumo solar térmica,2025-12-01T00:00:00.000+01:00,2025-11-30T23:00:00Z,0.014,5
2017,Potencia instalada de generación autoconsumo solar térmica,2025-12-01T00:00:00.000+01:00,2025-11-30T23:00:00Z,0.233,4
2017,Potencia instalada de generación autoconsumo solar térmica,2025-12-01T00:00:00.000+01:00,2025-11-30T23:00:00Z,0.184,13
2017,Potencia instalada de generación autoconsumo solar térmica,2026-01-01T00:00:00.000+01:00,2025-12-31T23:00:00Z,0.063,21
2017,Potencia instalada de generación autoconsumo solar térmica,2026-01-01T00:00:00.000+01:00,2025-12-31T23:00:00Z,0.073,19
2017,Potencia instalada de generación autoconsumo solar térmica,2026-01-01T00:00:00.000+01:00,2025-12-31T23:00:00Z,0.005,18
2017,Potencia instalada de generación autoconsumo solar térmica,2026-01-01T00:00:00.000+01:00,2025-12-31T23:00:00Z,0.004,17
2017,Potencia instalada de generación autoconsumo solar térmica,2026-01-01T00:00:00.000+01:00,2025-12-31T23:00:00Z,0.032,16
2017,Potencia instalada de generación autoconsumo solar térmica,2026-01-01T00:00:00.000+01:00,2025-12-31T23:00:00Z,0.045,15
2017,Potencia instalada de generación autoconsumo solar térmica,2026-01-01T00:00:00.000+01:00,2025-12-31T23:00:00Z,0.312,14
2017,Potencia instalada de generación autoconsumo solar térmica,2026-01-01T00:00:00.000+01:00,2025-12-31T23:00:00Z,0.19,13
2017,Potencia instalada de generación autoconsumo solar térmica,2026-01-01T00:00:00.000+01:00,2025-12-31T23:00:00Z,0.125,9
2017,Potencia instalada de generación autoconsumo solar térmica,2026-01-01T00:00:00.000+01:00,2025-12-31T23:00:00Z,0.008,8
2017,Potencia instalada de generación autoconsumo solar térmica,2026-01-01T00:00:00.000+01:00,2025-12-31T23:00:00Z,0.156,7
2017,Potencia instalada de generación autoconsumo solar térmica,2026-01-01T00:00:00.000+01:00,2025-12-31T23:00:00Z,0.014,5
2017,Potencia instalada de generación autoconsumo solar térmica,2026-01-01T00:00:00.000+01:00,2025-12-31T23:00:00Z,0.233,4
2017,Potencia instalada de generación autoconsumo solar térmica,2026-01-01T00:00:00.000+01:00,2025-12-31T23:00:00Z,0.02,10
2017,Potencia instalada de generación autoconsumo solar térmica,2026-02-01T00:00:00.000+01:00,2026-01-31T23:00:00Z,0.05,15
2017,Potencia instalada de generación autoconsumo solar térmica,2026-02-01T00:00:00.000+01:00,2026-01-31T23:00:00Z,0.073,19
2017,Potencia instalada de generación autoconsumo solar térmica,2026-02-01T00:00:00.000+01:00,2026-01-31T23:00:00Z,0.005,18
2017,Potencia instalada de generación autoconsumo solar térmica,2026-02-01T00:00:00.000+01:00,2026-01-31T23:00:00Z,0.004,17
2017,Potencia instalada de generación autoconsumo solar térmica,2026-02-01T00:00:00.000+01:00,2026-01-31T23:00:00Z,0.032,16
2017,Potencia instalada de generación autoconsumo solar térmica,2026-02-01T00:00:00.000+01:00,2026-01-31T23:00:00Z,0.321,14
2017,Potencia instalada de generación autoconsumo solar térmica,2026-02-01T00:00:00.000+01:00,2026-01-31T23:00:00Z,0.063,21
2017,Potencia instalada de generación autoconsumo solar térmica,2026-02-01T00:00:00.000+01:00,2026-01-31T23:00:00Z,0.02,10
2017,Potencia instalada de generación autoconsumo solar térmica,2026-02-01T00:00:00.000+01:00,2026-01-31T23:00:00Z,0.125,9
2017,Potencia instalada de generación autoconsumo solar térmica,2026-02-01T00:00:00.000+01:00,2026-01-31T23:00:00Z,0.008,8
2017,Potencia instalada de generación autoconsumo solar térmica,2026-02-01T00:00:00.000+01:00,2026-01-31T23:00:00Z,0.156,7
2017,Potencia instalada de generación autoconsumo solar térmica,2026-02-01T00:00:00.000+01:00,2026-01-31T23:00:00Z,0.014,5
2017,Potencia instalada de generación autoconsumo solar térmica,2026-02-01T00:00:00.000+01:00,2026-01-31T23:00:00Z,0.233,4
2017,Potencia instalada de generación autoconsumo solar térmica,2026-02-01T00:00:00.000+01:00,2026-01-31T23:00:00Z,0.19,13
2017,Potencia instalada de generación autoconsumo solar térmica,2026-03-01T00:00:00.000+01:00,2026-02-28T23:00:00Z,0.063,21
2017,Potencia instalada de generación autoconsumo solar térmica,2026-03-01T00:00:00.000+01:00,2026-02-28T23:00:00Z,0.073,19
2017,Potencia instalada de generación autoconsumo solar térmica,2026-03-01T00:00:00.000+01:00,2026-02-28T23:00:00Z,0.005,18
2017,Potencia instalada de generación autoconsumo solar térmica,2026-03-01T00:00:00.000+01:00,2026-02-28T23:00:00Z,0.004,17
2017,Potencia instalada de generación autoconsumo solar térmica,2026-03-01T00:00:00.000+01:00,2026-02-28T23:00:00Z,0.032,16
2017,Potencia instalada de generación autoconsumo solar térmica,2026-03-01T00:00:00.000+01:00,2026-02-28T23:00:00Z,0.05,15
2017,Potencia instalada de generación autoconsumo solar térmica,2026-03-01T00:00:00.000+01:00,2026-02-28T23:00:00Z,0.327,14
2017,Potencia instalada de generación autoconsumo solar térmica,2026-03-01T00:00:00.000+01:00,2026-02-28T23:00:00Z,0.19,13
2017,Potencia instalada de generación autoconsumo solar térmica,2026-03-01T00:00:00.000+01:00,2026-02-28T23:00:00Z,0.02,10
2017,Potencia instalada de generación autoconsumo solar térmica,2026-03-01T00:00:00.000+01:00,2026-02-28T23:00:00Z,0.125,9
2017,Potencia instalada de generación autoconsumo solar térmica,2026-03-01T00:00:00.000+01:00,2026-02-28T23:00:00Z,0.008,8
2017,Potencia instalada de generación autoconsumo solar térmica,2026-03-01T00:00:00.000+01:00,2026-02-28T23:00:00Z,0.156,7
2017,Potencia instalada de generación autoconsumo solar térmica,2026-03-01T00:00:00.000+01:00,2026-02-28T23:00:00Z,0.014,5
2017,Potencia instalada de generación autoconsumo solar térmica,2026-03-01T00:00:00.000+01:00,2026-02-28T23:00:00Z,0.233,4
2017,Potencia instalada de generación autoconsumo solar térmica,2026-04-01T00:00:00.000+02:00,2026-03-31T22:00:00Z,0.063,21
2017,Potencia instalada de generación autoconsumo solar térmica,2026-04-01T00:00:00.000+02:00,2026-03-31T22:00:00Z,0.073,19
2017,Potencia instalada de generación autoconsumo solar térmica,2026-04-01T00:00:00.000+02:00,2026-03-31T22:00:00Z,0.005,18
2017,Potencia instalada de generación autoconsumo solar térmica,2026-04-01T00:00:00.000+02:00,2026-03-31T22:00:00Z,0.004,17
2017,Potencia instalada de generación autoconsumo solar térmica,2026-04-01T00:00:00.000+02:00,2026-03-31T22:00:00Z,0.032,16
2017,Potencia instalada de generación autoconsumo solar térmica,2026-04-01T00:00:00.000+02:00,2026-03-31T22:00:00Z,0.05,15
2017,Potencia instalada de generación autoconsumo solar térmica,2026-04-01T00:00:00.000+02:00,2026-03-31T22:00:00Z,0.339,14
2017,Potencia instalada de generación autoconsumo solar térmica,2026-04-01T00:00:00.000+02:00,2026-03-31T22:00:00Z,0.19,13
2017,Potencia instalada de generación autoconsumo solar térmica,2026-04-01T00:00:00.000+02:00,2026-03-31T22:00:00Z,0.02,10
2017,Potencia instalada de generación autoconsumo solar térmica,2026-04-01T00:00:00.000+02:00,2026-03-31T22:00:00Z,0.125,9
2017,Potencia instalada de generación autoconsumo solar térmica,2026-04-01T00:00:00.000+02:00,2026-03-31T22:00:00Z,0.008,8
2017,Potencia instalada de generación autoconsumo solar térmica,2026-04-01T00:00:00.000+02:00,2026-03-31T22:00:00Z,0.156,7
2017,Potencia instalada de generación autoconsumo solar térmica,2026-04-01T00:00:00.000+02:00,2026-03-31T22:00:00Z,0.014,5
2017,Potencia instalada de generación autoconsumo solar térmica,2026-04-01T00:00:00.000+02:00,2026-03-31T22:00:00Z,0.233,4
2017,Potencia instalada de generación autoconsumo solar térmica,2026-05-01T00:00:00.000+02:00,2026-04-30T22:00:00Z,0.063,21
2017,Potencia instalada de generación autoconsumo solar térmica,2026-05-01T00:00:00.000+02:00,2026-04-30T22:00:00Z,0.073,19
2017,Potencia instalada de generación autoconsumo solar térmica,2026-05-01T00:00:00.000+02:00,2026-04-30T22:00:00Z,0.005,18
2017,Potencia instalada de generación autoconsumo solar térmica,2026-05-01T00:00:00.000+02:00,2026-04-30T22:00:00Z,0.004,17
2017,Potencia instalada de generación autoconsumo solar térmica,2026-05-01T00:00:00.000+02:00,2026-04-30T22:00:00Z,0.032,16
2017,Potencia instalada de generación autoconsumo solar térmica,2026-05-01T00:00:00.000+02:00,2026-04-30T22:00:00Z,0.05,15
2017,Potencia instalada de generación autoconsumo solar térmica,2026-05-01T00:00:00.000+02:00,2026-04-30T22:00:00Z,0.339,14
2017,Potencia instalada de generación autoconsumo solar térmica,2026-05-01T00:00:00.000+02:00,2026-04-30T22:00:00Z,0.02,10
2017,Potencia instalada de generación autoconsumo solar térmica,2026-05-01T00:00:00.000+02:00,2026-04-30T22:00:00Z,0.125,9
2017,Potencia instalada de generación autoconsumo solar térmica,2026-05-01T00:00:00.000+02:00,2026-04-30T22:00:00Z,0.008,8
2017,Potencia instalada de generación autoconsumo solar térmica,2026-05-01T00:00:00.000+02:00,2026-04-30T22:00:00Z,0.156,7
2017,Potencia instalada de generación autoconsumo solar térmica,2026-05-01T00:00:00.000+02:00,2026-04-30T22:00:00Z,0.014,5
2017,Potencia instalada de generación autoconsumo solar térmica,2026-05-01T00:00:00.000+02:00,2026-04-30T22:00:00Z,0.233,4
2017,Potencia instalada de generación autoconsumo solar térmica,2026-05-01T00:00:00.000+02:00,2026-04-30T22:00:00Z,0.194,13
2017,Potencia instalada de generación autoconsumo solar térmica,2026-06-01T00:00:00.000+02:00,2026-05-31T22:00:00Z,0.05,15
2017,Potencia instalada de generación autoconsumo solar térmica,2026-06-01T00:00:00.000+02:00,2026-05-31T22:00:00Z,0.073,19
2017,Potencia instalada de generación autoconsumo solar térmica,2026-06-01T00:00:00.000+02:00,2026-05-31T22:00:00Z,0.005,18
2017,Potencia instalada de generación autoconsumo solar térmica,2026-06-01T00:00:00.000+02:00,2026-05-31T22:00:00Z,0.004,17
2017,Potencia instalada de generación autoconsumo solar térmica,2026-06-01T00:00:00.000+02:00,2026-05-31T22:00:00Z,0.063,21
2017,Potencia instalada de generación autoconsumo solar térmica,2026-06-01T00:00:00.000+02:00,2026-05-31T22:00:00Z,0.032,16
2017,Potencia instalada de generación autoconsumo solar térmica,2026-06-01T00:00:00.000+02:00,2026-05-31T22:00:00Z,0.351,14
2017,Potencia instalada de generación autoconsumo solar térmica,2026-06-01T00:00:00.000+02:00,2026-05-31T22:00:00Z,0.008,8
2017,Potencia instalada de generación autoconsumo solar térmica,2026-06-01T00:00:00.000+02:00,2026-05-31T22:00:00Z,0.02,10
2017,Potencia instalada de generación autoconsumo solar térmica,2026-06-01T00:00:00.000+02:00,2026-05-31T22:00:00Z,0.125,9
2017,Potencia instalada de generación autoconsumo solar térmica,2026-06-01T00:00:00.000+02:00,2026-05-31T22:00:00Z,0.156,7
2017,Potencia instalada de generación autoconsumo solar térmica,2026-06-01T00:00:00.000+02:00,2026-05-31T22:00:00Z,0.014,5
2017,Potencia instalada de generación autoconsumo solar térmica,2026-06-01T00:00:00.000+02:00,2026-05-31T22:00:00Z,0.233,4
2017,Potencia instalada de generación autoconsumo solar térmica,2026-06-01T00:00:00.000+02:00,2026-05-31T22:00:00Z,0.194,13
2017,Potencia instalada de generación autoconsumo solar térmica,2026-07-01T00:00:00.000+02:00,2026-06-30T22:00:00Z,0.063,21
2017,Potencia instalada de generación autoconsumo solar térmica,2026-07-01T00:00:00.000+02:00,2026-06-30T22:00:00Z,0.073,19
2017,Potencia instalada de generación autoconsumo solar térmica,2026-07-01T00:00:00.000+02:00,2026-06-30T22:00:00Z,0.005,18
2017,Potencia instalada de generación autoconsumo solar térmica,2026-07-01T00:00:00.000+02:00,2026-06-30T22:00:00Z,0.004,17
2017,Potencia instalada de generación autoconsumo solar térmica,2026-07-01T00:00:00.000+02:00,2026-06-30T22:00:00Z,0.032,16
2017,Potencia instalada de generación autoconsumo solar térmica,2026-07-01T00:00:00.000+02:00,2026-06-30T22:00:00Z,0.06,15
2017,Potencia instalada de generación autoconsumo solar térmica,2026-07-01T00:00:00.000+02:00,2026-06-30T22:00:00Z,0.359,14
2017,Potencia instalada de generación autoconsumo solar térmica,2026-07-01T00:00:00.000+02:00,2026-06-30T22:00:00Z,0.02,10
2017,Potencia instalada de generación autoconsumo solar térmica,2026-07-01T00:00:00.000+02:00,2026-06-30T22:00:00Z,0.125,9
2017,Potencia instalada de generación autoconsumo solar térmica,2026-07-01T00:00:00.000+02:00,2026-06-30T22:00:00Z,0.008,8
2017,Potencia instalada de generación autoconsumo solar térmica,2026-07-01T00:00:00.000+02:00,2026-06-30T22:00:00Z,0.161,7
2017,Potencia instalada de generación autoconsumo solar térmica,2026-07-01T00:00:00.000+02:00,2026-06-30T22:00:00Z,0.014,5
2017,Potencia instalada de generación autoconsumo solar térmica,2026-07-01T00:00:00.000+02:00,2026-06-30T22:00:00Z,0.233,4
2017,Potencia instalada de generación autoconsumo solar térmica,2026-07-01T00:00:00.000+02:00,2026-06-30T22:00:00Z,0.2,13
2017,Potencia instalada de generación autoconsumo solar térmica,2026-08-01T00:00:00.000+02:00,2026-07-31T22:00:00Z,0.066,15
2017,Potencia instalada de generación autoconsumo solar térmica,2026-08-01T00:00:00.000+02:00,2026-07-31T22:00:00Z,0.073,19
2017,Potencia instalada de generación autoconsumo solar térmica,2026-08-01T00:00:00.000+02:00,2026-07-31T22:00:00Z,0.005,18
2017,Potencia instalada de generación autoconsumo solar térmica,2026-08-01T00:00:00.000+02:00,2026-07-31T22:00:00Z,0.004,17
2017,Potencia instalada de generación autoconsumo solar térmica,2026-08-01T00:00:00.000+02:00,2026-07-31T22:00:00Z,0.063,21
2017,Potencia instalada de generación autoconsumo solar térmica,2026-08-01T00:00:00.000+02:00,2026-07-31T22:00:00Z,0.032,16
2017,Potencia instalada de generación autoconsumo solar térmica,2026-08-01T00:00:00.000+02:00,2026-07-31T22:00:00Z,0.367,14
2017,Potencia instalada de generación autoconsumo solar térmica,2026-08-01T00:00:00.000+02:00,2026-07-31T22:00:00Z,0.008,8
2017,Potencia instalada de generación autoconsumo solar térmica,2026-08-01T00:00:00.000+02:00,2026-07-31T22:00:00Z,0.02,10
2017,Potencia instalada de generación autoconsumo solar térmica,2026-08-01T00:00:00.000+02:00,2026-07-31T22:00:00Z,0.125,9
2017,Potencia instalada de generación autoconsumo solar térmica,2026-08-01T00:00:00.000+02:00,2026-07-31T22:00:00Z,0.161,7
2017,Potencia instalada de generación autoconsumo solar térmica,2026-08-01T00:00:00.000+02:00,2026-07-31T22:00:00Z,0.014,5
2017,Potencia instalada de generación autoconsumo solar térmica,2026-08-01T00:00:00.000+02:00,2026-07-31T22:00:00Z,0.233,4
2017,Potencia instalada de generación autoconsumo solar térmica,2026-08-01T00:00:00.000+02:00,2026-07-31T22:00:00Z,0.2,13
2017,Potencia instalada de generación autoconsumo solar térmica,2026-09-01T00:00:00.000+02:00,2026-08-31T22:00:00Z,0.005,18
2017,Potencia instalada de generación autoconsumo solar térmica,2026-09-01T00:00:00.000+02:00,2026-08-31T22:00:00Z,0.004,17
2017,Potencia instalada de generación autoconsumo solar térmica,2026-09-01T00:00:00.000+02:00,2026-08-31T22:00:00Z,0.032,16
2017,Potencia instalada de generación autoconsumo solar térmica,2026-09-01T00:00:00.000+02:00,2026-08-31T22:00:00Z,0.066,15
2017,Potencia instalada de generación autoconsumo solar térmica,2026-09-01T00:00:00.000+02:00,2026-08-31T22:00:00Z,0.367,14
2017,Potencia instalada de generación autoconsumo solar térmica,2026-09-01T00:00:00.000+02:00,2026-08-31T22:00:00Z,0.2,13
2017,Potencia instalada de generación autoconsumo solar térmica,2026-09-01T00:00:00.000+02:00,2026-08-31T22:00:00Z,0.008,8
2017,Potencia instalada de generación autoconsumo solar térmica,2026-09-01T00:00:00.000+02:00,2026-08-31T22:00:00Z,0.125,9
2017,Potencia instalada de generación autoconsumo solar térmica,2026-09-01T00:00:00.000+02:00,2026-08-31T22:00:00Z,0.161,7
2017,Potencia instalada de generación autoconsumo solar térmica,2026-09-01T00:00:00.000+02:00,2026-08-31T22:00:00Z,0.014,5
2017,Potencia instalada de generación autoconsumo solar térmica,2026-09-01T00:00:00.000+02:00,2026-08-31T22:00:00Z,0.233,4
2017,Potencia instalada de generación autoconsumo solar térmica,2026-09-01T00:00:00.000+02:00,2026-08-31T22:00:00Z,0.073,19
2017,Potencia instalada de generación autoconsumo solar térmica,2026-09-01T00:00:00.000+02:00,2026-08-31T22:00:00Z,0.02,10
2017,Potencia instalada de generación autoconsumo solar térmica,2026-09-01T00:00:00.000+02:00,2026-08-31T22:00:00Z,0.063,21
2018,Potencia instalada de generación autoconsumo residuos no renovables,2025-08-01T00:00:00.000+02:00,2025-07-31T22:00:00Z,0.011,4
2018,Potencia instalada de generación autoconsumo residuos no renovables,2025-08-01T00:00:00.000+02:00,2025-07-31T22:00:00Z,4.965,6
2018,Potencia instalada de generación autoconsumo residuos no renovables,2025-08-01T00:00:00.000+02:00,2025-07-31T22:00:00Z,48.255,9
2018,Potencia instalada de generación autoconsumo residuos no renovables,2025-08-01T00:00:00.000+02:00,2025-07-31T22:00:00Z,12.2,10
2018,Potencia instalada de generación autoconsumo residuos no renovables,2025-08-01T00:00:00.000+02:00,2025-07-31T22:00:00Z,108.3,15
2018,Potencia instalada de generación autoconsumo residuos no renovables,2025-08-01T00:00:00.000+02:00,2025-07-31T22:00:00Z,0.1,21
2018,Potencia instalada de generación autoconsumo residuos no renovables,2025-09-01T00:00:00.000+02:00,2025-08-31T22:00:00Z,0.1,21
2018,Potencia instalada de generación autoconsumo residuos no renovables,2025-09-01T00:00:00.000+02:00,2025-08-31T22:00:00Z,108.3,15
2018,Potencia instalada de generación autoconsumo residuos no renovables,2025-09-01T00:00:00.000+02:00,2025-08-31T22:00:00Z,12.2,10
2018,Potencia instalada de generación autoconsumo residuos no renovables,2025-09-01T00:00:00.000+02:00,2025-08-31T22:00:00Z,4.965,6
2018,Potencia instalada de generación autoconsumo residuos no renovables,2025-09-01T00:00:00.000+02:00,2025-08-31T22:00:00Z,0.011,4
2018,Potencia instalada de generación autoconsumo residuos no renovables,2025-09-01T00:00:00.000+02:00,2025-08-31T22:00:00Z,48.255,9
2018,Potencia instalada de generación autoconsumo residuos no renovables,2025-10-01T00:00:00.000+02:00,2025-09-30T22:00:00Z,0.011,4
2018,Potencia instalada de generación autoconsumo residuos no renovables,2025-10-01T00:00:00.000+02:00,2025-09-30T22:00:00Z,4.965,6
2018,Potencia instalada de generación autoconsumo residuos no renovables,2025-10-01T00:00:00.000+02:00,2025-09-30T22:00:00Z,48.255,9
2018,Potencia instalada de generación autoconsumo residuos no renovables,2025-10-01T00:00:00.000+02:00,2025-09-30T22:00:00Z,12.2,10
2018,Potencia instalada de generación autoconsumo residuos no renovables,2025-10-01T00:00:00.000+02:00,2025-09-30T22:00:00Z,108.3,15
2018,Potencia instalada de generación autoconsumo residuos no renovables,2025-10-01T00:00:00.000+02:00,2025-09-30T22:00:00Z,0.1,21
2018,Potencia instalada de generación autoconsumo residuos no renovables,2025-11-01T00:00:00.000+01:00,2025-10-31T23:00:00Z,0.1,21
2018,Potencia instalada de generación autoconsumo residuos no renovables,2025-11-01T00:00:00.000+01:00,2025-10-31T23:00:00Z,12.2,10
2018,Potencia instalada de generación autoconsumo residuos no renovables,2025-11-01T00:00:00.000+01:00,2025-10-31T23:00:00Z,108.3,15
2018,Potencia instalada de generación autoconsumo residuos no renovables,2025-11-01T00:00:00.000+01:00,2025-10-31T23:00:00Z,4.965,6
2018,Potencia instalada de generación autoconsumo residuos no renovables,2025-11-01T00:00:00.000+01:00,2025-10-31T23:00:00Z,0.011,4
2018,Potencia instalada de generación autoconsumo residuos no renovables,2025-11-01T00:00:00.000+01:00,2025-10-31T23:00:00Z,48.255,9
2018,Potencia instalada de generación autoconsumo residuos no renovables,2025-12-01T00:00:00.000+01:00,2025-11-30T23:00:00Z,0.011,4
2018,Potencia instalada de generación autoconsumo residuos no renovables,2025-12-01T00:00:00.000+01:00,2025-11-30T23:00:00Z,4.965,6
2018,Potencia instalada de generación autoconsumo residuos no renovables,2025-12-01T00:00:00.000+01:00,2025-11-30T23:00:00Z,48.255,9
2018,Potencia instalada de generación autoconsumo residuos no renovables,2025-12-01T00:00:00.000+01:00,2025-11-30T23:00:00Z,12.2,10
2018,Potencia instalada de generación autoconsumo residuos no renovables,2025-12-01T00:00:00.000+01:00,2025-11-30T23:00:00Z,108.3,15
2018,Potencia instalada de generación autoconsumo residuos no renovables,2025-12-01T00:00:00.000+01:00,2025-11-30T23:00:00Z,0.1,21
2018,Potencia instalada de generación autoconsumo residuos no renovables,2026-01-01T00:00:00.000+01:00,2025-12-31T23:00:00Z,0.1,21
2018,Potencia instalada de generación autoconsumo residuos no renovables,2026-01-01T00:00:00.000+01:00,2025-12-31T23:00:00Z,108.3,15
2018,Potencia instalada de generación autoconsumo residuos no renovables,2026-01-01T00:00:00.000+01:00,2025-12-31T23:00:00Z,12.2,10
2018,Potencia instalada de generación autoconsumo residuos no renovables,2026-01-01T00:00:00.000+01:00,2025-12-31T23:00:00Z,48.255,9
2018,Potencia instalada de generación autoconsumo residuos no renovables,2026-01-01T00:00:00.000+01:00,2025-12-31T23:00:00Z,0.011,4
2018,Potencia instalada de generación autoconsumo residuos no renovables,2026-01-01T00:00:00.000+01:00,2025-12-31T23:00:00Z,4.965,6
2018,Potencia instalada de generación autoconsumo residuos no renovables,2026-02-01T00:00:00.000+01:00,2026-01-31T23:00:00Z,0.011,4
2018,Potencia instalada de generación autoconsumo residuos no renovables,2026-02-01T00:00:00.000+01:00,2026-01-31T23:00:00Z,4.965,6
2018,Potencia instalada de generación autoconsumo residuos no renovables,2026-02-01T00:00:00.000+01:00,2026-01-31T23:00:00Z,48.255,9
2018,Potencia instalada de generación autoconsumo residuos no renovables,2026-02-01T00:00:00.000+01:00,2026-01-31T23:00:00Z,12.2,10
2018,Potencia instalada de generación autoconsumo residuos no renovables,2026-02-01T00:00:00.000+01:00,2026-01-31T23:00:00Z,108.3,15
2018,Potencia instalada de generación autoconsumo residuos no renovables,2026-02-01T00:00:00.000+01:00,2026-01-31T23:00:00Z,0.1,21
2018,Potencia instalada de generación autoconsumo residuos no renovables,2026-03-01T00:00:00.000+01:00,2026-02-28T23:00:00Z,108.3,15
2018,Potencia instalada de generación autoconsumo residuos no renovables,2026-03-01T00:00:00.000+01:00,2026-02-28T23:00:00Z,0.1,21
2018,Potencia instalada de generación autoconsumo residuos no renovables,2026-03-01T00:00:00.000+01:00,2026-02-28T23:00:00Z,12.2,10
2018,Potencia instalada de generación autoconsumo residuos no renovables,2026-03-01T00:00:00.000+01:00,2026-02-28T23:00:00Z,4.965,6
2018,Potencia instalada de generación autoconsumo residuos no renovables,2026-03-01T00:00:00.000+01:00,2026-02-28T23:00:00Z,0.011,4
2018,Potencia instalada de generación autoconsumo residuos no renovables,2026-03-01T00:00:00.000+01:00,2026-02-28T23:00:00Z,48.255,9
2018,Potencia instalada de generación autoconsumo residuos no renovables,2026-04-01T00:00:00.000+02:00,2026-03-31T22:00:00Z,0.011,4
2018,Potencia instalada de generación autoconsumo residuos no renovables,2026-04-01T00:00:00.000+02:00,2026-03-31T22:00:00Z,4.965,6
2018,Potencia instalada de generación autoconsumo residuos no renovables,2026-04-01T00:00:00.000+02:00,2026-03-31T22:00:00Z,48.255,9
2018,Potencia instalada de generación autoconsumo residuos no renovables,2026-04-01T00:00:00.000+02:00,2026-03-31T22:00:00Z,12.2,10
2018,Potencia instalada de generación autoconsumo residuos no renovables,2026-04-01T00:00:00.000+02:00,2026-03-31T22:00:00Z,108.3,15
2018,Potencia instalada de generación autoconsumo residuos no renovables,2026-04-01T00:00:00.000+02:00,2026-03-31T22:00:00Z,0.1,21
2018,Potencia instalada de generación autoconsumo residuos no renovables,2026-05-01T00:00:00.000+02:00,2026-04-30T22:00:00Z,12.2,10
2018,Potencia instalada de generación autoconsumo residuos no renovables,2026-05-01T00:00:00.000+02:00,2026-04-30T22:00:00Z,0.011,4
2018,Potencia instalada de generación autoconsumo residuos no renovables,2026-05-01T00:00:00.000+02:00,2026-04-30T22:00:00Z,4.965,6
2018,Potencia instalada de generación autoconsumo residuos no renovables,2026-05-01T00:00:00.000+02:00,2026-04-30T22:00:00Z,48.255,9
2018,Potencia instalada de generación autoconsumo residuos no renovables,2026-05-01T00:00:00.000+02:00,2026-04-30T22:00:00Z,108.3,15
2018,Potencia instalada de generación autoconsumo residuos no renovables,2026-05-01T00:00:00.000+02:00,2026-04-30T22:00:00Z,0.1,21
2018,Potencia instalada de generación autoconsumo residuos no renovables,2026-06-01T00:00:00.000+02:00,2026-05-31T22:00:00Z,0.1,21
2018,Potencia instalada de generación autoconsumo residuos no renovables,2026-06-01T00:00:00.000+02:00,2026-05-31T22:00:00Z,108.3,15
2018,Potencia instalada de generación autoconsumo residuos no renovables,2026-06-01T00:00:00.000+02:00,2026-05-31T22:00:00Z,12.2,10
2018,Potencia instalada de generación autoconsumo residuos no renovables,2026-06-01T00:00:00.000+02:00,2026-05-31T22:00:00Z,4.965,6
2018,Potencia instalada de generación autoconsumo residuos no renovables,2026-06-01T00:00:00.000+02:00,2026-05-31T22:00:00Z,0.011,4
2018,Potencia instalada de generación autoconsumo residuos no renovables,2026-06-01T00:00:00.000+02:00,2026-05-31T22:00:00Z,48.255,9
2018,Potencia instalada de generación autoconsumo residuos no renovables,2026-07-01T00:00:00.000+02:00,2026-06-30T22:00:00Z,0.1,21
2018,Potencia instalada de generación autoconsumo residuos no renovables,2026-07-01T00:00:00.000+02:00,2026-06-30T22:00:00Z,108.3,15
2018,Potencia instalada de generación autoconsumo residuos no renovables,2026-07-01T00:00:00.000+02:00,2026-06-30T22:00:00Z,0.006,14
2018,Potencia instalada de generación autoconsumo residuos no renovables,2026-07-01T00:00:00.000+02:00,2026-06-30T22:00:00Z,0.011,4
2018,Potencia instalada de generación autoconsumo residuos no renovables,2026-07-01T00:00:00.000+02:00,2026-06-30T22:00:00Z,48.255,9
2018,Potencia instalada de generación autoconsumo residuos no renovables,2026-07-01T00:00:00.000+02:00,2026-06-30T22:00:00Z,4.965,6
2018,Potencia instalada de generación autoconsumo residuos no renovables,2026-07-01T00:00:00.000+02:00,2026-06-30T22:00:00Z,12.2,10
2018,Potencia instalada de generación autoconsumo residuos no renovables,2026-08-01T00:00:00.000+02:00,2026-07-31T22:00:00Z,0.011,4
2018,Potencia instalada de generación autoconsumo residuos no renovables,2026-08-01T00:00:00.000+02:00,2026-07-31T22:00:00Z,4.965,6
2018,Potencia instalada de generación autoconsumo residuos no renovables,2026-08-01T00:00:00.000+02:00,2026-07-31T22:00:00Z,48.255,9
2018,Potencia instalada de generación autoconsumo residuos no renovables,2026-08-01T00:00:00.000+02:00,2026-07-31T22:00:00Z,12.2,10
2018,Potencia instalada de generación autoconsumo residuos no renovables,2026-08-01T00:00:00.000+02:00,2026-07-31T22:00:00Z,0.006,14
2018,Potencia instalada de generación autoconsumo residuos no renovables,2026-08-01T00:00:00.000+02:00,2026-07-31T22:00:00Z,108.3,15
2018,Potencia instalada de generación autoconsumo residuos no renovables,2026-08-01T00:00:00.000+02:00,2026-07-31T22:00:00Z,0.1,21
2018,Potencia instalada de generación autoconsumo residuos no renovables,2026-09-01T00:00:00.000+02:00,2026-08-31T22:00:00Z,0.006,14
2018,Potencia instalada de generación autoconsumo residuos no renovables,2026-09-01T00:00:00.000+02:00,2026-08-31T22:00:00Z,12.2,10
2018,Potencia instalada de generación autoconsumo residuos no renovables,2026-09-01T00:00:00.000+02:00,2026-08-31T22:00:00Z,108.3,15
2018,Potencia instalada de generación autoconsumo residuos no renovables,2026-09-01T00:00:00.000+02:00,2026-08-31T22:00:00Z,4.965,6
2018,Potencia instalada de generación autoconsumo residuos no renovables,2026-09-01T00:00:00.000+02:00,2026-08-31T22:00:00Z,0.011,4
2018,Potencia instalada de generación autoconsumo residuos no renovables,2026-09-01T00:00:00.000+02:00,2026-08-31T22:00:00Z,48.255,9
2018,Potencia instalada de generación autoconsumo residuos no renovables,2026-09-01T00:00:00.000+02:00,2026-08-31T22:00:00Z,0.1,21
2267,Potencia instalada híbrida renovable,2025-08-01T00:00:00.000+02:00,2025-07-31T22:00:00Z,39.735,5
2267,Potencia instalada híbrida renovable,2025-08-01T00:00:00.000+02:00,2025-07-31T22:00:00Z,243.767,7
2267,Potencia instalada híbrida renovable,2025-08-01T00:00:00.000+02:00,2025-07-31T22:00:00Z,199.492,8
2267,Potencia instalada híbrida renovable,2025-09-01T00:00:00.000+02:00,2025-08-31T22:00:00Z,39.735,5
2267,Potencia instalada híbrida renovable,2025-09-01T00:00:00.000+02:00,2025-08-31T22:00:00Z,243.767,7
2267,Potencia instalada híbrida renovable,2025-09-01T00:00:00.000+02:00,2025-08-31T22:00:00Z,204.042,8
2267,Potencia instalada híbrida renovable,2025-10-01T00:00:00.000+02:00,2025-09-30T22:00:00Z,39.735,5
2267,Potencia instalada híbrida renovable,2025-10-01T00:00:00.000+02:00,2025-09-30T22:00:00Z,243.767,7
2267,Potencia instalada híbrida renovable,2025-10-01T00:00:00.000+02:00,2025-09-30T22:00:00Z,204.042,8
2267,Potencia instalada híbrida renovable,2025-11-01T00:00:00.000+01:00,2025-10-31T23:00:00Z,148.635,5
2267,Potencia instalada híbrida renovable,2025-11-01T00:00:00.000+01:00,2025-10-31T23:00:00Z,243.767,7
2267,Potencia instalada híbrida renovable,2025-11-01T00:00:00.000+01:00,2025-10-31T23:00:00Z,204.042,8
2267,Potencia instalada híbrida renovable,2025-12-01T00:00:00.000+01:00,2025-11-30T23:00:00Z,204.042,8
2267,Potencia instalada híbrida renovable,2025-12-01T00:00:00.000+01:00,2025-11-30T23:00:00Z,243.767,7
2267,Potencia instalada híbrida renovable,2025-12-01T00:00:00.000+01:00,2025-11-30T23:00:00Z,148.635,5
2267,Potencia instalada híbrida renovable,2026-01-01T00:00:00.000+01:00,2025-12-31T23:00:00Z,255.375,5
2267,Potencia instalada híbrida renovable,2026-01-01T00:00:00.000+01:00,2025-12-31T23:00:00Z,243.767,7
2267,Potencia instalada híbrida renovable,2026-01-01T00:00:00.000+01:00,2025-12-31T23:00:00Z,204.042,8
2267,Potencia instalada híbrida renovable,2026-02-01T00:00:00.000+01:00,2026-01-31T23:00:00Z,287.775,5
2267,Potencia instalada híbrida renovable,2026-02-01T00:00:00.000+01:00,2026-01-31T23:00:00Z,243.767,7
2267,Potencia instalada híbrida renovable,2026-02-01T00:00:00.000+01:00,2026-01-31T23:00:00Z,204.042,8
2267,Potencia instalada híbrida renovable,2026-03-01T00:00:00.000+01:00,2026-02-28T23:00:00Z,491.935,5
2267,Potencia instalada híbrida renovable,2026-03-01T00:00:00.000+01:00,2026-02-28T23:00:00Z,243.767,7
2267,Potencia instalada híbrida renovable,2026-03-01T00:00:00.000+01:00,2026-02-28T23:00:00Z,204.042,8
2267,Potencia instalada híbrida renovable,2026-03-01T00:00:00.000+01:00,2026-02-28T23:00:00Z,16.03,14
2267,Potencia instalada híbrida renovable,2026-04-01T00:00:00.000+02:00,2026-03-31T22:00:00Z,16.03,14
2267,Potencia instalada híbrida renovable,2026-04-01T00:00:00.000+02:00,2026-03-31T22:00:00Z,204.042,8
2267,Potencia instalada híbrida renovable,2026-04-01T00:00:00.000+02:00,2026-03-31T22:00:00Z,491.935,5
2267,Potencia instalada híbrida renovable,2026-04-01T00:00:00.000+02:00,2026-03-31T22:00:00Z,243.767,7
2267,Potencia instalada híbrida renovable,2026-05-01T00:00:00.000+02:00,2026-04-30T22:00:00Z,491.935,5
2267,Potencia instalada híbrida renovable,2026-05-01T00:00:00.000+02:00,2026-04-30T22:00:00Z,243.767,7
2267,Potencia instalada híbrida renovable,2026-05-01T00:00:00.000+02:00,2026-04-30T22:00:00Z,204.042,8
2267,Potencia instalada híbrida renovable,2026-05-01T00:00:00.000+02:00,2026-04-30T22:00:00Z,16.03,14
2267,Potencia instalada híbrida renovable,2026-06-01T00:00:00.000+02:00,2026-05-31T22:00:00Z,491.935,5
2267,Potencia instalada híbrida renovable,2026-06-01T00:00:00.000+02:00,2026-05-31T22:00:00Z,243.767,7
2267,Potencia instalada híbrida renovable,2026-06-01T00:00:00.000+02:00,2026-05-31T22:00:00Z,204.042,8
2267,Potencia instalada híbrida renovable,2026-06-01T00:00:00.000+02:00,2026-05-31T22:00:00Z,16.03,14
2267,Potencia instalada híbrida renovable,2026-07-01T00:00:00.000+02:00,2026-06-30T22:00:00Z,204.042,8
2267,Potencia instalada híbrida renovable,2026-07-01T00:00:00.000+02:00,2026-06-30T22:00:00Z,23.2,17
2267,Potencia instalada híbrida renovable,2026-07-01T00:00:00.000+02:00,2026-06-30T22:00:00Z,16.03,14
2267,Potencia instalada híbrida renovable,2026-07-01T00:00:00.000+02:00,2026-06-30T22:00:00Z,491.935,5
2267,Potencia instalada híbrida renovable,2026-07-01T00:00:00.000+02:00,2026-06-30T22:00:00Z,279.407,7
2267,Potencia instalada híbrida renovable,2026-08-01T00:00:00.000+02:00,2026-07-31T22:00:00Z,23.2,17
2267,Potencia instalada híbrida renovable,2026-08-01T00:00:00.000+02:00,2026-07-31T22:00:00Z,491.935,5
2267,Potencia instalada híbrida renovable,2026-08-01T00:00:00.000+02:00,2026-07-31T22:00:00Z,279.407,7
2267,Potencia instalada híbrida renovable,2026-08-01T00:00:00.000+02:00,2026-07-31T22:00:00Z,204.042,8
2267,Potencia instalada híbrida renovable,2026-08-01T00:00:00.000+02:00,2026-07-31T22:00:00Z,16.03,14
2267,Potencia instalada híbrida renovable,2026-09-01T00:00:00.000+02:00,2026-08-31T22:00:00Z,204.042,8
2267,Potencia instalada híbrida renovable,2026-09-01T00:00:00.000+02:00,2026-08-31T22:00:00Z,16.03,14
2267,Potencia instalada híbrida renovable,2026-09-01T00:00:00.000+02:00,2026-08-31T22:00:00Z,598.985,5
2267,Potencia instalada híbrida renovable,2026-09-01T00:00:00.000+02:00,2026-08-31T22:00:00Z,157.502,7
2267,Potencia instalada híbrida renovable,2026-09-01T00:00:00.000+02:00,2026-08-31T22:00:00Z,23.2,17
2268,Potencia instalada híbrida renovable-térmica no renovable,2025-08-01T00:00:00.000+02:00,2025-07-31T22:00:00Z,13.459,4
2268,Potencia instalada híbrida renovable-térmica no renovable,2025-08-01T00:00:00.000+02:00,2025-07-31T22:00:00Z,6.16,8
2268,Potencia instalada híbrida renovable-térmica no renovable,2025-08-01T00:00:00.000+02:00,2025-07-31T22:00:00Z,11.793,16
2268,Potencia instalada híbrida renovable-térmica no renovable,2025-08-01T00:00:00.000+02:00,2025-07-31T22:00:00Z,4.095,17
2268,Potencia instalada híbrida renovable-térmica no renovable,2025-09-01T00:00:00.000+02:00,2025-08-31T22:00:00Z,13.459,4
2268,Potencia instalada híbrida renovable-térmica no renovable,2025-09-01T00:00:00.000+02:00,2025-08-31T22:00:00Z,6.16,8
2268,Potencia instalada híbrida renovable-térmica no renovable,2025-09-01T00:00:00.000+02:00,2025-08-31T22:00:00Z,11.793,16
2268,Potencia instalada híbrida renovable-térmica no renovable,2025-09-01T00:00:00.000+02:00,2025-08-31T22:00:00Z,4.095,17
2268,Potencia instalada híbrida renovable-térmica no renovable,2025-10-01T00:00:00.000+02:00,2025-09-30T22:00:00Z,13.459,4
2268,Potencia instalada híbrida renovable-térmica no renovable,2025-10-01T00:00:00.000+02:00,2025-09-30T22:00:00Z,6.16,8
2268,Potencia instalada híbrida renovable-térmica no renovable,2025-10-01T00:00:00.000+02:00,2025-09-30T22:00:00Z,11.793,16
2268,Potencia instalada híbrida renovable-térmica no renovable,2025-10-01T00:00:00.000+02:00,2025-09-30T22:00:00Z,6.545,17
2268,Potencia instalada híbrida renovable-térmica no renovable,2025-11-01T00:00:00.000+01:00,2025-10-31T23:00:00Z,6.545,17
2268,Potencia instalada híbrida renovable-térmica no renovable,2025-11-01T00:00:00.000+01:00,2025-10-31T23:00:00Z,11.793,16
2268,Potencia instalada híbrida renovable-térmica no renovable,2025-11-01T00:00:00.000+01:00,2025-10-31T23:00:00Z,13.459,4
2268,Potencia instalada híbrida renovable-térmica no renovable,2025-11-01T00:00:00.000+01:00,2025-10-31T23:00:00Z,6.16,8
2268,Potencia instalada híbrida renovable-térmica no renovable,2025-12-01T00:00:00.000+01:00,2025-11-30T23:00:00Z,13.459,4
2268,Potencia instalada híbrida renovable-térmica no renovable,2025-12-01T00:00:00.000+01:00,2025-11-30T23:00:00Z,6.16,8
2268,Potencia instalada híbrida renovable-térmica no renovable,2025-12-01T00:00:00.000+01:00,2025-11-30T23:00:00Z,11.793,16
2268,Potencia instalada híbrida renovable-térmica no renovable,2025-12-01T00:00:00.000+01:00,2025-11-30T23:00:00Z,6.545,17
2268,Potencia instalada híbrida renovable-térmica no renovable,2026-01-01T00:00:00.000+01:00,2025-12-31T23:00:00Z,6.545,17
2268,Potencia instalada híbrida renovable-térmica no renovable,2026-01-01T00:00:00.000+01:00,2025-12-31T23:00:00Z,13.459,4
2268,Potencia instalada híbrida renovable-térmica no renovable,2026-01-01T00:00:00.000+01:00,2025-12-31T23:00:00Z,6.16,8
2268,Potencia instalada híbrida renovable-térmica no renovable,2026-01-01T00:00:00.000+01:00,2025-12-31T23:00:00Z,11.793,16
2268,Potencia instalada híbrida renovable-térmica no renovable,2026-02-01T00:00:00.000+01:00,2026-01-31T23:00:00Z,11.793,16
2268,Potencia instalada híbrida renovable-térmica no renovable,2026-02-01T00:00:00.000+01:00,2026-01-31T23:00:00Z,6.545,17
2268,Potencia instalada híbrida renovable-térmica no renovable,2026-02-01T00:00:00.000+01:00,2026-01-31T23:00:00Z,13.459,4
2268,Potencia instalada híbrida renovable-térmica no renovable,2026-02-01T00:00:00.000+01:00,2026-01-31T23:00:00Z,6.16,8
2268,Potencia instalada híbrida renovable-térmica no renovable,2026-03-01T00:00:00.000+01:00,2026-02-28T23:00:00Z,13.459,4
2268,Potencia instalada híbrida renovable-térmica no renovable,2026-03-01T00:00:00.000+01:00,2026-02-28T23:00:00Z,6.16,8
2268,Potencia instalada híbrida renovable-térmica no renovable,2026-03-01T00:00:00.000+01:00,2026-02-28T23:00:00Z,11.793,16
2268,Potencia instalada híbrida renovable-térmica no renovable,2026-03-01T00:00:00.000+01:00,2026-02-28T23:00:00Z,6.545,17
2268,Potencia instalada híbrida renovable-térmica no renovable,2026-04-01T00:00:00.000+02:00,2026-03-31T22:00:00Z,13.459,4
2268,Potencia instalada híbrida renovable-térmica no renovable,2026-04-01T00:00:00.000+02:00,2026-03-31T22:00:00Z,6.16,8
2268,Potencia instalada híbrida renovable-térmica no renovable,2026-04-01T00:00:00.000+02:00,2026-03-31T22:00:00Z,11.793,16
2268,Potencia instalada híbrida renovable-térmica no renovable,2026-04-01T00:00:00.000+02:00,2026-03-31T22:00:00Z,6.545,17
2268,Potencia instalada híbrida renovable-térmica no renovable,2026-05-01T00:00:00.000+02:00,2026-04-30T22:00:00Z,13.459,4
2268,Potencia instalada híbrida renovable-térmica no renovable,2026-05-01T00:00:00.000+02:00,2026-04-30T22:00:00Z,39.61,8
2268,Potencia instalada híbrida renovable-térmica no renovable,2026-05-01T00:00:00.000+02:00,2026-04-30T22:00:00Z,11.793,16
2268,Potencia instalada híbrida renovable-térmica no renovable,2026-05-01T00:00:00.000+02:00,2026-04-30T22:00:00Z,6.545,17
2268,Potencia instalada híbrida renovable-térmica no renovable,2026-06-01T00:00:00.000+02:00,2026-05-31T22:00:00Z,6.545,17
2268,Potencia instalada híbrida renovable-térmica no renovable,2026-06-01T00:00:00.000+02:00,2026-05-31T22:00:00Z,11.793,16
2268,Potencia instalada híbrida renovable-térmica no renovable,2026-06-01T00:00:00.000+02:00,2026-05-31T22:00:00Z,13.459,4
2268,Potencia instalada híbrida renovable-térmica no renovable,2026-06-01T00:00:00.000+02:00,2026-05-31T22:00:00Z,39.61,8
2268,Potencia instalada híbrida renovable-térmica no renovable,2026-07-01T00:00:00.000+02:00,2026-06-30T22:00:00Z,13.459,4
2268,Potencia instalada híbrida renovable-térmica no renovable,2026-07-01T00:00:00.000+02:00,2026-06-30T22:00:00Z,44.41,8
2268,Potencia instalada híbrida renovable-térmica no renovable,2026-07-01T00:00:00.000+02:00,2026-06-30T22:00:00Z,11.793,16
2268,Potencia instalada híbrida renovable-térmica no renovable,2026-07-01T00:00:00.000+02:00,2026-06-30T22:00:00Z,6.545,17
2268,Potencia instalada híbrida renovable-térmica no renovable,2026-08-01T00:00:00.000+02:00,2026-07-31T22:00:00Z,13.459,4
2268,Potencia instalada híbrida renovable-térmica no renovable,2026-08-01T00:00:00.000+02:00,2026-07-31T22:00:00Z,44.41,8
2268,Potencia instalada híbrida renovable-térmica no renovable,2026-08-01T00:00:00.000+02:00,2026-07-31T22:00:00Z,11.793,16
2268,Potencia instalada híbrida renovable-térmica no renovable,2026-08-01T00:00:00.000+02:00,2026-07-31T22:00:00Z,6.545,17
2268,Potencia instalada híbrida renovable-térmica no renovable,2026-09-01T00:00:00.000+02:00,2026-08-31T22:00:00Z,11.793,16
2268,Potencia instalada híbrida renovable-térmica no renovable,2026-09-01T00:00:00.000+02:00,2026-08-31T22:00:00Z,13.459,4
2268,Potencia instalada híbrida renovable-térmica no renovable,2026-09-01T00:00:00.000+02:00,2026-08-31T22:00:00Z,44.41,8
2268,Potencia instalada híbrida renovable-térmica no renovable,2026-09-01T00:00:00.000+02:00,2026-08-31T22:00:00Z,6.545,17
2269,Potencia instalada híbrida renovable-almacenamiento,2025-08-01T00:00:00.000+02:00,2025-07-31T22:00:00Z,94.91,7
2269,Potencia instalada híbrida renovable-almacenamiento,2025-08-01T00:00:00.000+02:00,2025-07-31T22:00:00Z,37.83,10
2269,Potencia instalada híbrida renovable-almacenamiento,2025-08-01T00:00:00.000+02:00,2025-07-31T22:00:00Z,35.74,16
2269,Potencia instalada híbrida renovable-almacenamiento,2025-08-01T00:00:00.000+02:00,2025-07-31T22:00:00Z,3.975,18
2269,Potencia instalada híbrida renovable-almacenamiento,2025-09-01T00:00:00.000+02:00,2025-08-31T22:00:00Z,94.91,7
2269,Potencia instalada híbrida renovable-almacenamiento,2025-09-01T00:00:00.000+02:00,2025-08-31T22:00:00Z,37.83,10
2269,Potencia instalada híbrida renovable-almacenamiento,2025-09-01T00:00:00.000+02:00,2025-08-31T22:00:00Z,62.905,16
2269,Potencia instalada híbrida renovable-almacenamiento,2025-09-01T00:00:00.000+02:00,2025-08-31T22:00:00Z,3.975,18
2269,Potencia instalada híbrida renovable-almacenamiento,2025-10-01T00:00:00.000+02:00,2025-09-30T22:00:00Z,3.975,18
2269,Potencia instalada híbrida renovable-almacenamiento,2025-10-01T00:00:00.000+02:00,2025-09-30T22:00:00Z,62.905,16
2269,Potencia instalada híbrida renovable-almacenamiento,2025-10-01T00:00:00.000+02:00,2025-09-30T22:00:00Z,94.91,7
2269,Potencia instalada híbrida renovable-almacenamiento,2025-10-01T00:00:00.000+02:00,2025-09-30T22:00:00Z,37.83,10
2269,Potencia instalada híbrida renovable-almacenamiento,2025-11-01T00:00:00.000+01:00,2025-10-31T23:00:00Z,3.975,18
2269,Potencia instalada híbrida renovable-almacenamiento,2025-11-01T00:00:00.000+01:00,2025-10-31T23:00:00Z,94.91,7
2269,Potencia instalada híbrida renovable-almacenamiento,2025-11-01T00:00:00.000+01:00,2025-10-31T23:00:00Z,37.83,10
2269,Potencia instalada híbrida renovable-almacenamiento,2025-11-01T00:00:00.000+01:00,2025-10-31T23:00:00Z,62.905,16
2269,Potencia instalada híbrida renovable-almacenamiento,2025-12-01T00:00:00.000+01:00,2025-11-30T23:00:00Z,62.905,16
2269,Potencia instalada híbrida renovable-almacenamiento,2025-12-01T00:00:00.000+01:00,2025-11-30T23:00:00Z,3.975,18
2269,Potencia instalada híbrida renovable-almacenamiento,2025-12-01T00:00:00.000+01:00,2025-11-30T23:00:00Z,94.91,7
2269,Potencia instalada híbrida renovable-almacenamiento,2025-12-01T00:00:00.000+01:00,2025-11-30T23:00:00Z,37.83,10
2269,Potencia instalada híbrida renovable-almacenamiento,2026-01-01T00:00:00.000+01:00,2025-12-31T23:00:00Z,94.91,7
2269,Potencia instalada híbrida renovable-almacenamiento,2026-01-01T00:00:00.000+01:00,2025-12-31T23:00:00Z,37.83,10
2269,Potencia instalada híbrida renovable-almacenamiento,2026-01-01T00:00:00.000+01:00,2025-12-31T23:00:00Z,62.905,16
2269,Potencia instalada híbrida renovable-almacenamiento,2026-01-01T00:00:00.000+01:00,2025-12-31T23:00:00Z,3.975,18
2269,Potencia instalada híbrida renovable-almacenamiento,2026-02-01T00:00:00.000+01:00,2026-01-31T23:00:00Z,13.33,19
2269,Potencia instalada híbrida renovable-almacenamiento,2026-02-01T00:00:00.000+01:00,2026-01-31T23:00:00Z,62.905,16
2269,Potencia instalada híbrida renovable-almacenamiento,2026-02-01T00:00:00.000+01:00,2026-01-31T23:00:00Z,3.975,18
2269,Potencia instalada híbrida renovable-almacenamiento,2026-02-01T00:00:00.000+01:00,2026-01-31T23:00:00Z,72.979,8
2269,Potencia instalada híbrida renovable-almacenamiento,2026-02-01T00:00:00.000+01:00,2026-01-31T23:00:00Z,236.47,7
2269,Potencia instalada híbrida renovable-almacenamiento,2026-02-01T00:00:00.000+01:00,2026-01-31T23:00:00Z,37.83,10
2269,Potencia instalada híbrida renovable-almacenamiento,2026-03-01T00:00:00.000+01:00,2026-02-28T23:00:00Z,236.47,7
2269,Potencia instalada híbrida renovable-almacenamiento,2026-03-01T00:00:00.000+01:00,2026-02-28T23:00:00Z,72.979,8
2269,Potencia instalada híbrida renovable-almacenamiento,2026-03-01T00:00:00.000+01:00,2026-02-28T23:00:00Z,37.83,10
2269,Potencia instalada híbrida renovable-almacenamiento,2026-03-01T00:00:00.000+01:00,2026-02-28T23:00:00Z,62.905,16
2269,Potencia instalada híbrida renovable-almacenamiento,2026-03-01T00:00:00.000+01:00,2026-02-28T23:00:00Z,3.975,18
2269,Potencia instalada híbrida renovable-almacenamiento,2026-03-01T00:00:00.000+01:00,2026-02-28T23:00:00Z,13.33,19
2269,Potencia instalada híbrida renovable-almacenamiento,2026-04-01T00:00:00.000+02:00,2026-03-31T22:00:00Z,3.975,18
2269,Potencia instalada híbrida renovable-almacenamiento,2026-04-01T00:00:00.000+02:00,2026-03-31T22:00:00Z,13.33,19
2269,Potencia instalada híbrida renovable-almacenamiento,2026-04-01T00:00:00.000+02:00,2026-03-31T22:00:00Z,62.905,16
2269,Potencia instalada híbrida renovable-almacenamiento,2026-04-01T00:00:00.000+02:00,2026-03-31T22:00:00Z,37.83,10
2269,Potencia instalada híbrida renovable-almacenamiento,2026-04-01T00:00:00.000+02:00,2026-03-31T22:00:00Z,110.579,8
2269,Potencia instalada híbrida renovable-almacenamiento,2026-04-01T00:00:00.000+02:00,2026-03-31T22:00:00Z,236.47,7
2269,Potencia instalada híbrida renovable-almacenamiento,2026-05-01T00:00:00.000+02:00,2026-04-30T22:00:00Z,71.342,4
2269,Potencia instalada híbrida renovable-almacenamiento,2026-05-01T00:00:00.000+02:00,2026-04-30T22:00:00Z,236.47,7
2269,Potencia instalada híbrida renovable-almacenamiento,2026-05-01T00:00:00.000+02:00,2026-04-30T22:00:00Z,110.579,8
2269,Potencia instalada híbrida renovable-almacenamiento,2026-05-01T00:00:00.000+02:00,2026-04-30T22:00:00Z,37.83,10
2269,Potencia instalada híbrida renovable-almacenamiento,2026-05-01T00:00:00.000+02:00,2026-04-30T22:00:00Z,205.745,16
2269,Potencia instalada híbrida renovable-almacenamiento,2026-05-01T00:00:00.000+02:00,2026-04-30T22:00:00Z,3.975,18
2269,Potencia instalada híbrida renovable-almacenamiento,2026-05-01T00:00:00.000+02:00,2026-04-30T22:00:00Z,13.33,19
2269,Potencia instalada híbrida renovable-almacenamiento,2026-06-01T00:00:00.000+02:00,2026-05-31T22:00:00Z,13.33,19
2269,Potencia instalada híbrida renovable-almacenamiento,2026-06-01T00:00:00.000+02:00,2026-05-31T22:00:00Z,3.975,18
2269,Potencia instalada híbrida renovable-almacenamiento,2026-06-01T00:00:00.000+02:00,2026-05-31T22:00:00Z,205.745,16
2269,Potencia instalada híbrida renovable-almacenamiento,2026-06-01T00:00:00.000+02:00,2026-05-31T22:00:00Z,71.342,4
2269,Potencia instalada híbrida renovable-almacenamiento,2026-06-01T00:00:00.000+02:00,2026-05-31T22:00:00Z,110.579,8
2269,Potencia instalada híbrida renovable-almacenamiento,2026-06-01T00:00:00.000+02:00,2026-05-31T22:00:00Z,236.47,7
2269,Potencia instalada híbrida renovable-almacenamiento,2026-06-01T00:00:00.000+02:00,2026-05-31T22:00:00Z,37.83,10
2269,Potencia instalada híbrida renovable-almacenamiento,2026-07-01T00:00:00.000+02:00,2026-06-30T22:00:00Z,3.975,18
2269,Potencia instalada híbrida renovable-almacenamiento,2026-07-01T00:00:00.000+02:00,2026-06-30T22:00:00Z,13.33,19
2269,Potencia instalada híbrida renovable-almacenamiento,2026-07-01T00:00:00.000+02:00,2026-06-30T22:00:00Z,205.745,16
2269,Potencia instalada híbrida renovable-almacenamiento,2026-07-01T00:00:00.000+02:00,2026-06-30T22:00:00Z,110.579,8
2269,Potencia instalada híbrida renovable-almacenamiento,2026-07-01T00:00:00.000+02:00,2026-06-30T22:00:00Z,236.47,7
2269,Potencia instalada híbrida renovable-almacenamiento,2026-07-01T00:00:00.000+02:00,2026-06-30T22:00:00Z,71.342,4
2269,Potencia instalada híbrida renovable-almacenamiento,2026-07-01T00:00:00.000+02:00,2026-06-30T22:00:00Z,37.83,10
2269,Potencia instalada híbrida renovable-almacenamiento,2026-08-01T00:00:00.000+02:00,2026-07-31T22:00:00Z,3.975,18
2269,Potencia instalada híbrida renovable-almacenamiento,2026-08-01T00:00:00.000+02:00,2026-07-31T22:00:00Z,71.342,4
2269,Potencia instalada híbrida renovable-almacenamiento,2026-08-01T00:00:00.000+02:00,2026-07-31T22:00:00Z,236.47,7
2269,Potencia instalada híbrida renovable-almacenamiento,2026-08-01T00:00:00.000+02:00,2026-07-31T22:00:00Z,110.579,8
2269,Potencia instalada híbrida renovable-almacenamiento,2026-08-01T00:00:00.000+02:00,2026-07-31T22:00:00Z,37.83,10
2269,Potencia instalada híbrida renovable-almacenamiento,2026-08-01T00:00:00.000+02:00,2026-07-31T22:00:00Z,205.745,16
2269,Potencia instalada híbrida renovable-almacenamiento,2026-08-01T00:00:00.000+02:00,2026-07-31T22:00:00Z,13.33,19
2269,Potencia instalada híbrida renovable-almacenamiento,2026-09-01T00:00:00.000+02:00,2026-08-31T22:00:00Z,205.745,16
2269,Potencia instalada híbrida renovable-almacenamiento,2026-09-01T00:00:00.000+02:00,2026-08-31T22:00:00Z,37.83,10
2269,Potencia instalada híbrida renovable-almacenamiento,2026-09-01T00:00:00.000+02:00,2026-08-31T22:00:00Z,3.975,18
2269,Potencia instalada híbrida renovable-almacenamiento,2026-09-01T00:00:00.000+02:00,2026-08-31T22:00:00Z,358.375,7
2269,Potencia instalada híbrida renovable-almacenamiento,2026-09-01T00:00:00.000+02:00,2026-08-31T22:00:00Z,71.342,4
2269,Potencia instalada híbrida renovable-almacenamiento,2026-09-01T00:00:00.000+02:00,2026-08-31T22:00:00Z,110.579,8
2269,Potencia instalada híbrida renovable-almacenamiento,2026-09-01T00:00:00.000+02:00,2026-08-31T22:00:00Z,13.33,19
2272,Potencia instalada de generación solar fotovoltaica híbridada,2025-08-01T00:00:00.000+02:00,2025-07-31T22:00:00Z,5.972,4
2272,Potencia instalada de generación solar fotovoltaica híbridada,2025-08-01T00:00:00.000+02:00,2025-07-31T22:00:00Z,8.385,5
2272,Potencia instalada de generación solar fotovoltaica híbridada,2025-08-01T00:00:00.000+02:00,2025-07-31T22:00:00Z,196.677,7
2272,Potencia instalada de generación solar fotovoltaica híbridada,2025-08-01T00:00:00.000+02:00,2025-07-31T22:00:00Z,96.542,8
2272,Potencia instalada de generación solar fotovoltaica híbridada,2025-08-01T00:00:00.000+02:00,2025-07-31T22:00:00Z,36.205,16
2272,Potencia instalada de generación solar fotovoltaica híbridada,2025-08-01T00:00:00.000+02:00,2025-07-31T22:00:00Z,2.775,18
2272,Potencia instalada de generación solar fotovoltaica híbridada,2025-09-01T00:00:00.000+02:00,2025-08-31T22:00:00Z,2.775,18
2272,Potencia instalada de generación solar fotovoltaica híbridada,2025-09-01T00:00:00.000+02:00,2025-08-31T22:00:00Z,97.942,8
2272,Potencia instalada de generación solar fotovoltaica híbridada,2025-09-01T00:00:00.000+02:00,2025-08-31T22:00:00Z,61.192,16
2272,Potencia instalada de generación solar fotovoltaica híbridada,2025-09-01T00:00:00.000+02:00,2025-08-31T22:00:00Z,8.385,5
2272,Potencia instalada de generación solar fotovoltaica híbridada,2025-09-01T00:00:00.000+02:00,2025-08-31T22:00:00Z,5.972,4
2272,Potencia instalada de generación solar fotovoltaica híbridada,2025-09-01T00:00:00.000+02:00,2025-08-31T22:00:00Z,196.677,7
2272,Potencia instalada de generación solar fotovoltaica híbridada,2025-10-01T00:00:00.000+02:00,2025-09-30T22:00:00Z,5.972,4
2272,Potencia instalada de generación solar fotovoltaica híbridada,2025-10-01T00:00:00.000+02:00,2025-09-30T22:00:00Z,8.385,5
2272,Potencia instalada de generación solar fotovoltaica híbridada,2025-10-01T00:00:00.000+02:00,2025-09-30T22:00:00Z,196.677,7
2272,Potencia instalada de generación solar fotovoltaica híbridada,2025-10-01T00:00:00.000+02:00,2025-09-30T22:00:00Z,97.942,8
2272,Potencia instalada de generación solar fotovoltaica híbridada,2025-10-01T00:00:00.000+02:00,2025-09-30T22:00:00Z,61.192,16
2272,Potencia instalada de generación solar fotovoltaica híbridada,2025-10-01T00:00:00.000+02:00,2025-09-30T22:00:00Z,2.45,17
2272,Potencia instalada de generación solar fotovoltaica híbridada,2025-10-01T00:00:00.000+02:00,2025-09-30T22:00:00Z,2.775,18
2272,Potencia instalada de generación solar fotovoltaica híbridada,2025-11-01T00:00:00.000+01:00,2025-10-31T23:00:00Z,61.192,16
2272,Potencia instalada de generación solar fotovoltaica híbridada,2025-11-01T00:00:00.000+01:00,2025-10-31T23:00:00Z,2.45,17
2272,Potencia instalada de generación solar fotovoltaica híbridada,2025-11-01T00:00:00.000+01:00,2025-10-31T23:00:00Z,97.942,8
2272,Potencia instalada de generación solar fotovoltaica híbridada,2025-11-01T00:00:00.000+01:00,2025-10-31T23:00:00Z,2.775,18
2272,Potencia instalada de generación solar fotovoltaica híbridada,2025-11-01T00:00:00.000+01:00,2025-10-31T23:00:00Z,40.085,5
2272,Potencia instalada de generación solar fotovoltaica híbridada,2025-11-01T00:00:00.000+01:00,2025-10-31T23:00:00Z,5.972,4
2272,Potencia instalada de generación solar fotovoltaica híbridada,2025-11-01T00:00:00.000+01:00,2025-10-31T23:00:00Z,196.677,7
2272,Potencia instalada de generación solar fotovoltaica híbridada,2025-12-01T00:00:00.000+01:00,2025-11-30T23:00:00Z,5.972,4
2272,Potencia instalada de generación solar fotovoltaica híbridada,2025-12-01T00:00:00.000+01:00,2025-11-30T23:00:00Z,40.085,5
2272,Potencia instalada de generación solar fotovoltaica híbridada,2025-12-01T00:00:00.000+01:00,2025-11-30T23:00:00Z,196.677,7
2272,Potencia instalada de generación solar fotovoltaica híbridada,2025-12-01T00:00:00.000+01:00,2025-11-30T23:00:00Z,97.942,8
2272,Potencia instalada de generación solar fotovoltaica híbridada,2025-12-01T00:00:00.000+01:00,2025-11-30T23:00:00Z,61.192,16
2272,Potencia instalada de generación solar fotovoltaica híbridada,2025-12-01T00:00:00.000+01:00,2025-11-30T23:00:00Z,2.45,17
2272,Potencia instalada de generación solar fotovoltaica híbridada,2025-12-01T00:00:00.000+01:00,2025-11-30T23:00:00Z,2.775,18
2272,Potencia instalada de generación solar fotovoltaica híbridada,2026-01-01T00:00:00.000+01:00,2025-12-31T23:00:00Z,2.775,18
2272,Potencia instalada de generación solar fotovoltaica híbridada,2026-01-01T00:00:00.000+01:00,2025-12-31T23:00:00Z,2.45,17
2272,Potencia instalada de generación solar fotovoltaica híbridada,2026-01-01T00:00:00.000+01:00,2025-12-31T23:00:00Z,97.942,8
2272,Potencia instalada de generación solar fotovoltaica híbridada,2026-01-01T00:00:00.000+01:00,2025-12-31T23:00:00Z,61.192,16
2272,Potencia instalada de generación solar fotovoltaica híbridada,2026-01-01T00:00:00.000+01:00,2025-12-31T23:00:00Z,74.585,5
2272,Potencia instalada de generación solar fotovoltaica híbridada,2026-01-01T00:00:00.000+01:00,2025-12-31T23:00:00Z,5.972,4
2272,Potencia instalada de generación solar fotovoltaica híbridada,2026-01-01T00:00:00.000+01:00,2025-12-31T23:00:00Z,196.677,7
2272,Potencia instalada de generación solar fotovoltaica híbridada,2026-02-01T00:00:00.000+01:00,2026-01-31T23:00:00Z,5.972,4
2272,Potencia instalada de generación solar fotovoltaica híbridada,2026-02-01T00:00:00.000+01:00,2026-01-31T23:00:00Z,87.485,5
2272,Potencia instalada de generación solar fotovoltaica híbridada,2026-02-01T00:00:00.000+01:00,2026-01-31T23:00:00Z,280.677,7
2272,Potencia instalada de generación solar fotovoltaica híbridada,2026-02-01T00:00:00.000+01:00,2026-01-31T23:00:00Z,142.141,8
2272,Potencia instalada de generación solar fotovoltaica híbridada,2026-02-01T00:00:00.000+01:00,2026-01-31T23:00:00Z,61.192,16
2272,Potencia instalada de generación solar fotovoltaica híbridada,2026-02-01T00:00:00.000+01:00,2026-01-31T23:00:00Z,2.45,17
2272,Potencia instalada de generación solar fotovoltaica híbridada,2026-02-01T00:00:00.000+01:00,2026-01-31T23:00:00Z,2.775,18
2272,Potencia instalada de generación solar fotovoltaica híbridada,2026-02-01T00:00:00.000+01:00,2026-01-31T23:00:00Z,8.25,19
2272,Potencia instalada de generación solar fotovoltaica híbridada,2026-03-01T00:00:00.000+01:00,2026-02-28T23:00:00Z,61.192,16
2272,Potencia instalada de generación solar fotovoltaica híbridada,2026-03-01T00:00:00.000+01:00,2026-02-28T23:00:00Z,8.25,19
2272,Potencia instalada de generación solar fotovoltaica híbridada,2026-03-01T00:00:00.000+01:00,2026-02-28T23:00:00Z,2.45,17
2272,Potencia instalada de generación solar fotovoltaica híbridada,2026-03-01T00:00:00.000+01:00,2026-02-28T23:00:00Z,7.75,14
2272,Potencia instalada de generación solar fotovoltaica híbridada,2026-03-01T00:00:00.000+01:00,2026-02-28T23:00:00Z,2.775,18
2272,Potencia instalada de generación solar fotovoltaica híbridada,2026-03-01T00:00:00.000+01:00,2026-02-28T23:00:00Z,280.677,7
2272,Potencia instalada de generación solar fotovoltaica híbridada,2026-03-01T00:00:00.000+01:00,2026-02-28T23:00:00Z,124.445,5
2272,Potencia instalada de generación solar fotovoltaica híbridada,2026-03-01T00:00:00.000+01:00,2026-02-28T23:00:00Z,142.141,8
2272,Potencia instalada de generación solar fotovoltaica híbridada,2026-03-01T00:00:00.000+01:00,2026-02-28T23:00:00Z,5.972,4
2272,Potencia instalada de generación solar fotovoltaica híbridada,2026-04-01T00:00:00.000+02:00,2026-03-31T22:00:00Z,2.775,18
2272,Potencia instalada de generación solar fotovoltaica híbridada,2026-04-01T00:00:00.000+02:00,2026-03-31T22:00:00Z,2.45,17
2272,Potencia instalada de generación solar fotovoltaica híbridada,2026-04-01T00:00:00.000+02:00,2026-03-31T22:00:00Z,61.192,16
2272,Potencia instalada de generación solar fotovoltaica híbridada,2026-04-01T00:00:00.000+02:00,2026-03-31T22:00:00Z,7.75,14
2272,Potencia instalada de generación solar fotovoltaica híbridada,2026-04-01T00:00:00.000+02:00,2026-03-31T22:00:00Z,8.25,19
2272,Potencia instalada de generación solar fotovoltaica híbridada,2026-04-01T00:00:00.000+02:00,2026-03-31T22:00:00Z,280.677,7
2272,Potencia instalada de generación solar fotovoltaica híbridada,2026-04-01T00:00:00.000+02:00,2026-03-31T22:00:00Z,124.445,5
2272,Potencia instalada de generación solar fotovoltaica híbridada,2026-04-01T00:00:00.000+02:00,2026-03-31T22:00:00Z,5.972,4
2272,Potencia instalada de generación solar fotovoltaica híbridada,2026-04-01T00:00:00.000+02:00,2026-03-31T22:00:00Z,168.741,8
2272,Potencia instalada de generación solar fotovoltaica híbridada,2026-05-01T00:00:00.000+02:00,2026-04-30T22:00:00Z,8.25,19
2272,Potencia instalada de generación solar fotovoltaica híbridada,2026-05-01T00:00:00.000+02:00,2026-04-30T22:00:00Z,2.775,18
2272,Potencia instalada de generación solar fotovoltaica híbridada,2026-05-01T00:00:00.000+02:00,2026-04-30T22:00:00Z,2.45,17
2272,Potencia instalada de generación solar fotovoltaica híbridada,2026-05-01T00:00:00.000+02:00,2026-04-30T22:00:00Z,146.472,16
2272,Potencia instalada de generación solar fotovoltaica híbridada,2026-05-01T00:00:00.000+02:00,2026-04-30T22:00:00Z,7.75,14
2272,Potencia instalada de generación solar fotovoltaica híbridada,2026-05-01T00:00:00.000+02:00,2026-04-30T22:00:00Z,280.677,7
2272,Potencia instalada de generación solar fotovoltaica híbridada,2026-05-01T00:00:00.000+02:00,2026-04-30T22:00:00Z,124.445,5
2272,Potencia instalada de generación solar fotovoltaica híbridada,2026-05-01T00:00:00.000+02:00,2026-04-30T22:00:00Z,48.534,4
2272,Potencia instalada de generación solar fotovoltaica híbridada,2026-05-01T00:00:00.000+02:00,2026-04-30T22:00:00Z,177.441,8
2272,Potencia instalada de generación solar fotovoltaica híbridada,2026-06-01T00:00:00.000+02:00,2026-05-31T22:00:00Z,146.472,16
2272,Potencia instalada de generación solar fotovoltaica híbridada,2026-06-01T00:00:00.000+02:00,2026-05-31T22:00:00Z,2.775,18
2272,Potencia instalada de generación solar fotovoltaica híbridada,2026-06-01T00:00:00.000+02:00,2026-05-31T22:00:00Z,8.25,19
2272,Potencia instalada de generación solar fotovoltaica híbridada,2026-06-01T00:00:00.000+02:00,2026-05-31T22:00:00Z,7.75,14
2272,Potencia instalada de generación solar fotovoltaica híbridada,2026-06-01T00:00:00.000+02:00,2026-05-31T22:00:00Z,2.45,17
2272,Potencia instalada de generación solar fotovoltaica híbridada,2026-06-01T00:00:00.000+02:00,2026-05-31T22:00:00Z,280.677,7
2272,Potencia instalada de generación solar fotovoltaica híbridada,2026-06-01T00:00:00.000+02:00,2026-05-31T22:00:00Z,124.445,5
2272,Potencia instalada de generación solar fotovoltaica híbridada,2026-06-01T00:00:00.000+02:00,2026-05-31T22:00:00Z,48.534,4
2272,Potencia instalada de generación solar fotovoltaica híbridada,2026-06-01T00:00:00.000+02:00,2026-05-31T22:00:00Z,177.441,8
2272,Potencia instalada de generación solar fotovoltaica híbridada,2026-07-01T00:00:00.000+02:00,2026-06-30T22:00:00Z,8.25,19
2272,Potencia instalada de generación solar fotovoltaica híbridada,2026-07-01T00:00:00.000+02:00,2026-06-30T22:00:00Z,2.775,18
2272,Potencia instalada de generación solar fotovoltaica híbridada,2026-07-01T00:00:00.000+02:00,2026-06-30T22:00:00Z,5.65,17
2272,Potencia instalada de generación solar fotovoltaica híbridada,2026-07-01T00:00:00.000+02:00,2026-06-30T22:00:00Z,146.472,16
2272,Potencia instalada de generación solar fotovoltaica híbridada,2026-07-01T00:00:00.000+02:00,2026-06-30T22:00:00Z,7.75,14
2272,Potencia instalada de generación solar fotovoltaica híbridada,2026-07-01T00:00:00.000+02:00,2026-06-30T22:00:00Z,280.677,7
2272,Potencia instalada de generación solar fotovoltaica híbridada,2026-07-01T00:00:00.000+02:00,2026-06-30T22:00:00Z,124.445,5
2272,Potencia instalada de generación solar fotovoltaica híbridada,2026-07-01T00:00:00.000+02:00,2026-06-30T22:00:00Z,48.534,4
2272,Potencia instalada de generación solar fotovoltaica híbridada,2026-07-01T00:00:00.000+02:00,2026-06-30T22:00:00Z,182.241,8
2272,Potencia instalada de generación solar fotovoltaica híbridada,2026-08-01T00:00:00.000+02:00,2026-07-31T22:00:00Z,8.25,19
2272,Potencia instalada de generación solar fotovoltaica híbridada,2026-08-01T00:00:00.000+02:00,2026-07-31T22:00:00Z,2.775,18
2272,Potencia instalada de generación solar fotovoltaica híbridada,2026-08-01T00:00:00.000+02:00,2026-07-31T22:00:00Z,5.65,17
2272,Potencia instalada de generación solar fotovoltaica híbridada,2026-08-01T00:00:00.000+02:00,2026-07-31T22:00:00Z,146.472,16
2272,Potencia instalada de generación solar fotovoltaica híbridada,2026-08-01T00:00:00.000+02:00,2026-07-31T22:00:00Z,280.677,7
2272,Potencia instalada de generación solar fotovoltaica híbridada,2026-08-01T00:00:00.000+02:00,2026-07-31T22:00:00Z,182.241,8
2272,Potencia instalada de generación solar fotovoltaica híbridada,2026-08-01T00:00:00.000+02:00,2026-07-31T22:00:00Z,124.445,5
2272,Potencia instalada de generación solar fotovoltaica híbridada,2026-08-01T00:00:00.000+02:00,2026-07-31T22:00:00Z,48.534,4
2272,Potencia instalada de generación solar fotovoltaica híbridada,2026-08-01T00:00:00.000+02:00,2026-07-31T22:00:00Z,7.75,14
2272,Potencia instalada de generación solar fotovoltaica híbridada,2026-09-01T00:00:00.000+02:00,2026-08-31T22:00:00Z,2.775,18
2272,Potencia instalada de generación solar fotovoltaica híbridada,2026-09-01T00:00:00.000+02:00,2026-08-31T22:00:00Z,48.534,4
2272,Potencia instalada de generación solar fotovoltaica híbridada,2026-09-01T00:00:00.000+02:00,2026-08-31T22:00:00Z,162.095,5
2272,Potencia instalada de generación solar fotovoltaica híbridada,2026-09-01T00:00:00.000+02:00,2026-08-31T22:00:00Z,280.677,7
2272,Potencia instalada de generación solar fotovoltaica híbridada,2026-09-01T00:00:00.000+02:00,2026-08-31T22:00:00Z,182.241,8
2272,Potencia instalada de generación solar fotovoltaica híbridada,2026-09-01T00:00:00.000+02:00,2026-08-31T22:00:00Z,7.75,14
2272,Potencia instalada de generación solar fotovoltaica híbridada,2026-09-01T00:00:00.000+02:00,2026-08-31T22:00:00Z,146.472,16
2272,Potencia instalada de generación solar fotovoltaica híbridada,2026-09-01T00:00:00.000+02:00,2026-08-31T22:00:00Z,5.65,17
2272,Potencia instalada de generación solar fotovoltaica híbridada,2026-09-01T00:00:00.000+02:00,2026-08-31T22:00:00Z,8.25,19
2273,Potencia instalada de generación eólica híbridada,2025-08-01T00:00:00.000+02:00,2025-07-31T22:00:00Z,31.35,5
2273,Potencia instalada de generación eólica híbridada,2025-08-01T00:00:00.000+02:00,2025-07-31T22:00:00Z,137.0,7
2273,Potencia instalada de generación eólica híbridada,2025-08-01T00:00:00.000+02:00,2025-07-31T22:00:00Z,98.34,8
2273,Potencia instalada de generación eólica híbridada,2025-08-01T00:00:00.000+02:00,2025-07-31T22:00:00Z,32.3,10
2273,Potencia instalada de generación eólica híbridada,2025-09-01T00:00:00.000+02:00,2025-08-31T22:00:00Z,31.35,5
2273,Potencia instalada de generación eólica híbridada,2025-09-01T00:00:00.000+02:00,2025-08-31T22:00:00Z,137.0,7
2273,Potencia instalada de generación eólica híbridada,2025-09-01T00:00:00.000+02:00,2025-08-31T22:00:00Z,98.34,8
2273,Potencia instalada de generación eólica híbridada,2025-09-01T00:00:00.000+02:00,2025-08-31T22:00:00Z,32.3,10
2273,Potencia instalada de generación eólica híbridada,2025-10-01T00:00:00.000+02:00,2025-09-30T22:00:00Z,31.35,5
2273,Potencia instalada de generación eólica híbridada,2025-10-01T00:00:00.000+02:00,2025-09-30T22:00:00Z,137.0,7
2273,Potencia instalada de generación eólica híbridada,2025-10-01T00:00:00.000+02:00,2025-09-30T22:00:00Z,98.34,8
2273,Potencia instalada de generación eólica híbridada,2025-10-01T00:00:00.000+02:00,2025-09-30T22:00:00Z,32.3,10
2273,Potencia instalada de generación eólica híbridada,2025-11-01T00:00:00.000+01:00,2025-10-31T23:00:00Z,32.3,10
2273,Potencia instalada de generación eólica híbridada,2025-11-01T00:00:00.000+01:00,2025-10-31T23:00:00Z,98.34,8
2273,Potencia instalada de generación eólica híbridada,2025-11-01T00:00:00.000+01:00,2025-10-31T23:00:00Z,108.55,5
2273,Potencia instalada de generación eólica híbridada,2025-11-01T00:00:00.000+01:00,2025-10-31T23:00:00Z,137.0,7
2273,Potencia instalada de generación eólica híbridada,2025-12-01T00:00:00.000+01:00,2025-11-30T23:00:00Z,108.55,5
2273,Potencia instalada de generación eólica híbridada,2025-12-01T00:00:00.000+01:00,2025-11-30T23:00:00Z,137.0,7
2273,Potencia instalada de generación eólica híbridada,2025-12-01T00:00:00.000+01:00,2025-11-30T23:00:00Z,98.34,8
2273,Potencia instalada de generación eólica híbridada,2025-12-01T00:00:00.000+01:00,2025-11-30T23:00:00Z,32.3,10
2273,Potencia instalada de generación eólica híbridada,2026-01-01T00:00:00.000+01:00,2025-12-31T23:00:00Z,180.79,5
2273,Potencia instalada de generación eólica híbridada,2026-01-01T00:00:00.000+01:00,2025-12-31T23:00:00Z,137.0,7
2273,Potencia instalada de generación eólica híbridada,2026-01-01T00:00:00.000+01:00,2025-12-31T23:00:00Z,98.34,8
2273,Potencia instalada de generación eólica híbridada,2026-01-01T00:00:00.000+01:00,2025-12-31T23:00:00Z,32.3,10
2273,Potencia instalada de generación eólica híbridada,2026-02-01T00:00:00.000+01:00,2026-01-31T23:00:00Z,200.29,5
2273,Potencia instalada de generación eólica híbridada,2026-02-01T00:00:00.000+01:00,2026-01-31T23:00:00Z,137.0,7
2273,Potencia instalada de generación eólica híbridada,2026-02-01T00:00:00.000+01:00,2026-01-31T23:00:00Z,98.34,8
2273,Potencia instalada de generación eólica híbridada,2026-02-01T00:00:00.000+01:00,2026-01-31T23:00:00Z,32.3,10
2273,Potencia instalada de generación eólica híbridada,2026-03-01T00:00:00.000+01:00,2026-02-28T23:00:00Z,32.3,10
2273,Potencia instalada de generación eólica híbridada,2026-03-01T00:00:00.000+01:00,2026-02-28T23:00:00Z,98.34,8
2273,Potencia instalada de generación eólica híbridada,2026-03-01T00:00:00.000+01:00,2026-02-28T23:00:00Z,137.0,7
2273,Potencia instalada de generación eólica híbridada,2026-03-01T00:00:00.000+01:00,2026-02-28T23:00:00Z,367.49,5
2273,Potencia instalada de generación eólica híbridada,2026-04-01T00:00:00.000+02:00,2026-03-31T22:00:00Z,367.49,5
2273,Potencia instalada de generación eólica híbridada,2026-04-01T00:00:00.000+02:00,2026-03-31T22:00:00Z,137.0,7
2273,Potencia instalada de generación eólica híbridada,2026-04-01T00:00:00.000+02:00,2026-03-31T22:00:00Z,98.34,8
2273,Potencia instalada de generación eólica híbridada,2026-04-01T00:00:00.000+02:00,2026-03-31T22:00:00Z,32.3,10
2273,Potencia instalada de generación eólica híbridada,2026-05-01T00:00:00.000+02:00,2026-04-30T22:00:00Z,367.49,5
2273,Potencia instalada de generación eólica híbridada,2026-05-01T00:00:00.000+02:00,2026-04-30T22:00:00Z,137.0,7
2273,Potencia instalada de generación eólica híbridada,2026-05-01T00:00:00.000+02:00,2026-04-30T22:00:00Z,98.34,8
2273,Potencia instalada de generación eólica híbridada,2026-05-01T00:00:00.000+02:00,2026-04-30T22:00:00Z,32.3,10
2273,Potencia instalada de generación eólica híbridada,2026-06-01T00:00:00.000+02:00,2026-05-31T22:00:00Z,367.49,5
2273,Potencia instalada de generación eólica híbridada,2026-06-01T00:00:00.000+02:00,2026-05-31T22:00:00Z,137.0,7
2273,Potencia instalada de generación eólica híbridada,2026-06-01T00:00:00.000+02:00,2026-05-31T22:00:00Z,98.34,8
2273,Potencia instalada de generación eólica híbridada,2026-06-01T00:00:00.000+02:00,2026-05-31T22:00:00Z,32.3,10
2273,Potencia instalada de generación eólica híbridada,2026-07-01T00:00:00.000+02:00,2026-06-30T22:00:00Z,20.0,17
2273,Potencia instalada de generación eólica híbridada,2026-07-01T00:00:00.000+02:00,2026-06-30T22:00:00Z,32.3,10
2273,Potencia instalada de generación eólica híbridada,2026-07-01T00:00:00.000+02:00,2026-06-30T22:00:00Z,367.49,5
2273,Potencia instalada de generación eólica híbridada,2026-07-01T00:00:00.000+02:00,2026-06-30T22:00:00Z,137.0,7
2273,Potencia instalada de generación eólica híbridada,2026-07-01T00:00:00.000+02:00,2026-06-30T22:00:00Z,98.34,8
2273,Potencia instalada de generación eólica híbridada,2026-08-01T00:00:00.000+02:00,2026-07-31T22:00:00Z,367.49,5
2273,Potencia instalada de generación eólica híbridada,2026-08-01T00:00:00.000+02:00,2026-07-31T22:00:00Z,137.0,7
2273,Potencia instalada de generación eólica híbridada,2026-08-01T00:00:00.000+02:00,2026-07-31T22:00:00Z,98.34,8
2273,Potencia instalada de generación eólica híbridada,2026-08-01T00:00:00.000+02:00,2026-07-31T22:00:00Z,32.3,10
2273,Potencia instalada de generación eólica híbridada,2026-08-01T00:00:00.000+02:00,2026-07-31T22:00:00Z,20.0,17
2273,Potencia instalada de generación eólica híbridada,2026-09-01T00:00:00.000+02:00,2026-08-31T22:00:00Z,32.3,10
2273,Potencia instalada de generación eólica híbridada,2026-09-01T00:00:00.000+02:00,2026-08-31T22:00:00Z,436.89,5
2273,Potencia instalada de generación eólica híbridada,2026-09-01T00:00:00.000+02:00,2026-08-31T22:00:00Z,137.0,7
2273,Potencia instalada de generación eólica híbridada,2026-09-01T00:00:00.000+02:00,2026-08-31T22:00:00Z,98.34,8
2273,Potencia instalada de generación eólica híbridada,2026-09-01T00:00:00.000+02:00,2026-08-31T22:00:00Z,20.0,17
2274,Potencia instalada de generación cogeneración híbridada,2025-08-01T00:00:00.000+02:00,2025-07-31T22:00:00Z,7.487,4
2274,Potencia instalada de generación cogeneración híbridada,2025-08-01T00:00:00.000+02:00,2025-07-31T22:00:00Z,6.16,8
2274,Potencia instalada de generación cogeneración híbridada,2025-08-01T00:00:00.000+02:00,2025-07-31T22:00:00Z,8.328,16
2274,Potencia instalada de generación cogeneración híbridada,2025-08-01T00:00:00.000+02:00,2025-07-31T22:00:00Z,4.095,17
2274,Potencia instalada de generación cogeneración híbridada,2025-09-01T00:00:00.000+02:00,2025-08-31T22:00:00Z,7.487,4
2274,Potencia instalada de generación cogeneración híbridada,2025-09-01T00:00:00.000+02:00,2025-08-31T22:00:00Z,6.16,8
2274,Potencia instalada de generación cogeneración híbridada,2025-09-01T00:00:00.000+02:00,2025-08-31T22:00:00Z,8.328,16
2274,Potencia instalada de generación cogeneración híbridada,2025-09-01T00:00:00.000+02:00,2025-08-31T22:00:00Z,4.095,17
2274,Potencia instalada de generación cogeneración híbridada,2025-10-01T00:00:00.000+02:00,2025-09-30T22:00:00Z,7.487,4
2274,Potencia instalada de generación cogeneración híbridada,2025-10-01T00:00:00.000+02:00,2025-09-30T22:00:00Z,6.16,8
2274,Potencia instalada de generación cogeneración híbridada,2025-10-01T00:00:00.000+02:00,2025-09-30T22:00:00Z,8.328,16
2274,Potencia instalada de generación cogeneración híbridada,2025-10-01T00:00:00.000+02:00,2025-09-30T22:00:00Z,4.095,17
2274,Potencia instalada de generación cogeneración híbridada,2025-11-01T00:00:00.000+01:00,2025-10-31T23:00:00Z,4.095,17
2274,Potencia instalada de generación cogeneración híbridada,2025-11-01T00:00:00.000+01:00,2025-10-31T23:00:00Z,8.328,16
2274,Potencia instalada de generación cogeneración híbridada,2025-11-01T00:00:00.000+01:00,2025-10-31T23:00:00Z,7.487,4
2274,Potencia instalada de generación cogeneración híbridada,2025-11-01T00:00:00.000+01:00,2025-10-31T23:00:00Z,6.16,8
2274,Potencia instalada de generación cogeneración híbridada,2025-12-01T00:00:00.000+01:00,2025-11-30T23:00:00Z,7.487,4
2274,Potencia instalada de generación cogeneración híbridada,2025-12-01T00:00:00.000+01:00,2025-11-30T23:00:00Z,6.16,8
2274,Potencia instalada de generación cogeneración híbridada,2025-12-01T00:00:00.000+01:00,2025-11-30T23:00:00Z,8.328,16
2274,Potencia instalada de generación cogeneración híbridada,2025-12-01T00:00:00.000+01:00,2025-11-30T23:00:00Z,4.095,17
2274,Potencia instalada de generación cogeneración híbridada,2026-01-01T00:00:00.000+01:00,2025-12-31T23:00:00Z,7.487,4
2274,Potencia instalada de generación cogeneración híbridada,2026-01-01T00:00:00.000+01:00,2025-12-31T23:00:00Z,6.16,8
2274,Potencia instalada de generación cogeneración híbridada,2026-01-01T00:00:00.000+01:00,2025-12-31T23:00:00Z,8.328,16
2274,Potencia instalada de generación cogeneración híbridada,2026-01-01T00:00:00.000+01:00,2025-12-31T23:00:00Z,4.095,17
2274,Potencia instalada de generación cogeneración híbridada,2026-02-01T00:00:00.000+01:00,2026-01-31T23:00:00Z,7.487,4
2274,Potencia instalada de generación cogeneración híbridada,2026-02-01T00:00:00.000+01:00,2026-01-31T23:00:00Z,6.16,8
2274,Potencia instalada de generación cogeneración híbridada,2026-02-01T00:00:00.000+01:00,2026-01-31T23:00:00Z,8.328,16
2274,Potencia instalada de generación cogeneración híbridada,2026-02-01T00:00:00.000+01:00,2026-01-31T23:00:00Z,4.095,17
2274,Potencia instalada de generación cogeneración híbridada,2026-03-01T00:00:00.000+01:00,2026-02-28T23:00:00Z,4.095,17
2274,Potencia instalada de generación cogeneración híbridada,2026-03-01T00:00:00.000+01:00,2026-02-28T23:00:00Z,8.28,14
2274,Potencia instalada de generación cogeneración híbridada,2026-03-01T00:00:00.000+01:00,2026-02-28T23:00:00Z,8.328,16
2274,Potencia instalada de generación cogeneración híbridada,2026-03-01T00:00:00.000+01:00,2026-02-28T23:00:00Z,7.487,4
2274,Potencia instalada de generación cogeneración híbridada,2026-03-01T00:00:00.000+01:00,2026-02-28T23:00:00Z,6.16,8
2274,Potencia instalada de generación cogeneración híbridada,2026-04-01T00:00:00.000+02:00,2026-03-31T22:00:00Z,7.487,4
2274,Potencia instalada de generación cogeneración híbridada,2026-04-01T00:00:00.000+02:00,2026-03-31T22:00:00Z,6.16,8
2274,Potencia instalada de generación cogeneración híbridada,2026-04-01T00:00:00.000+02:00,2026-03-31T22:00:00Z,8.28,14
2274,Potencia instalada de generación cogeneración híbridada,2026-04-01T00:00:00.000+02:00,2026-03-31T22:00:00Z,8.328,16
2274,Potencia instalada de generación cogeneración híbridada,2026-04-01T00:00:00.000+02:00,2026-03-31T22:00:00Z,4.095,17
2274,Potencia instalada de generación cogeneración híbridada,2026-05-01T00:00:00.000+02:00,2026-04-30T22:00:00Z,7.487,4
2274,Potencia instalada de generación cogeneración híbridada,2026-05-01T00:00:00.000+02:00,2026-04-30T22:00:00Z,30.91,8
2274,Potencia instalada de generación cogeneración híbridada,2026-05-01T00:00:00.000+02:00,2026-04-30T22:00:00Z,8.28,14
2274,Potencia instalada de generación cogeneración híbridada,2026-05-01T00:00:00.000+02:00,2026-04-30T22:00:00Z,8.328,16
2274,Potencia instalada de generación cogeneración híbridada,2026-05-01T00:00:00.000+02:00,2026-04-30T22:00:00Z,4.095,17
2274,Potencia instalada de generación cogeneración híbridada,2026-06-01T00:00:00.000+02:00,2026-05-31T22:00:00Z,8.328,16
2274,Potencia instalada de generación cogeneración híbridada,2026-06-01T00:00:00.000+02:00,2026-05-31T22:00:00Z,4.095,17
2274,Potencia instalada de generación cogeneración híbridada,2026-06-01T00:00:00.000+02:00,2026-05-31T22:00:00Z,30.91,8
2274,Potencia instalada de generación cogeneración híbridada,2026-06-01T00:00:00.000+02:00,2026-05-31T22:00:00Z,7.487,4
2274,Potencia instalada de generación cogeneración híbridada,2026-06-01T00:00:00.000+02:00,2026-05-31T22:00:00Z,8.28,14
2274,Potencia instalada de generación cogeneración híbridada,2026-07-01T00:00:00.000+02:00,2026-06-30T22:00:00Z,7.487,4
2274,Potencia instalada de generación cogeneración híbridada,2026-07-01T00:00:00.000+02:00,2026-06-30T22:00:00Z,30.91,8
2274,Potencia instalada de generación cogeneración híbridada,2026-07-01T00:00:00.000+02:00,2026-06-30T22:00:00Z,8.28,14
2274,Potencia instalada de generación cogeneración híbridada,2026-07-01T00:00:00.000+02:00,2026-06-30T22:00:00Z,8.328,16
2274,Potencia instalada de generación cogeneración híbridada,2026-07-01T00:00:00.000+02:00,2026-06-30T22:00:00Z,4.095,17
2274,Potencia instalada de generación cogeneración híbridada,2026-08-01T00:00:00.000+02:00,2026-07-31T22:00:00Z,4.095,17
2274,Potencia instalada de generación cogeneración híbridada,2026-08-01T00:00:00.000+02:00,2026-07-31T22:00:00Z,7.487,4
2274,Potencia instalada de generación cogeneración híbridada,2026-08-01T00:00:00.000+02:00,2026-07-31T22:00:00Z,30.91,8
2274,Potencia instalada de generación cogeneración híbridada,2026-08-01T00:00:00.000+02:00,2026-07-31T22:00:00Z,8.28,14
2274,Potencia instalada de generación cogeneración híbridada,2026-08-01T00:00:00.000+02:00,2026-07-31T22:00:00Z,8.328,16
2274,Potencia instalada de generación cogeneración híbridada,2026-09-01T00:00:00.000+02:00,2026-08-31T22:00:00Z,8.28,14
2274,Potencia instalada de generación cogeneración híbridada,2026-09-01T00:00:00.000+02:00,2026-08-31T22:00:00Z,8.328,16
2274,Potencia instalada de generación cogeneración híbridada,2026-09-01T00:00:00.000+02:00,2026-08-31T22:00:00Z,7.487,4
2274,Potencia instalada de generación cogeneración híbridada,2026-09-01T00:00:00.000+02:00,2026-08-31T22:00:00Z,30.91,8
2274,Potencia instalada de generación cogeneración híbridada,2026-09-01T00:00:00.000+02:00,2026-08-31T22:00:00Z,4.095,17
2275,Potencia instalada de baterías híbridada,2025-08-01T00:00:00.000+02:00,2025-07-31T22:00:00Z,5.0,7
2275,Potencia instalada de baterías híbridada,2025-08-01T00:00:00.000+02:00,2025-07-31T22:00:00Z,5.53,10
2275,Potencia instalada de baterías híbridada,2025-08-01T00:00:00.000+02:00,2025-07-31T22:00:00Z,3.0,16
2275,Potencia instalada de baterías híbridada,2025-08-01T00:00:00.000+02:00,2025-07-31T22:00:00Z,1.2,18
2275,Potencia instalada de baterías híbridada,2025-09-01T00:00:00.000+02:00,2025-08-31T22:00:00Z,5.0,7
2275,Potencia instalada de baterías híbridada,2025-09-01T00:00:00.000+02:00,2025-08-31T22:00:00Z,5.53,10
2275,Potencia instalada de baterías híbridada,2025-09-01T00:00:00.000+02:00,2025-08-31T22:00:00Z,5.178,16
2275,Potencia instalada de baterías híbridada,2025-09-01T00:00:00.000+02:00,2025-08-31T22:00:00Z,1.2,18
2275,Potencia instalada de baterías híbridada,2025-10-01T00:00:00.000+02:00,2025-09-30T22:00:00Z,1.2,18
2275,Potencia instalada de baterías híbridada,2025-10-01T00:00:00.000+02:00,2025-09-30T22:00:00Z,5.178,16
2275,Potencia instalada de baterías híbridada,2025-10-01T00:00:00.000+02:00,2025-09-30T22:00:00Z,5.0,7
2275,Potencia instalada de baterías híbridada,2025-10-01T00:00:00.000+02:00,2025-09-30T22:00:00Z,5.53,10
2275,Potencia instalada de baterías híbridada,2025-11-01T00:00:00.000+01:00,2025-10-31T23:00:00Z,1.2,18
2275,Potencia instalada de baterías híbridada,2025-11-01T00:00:00.000+01:00,2025-10-31T23:00:00Z,5.0,7
2275,Potencia instalada de baterías híbridada,2025-11-01T00:00:00.000+01:00,2025-10-31T23:00:00Z,5.53,10
2275,Potencia instalada de baterías híbridada,2025-11-01T00:00:00.000+01:00,2025-10-31T23:00:00Z,5.178,16
2275,Potencia instalada de baterías híbridada,2025-12-01T00:00:00.000+01:00,2025-11-30T23:00:00Z,5.178,16
2275,Potencia instalada de baterías híbridada,2025-12-01T00:00:00.000+01:00,2025-11-30T23:00:00Z,1.2,18
2275,Potencia instalada de baterías híbridada,2025-12-01T00:00:00.000+01:00,2025-11-30T23:00:00Z,5.0,7
2275,Potencia instalada de baterías híbridada,2025-12-01T00:00:00.000+01:00,2025-11-30T23:00:00Z,5.53,10
2275,Potencia instalada de baterías híbridada,2026-01-01T00:00:00.000+01:00,2025-12-31T23:00:00Z,5.0,7
2275,Potencia instalada de baterías híbridada,2026-01-01T00:00:00.000+01:00,2025-12-31T23:00:00Z,5.53,10
2275,Potencia instalada de baterías híbridada,2026-01-01T00:00:00.000+01:00,2025-12-31T23:00:00Z,5.178,16
2275,Potencia instalada de baterías híbridada,2026-01-01T00:00:00.000+01:00,2025-12-31T23:00:00Z,1.2,18
2275,Potencia instalada de baterías híbridada,2026-02-01T00:00:00.000+01:00,2026-01-31T23:00:00Z,5.08,19
2275,Potencia instalada de baterías híbridada,2026-02-01T00:00:00.000+01:00,2026-01-31T23:00:00Z,5.178,16
2275,Potencia instalada de baterías híbridada,2026-02-01T00:00:00.000+01:00,2026-01-31T23:00:00Z,1.2,18
2275,Potencia instalada de baterías híbridada,2026-02-01T00:00:00.000+01:00,2026-01-31T23:00:00Z,28.78,8
2275,Potencia instalada de baterías híbridada,2026-02-01T00:00:00.000+01:00,2026-01-31T23:00:00Z,62.56,7
2275,Potencia instalada de baterías híbridada,2026-02-01T00:00:00.000+01:00,2026-01-31T23:00:00Z,5.53,10
2275,Potencia instalada de baterías híbridada,2026-03-01T00:00:00.000+01:00,2026-02-28T23:00:00Z,62.56,7
2275,Potencia instalada de baterías híbridada,2026-03-01T00:00:00.000+01:00,2026-02-28T23:00:00Z,28.78,8
2275,Potencia instalada de baterías híbridada,2026-03-01T00:00:00.000+01:00,2026-02-28T23:00:00Z,5.53,10
2275,Potencia instalada de baterías híbridada,2026-03-01T00:00:00.000+01:00,2026-02-28T23:00:00Z,5.178,16
2275,Potencia instalada de baterías híbridada,2026-03-01T00:00:00.000+01:00,2026-02-28T23:00:00Z,1.2,18
2275,Potencia instalada de baterías híbridada,2026-03-01T00:00:00.000+01:00,2026-02-28T23:00:00Z,5.08,19
2275,Potencia instalada de baterías híbridada,2026-04-01T00:00:00.000+02:00,2026-03-31T22:00:00Z,1.2,18
2275,Potencia instalada de baterías híbridada,2026-04-01T00:00:00.000+02:00,2026-03-31T22:00:00Z,5.08,19
2275,Potencia instalada de baterías híbridada,2026-04-01T00:00:00.000+02:00,2026-03-31T22:00:00Z,5.178,16
2275,Potencia instalada de baterías híbridada,2026-04-01T00:00:00.000+02:00,2026-03-31T22:00:00Z,5.53,10
2275,Potencia instalada de baterías híbridada,2026-04-01T00:00:00.000+02:00,2026-03-31T22:00:00Z,39.78,8
2275,Potencia instalada de baterías híbridada,2026-04-01T00:00:00.000+02:00,2026-03-31T22:00:00Z,62.56,7
2275,Potencia instalada de baterías híbridada,2026-05-01T00:00:00.000+02:00,2026-04-30T22:00:00Z,28.78,4
2275,Potencia instalada de baterías híbridada,2026-05-01T00:00:00.000+02:00,2026-04-30T22:00:00Z,62.56,7
2275,Potencia instalada de baterías híbridada,2026-05-01T00:00:00.000+02:00,2026-04-30T22:00:00Z,39.78,8
2275,Potencia instalada de baterías híbridada,2026-05-01T00:00:00.000+02:00,2026-04-30T22:00:00Z,5.53,10
2275,Potencia instalada de baterías híbridada,2026-05-01T00:00:00.000+02:00,2026-04-30T22:00:00Z,62.738,16
2275,Potencia instalada de baterías híbridada,2026-05-01T00:00:00.000+02:00,2026-04-30T22:00:00Z,1.2,18
2275,Potencia instalada de baterías híbridada,2026-05-01T00:00:00.000+02:00,2026-04-30T22:00:00Z,5.08,19
2275,Potencia instalada de baterías híbridada,2026-06-01T00:00:00.000+02:00,2026-05-31T22:00:00Z,5.08,19
2275,Potencia instalada de baterías híbridada,2026-06-01T00:00:00.000+02:00,2026-05-31T22:00:00Z,1.2,18
2275,Potencia instalada de baterías híbridada,2026-06-01T00:00:00.000+02:00,2026-05-31T22:00:00Z,62.738,16
2275,Potencia instalada de baterías híbridada,2026-06-01T00:00:00.000+02:00,2026-05-31T22:00:00Z,28.78,4
2275,Potencia instalada de baterías híbridada,2026-06-01T00:00:00.000+02:00,2026-05-31T22:00:00Z,39.78,8
2275,Potencia instalada de baterías híbridada,2026-06-01T00:00:00.000+02:00,2026-05-31T22:00:00Z,62.56,7
2275,Potencia instalada de baterías híbridada,2026-06-01T00:00:00.000+02:00,2026-05-31T22:00:00Z,5.53,10
2275,Potencia instalada de baterías híbridada,2026-07-01T00:00:00.000+02:00,2026-06-30T22:00:00Z,1.2,18
2275,Potencia instalada de baterías híbridada,2026-07-01T00:00:00.000+02:00,2026-06-30T22:00:00Z,5.08,19
2275,Potencia instalada de baterías híbridada,2026-07-01T00:00:00.000+02:00,2026-06-30T22:00:00Z,62.738,16
2275,Potencia instalada de baterías híbridada,2026-07-01T00:00:00.000+02:00,2026-06-30T22:00:00Z,39.78,8
2275,Potencia instalada de baterías híbridada,2026-07-01T00:00:00.000+02:00,2026-06-30T22:00:00Z,98.2,7
2275,Potencia instalada de baterías híbridada,2026-07-01T00:00:00.000+02:00,2026-06-30T22:00:00Z,28.78,4
2275,Potencia instalada de baterías híbridada,2026-07-01T00:00:00.000+02:00,2026-06-30T22:00:00Z,5.53,10
2275,Potencia instalada de baterías híbridada,2026-08-01T00:00:00.000+02:00,2026-07-31T22:00:00Z,1.2,18
2275,Potencia instalada de baterías híbridada,2026-08-01T00:00:00.000+02:00,2026-07-31T22:00:00Z,28.78,4
2275,Potencia instalada de baterías híbridada,2026-08-01T00:00:00.000+02:00,2026-07-31T22:00:00Z,98.2,7
2275,Potencia instalada de baterías híbridada,2026-08-01T00:00:00.000+02:00,2026-07-31T22:00:00Z,39.78,8
2275,Potencia instalada de baterías híbridada,2026-08-01T00:00:00.000+02:00,2026-07-31T22:00:00Z,5.53,10
2275,Potencia instalada de baterías híbridada,2026-08-01T00:00:00.000+02:00,2026-07-31T22:00:00Z,62.738,16
2275,Potencia instalada de baterías híbridada,2026-08-01T00:00:00.000+02:00,2026-07-31T22:00:00Z,5.08,19
2275,Potencia instalada de baterías híbridada,2026-09-01T00:00:00.000+02:00,2026-08-31T22:00:00Z,62.738,16
2275,Potencia instalada de baterías híbridada,2026-09-01T00:00:00.000+02:00,2026-08-31T22:00:00Z,5.53,10
2275,Potencia instalada de baterías híbridada,2026-09-01T00:00:00.000+02:00,2026-08-31T22:00:00Z,1.2,18
2275,Potencia instalada de baterías híbridada,2026-09-01T00:00:00.000+02:00,2026-08-31T22:00:00Z,98.2,7
2275,Potencia instalada de baterías híbridada,2026-09-01T00:00:00.000+02:00,2026-08-31T22:00:00Z,28.78,4
2275,Potencia instalada de baterías híbridada,2026-09-01T00:00:00.000+02:00,2026-08-31T22:00:00Z,39.78,8
2275,Potencia instalada de baterías híbridada,2026-09-01T00:00:00.000+02:00,2026-08-31T22:00:00Z,5.08,19
2358,Potencia instalada de híbrida hidráulica,2025-08-01T00:00:00.000+02:00,2025-07-31T22:00:00Z,4.61,8
2358,Potencia instalada de híbrida hidráulica,2025-09-01T00:00:00.000+02:00,2025-08-31T22:00:00Z,7.76,8
2358,Potencia instalada de híbrida hidráulica,2025-10-01T00:00:00.000+02:00,2025-09-30T22:00:00Z,7.76,8
2358,Potencia instalada de híbrida hidráulica,2025-11-01T00:00:00.000+01:00,2025-10-31T23:00:00Z,7.76,8
2358,Potencia instalada de híbrida hidráulica,2025-12-01T00:00:00.000+01:00,2025-11-30T23:00:00Z,7.76,8
2358,Potencia instalada de híbrida hidráulica,2026-01-01T00:00:00.000+01:00,2025-12-31T23:00:00Z,7.76,8
2358,Potencia instalada de híbrida hidráulica,2026-02-01T00:00:00.000+01:00,2026-01-31T23:00:00Z,7.76,8
2358,Potencia instalada de híbrida hidráulica,2026-03-01T00:00:00.000+01:00,2026-02-28T23:00:00Z,7.76,8
2358,Potencia instalada de híbrida hidráulica,2026-04-01T00:00:00.000+02:00,2026-03-31T22:00:00Z,7.76,8
2358,Potencia instalada de híbrida hidráulica,2026-05-01T00:00:00.000+02:00,2026-04-30T22:00:00Z,7.76,8
2358,Potencia instalada de híbrida hidráulica,2026-06-01T00:00:00.000+02:00,2026-05-31T22:00:00Z,7.76,8
2358,Potencia instalada de híbrida hidráulica,2026-07-01T00:00:00.000+02:00,2026-06-30T22:00:00Z,7.76,8
2358,Potencia instalada de híbrida hidráulica,2026-08-01T00:00:00.000+02:00,2026-07-31T22:00:00Z,7.76,8
2358,Potencia instalada de híbrida hidráulica,2026-09-01T00:00:00.000+02:00,2026-08-31T22:00:00Z,7.76,8
2366,Potencia instalada de autoconsumo baterías,2025-08-01T00:00:00.000+02:00,2025-07-31T22:00:00Z,5.0,7
2366,Potencia instalada de autoconsumo baterías,2025-09-01T00:00:00.000+02:00,2025-08-31T22:00:00Z,5.0,7
2366,Potencia instalada de autoconsumo baterías,2025-10-01T00:00:00.000+02:00,2025-09-30T22:00:00Z,5.0,7
2366,Potencia instalada de autoconsumo baterías,2025-11-01T00:00:00.000+01:00,2025-10-31T23:00:00Z,5.0,7
2366,Potencia instalada de autoconsumo baterías,2025-12-01T00:00:00.000+01:00,2025-11-30T23:00:00Z,5.0,7
2366,Potencia instalada de autoconsumo baterías,2026-01-01T00:00:00.000+01:00,2025-12-31T23:00:00Z,5.0,7
2366,Potencia instalada de autoconsumo baterías,2026-02-01T00:00:00.000+01:00,2026-01-31T23:00:00Z,5.0,7
2366,Potencia instalada de autoconsumo baterías,2026-03-01T00:00:00.000+01:00,2026-02-28T23:00:00Z,5.0,7
2366,Potencia instalada de autoconsumo baterías,2026-04-01T00:00:00.000+02:00,2026-03-31T22:00:00Z,5.0,7
2366,Potencia instalada de autoconsumo baterías,2026-05-01T00:00:00.000+02:00,2026-04-30T22:00:00Z,5.0,7
2366,Potencia instalada de autoconsumo baterías,2026-06-01T00:00:00.000+02:00,2026-05-31T22:00:00Z,5.0,7
2366,Potencia instalada de autoconsumo baterías,2026-07-01T00:00:00.000+02:00,2026-06-30T22:00:00Z,5.0,7
2366,Potencia instalada de autoconsumo baterías,2026-08-01T00:00:00.000+02:00,2026-07-31T22:00:00Z,5.0,7
2366,Potencia instalada de autoconsumo baterías,2026-09-01T00:00:00.000+02:00,2026-08-31T22:00:00Z,5.0,7
10489,Porcentaje de energía renovable no integrable por Balance SNP,2025-07-01T00:00:00.000+02:00,2025-06-30T22:00:00Z,0.0,8800
10489,Porcentaje de energía renovable no integrable por Balance SNP,2025-07-01T00:00:00.000+02:00,2025-06-30T22:00:00Z,0.0,8795
10489,Porcentaje de energía renovable no integrable por Balance SNP,2025-07-01T00:00:00.000+02:00,2025-06-30T22:00:00Z,0.0,8799
10489,Porcentaje de energía renovable no integrable por Balance SNP,2025-07-01T00:00:00.000+02:00,2025-06-30T22:00:00Z,0.0,8796
10489,Porcentaje de energía renovable no integrable por Balance SNP,2025-07-01T00:00:00.000+02:00,2025-06-30T22:00:00Z,0.0,8798
10489,Porcentaje de energía renovable no integrable por Balance SNP,2025-07-01T00:00:00.000+02:00,2025-06-30T22:00:00Z,0.0,8797
10489,Porcentaje de energía renovable no integrable por Balance SNP,2025-08-01T00:00:00.000+02:00,2025-07-31T22:00:00Z,5.78272592684296,8797
10489,Porcentaje de energía renovable no integrable por Balance SNP,2025-08-01T00:00:00.000+02:00,2025-07-31T22:00:00Z,9.480859722692488,8796
10489,Porcentaje de energía renovable no integrable por Balance SNP,2025-08-01T00:00:00.000+02:00,2025-07-31T22:00:00Z,0.6956505323567168,8798
10489,Porcentaje de energía renovable no integrable por Balance SNP,2025-08-01T00:00:00.000+02:00,2025-07-31T22:00:00Z,17.795173770201163,8795
10489,Porcentaje de energía renovable no integrable por Balance SNP,2025-08-01T00:00:00.000+02:00,2025-07-31T22:00:00Z,22.194807611070175,8800
10489,Porcentaje de energía renovable no integrable por Balance SNP,2025-08-01T00:00:00.000+02:00,2025-07-31T22:00:00Z,61.8181376790029,8799
10489,Porcentaje de energía renovable no integrable por Balance SNP,2025-09-01T00:00:00.000+02:00,2025-08-31T22:00:00Z,15.799800384624751,8800
10489,Porcentaje de energía renovable no integrable por Balance SNP,2025-09-01T00:00:00.000+02:00,2025-08-31T22:00:00Z,18.95364330480586,8795
10489,Porcentaje de energía renovable no integrable por Balance SNP,2025-09-01T00:00:00.000+02:00,2025-08-31T22:00:00Z,68.46368602951999,8799
10489,Porcentaje de energía renovable no integrable por Balance SNP,2025-09-01T00:00:00.000+02:00,2025-08-31T22:00:00Z,16.916998063248283,8796
10489,Porcentaje de energía renovable no integrable por Balance SNP,2025-09-01T00:00:00.000+02:00,2025-08-31T22:00:00Z,1.0957255763498301,8798
10489,Porcentaje de energía renovable no integrable por Balance SNP,2025-09-01T00:00:00.000+02:00,2025-08-31T22:00:00Z,6.2623131856606085,8797
10489,Porcentaje de energía renovable no integrable por Balance SNP,2025-10-01T00:00:00.000+02:00,2025-09-30T22:00:00Z,0.8331260880378015,8798
10489,Porcentaje de energía renovable no integrable por Balance SNP,2025-10-01T00:00:00.000+02:00,2025-09-30T22:00:00Z,6.453760625434421,8797
10489,Porcentaje de energía renovable no integrable por Balance SNP,2025-10-01T00:00:00.000+02:00,2025-09-30T22:00:00Z,5.469705065416159,8796
10489,Porcentaje de energía renovable no integrable por Balance SNP,2025-10-01T00:00:00.000+02:00,2025-09-30T22:00:00Z,23.174350076639268,8800
10489,Porcentaje de energía renovable no integrable por Balance SNP,2025-10-01T00:00:00.000+02:00,2025-09-30T22:00:00Z,19.01086554758565,8795
10489,Porcentaje de energía renovable no integrable por Balance SNP,2025-10-01T00:00:00.000+02:00,2025-09-30T22:00:00Z,49.81574334429521,8799
10489,Porcentaje de energía renovable no integrable por Balance SNP,2025-11-01T00:00:00.000+01:00,2025-10-31T23:00:00Z,18.858133699157722,8800
10489,Porcentaje de energía renovable no integrable por Balance SNP,2025-11-01T00:00:00.000+01:00,2025-10-31T23:00:00Z,14.555885105948466,8795
10489,Porcentaje de energía renovable no integrable por Balance SNP,2025-11-01T00:00:00.000+01:00,2025-10-31T23:00:00Z,55.75796438252353,8799
10489,Porcentaje de energía renovable no integrable por Balance SNP,2025-11-01T00:00:00.000+01:00,2025-10-31T23:00:00Z,7.963716524226644,8796
10489,Porcentaje de energía renovable no integrable por Balance SNP,2025-11-01T00:00:00.000+01:00,2025-10-31T23:00:00Z,6.936061760415514,8798
10489,Porcentaje de energía renovable no integrable por Balance SNP,2025-11-01T00:00:00.000+01:00,2025-10-31T23:00:00Z,4.037372214080967,8797
10489,Porcentaje de energía renovable no integrable por Balance SNP,2025-12-01T00:00:00.000+01:00,2025-11-30T23:00:00Z,23.168184656460603,8800
10489,Porcentaje de energía renovable no integrable por Balance SNP,2025-12-01T00:00:00.000+01:00,2025-11-30T23:00:00Z,8.879660197820494,8795
10489,Porcentaje de energía renovable no integrable por Balance SNP,2025-12-01T00:00:00.000+01:00,2025-11-30T23:00:00Z,51.801504377206776,8799
10489,Porcentaje de energía renovable no integrable por Balance SNP,2025-12-01T00:00:00.000+01:00,2025-11-30T23:00:00Z,13.72794539351986,8796
10489,Porcentaje de energía renovable no integrable por Balance SNP,2025-12-01T00:00:00.000+01:00,2025-11-30T23:00:00Z,4.287171160110496,8798
10489,Porcentaje de energía renovable no integrable por Balance SNP,2025-12-01T00:00:00.000+01:00,2025-11-30T23:00:00Z,5.770616869859763,8797
10489,Porcentaje de energía renovable no integrable por Balance SNP,2026-01-01T00:00:00.000+01:00,2025-12-31T23:00:00Z,6.490311421418982,8797
10489,Porcentaje de energía renovable no integrable por Balance SNP,2026-01-01T00:00:00.000+01:00,2025-12-31T23:00:00Z,7.467041910110174,8798
10489,Porcentaje de energía renovable no integrable por Balance SNP,2026-01-01T00:00:00.000+01:00,2025-12-31T23:00:00Z,14.308964926142323,8796
10489,Porcentaje de energía renovable no integrable por Balance SNP,2026-01-01T00:00:00.000+01:00,2025-12-31T23:00:00Z,11.68005634617192,8795
10489,Porcentaje de energía renovable no integrable por Balance SNP,2026-01-01T00:00:00.000+01:00,2025-12-31T23:00:00Z,27.23516307829756,8800
10489,Porcentaje de energía renovable no integrable por Balance SNP,2026-01-01T00:00:00.000+01:00,2025-12-31T23:00:00Z,58.054371251874066,8799
10489,Porcentaje de energía renovable no integrable por Balance SNP,2026-02-01T00:00:00.000+01:00,2026-01-31T23:00:00Z,9.198502041869622,8797
10489,Porcentaje de energía renovable no integrable por Balance SNP,2026-02-01T00:00:00.000+01:00,2026-01-31T23:00:00Z,24.347716102919918,8800
10489,Porcentaje de energía renovable no integrable por Balance SNP,2026-02-01T00:00:00.000+01:00,2026-01-31T23:00:00Z,19.899345618319764,8795
10489,Porcentaje de energía renovable no integrable por Balance SNP,2026-02-01T00:00:00.000+01:00,2026-01-31T23:00:00Z,68.55136335948978,8799
10489,Porcentaje de energía renovable no integrable por Balance SNP,2026-02-01T00:00:00.000+01:00,2026-01-31T23:00:00Z,20.518448481986685,8796
10489,Porcentaje de energía renovable no integrable por Balance SNP,2026-02-01T00:00:00.000+01:00,2026-01-31T23:00:00Z,3.2405456211826253,8798
10489,Porcentaje de energía renovable no integrable por Balance SNP,2026-03-01T00:00:00.000+01:00,2026-02-28T23:00:00Z,25.603306146865293,8800
10489,Porcentaje de energía renovable no integrable por Balance SNP,2026-03-01T00:00:00.000+01:00,2026-02-28T23:00:00Z,22.22847701824223,8795
10489,Porcentaje de energía renovable no integrable por Balance SNP,2026-03-01T00:00:00.000+01:00,2026-02-28T23:00:00Z,71.19431643625192,8799
10489,Porcentaje de energía renovable no integrable por Balance SNP,2026-03-01T00:00:00.000+01:00,2026-02-28T23:00:00Z,19.601426477027626,8796
10489,Porcentaje de energía renovable no integrable por Balance SNP,2026-03-01T00:00:00.000+01:00,2026-02-28T23:00:00Z,6.945342155053882,8798
10489,Porcentaje de energía renovable no integrable por Balance SNP,2026-03-01T00:00:00.000+01:00,2026-02-28T23:00:00Z,11.615477334302804,8797
10489,Porcentaje de energía renovable no integrable por Balance SNP,2026-04-01T00:00:00.000+02:00,2026-03-31T22:00:00Z,9.539765447915642,8798
10489,Porcentaje de energía renovable no integrable por Balance SNP,2026-04-01T00:00:00.000+02:00,2026-03-31T22:00:00Z,4.872887790724682,8797
10489,Porcentaje de energía renovable no integrable por Balance SNP,2026-04-01T00:00:00.000+02:00,2026-03-31T22:00:00Z,15.384958154080477,8796
10489,Porcentaje de energía renovable no integrable por Balance SNP,2026-04-01T00:00:00.000+02:00,2026-03-31T22:00:00Z,64.42256706425007,8799
10489,Porcentaje de energía renovable no integrable por Balance SNP,2026-04-01T00:00:00.000+02:00,2026-03-31T22:00:00Z,12.47219144689664,8795
10489,Porcentaje de energía renovable no integrable por Balance SNP,2026-04-01T00:00:00.000+02:00,2026-03-31T22:00:00Z,24.196827137440707,8800
10489,Porcentaje de energía renovable no integrable por Balance SNP,2026-05-01T00:00:00.000+02:00,2026-04-30T22:00:00Z,23.84615384615384,8800
10489,Porcentaje de energía renovable no integrable por Balance SNP,2026-05-01T00:00:00.000+02:00,2026-04-30T22:00:00Z,14.121261269222343,8795
10489,Porcentaje de energía renovable no integrable por Balance SNP,2026-05-01T00:00:00.000+02:00,2026-04-30T22:00:00Z,67.7820961680532,8799
10489,Porcentaje de energía renovable no integrable por Balance SNP,2026-05-01T00:00:00.000+02:00,2026-04-30T22:00:00Z,17.315673335834052,8796
10489,Porcentaje de energía renovable no integrable por Balance SNP,2026-05-01T00:00:00.000+02:00,2026-04-30T22:00:00Z,6.287954493043278,8798
10489,Porcentaje de energía renovable no integrable por Balance SNP,2026-05-01T00:00:00.000+02:00,2026-04-30T22:00:00Z,7.872893983847881,8797
10489,Porcentaje de energía renovable no integrable por Balance SNP,2026-06-01T00:00:00.000+02:00,2026-05-31T22:00:00Z,23.485995772936814,8800
10489,Porcentaje de energía renovable no integrable por Balance SNP,2026-06-01T00:00:00.000+02:00,2026-05-31T22:00:00Z,19.563381278725267,8795
10489,Porcentaje de energía renovable no integrable por Balance SNP,2026-06-01T00:00:00.000+02:00,2026-05-31T22:00:00Z,72.00217112954407,8799
10489,Porcentaje de energía renovable no integrable por Balance SNP,2026-06-01T00:00:00.000+02:00,2026-05-31T22:00:00Z,20.398436639565784,8796
10489,Porcentaje de energía renovable no integrable por Balance SNP,2026-06-01T00:00:00.000+02:00,2026-05-31T22:00:00Z,3.5427584536869086,8798
10489,Porcentaje de energía renovable no integrable por Balance SNP,2026-06-01T00:00:00.000+02:00,2026-05-31T22:00:00Z,10.973999361841908,8797
10489,Porcentaje de energía renovable no integrable por Balance SNP,2026-07-01T00:00:00.000+02:00,2026-06-30T22:00:00Z,0.7497253030772127,8798
10489,Porcentaje de energía renovable no integrable por Balance SNP,2026-07-01T00:00:00.000+02:00,2026-06-30T22:00:00Z,13.22849276577424,8796
10489,Porcentaje de energía renovable no integrable por Balance SNP,2026-07-01T00:00:00.000+02:00,2026-06-30T22:00:00Z,0.0,8797
10489,Porcentaje de energía renovable no integrable por Balance SNP,2026-07-01T00:00:00.000+02:00,2026-06-30T22:00:00Z,15.589257214747295,8795
10489,Porcentaje de energía renovable no integrable por Balance SNP,2026-07-01T00:00:00.000+02:00,2026-06-30T22:00:00Z,10.91970412305439,8800
10489,Porcentaje de energía renovable no integrable por Balance SNP,2026-07-01T00:00:00.000+02:00,2026-06-30T22:00:00Z,0.0,8799
10489,Porcentaje de energía renovable no integrable por Balance SNP,2026-07-01T00:00:00.000+02:00,2026-06-30T22:00:00Z,6.296536091415024,8831
