indicador,nombre,datetime,datetime_utc,value,geo_id
462,Potencia indisponible de generación en PBF,2025-07-01T00:00:00.000+02:00,2025-06-30T22:00:00Z,10924.91547619048,8741
462,Potencia indisponible de generación en PBF,2025-08-01T00:00:00.000+02:00,2025-07-31T22:00:00Z,10110.30403225807,8741
462,Potencia indisponible de generación en PBF,2025-09-01T00:00:00.000+02:00,2025-08-31T22:00:00Z,14966.13055555556,8741
462,Potencia indisponible de generación en PBF,2025-10-01T00:00:00.000+02:00,2025-09-30T22:00:00Z,15267.44604026846,8741
462,Potencia indisponible de generación en PBF,2025-11-01T00:00:00.000+01:00,2025-10-31T23:00:00Z,13959.87333333333,8741
462,Potencia indisponible de generación en PBF,2025-12-01T00:00:00.000+01:00,2025-11-30T23:00:00Z,10170.73252688172,8741
462,Potencia indisponible de generación en PBF,2026-01-01T00:00:00.000+01:00,2025-12-31T23:00:00Z,9849.6934139785,8741
462,Potencia indisponible de generación en PBF,2026-02-01T00:00:00.000+01:00,2026-01-31T23:00:00Z,14350.51145833333,8741
462,Potencia indisponible de generación en PBF,2026-03-01T00:00:00.000+01:00,2026-02-28T23:00:00Z,14330.8467025572,8741
462,Potencia indisponible de generación en PBF,2026-04-01T00:00:00.000+02:00,2026-03-31T22:00:00Z,12758.72430555556,8741
462,Potencia indisponible de generación en PBF,2026-05-01T00:00:00.000+02:00,2026-04-30T22:00:00Z,13857.94489247312,8741
462,Potencia indisponible de generación en PBF,2026-06-01T00:00:00.000+02:00,2026-05-31T22:00:00Z,12858.89083333333,8741
462,Potencia indisponible de generación en PBF,2026-07-01T00:00:00.000+02:00,2026-06-30T22:00:00Z,11678.89112903226,8741
462,Potencia indisponible de generación en PBF,2026-08-01T00:00:00.000+02:00,2026-07-31T22:00:00Z,12500.43635057471,8741
463,Potencia indisponible de generación en el cierre,2025-07-01T00:00:00.000+02:00,2025-06-30T22:00:00Z,11118.08869047619,8741
463,Potencia indisponible de generación en el cierre,2025-08-01T00:00:00.000+02:00,2025-07-31T22:00:00Z,10559.24905913979,8741
463,Potencia indisponible de generación en el cierre,2025-09-01T00:00:00.000+02:00,2025-08-31T22:00:00Z,15367.31611111111,8741
463,Potencia indisponible de generación en el cierre,2025-10-01T00:00:00.000+02:00,2025-09-30T22:00:00Z,15551.12483221477,8741
463,Potencia indisponible de generación en el cierre,2025-11-01T00:00:00.000+01:00,2025-10-31T23:00:00Z,14395.40819444445,8741
463,Potencia indisponible de generación en el cierre,2025-12-01T00:00:00.000+01:00,2025-11-30T23:00:00Z,10651.09099462366,8741
463,Potencia indisponible de generación en el cierre,2026-01-01T00:00:00.000+01:00,2025-12-31T23:00:00Z,10282.60940860215,8741
463,Potencia indisponible de generación en el cierre,2026-02-01T00:00:00.000+01:00,2026-01-31T23:00:00Z,14980.3849702381,8741
463,Potencia indisponible de generación en el cierre,2026-03-01T00:00:00.000+01:00,2026-02-28T23:00:00Z,14866.3397039031,8741
463,Potencia indisponible de generación en el cierre,2026-04-01T00:00:00.000+02:00,2026-03-31T22:00:00Z,13232.39375,8741
463,Potencia indisponible de generación en el cierre,2026-05-01T00:00:00.000+02:00,2026-04-30T22:00:00Z,14376.42365591398,8741
463,Potencia indisponible de generación en el cierre,2026-06-01T00:00:00.000+02:00,2026-05-31T22:00:00Z,13451.66361111111,8741
463,Potencia indisponible de generación en el cierre,2026-07-01T00:00:00.000+02:00,2026-06-30T22:00:00Z,12748.84072580645,8741
463,Potencia indisponible de generación en el cierre,2026-08-01T00:00:00.000+02:00,2026-07-31T22:00:00Z,13822.73601190476,8741
464,Potencia instalada de generación convencional Hidráulica UGH,2025-07-01T00:00:00.000+02:00,2025-06-30T22:00:00Z,592.0,28
464,Potencia instalada de generación convencional Hidráulica UGH,2025-07-01T00:00:00.000+02:00,2025-06-30T22:00:00Z,4.7,72
464,Potencia instalada de generación convencional Hidráulica UGH,2025-07-01T00:00:00.000+02:00,2025-06-30T22:00:00Z,539.4,71
464,Potencia instalada de generación convencional Hidráulica UGH,2025-07-01T00:00:00.000+02:00,2025-06-30T22:00:00Z,191.3,70
464,Potencia instalada de generación convencional Hidráulica UGH,2025-07-01T00:00:00.000+02:00,2025-06-30T22:00:00Z,4.3,69
464,Potencia instalada de generación convencional Hidráulica UGH,2025-07-01T00:00:00.000+02:00,2025-06-30T22:00:00Z,11.2,64
464,Potencia instalada de generación convencional Hidráulica UGH,2025-07-01T00:00:00.000+02:00,2025-06-30T22:00:00Z,389.5,62
464,Potencia instalada de generación convencional Hidráulica UGH,2025-07-01T00:00:00.000+02:00,2025-06-30T22:00:00Z,12.1,57
464,Potencia instalada de generación convencional Hidráulica UGH,2025-07-01T00:00:00.000+02:00,2025-06-30T22:00:00Z,423.9,56
464,Potencia instalada de generación convencional Hidráulica UGH,2025-07-01T00:00:00.000+02:00,2025-06-30T22:00:00Z,150.8,52
464,Potencia instalada de generación convencional Hidráulica UGH,2025-07-01T00:00:00.000+02:00,2025-06-30T22:00:00Z,386.0,50
464,Potencia instalada de generación convencional Hidráulica UGH,2025-07-01T00:00:00.000+02:00,2025-06-30T22:00:00Z,3534.6,48
464,Potencia instalada de generación convencional Hidráulica UGH,2025-07-01T00:00:00.000+02:00,2025-06-30T22:00:00Z,2.0,59
464,Potencia instalada de generación convencional Hidráulica UGH,2025-07-01T00:00:00.000+02:00,2025-06-30T22:00:00Z,945.8,43
464,Potencia instalada de generación convencional Hidráulica UGH,2025-07-01T00:00:00.000+02:00,2025-06-30T22:00:00Z,2182.5,44
464,Potencia instalada de generación convencional Hidráulica UGH,2025-07-01T00:00:00.000+02:00,2025-06-30T22:00:00Z,19.0,32
464,Potencia instalada de generación convencional Hidráulica UGH,2025-07-01T00:00:00.000+02:00,2025-06-30T22:00:00Z,0.6,33
464,Potencia instalada de generación convencional Hidráulica UGH,2025-07-01T00:00:00.000+02:00,2025-06-30T22:00:00Z,16.5,34
464,Potencia instalada de generación convencional Hidráulica UGH,2025-07-01T00:00:00.000+02:00,2025-06-30T22:00:00Z,723.0,35
464,Potencia instalada de generación convencional Hidráulica UGH,2025-07-01T00:00:00.000+02:00,2025-06-30T22:00:00Z,332.8,30
464,Potencia instalada de generación convencional Hidráulica UGH,2025-07-01T00:00:00.000+02:00,2025-06-30T22:00:00Z,1870.7,39
464,Potencia instalada de generación convencional Hidráulica UGH,2025-07-01T00:00:00.000+02:00,2025-06-30T22:00:00Z,3.3,40
464,Potencia instalada de generación convencional Hidráulica UGH,2025-07-01T00:00:00.000+02:00,2025-06-30T22:00:00Z,0.3,41
464,Potencia instalada de generación convencional Hidráulica UGH,2025-07-01T00:00:00.000+02:00,2025-06-30T22:00:00Z,2451.3,37
464,Potencia instalada de generación convencional Hidráulica UGH,2025-08-01T00:00:00.000+02:00,2025-07-31T22:00:00Z,386.0,50
464,Potencia instalada de generación convencional Hidráulica UGH,2025-08-01T00:00:00.000+02:00,2025-07-31T22:00:00Z,4.7,72
464,Potencia instalada de generación convencional Hidráulica UGH,2025-08-01T00:00:00.000+02:00,2025-07-31T22:00:00Z,539.4,71
464,Potencia instalada de generación convencional Hidráulica UGH,2025-08-01T00:00:00.000+02:00,2025-07-31T22:00:00Z,191.3,70
464,Potencia instalada de generación convencional Hidráulica UGH,2025-08-01T00:00:00.000+02:00,2025-07-31T22:00:00Z,4.3,69
464,Potencia instalada de generación convencional Hidráulica UGH,2025-08-01T00:00:00.000+02:00,2025-07-31T22:00:00Z,11.2,64
464,Potencia instalada de generación convencional Hidráulica UGH,2025-08-01T00:00:00.000+02:00,2025-07-31T22:00:00Z,389.5,62
464,Potencia instalada de generación convencional Hidráulica UGH,2025-08-01T00:00:00.000+02:00,2025-07-31T22:00:00Z,12.1,57
464,Potencia instalada de generación convencional Hidráulica UGH,2025-08-01T00:00:00.000+02:00,2025-07-31T22:00:00Z,423.9,56
464,Potencia instalada de generación convencional Hidráulica UGH,2025-08-01T00:00:00.000+02:00,2025-07-31T22:00:00Z,150.8,52
464,Potencia instalada de generación convencional Hidráulica UGH,2025-08-01T00:00:00.000+02:00,2025-07-31T22:00:00Z,3534.6,48
464,Potencia instalada de generación convencional Hidráulica UGH,2025-08-01T00:00:00.000+02:00,2025-07-31T22:00:00Z,2.0,59
464,Potencia instalada de generación convencional Hidráulica UGH,2025-08-01T00:00:00.000+02:00,2025-07-31T22:00:00Z,945.8,43
464,Potencia instalada de generación convencional Hidráulica UGH,2025-08-01T00:00:00.000+02:00,2025-07-31T22:00:00Z,332.8,30
464,Potencia instalada de generación convencional Hidráulica UGH,2025-08-01T00:00:00.000+02:00,2025-07-31T22:00:00Z,19.0,32
464,Potencia instalada de generación convencional Hidráulica UGH,2025-08-01T00:00:00.000+02:00,2025-07-31T22:00:00Z,0.6,33
464,Potencia instalada de generación convencional Hidráulica UGH,2025-08-01T00:00:00.000+02:00,2025-07-31T22:00:00Z,16.5,34
464,Potencia instalada de generación convencional Hidráulica UGH,2025-08-01T00:00:00.000+02:00,2025-07-31T22:00:00Z,723.0,35
464,Potencia instalada de generación convencional Hidráulica UGH,2025-08-01T00:00:00.000+02:00,2025-07-31T22:00:00Z,592.0,28
464,Potencia instalada de generación convencional Hidráulica UGH,2025-08-01T00:00:00.000+02:00,2025-07-31T22:00:00Z,2451.3,37
464,Potencia instalada de generación convencional Hidráulica UGH,2025-08-01T00:00:00.000+02:00,2025-07-31T22:00:00Z,0.3,41
464,Potencia instalada de generación convencional Hidráulica UGH,2025-08-01T00:00:00.000+02:00,2025-07-31T22:00:00Z,2182.5,44
464,Potencia instalada de generación convencional Hidráulica UGH,2025-08-01T00:00:00.000+02:00,2025-07-31T22:00:00Z,1870.7,39
464,Potencia instalada de generación convencional Hidráulica UGH,2025-08-01T00:00:00.000+02:00,2025-07-31T22:00:00Z,3.3,40
464,Potencia instalada de generación convencional Hidráulica UGH,2025-09-01T00:00:00.000+02:00,2025-08-31T22:00:00Z,3534.6,48
464,Potencia instalada de generación convencional Hidráulica UGH,2025-09-01T00:00:00.000+02:00,2025-08-31T22:00:00Z,539.4,71
464,Potencia instalada de generación convencional Hidráulica UGH,2025-09-01T00:00:00.000+02:00,2025-08-31T22:00:00Z,191.3,70
464,Potencia instalada de generación convencional Hidráulica UGH,2025-09-01T00:00:00.000+02:00,2025-08-31T22:00:00Z,4.3,69
464,Potencia instalada de generación convencional Hidráulica UGH,2025-09-01T00:00:00.000+02:00,2025-08-31T22:00:00Z,4.7,72
464,Potencia instalada de generación convencional Hidráulica UGH,2025-09-01T00:00:00.000+02:00,2025-08-31T22:00:00Z,389.5,62
464,Potencia instalada de generación convencional Hidráulica UGH,2025-09-01T00:00:00.000+02:00,2025-08-31T22:00:00Z,2.0,59
464,Potencia instalada de generación convencional Hidráulica UGH,2025-09-01T00:00:00.000+02:00,2025-08-31T22:00:00Z,12.1,57
464,Potencia instalada de generación convencional Hidráulica UGH,2025-09-01T00:00:00.000+02:00,2025-08-31T22:00:00Z,423.9,56
464,Potencia instalada de generación convencional Hidráulica UGH,2025-09-01T00:00:00.000+02:00,2025-08-31T22:00:00Z,150.8,52
464,Potencia instalada de generación convencional Hidráulica UGH,2025-09-01T00:00:00.000+02:00,2025-08-31T22:00:00Z,386.0,50
464,Potencia instalada de generación convencional Hidráulica UGH,2025-09-01T00:00:00.000+02:00,2025-08-31T22:00:00Z,11.2,64
464,Potencia instalada de generación convencional Hidráulica UGH,2025-09-01T00:00:00.000+02:00,2025-08-31T22:00:00Z,2182.5,44
464,Potencia instalada de generación convencional Hidráulica UGH,2025-09-01T00:00:00.000+02:00,2025-08-31T22:00:00Z,0.3,41
464,Potencia instalada de generación convencional Hidráulica UGH,2025-09-01T00:00:00.000+02:00,2025-08-31T22:00:00Z,3.3,40
464,Potencia instalada de generación convencional Hidráulica UGH,2025-09-01T00:00:00.000+02:00,2025-08-31T22:00:00Z,1870.7,39
464,Potencia instalada de generación convencional Hidráulica UGH,2025-09-01T00:00:00.000+02:00,2025-08-31T22:00:00Z,2451.3,37
464,Potencia instalada de generación convencional Hidráulica UGH,2025-09-01T00:00:00.000+02:00,2025-08-31T22:00:00Z,723.0,35
464,Potencia instalada de generación convencional Hidráulica UGH,2025-09-01T00:00:00.000+02:00,2025-08-31T22:00:00Z,16.5,34
464,Potencia instalada de generación convencional Hidráulica UGH,2025-09-01T00:00:00.000+02:00,2025-08-31T22:00:00Z,0.6,33
464,Potencia instalada de generación convencional Hidráulica UGH,2025-09-01T00:00:00.000+02:00,2025-08-31T22:00:00Z,19.0,32
464,Potencia instalada de generación convencional Hidráulica UGH,2025-09-01T00:00:00.000+02:00,2025-08-31T22:00:00Z,332.8,30
464,Potencia instalada de generación convencional Hidráulica UGH,2025-09-01T00:00:00.000+02:00,2025-08-31T22:00:00Z,592.0,28
464,Potencia instalada de generación convencional Hidráulica UGH,2025-09-01T00:00:00.000+02:00,2025-08-31T22:00:00Z,945.8,43
464,Potencia instalada de generación convencional Hidráulica UGH,2025-10-01T00:00:00.000+02:00,2025-09-30T22:00:00Z,150.8,52
464,Potencia instalada de generación convencional Hidráulica UGH,2025-10-01T00:00:00.000+02:00,2025-09-30T22:00:00Z,423.9,56
464,Potencia instalada de generación convencional Hidráulica UGH,2025-10-01T00:00:00.000+02:00,2025-09-30T22:00:00Z,12.1,57
464,Potencia instalada de generación convencional Hidráulica UGH,2025-10-01T00:00:00.000+02:00,2025-09-30T22:00:00Z,2.0,59
464,Potencia instalada de generación convencional Hidráulica UGH,2025-10-01T00:00:00.000+02:00,2025-09-30T22:00:00Z,389.5,62
464,Potencia instalada de generación convencional Hidráulica UGH,2025-10-01T00:00:00.000+02:00,2025-09-30T22:00:00Z,4.7,72
464,Potencia instalada de generación convencional Hidráulica UGH,2025-10-01T00:00:00.000+02:00,2025-09-30T22:00:00Z,4.3,69
464,Potencia instalada de generación convencional Hidráulica UGH,2025-10-01T00:00:00.000+02:00,2025-09-30T22:00:00Z,191.3,70
464,Potencia instalada de generación convencional Hidráulica UGH,2025-10-01T00:00:00.000+02:00,2025-09-30T22:00:00Z,539.4,71
464,Potencia instalada de generación convencional Hidráulica UGH,2025-10-01T00:00:00.000+02:00,2025-09-30T22:00:00Z,386.0,50
464,Potencia instalada de generación convencional Hidráulica UGH,2025-10-01T00:00:00.000+02:00,2025-09-30T22:00:00Z,11.2,64
464,Potencia instalada de generación convencional Hidráulica UGH,2025-10-01T00:00:00.000+02:00,2025-09-30T22:00:00Z,3534.6,48
464,Potencia instalada de generación convencional Hidráulica UGH,2025-10-01T00:00:00.000+02:00,2025-09-30T22:00:00Z,723.0,35
464,Potencia instalada de generación convencional Hidráulica UGH,2025-10-01T00:00:00.000+02:00,2025-09-30T22:00:00Z,945.8,43
464,Potencia instalada de generación convencional Hidráulica UGH,2025-10-01T00:00:00.000+02:00,2025-09-30T22:00:00Z,332.8,30
464,Potencia instalada de generación convencional Hidráulica UGH,2025-10-01T00:00:00.000+02:00,2025-09-30T22:00:00Z,19.0,32
464,Potencia instalada de generación convencional Hidráulica UGH,2025-10-01T00:00:00.000+02:00,2025-09-30T22:00:00Z,0.6,33
464,Potencia instalada de generación convencional Hidráulica UGH,2025-10-01T00:00:00.000+02:00,2025-09-30T22:00:00Z,16.5,34
464,Potencia instalada de generación convencional Hidráulica UGH,2025-10-01T00:00:00.000+02:00,2025-09-30T22:00:00Z,592.0,28
464,Potencia instalada de generación convencional Hidráulica UGH,2025-10-01T00:00:00.000+02:00,2025-09-30T22:00:00Z,2451.3,37
464,Potencia instalada de generación convencional Hidráulica UGH,2025-10-01T00:00:00.000+02:00,2025-09-30T22:00:00Z,1870.7,39
464,Potencia instalada de generación convencional Hidráulica UGH,2025-10-01T00:00:00.000+02:00,2025-09-30T22:00:00Z,3.3,40
464,Potencia instalada de generación convencional Hidráulica UGH,2025-10-01T00:00:00.000+02:00,2025-09-30T22:00:00Z,0.3,41
464,Potencia instalada de generación convencional Hidráulica UGH,2025-10-01T00:00:00.000+02:00,2025-09-30T22:00:00Z,2182.5,44
464,Potencia instalada de generación convencional Hidráulica UGH,2025-11-01T00:00:00.000+01:00,2025-10-31T23:00:00Z,386.0,50
464,Potencia instalada de generación convencional Hidráulica UGH,2025-11-01T00:00:00.000+01:00,2025-10-31T23:00:00Z,539.4,71
464,Potencia instalada de generación convencional Hidráulica UGH,2025-11-01T00:00:00.000+01:00,2025-10-31T23:00:00Z,191.3,70
464,Potencia instalada de generación convencional Hidráulica UGH,2025-11-01T00:00:00.000+01:00,2025-10-31T23:00:00Z,4.3,69
464,Potencia instalada de generación convencional Hidráulica UGH,2025-11-01T00:00:00.000+01:00,2025-10-31T23:00:00Z,11.2,64
464,Potencia instalada de generación convencional Hidráulica UGH,2025-11-01T00:00:00.000+01:00,2025-10-31T23:00:00Z,389.5,62
464,Potencia instalada de generación convencional Hidráulica UGH,2025-11-01T00:00:00.000+01:00,2025-10-31T23:00:00Z,2.0,59
464,Potencia instalada de generación convencional Hidráulica UGH,2025-11-01T00:00:00.000+01:00,2025-10-31T23:00:00Z,12.1,57
464,Potencia instalada de generación convencional Hidráulica UGH,2025-11-01T00:00:00.000+01:00,2025-10-31T23:00:00Z,423.9,56
464,Potencia instalada de generación convencional Hidráulica UGH,2025-11-01T00:00:00.000+01:00,2025-10-31T23:00:00Z,150.8,52
464,Potencia instalada de generación convencional Hidráulica UGH,2025-11-01T00:00:00.000+01:00,2025-10-31T23:00:00Z,3534.6,48
464,Potencia instalada de generación convencional Hidráulica UGH,2025-11-01T00:00:00.000+01:00,2025-10-31T23:00:00Z,4.7,72
464,Potencia instalada de generación convencional Hidráulica UGH,2025-11-01T00:00:00.000+01:00,2025-10-31T23:00:00Z,945.8,43
464,Potencia instalada de generación convencional Hidráulica UGH,2025-11-01T00:00:00.000+01:00,2025-10-31T23:00:00Z,592.0,28
464,Potencia instalada de generación convencional Hidráulica UGH,2025-11-01T00:00:00.000+01:00,2025-10-31T23:00:00Z,332.8,30
464,Potencia instalada de generación convencional Hidráulica UGH,2025-11-01T00:00:00.000+01:00,2025-10-31T23:00:00Z,19.0,32
464,Potencia instalada de generación convencional Hidráulica UGH,2025-11-01T00:00:00.000+01:00,2025-10-31T23:00:00Z,0.6,33
464,Potencia instalada de generación convencional Hidráulica UGH,2025-11-01T00:00:00.000+01:00,2025-10-31T23:00:00Z,16.5,34
464,Potencia instalada de generación convencional Hidráulica UGH,2025-11-01T00:00:00.000+01:00,2025-10-31T23:00:00Z,2182.5,44
464,Potencia instalada de generación convencional Hidráulica UGH,2025-11-01T00:00:00.000+01:00,2025-10-31T23:00:00Z,2451.3,37
464,Potencia instalada de generación convencional Hidráulica UGH,2025-11-01T00:00:00.000+01:00,2025-10-31T23:00:00Z,1870.7,39
464,Potencia instalada de generación convencional Hidráulica UGH,2025-11-01T00:00:00.000+01:00,2025-10-31T23:00:00Z,3.3,40
464,Potencia instalada de generación convencional Hidráulica UGH,2025-11-01T00:00:00.000+01:00,2025-10-31T23:00:00Z,0.3,41
464,Potencia instalada de generación convencional Hidráulica UGH,2025-11-01T00:00:00.000+01:00,2025-10-31T23:00:00Z,723.0,35
464,Potencia instalada de generación convencional Hidráulica UGH,2025-12-01T00:00:00.000+01:00,2025-11-30T23:00:00Z,386.0,50
464,Potencia instalada de generación convencional Hidráulica UGH,2025-12-01T00:00:00.000+01:00,2025-11-30T23:00:00Z,150.8,52
464,Potencia instalada de generación convencional Hidráulica UGH,2025-12-01T00:00:00.000+01:00,2025-11-30T23:00:00Z,423.9,56
464,Potencia instalada de generación convencional Hidráulica UGH,2025-12-01T00:00:00.000+01:00,2025-11-30T23:00:00Z,12.1,57
464,Potencia instalada de generación convencional Hidráulica UGH,2025-12-01T00:00:00.000+01:00,2025-11-30T23:00:00Z,2.0,59
464,Potencia instalada de generación convencional Hidráulica UGH,2025-12-01T00:00:00.000+01:00,2025-11-30T23:00:00Z,11.2,64
464,Potencia instalada de generación convencional Hidráulica UGH,2025-12-01T00:00:00.000+01:00,2025-11-30T23:00:00Z,4.3,69
464,Potencia instalada de generación convencional Hidráulica UGH,2025-12-01T00:00:00.000+01:00,2025-11-30T23:00:00Z,191.3,70
464,Potencia instalada de generación convencional Hidráulica UGH,2025-12-01T00:00:00.000+01:00,2025-11-30T23:00:00Z,539.4,71
464,Potencia instalada de generación convencional Hidráulica UGH,2025-12-01T00:00:00.000+01:00,2025-11-30T23:00:00Z,3534.6,48
464,Potencia instalada de generación convencional Hidráulica UGH,2025-12-01T00:00:00.000+01:00,2025-11-30T23:00:00Z,389.5,62
464,Potencia instalada de generación convencional Hidráulica UGH,2025-12-01T00:00:00.000+01:00,2025-11-30T23:00:00Z,4.7,72
464,Potencia instalada de generación convencional Hidráulica UGH,2025-12-01T00:00:00.000+01:00,2025-11-30T23:00:00Z,2182.5,44
464,Potencia instalada de generación convencional Hidráulica UGH,2025-12-01T00:00:00.000+01:00,2025-11-30T23:00:00Z,13.3,41
464,Potencia instalada de generación convencional Hidráulica UGH,2025-12-01T00:00:00.000+01:00,2025-11-30T23:00:00Z,3.3,40
464,Potencia instalada de generación convencional Hidráulica UGH,2025-12-01T00:00:00.000+01:00,2025-11-30T23:00:00Z,1857.7,39
464,Potencia instalada de generación convencional Hidráulica UGH,2025-12-01T00:00:00.000+01:00,2025-11-30T23:00:00Z,2451.3,37
464,Potencia instalada de generación convencional Hidráulica UGH,2025-12-01T00:00:00.000+01:00,2025-11-30T23:00:00Z,723.0,35
464,Potencia instalada de generación convencional Hidráulica UGH,2025-12-01T00:00:00.000+01:00,2025-11-30T23:00:00Z,16.5,34
464,Potencia instalada de generación convencional Hidráulica UGH,2025-12-01T00:00:00.000+01:00,2025-11-30T23:00:00Z,0.6,33
464,Potencia instalada de generación convencional Hidráulica UGH,2025-12-01T00:00:00.000+01:00,2025-11-30T23:00:00Z,19.0,32
464,Potencia instalada de generación convencional Hidráulica UGH,2025-12-01T00:00:00.000+01:00,2025-11-30T23:00:00Z,332.8,30
464,Potencia instalada de generación convencional Hidráulica UGH,2025-12-01T00:00:00.000+01:00,2025-11-30T23:00:00Z,592.0,28
464,Potencia instalada de generación convencional Hidráulica UGH,2025-12-01T00:00:00.000+01:00,2025-11-30T23:00:00Z,945.8,43
464,Potencia instalada de generación convencional Hidráulica UGH,2026-01-01T00:00:00.000+01:00,2025-12-31T23:00:00Z,150.8,52
464,Potencia instalada de generación convencional Hidráulica UGH,2026-01-01T00:00:00.000+01:00,2025-12-31T23:00:00Z,423.9,56
464,Potencia instalada de generación convencional Hidráulica UGH,2026-01-01T00:00:00.000+01:00,2025-12-31T23:00:00Z,12.1,57
464,Potencia instalada de generación convencional Hidráulica UGH,2026-01-01T00:00:00.000+01:00,2025-12-31T23:00:00Z,2.0,59
464,Potencia instalada de generación convencional Hidráulica UGH,2026-01-01T00:00:00.000+01:00,2025-12-31T23:00:00Z,386.0,50
464,Potencia instalada de generación convencional Hidráulica UGH,2026-01-01T00:00:00.000+01:00,2025-12-31T23:00:00Z,11.8,64
464,Potencia instalada de generación convencional Hidráulica UGH,2026-01-01T00:00:00.000+01:00,2025-12-31T23:00:00Z,4.3,69
464,Potencia instalada de generación convencional Hidráulica UGH,2026-01-01T00:00:00.000+01:00,2025-12-31T23:00:00Z,190.2935483871,70
464,Potencia instalada de generación convencional Hidráulica UGH,2026-01-01T00:00:00.000+01:00,2025-12-31T23:00:00Z,539.4,71
464,Potencia instalada de generación convencional Hidráulica UGH,2026-01-01T00:00:00.000+01:00,2025-12-31T23:00:00Z,389.5,62
464,Potencia instalada de generación convencional Hidráulica UGH,2026-01-01T00:00:00.000+01:00,2025-12-31T23:00:00Z,3534.0,48
464,Potencia instalada de generación convencional Hidráulica UGH,2026-01-01T00:00:00.000+01:00,2025-12-31T23:00:00Z,4.7,72
464,Potencia instalada de generación convencional Hidráulica UGH,2026-01-01T00:00:00.000+01:00,2025-12-31T23:00:00Z,945.8,43
464,Potencia instalada de generación convencional Hidráulica UGH,2026-01-01T00:00:00.000+01:00,2025-12-31T23:00:00Z,592.0,28
464,Potencia instalada de generación convencional Hidráulica UGH,2026-01-01T00:00:00.000+01:00,2025-12-31T23:00:00Z,332.8,30
464,Potencia instalada de generación convencional Hidráulica UGH,2026-01-01T00:00:00.000+01:00,2025-12-31T23:00:00Z,20.0064516129,32
464,Potencia instalada de generación convencional Hidráulica UGH,2026-01-01T00:00:00.000+01:00,2025-12-31T23:00:00Z,0.6,33
464,Potencia instalada de generación convencional Hidráulica UGH,2026-01-01T00:00:00.000+01:00,2025-12-31T23:00:00Z,16.5,34
464,Potencia instalada de generación convencional Hidráulica UGH,2026-01-01T00:00:00.000+01:00,2025-12-31T23:00:00Z,2182.5,44
464,Potencia instalada de generación convencional Hidráulica UGH,2026-01-01T00:00:00.000+01:00,2025-12-31T23:00:00Z,2451.3,37
464,Potencia instalada de generación convencional Hidráulica UGH,2026-01-01T00:00:00.000+01:00,2025-12-31T23:00:00Z,1857.7,39
464,Potencia instalada de generación convencional Hidráulica UGH,2026-01-01T00:00:00.000+01:00,2025-12-31T23:00:00Z,3.3,40
464,Potencia instalada de generación convencional Hidráulica UGH,2026-01-01T00:00:00.000+01:00,2025-12-31T23:00:00Z,13.3,41
464,Potencia instalada de generación convencional Hidráulica UGH,2026-01-01T00:00:00.000+01:00,2025-12-31T23:00:00Z,723.0,35
464,Potencia instalada de generación convencional Hidráulica UGH,2026-02-01T00:00:00.000+01:00,2026-01-31T23:00:00Z,150.8,52
464,Potencia instalada de generación convencional Hidráulica UGH,2026-02-01T00:00:00.000+01:00,2026-01-31T23:00:00Z,423.9,56
464,Potencia instalada de generación convencional Hidráulica UGH,2026-02-01T00:00:00.000+01:00,2026-01-31T23:00:00Z,12.1,57
464,Potencia instalada de generación convencional Hidráulica UGH,2026-02-01T00:00:00.000+01:00,2026-01-31T23:00:00Z,2.0,59
464,Potencia instalada de generación convencional Hidráulica UGH,2026-02-01T00:00:00.000+01:00,2026-01-31T23:00:00Z,389.5,62
464,Potencia instalada de generación convencional Hidráulica UGH,2026-02-01T00:00:00.000+01:00,2026-01-31T23:00:00Z,4.3,69
464,Potencia instalada de generación convencional Hidráulica UGH,2026-02-01T00:00:00.000+01:00,2026-01-31T23:00:00Z,188.2,70
464,Potencia instalada de generación convencional Hidráulica UGH,2026-02-01T00:00:00.000+01:00,2026-01-31T23:00:00Z,539.4,71
464,Potencia instalada de generación convencional Hidráulica UGH,2026-02-01T00:00:00.000+01:00,2026-01-31T23:00:00Z,4.7,72
464,Potencia instalada de generación convencional Hidráulica UGH,2026-02-01T00:00:00.000+01:00,2026-01-31T23:00:00Z,386.0,50
464,Potencia instalada de generación convencional Hidráulica UGH,2026-02-01T00:00:00.000+01:00,2026-01-31T23:00:00Z,11.8,64
464,Potencia instalada de generación convencional Hidráulica UGH,2026-02-01T00:00:00.000+01:00,2026-01-31T23:00:00Z,3534.0,48
464,Potencia instalada de generación convencional Hidráulica UGH,2026-02-01T00:00:00.000+01:00,2026-01-31T23:00:00Z,2182.5,44
464,Potencia instalada de generación convencional Hidráulica UGH,2026-02-01T00:00:00.000+01:00,2026-01-31T23:00:00Z,945.8,43
464,Potencia instalada de generación convencional Hidráulica UGH,2026-02-01T00:00:00.000+01:00,2026-01-31T23:00:00Z,13.3,41
464,Potencia instalada de generación convencional Hidráulica UGH,2026-02-01T00:00:00.000+01:00,2026-01-31T23:00:00Z,3.3,40
464,Potencia instalada de generación convencional Hidráulica UGH,2026-02-01T00:00:00.000+01:00,2026-01-31T23:00:00Z,1857.7,39
464,Potencia instalada de generación convencional Hidráulica UGH,2026-02-01T00:00:00.000+01:00,2026-01-31T23:00:00Z,2451.3,37
464,Potencia instalada de generación convencional Hidráulica UGH,2026-02-01T00:00:00.000+01:00,2026-01-31T23:00:00Z,723.0,35
464,Potencia instalada de generación convencional Hidráulica UGH,2026-02-01T00:00:00.000+01:00,2026-01-31T23:00:00Z,16.5,34
464,Potencia instalada de generación convencional Hidráulica UGH,2026-02-01T00:00:00.000+01:00,2026-01-31T23:00:00Z,0.6,33
464,Potencia instalada de generación convencional Hidráulica UGH,2026-02-01T00:00:00.000+01:00,2026-01-31T23:00:00Z,22.1,32
464,Potencia instalada de generación convencional Hidráulica UGH,2026-02-01T00:00:00.000+01:00,2026-01-31T23:00:00Z,332.8,30
464,Potencia instalada de generación convencional Hidráulica UGH,2026-02-01T00:00:00.000+01:00,2026-01-31T23:00:00Z,592.0,28
464,Potencia instalada de generación convencional Hidráulica UGH,2026-03-01T00:00:00.000+01:00,2026-02-28T23:00:00Z,150.8,52
464,Potencia instalada de generación convencional Hidráulica UGH,2026-03-01T00:00:00.000+01:00,2026-02-28T23:00:00Z,423.9,56
464,Potencia instalada de generación convencional Hidráulica UGH,2026-03-01T00:00:00.000+01:00,2026-02-28T23:00:00Z,12.1,57
464,Potencia instalada de generación convencional Hidráulica UGH,2026-03-01T00:00:00.000+01:00,2026-02-28T23:00:00Z,2.0,59
464,Potencia instalada de generación convencional Hidráulica UGH,2026-03-01T00:00:00.000+01:00,2026-02-28T23:00:00Z,389.5,62
464,Potencia instalada de generación convencional Hidráulica UGH,2026-03-01T00:00:00.000+01:00,2026-02-28T23:00:00Z,4.7,72
464,Potencia instalada de generación convencional Hidráulica UGH,2026-03-01T00:00:00.000+01:00,2026-02-28T23:00:00Z,4.3,69
464,Potencia instalada de generación convencional Hidráulica UGH,2026-03-01T00:00:00.000+01:00,2026-02-28T23:00:00Z,188.2,70
464,Potencia instalada de generación convencional Hidráulica UGH,2026-03-01T00:00:00.000+01:00,2026-02-28T23:00:00Z,539.4,71
464,Potencia instalada de generación convencional Hidráulica UGH,2026-03-01T00:00:00.000+01:00,2026-02-28T23:00:00Z,386.0,50
464,Potencia instalada de generación convencional Hidráulica UGH,2026-03-01T00:00:00.000+01:00,2026-02-28T23:00:00Z,11.8,64
464,Potencia instalada de generación convencional Hidráulica UGH,2026-03-01T00:00:00.000+01:00,2026-02-28T23:00:00Z,3534.0,48
464,Potencia instalada de generación convencional Hidráulica UGH,2026-03-01T00:00:00.000+01:00,2026-02-28T23:00:00Z,2182.5,44
464,Potencia instalada de generación convencional Hidráulica UGH,2026-03-01T00:00:00.000+01:00,2026-02-28T23:00:00Z,945.8,43
464,Potencia instalada de generación convencional Hidráulica UGH,2026-03-01T00:00:00.000+01:00,2026-02-28T23:00:00Z,332.8,30
464,Potencia instalada de generación convencional Hidráulica UGH,2026-03-01T00:00:00.000+01:00,2026-02-28T23:00:00Z,22.1,32
464,Potencia instalada de generación convencional Hidráulica UGH,2026-03-01T00:00:00.000+01:00,2026-02-28T23:00:00Z,0.6,33
464,Potencia instalada de generación convencional Hidráulica UGH,2026-03-01T00:00:00.000+01:00,2026-02-28T23:00:00Z,16.5,34
464,Potencia instalada de generación convencional Hidráulica UGH,2026-03-01T00:00:00.000+01:00,2026-02-28T23:00:00Z,592.0,28
464,Potencia instalada de generación convencional Hidráulica UGH,2026-03-01T00:00:00.000+01:00,2026-02-28T23:00:00Z,2451.3,37
464,Potencia instalada de generación convencional Hidráulica UGH,2026-03-01T00:00:00.000+01:00,2026-02-28T23:00:00Z,1857.7,39
464,Potencia instalada de generación convencional Hidráulica UGH,2026-03-01T00:00:00.000+01:00,2026-02-28T23:00:00Z,3.3,40
464,Potencia instalada de generación convencional Hidráulica UGH,2026-03-01T00:00:00.000+01:00,2026-02-28T23:00:00Z,13.3,41
464,Potencia instalada de generación convencional Hidráulica UGH,2026-03-01T00:00:00.000+01:00,2026-02-28T23:00:00Z,723.0,35
464,Potencia instalada de generación convencional Hidráulica UGH,2026-04-01T00:00:00.000+02:00,2026-03-31T22:00:00Z,150.8,52
464,Potencia instalada de generación convencional Hidráulica UGH,2026-04-01T00:00:00.000+02:00,2026-03-31T22:00:00Z,4.7,72
464,Potencia instalada de generación convencional Hidráulica UGH,2026-04-01T00:00:00.000+02:00,2026-03-31T22:00:00Z,539.4,71
464,Potencia instalada de generación convencional Hidráulica UGH,2026-04-01T00:00:00.000+02:00,2026-03-31T22:00:00Z,188.2,70
464,Potencia instalada de generación convencional Hidráulica UGH,2026-04-01T00:00:00.000+02:00,2026-03-31T22:00:00Z,4.3,69
464,Potencia instalada de generación convencional Hidráulica UGH,2026-04-01T00:00:00.000+02:00,2026-03-31T22:00:00Z,11.8,64
464,Potencia instalada de generación convencional Hidráulica UGH,2026-04-01T00:00:00.000+02:00,2026-03-31T22:00:00Z,389.5,62
464,Potencia instalada de generación convencional Hidráulica UGH,2026-04-01T00:00:00.000+02:00,2026-03-31T22:00:00Z,2.0,59
464,Potencia instalada de generación convencional Hidráulica UGH,2026-04-01T00:00:00.000+02:00,2026-03-31T22:00:00Z,12.1,57
464,Potencia instalada de generación convencional Hidráulica UGH,2026-04-01T00:00:00.000+02:00,2026-03-31T22:00:00Z,423.9,56
464,Potencia instalada de generación convencional Hidráulica UGH,2026-04-01T00:00:00.000+02:00,2026-03-31T22:00:00Z,386.0,50
464,Potencia instalada de generación convencional Hidráulica UGH,2026-04-01T00:00:00.000+02:00,2026-03-31T22:00:00Z,3534.0,48
464,Potencia instalada de generación convencional Hidráulica UGH,2026-04-01T00:00:00.000+02:00,2026-03-31T22:00:00Z,592.0,28
464,Potencia instalada de generación convencional Hidráulica UGH,2026-04-01T00:00:00.000+02:00,2026-03-31T22:00:00Z,2182.5,44
464,Potencia instalada de generación convencional Hidráulica UGH,2026-04-01T00:00:00.000+02:00,2026-03-31T22:00:00Z,332.8,30
464,Potencia instalada de generación convencional Hidráulica UGH,2026-04-01T00:00:00.000+02:00,2026-03-31T22:00:00Z,22.1,32
464,Potencia instalada de generación convencional Hidráulica UGH,2026-04-01T00:00:00.000+02:00,2026-03-31T22:00:00Z,33.3,34
464,Potencia instalada de generación convencional Hidráulica UGH,2026-04-01T00:00:00.000+02:00,2026-03-31T22:00:00Z,706.2,35
464,Potencia instalada de generación convencional Hidráulica UGH,2026-04-01T00:00:00.000+02:00,2026-03-31T22:00:00Z,0.6,33
464,Potencia instalada de generación convencional Hidráulica UGH,2026-04-01T00:00:00.000+02:00,2026-03-31T22:00:00Z,1857.7,39
464,Potencia instalada de generación convencional Hidráulica UGH,2026-04-01T00:00:00.000+02:00,2026-03-31T22:00:00Z,3.3,40
464,Potencia instalada de generación convencional Hidráulica UGH,2026-04-01T00:00:00.000+02:00,2026-03-31T22:00:00Z,13.3,41
464,Potencia instalada de generación convencional Hidráulica UGH,2026-04-01T00:00:00.000+02:00,2026-03-31T22:00:00Z,945.8,43
464,Potencia instalada de generación convencional Hidráulica UGH,2026-04-01T00:00:00.000+02:00,2026-03-31T22:00:00Z,2451.3,37
464,Potencia instalada de generación convencional Hidráulica UGH,2026-05-01T00:00:00.000+02:00,2026-04-30T22:00:00Z,2.0,59
464,Potencia instalada de generación convencional Hidráulica UGH,2026-05-01T00:00:00.000+02:00,2026-04-30T22:00:00Z,150.8,52
464,Potencia instalada de generación convencional Hidráulica UGH,2026-05-01T00:00:00.000+02:00,2026-04-30T22:00:00Z,423.9,56
464,Potencia instalada de generación convencional Hidráulica UGH,2026-05-01T00:00:00.000+02:00,2026-04-30T22:00:00Z,12.1,57
464,Potencia instalada de generación convencional Hidráulica UGH,2026-05-01T00:00:00.000+02:00,2026-04-30T22:00:00Z,4.7,72
464,Potencia instalada de generación convencional Hidráulica UGH,2026-05-01T00:00:00.000+02:00,2026-04-30T22:00:00Z,386.0,50
464,Potencia instalada de generación convencional Hidráulica UGH,2026-05-01T00:00:00.000+02:00,2026-04-30T22:00:00Z,11.8,64
464,Potencia instalada de generación convencional Hidráulica UGH,2026-05-01T00:00:00.000+02:00,2026-04-30T22:00:00Z,4.3,69
464,Potencia instalada de generación convencional Hidráulica UGH,2026-05-01T00:00:00.000+02:00,2026-04-30T22:00:00Z,188.2,70
464,Potencia instalada de generación convencional Hidráulica UGH,2026-05-01T00:00:00.000+02:00,2026-04-30T22:00:00Z,539.4,71
464,Potencia instalada de generación convencional Hidráulica UGH,2026-05-01T00:00:00.000+02:00,2026-04-30T22:00:00Z,389.5,62
464,Potencia instalada de generación convencional Hidráulica UGH,2026-05-01T00:00:00.000+02:00,2026-04-30T22:00:00Z,3534.0,48
464,Potencia instalada de generación convencional Hidráulica UGH,2026-05-01T00:00:00.000+02:00,2026-04-30T22:00:00Z,706.2,35
464,Potencia instalada de generación convencional Hidráulica UGH,2026-05-01T00:00:00.000+02:00,2026-04-30T22:00:00Z,945.8,43
464,Potencia instalada de generación convencional Hidráulica UGH,2026-05-01T00:00:00.000+02:00,2026-04-30T22:00:00Z,592.0,28
464,Potencia instalada de generación convencional Hidráulica UGH,2026-05-01T00:00:00.000+02:00,2026-04-30T22:00:00Z,332.8,30
464,Potencia instalada de generación convencional Hidráulica UGH,2026-05-01T00:00:00.000+02:00,2026-04-30T22:00:00Z,22.1,32
464,Potencia instalada de generación convencional Hidráulica UGH,2026-05-01T00:00:00.000+02:00,2026-04-30T22:00:00Z,0.6,33
464,Potencia instalada de generación convencional Hidráulica UGH,2026-05-01T00:00:00.000+02:00,2026-04-30T22:00:00Z,2182.5,44
464,Potencia instalada de generación convencional Hidráulica UGH,2026-05-01T00:00:00.000+02:00,2026-04-30T22:00:00Z,2451.3,37
464,Potencia instalada de generación convencional Hidráulica UGH,2026-05-01T00:00:00.000+02:00,2026-04-30T22:00:00Z,1857.7,39
464,Potencia instalada de generación convencional Hidráulica UGH,2026-05-01T00:00:00.000+02:00,2026-04-30T22:00:00Z,3.3,40
464,Potencia instalada de generación convencional Hidráulica UGH,2026-05-01T00:00:00.000+02:00,2026-04-30T22:00:00Z,13.3,41
464,Potencia instalada de generación convencional Hidráulica UGH,2026-05-01T00:00:00.000+02:00,2026-04-30T22:00:00Z,33.3,34
464,Potencia instalada de generación convencional Hidráulica UGH,2026-06-01T00:00:00.000+02:00,2026-05-31T22:00:00Z,150.8,52
464,Potencia instalada de generación convencional Hidráulica UGH,2026-06-01T00:00:00.000+02:00,2026-05-31T22:00:00Z,4.7,72
464,Potencia instalada de generación convencional Hidráulica UGH,2026-06-01T00:00:00.000+02:00,2026-05-31T22:00:00Z,539.4,71
464,Potencia instalada de generación convencional Hidráulica UGH,2026-06-01T00:00:00.000+02:00,2026-05-31T22:00:00Z,188.2,70
464,Potencia instalada de generación convencional Hidráulica UGH,2026-06-01T00:00:00.000+02:00,2026-05-31T22:00:00Z,4.3,69
464,Potencia instalada de generación convencional Hidráulica UGH,2026-06-01T00:00:00.000+02:00,2026-05-31T22:00:00Z,11.8,64
464,Potencia instalada de generación convencional Hidráulica UGH,2026-06-01T00:00:00.000+02:00,2026-05-31T22:00:00Z,389.5,62
464,Potencia instalada de generación convencional Hidráulica UGH,2026-06-01T00:00:00.000+02:00,2026-05-31T22:00:00Z,2.0,59
464,Potencia instalada de generación convencional Hidráulica UGH,2026-06-01T00:00:00.000+02:00,2026-05-31T22:00:00Z,12.1,57
464,Potencia instalada de generación convencional Hidráulica UGH,2026-06-01T00:00:00.000+02:00,2026-05-31T22:00:00Z,423.9,56
464,Potencia instalada de generación convencional Hidráulica UGH,2026-06-01T00:00:00.000+02:00,2026-05-31T22:00:00Z,386.0,50
464,Potencia instalada de generación convencional Hidráulica UGH,2026-06-01T00:00:00.000+02:00,2026-05-31T22:00:00Z,3534.0,48
464,Potencia instalada de generación convencional Hidráulica UGH,2026-06-01T00:00:00.000+02:00,2026-05-31T22:00:00Z,592.0,28
464,Potencia instalada de generación convencional Hidráulica UGH,2026-06-01T00:00:00.000+02:00,2026-05-31T22:00:00Z,2182.5,44
464,Potencia instalada de generación convencional Hidráulica UGH,2026-06-01T00:00:00.000+02:00,2026-05-31T22:00:00Z,332.8,30
464,Potencia instalada de generación convencional Hidráulica UGH,2026-06-01T00:00:00.000+02:00,2026-05-31T22:00:00Z,22.1,32
464,Potencia instalada de generación convencional Hidráulica UGH,2026-06-01T00:00:00.000+02:00,2026-05-31T22:00:00Z,33.3,34
464,Potencia instalada de generación convencional Hidráulica UGH,2026-06-01T00:00:00.000+02:00,2026-05-31T22:00:00Z,706.2,35
464,Potencia instalada de generación convencional Hidráulica UGH,2026-06-01T00:00:00.000+02:00,2026-05-31T22:00:00Z,0.6,33
464,Potencia instalada de generación convencional Hidráulica UGH,2026-06-01T00:00:00.000+02:00,2026-05-31T22:00:00Z,1857.7,39
464,Potencia instalada de generación convencional Hidráulica UGH,2026-06-01T00:00:00.000+02:00,2026-05-31T22:00:00Z,3.3,40
464,Potencia instalada de generación convencional Hidráulica UGH,2026-06-01T00:00:00.000+02:00,2026-05-31T22:00:00Z,13.3,41
464,Potencia instalada de generación convencional Hidráulica UGH,2026-06-01T00:00:00.000+02:00,2026-05-31T22:00:00Z,945.8,43
464,Potencia instalada de generación convencional Hidráulica UGH,2026-06-01T00:00:00.000+02:00,2026-05-31T22:00:00Z,2451.3,37
464,Potencia instalada de generación convencional Hidráulica UGH,2026-07-01T00:00:00.000+02:00,2026-06-30T22:00:00Z,4.7,72
464,Potencia instalada de generación convencional Hidráulica UGH,2026-07-01T00:00:00.000+02:00,2026-06-30T22:00:00Z,150.8,52
464,Potencia instalada de generación convencional Hidráulica UGH,2026-07-01T00:00:00.000+02:00,2026-06-30T22:00:00Z,423.9,56
464,Potencia instalada de generación convencional Hidráulica UGH,2026-07-01T00:00:00.000+02:00,2026-06-30T22:00:00Z,12.1,57
464,Potencia instalada de generación convencional Hidráulica UGH,2026-07-01T00:00:00.000+02:00,2026-06-30T22:00:00Z,2.0,59
464,Potencia instalada de generación convencional Hidráulica UGH,2026-07-01T00:00:00.000+02:00,2026-06-30T22:00:00Z,386.0,50
464,Potencia instalada de generación convencional Hidráulica UGH,2026-07-01T00:00:00.000+02:00,2026-06-30T22:00:00Z,11.8,64
464,Potencia instalada de generación convencional Hidráulica UGH,2026-07-01T00:00:00.000+02:00,2026-06-30T22:00:00Z,4.3,69
464,Potencia instalada de generación convencional Hidráulica UGH,2026-07-01T00:00:00.000+02:00,2026-06-30T22:00:00Z,188.2,70
464,Potencia instalada de generación convencional Hidráulica UGH,2026-07-01T00:00:00.000+02:00,2026-06-30T22:00:00Z,539.4,71
464,Potencia instalada de generación convencional Hidráulica UGH,2026-07-01T00:00:00.000+02:00,2026-06-30T22:00:00Z,389.5,62
464,Potencia instalada de generación convencional Hidráulica UGH,2026-07-01T00:00:00.000+02:00,2026-06-30T22:00:00Z,3534.0,48
464,Potencia instalada de generación convencional Hidráulica UGH,2026-07-01T00:00:00.000+02:00,2026-06-30T22:00:00Z,2451.3,37
464,Potencia instalada de generación convencional Hidráulica UGH,2026-07-01T00:00:00.000+02:00,2026-06-30T22:00:00Z,945.8,43
464,Potencia instalada de generación convencional Hidráulica UGH,2026-07-01T00:00:00.000+02:00,2026-06-30T22:00:00Z,13.3,41
464,Potencia instalada de generación convencional Hidráulica UGH,2026-07-01T00:00:00.000+02:00,2026-06-30T22:00:00Z,3.3,40
464,Potencia instalada de generación convencional Hidráulica UGH,2026-07-01T00:00:00.000+02:00,2026-06-30T22:00:00Z,1857.7,39
464,Potencia instalada de generación convencional Hidráulica UGH,2026-07-01T00:00:00.000+02:00,2026-06-30T22:00:00Z,706.2,35
464,Potencia instalada de generación convencional Hidráulica UGH,2026-07-01T00:00:00.000+02:00,2026-06-30T22:00:00Z,33.3,34
464,Potencia instalada de generación convencional Hidráulica UGH,2026-07-01T00:00:00.000+02:00,2026-06-30T22:00:00Z,0.6,33
464,Potencia instalada de generación convencional Hidráulica UGH,2026-07-01T00:00:00.000+02:00,2026-06-30T22:00:00Z,22.1,32
464,Potencia instalada de generación convencional Hidráulica UGH,2026-07-01T00:00:00.000+02:00,2026-06-30T22:00:00Z,332.8,30
464,Potencia instalada de generación convencional Hidráulica UGH,2026-07-01T00:00:00.000+02:00,2026-06-30T22:00:00Z,592.0,28
464,Potencia instalada de generación convencional Hidráulica UGH,2026-07-01T00:00:00.000+02:00,2026-06-30T22:00:00Z,2182.5,44
464,Potencia instalada de generación convencional Hidráulica UGH,2026-08-01T00:00:00.000+02:00,2026-07-31T22:00:00Z,386.0,50
464,Potencia instalada de generación convencional Hidráulica UGH,2026-08-01T00:00:00.000+02:00,2026-07-31T22:00:00Z,150.8,52
464,Potencia instalada de generación convencional Hidráulica UGH,2026-08-01T00:00:00.000+02:00,2026-07-31T22:00:00Z,423.9,56
464,Potencia instalada de generación convencional Hidráulica UGH,2026-08-01T00:00:00.000+02:00,2026-07-31T22:00:00Z,12.1,57
464,Potencia instalada de generación convencional Hidráulica UGH,2026-08-01T00:00:00.000+02:00,2026-07-31T22:00:00Z,188.2,70
464,Potencia instalada de generación convencional Hidráulica UGH,2026-08-01T00:00:00.000+02:00,2026-07-31T22:00:00Z,389.5,62
464,Potencia instalada de generación convencional Hidráulica UGH,2026-08-01T00:00:00.000+02:00,2026-07-31T22:00:00Z,11.8,64
464,Potencia instalada de generación convencional Hidráulica UGH,2026-08-01T00:00:00.000+02:00,2026-07-31T22:00:00Z,4.3,69
464,Potencia instalada de generación convencional Hidráulica UGH,2026-08-01T00:00:00.000+02:00,2026-07-31T22:00:00Z,3534.0,48
464,Potencia instalada de generación convencional Hidráulica UGH,2026-08-01T00:00:00.000+02:00,2026-07-31T22:00:00Z,2.0,59
464,Potencia instalada de generación convencional Hidráulica UGH,2026-08-01T00:00:00.000+02:00,2026-07-31T22:00:00Z,2182.5,44
464,Potencia instalada de generación convencional Hidráulica UGH,2026-08-01T00:00:00.000+02:00,2026-07-31T22:00:00Z,2451.3,37
464,Potencia instalada de generación convencional Hidráulica UGH,2026-08-01T00:00:00.000+02:00,2026-07-31T22:00:00Z,13.3,41
464,Potencia instalada de generación convencional Hidráulica UGH,2026-08-01T00:00:00.000+02:00,2026-07-31T22:00:00Z,3.3,40
464,Potencia instalada de generación convencional Hidráulica UGH,2026-08-01T00:00:00.000+02:00,2026-07-31T22:00:00Z,1857.7,39
464,Potencia instalada de generación convencional Hidráulica UGH,2026-08-01T00:00:00.000+02:00,2026-07-31T22:00:00Z,706.2,35
464,Potencia instalada de generación convencional Hidráulica UGH,2026-08-01T00:00:00.000+02:00,2026-07-31T22:00:00Z,33.3,34
464,Potencia instalada de generación convencional Hidráulica UGH,2026-08-01T00:00:00.000+02:00,2026-07-31T22:00:00Z,0.6,33
464,Potencia instalada de generación convencional Hidráulica UGH,2026-08-01T00:00:00.000+02:00,2026-07-31T22:00:00Z,22.1,32
464,Potencia instalada de generación convencional Hidráulica UGH,2026-08-01T00:00:00.000+02:00,2026-07-31T22:00:00Z,332.8,30
464,Potencia instalada de generación convencional Hidráulica UGH,2026-08-01T00:00:00.000+02:00,2026-07-31T22:00:00Z,592.0,28
464,Potencia instalada de generación convencional Hidráulica UGH,2026-08-01T00:00:00.000+02:00,2026-07-31T22:00:00Z,539.4,71
464,Potencia instalada de generación convencional Hidráulica UGH,2026-08-01T00:00:00.000+02:00,2026-07-31T22:00:00Z,945.8,43
464,Potencia instalada de generación convencional Hidráulica UGH,2026-08-01T00:00:00.000+02:00,2026-07-31T22:00:00Z,4.7,72
465,Potencia instalada de generación convencional Turbinación bombeo,2025-07-01T00:00:00.000+02:00,2025-06-30T22:00:00Z,206.7,27
465,Potencia instalada de generación convencional Turbinación bombeo,2025-07-01T00:00:00.000+02:00,2025-06-30T22:00:00Z,307.8,28
465,Potencia instalada de generación convencional Turbinación bombeo,2025-07-01T00:00:00.000+02:00,2025-06-30T22:00:00Z,1511.7,35
465,Potencia instalada de generación convencional Turbinación bombeo,2025-07-01T00:00:00.000+02:00,2025-06-30T22:00:00Z,360.4,40
465,Potencia instalada de generación convencional Turbinación bombeo,2025-07-01T00:00:00.000+02:00,2025-06-30T22:00:00Z,439.2,41
465,Potencia instalada de generación convencional Turbinación bombeo,2025-07-01T00:00:00.000+02:00,2025-06-30T22:00:00Z,376.7,56
465,Potencia instalada de generación convencional Turbinación bombeo,2025-07-01T00:00:00.000+02:00,2025-06-30T22:00:00Z,215.0,60
465,Potencia instalada de generación convencional Turbinación bombeo,2025-08-01T00:00:00.000+02:00,2025-07-31T22:00:00Z,215.0,60
465,Potencia instalada de generación convencional Turbinación bombeo,2025-08-01T00:00:00.000+02:00,2025-07-31T22:00:00Z,376.7,56
465,Potencia instalada de generación convencional Turbinación bombeo,2025-08-01T00:00:00.000+02:00,2025-07-31T22:00:00Z,360.4,40
465,Potencia instalada de generación convencional Turbinación bombeo,2025-08-01T00:00:00.000+02:00,2025-07-31T22:00:00Z,439.2,41
465,Potencia instalada de generación convencional Turbinación bombeo,2025-08-01T00:00:00.000+02:00,2025-07-31T22:00:00Z,307.8,28
465,Potencia instalada de generación convencional Turbinación bombeo,2025-08-01T00:00:00.000+02:00,2025-07-31T22:00:00Z,206.7,27
465,Potencia instalada de generación convencional Turbinación bombeo,2025-08-01T00:00:00.000+02:00,2025-07-31T22:00:00Z,1511.7,35
465,Potencia instalada de generación convencional Turbinación bombeo,2025-09-01T00:00:00.000+02:00,2025-08-31T22:00:00Z,206.7,27
465,Potencia instalada de generación convencional Turbinación bombeo,2025-09-01T00:00:00.000+02:00,2025-08-31T22:00:00Z,307.8,28
465,Potencia instalada de generación convencional Turbinación bombeo,2025-09-01T00:00:00.000+02:00,2025-08-31T22:00:00Z,1511.7,35
465,Potencia instalada de generación convencional Turbinación bombeo,2025-09-01T00:00:00.000+02:00,2025-08-31T22:00:00Z,360.4,40
465,Potencia instalada de generación convencional Turbinación bombeo,2025-09-01T00:00:00.000+02:00,2025-08-31T22:00:00Z,439.2,41
465,Potencia instalada de generación convencional Turbinación bombeo,2025-09-01T00:00:00.000+02:00,2025-08-31T22:00:00Z,376.7,56
465,Potencia instalada de generación convencional Turbinación bombeo,2025-09-01T00:00:00.000+02:00,2025-08-31T22:00:00Z,215.0,60
465,Potencia instalada de generación convencional Turbinación bombeo,2025-10-01T00:00:00.000+02:00,2025-09-30T22:00:00Z,376.7,56
465,Potencia instalada de generación convencional Turbinación bombeo,2025-10-01T00:00:00.000+02:00,2025-09-30T22:00:00Z,215.0,60
465,Potencia instalada de generación convencional Turbinación bombeo,2025-10-01T00:00:00.000+02:00,2025-09-30T22:00:00Z,439.2,41
465,Potencia instalada de generación convencional Turbinación bombeo,2025-10-01T00:00:00.000+02:00,2025-09-30T22:00:00Z,307.8,28
465,Potencia instalada de generación convencional Turbinación bombeo,2025-10-01T00:00:00.000+02:00,2025-09-30T22:00:00Z,1511.7,35
465,Potencia instalada de generación convencional Turbinación bombeo,2025-10-01T00:00:00.000+02:00,2025-09-30T22:00:00Z,360.4,40
465,Potencia instalada de generación convencional Turbinación bombeo,2025-10-01T00:00:00.000+02:00,2025-09-30T22:00:00Z,206.7,27
465,Potencia instalada de generación convencional Turbinación bombeo,2025-11-01T00:00:00.000+01:00,2025-10-31T23:00:00Z,376.7,56
465,Potencia instalada de generación convencional Turbinación bombeo,2025-11-01T00:00:00.000+01:00,2025-10-31T23:00:00Z,439.2,41
465,Potencia instalada de generación convencional Turbinación bombeo,2025-11-01T00:00:00.000+01:00,2025-10-31T23:00:00Z,360.4,40
465,Potencia instalada de generación convencional Turbinación bombeo,2025-11-01T00:00:00.000+01:00,2025-10-31T23:00:00Z,215.0,60
465,Potencia instalada de generación convencional Turbinación bombeo,2025-11-01T00:00:00.000+01:00,2025-10-31T23:00:00Z,307.8,28
465,Potencia instalada de generación convencional Turbinación bombeo,2025-11-01T00:00:00.000+01:00,2025-10-31T23:00:00Z,206.7,27
465,Potencia instalada de generación convencional Turbinación bombeo,2025-11-01T00:00:00.000+01:00,2025-10-31T23:00:00Z,1511.7,35
465,Potencia instalada de generación convencional Turbinación bombeo,2025-12-01T00:00:00.000+01:00,2025-11-30T23:00:00Z,206.7,27
465,Potencia instalada de generación convencional Turbinación bombeo,2025-12-01T00:00:00.000+01:00,2025-11-30T23:00:00Z,307.8,28
465,Potencia instalada de generación convencional Turbinación bombeo,2025-12-01T00:00:00.000+01:00,2025-11-30T23:00:00Z,1511.7,35
465,Potencia instalada de generación convencional Turbinación bombeo,2025-12-01T00:00:00.000+01:00,2025-11-30T23:00:00Z,360.4,40
465,Potencia instalada de generación convencional Turbinación bombeo,2025-12-01T00:00:00.000+01:00,2025-11-30T23:00:00Z,439.2,41
465,Potencia instalada de generación convencional Turbinación bombeo,2025-12-01T00:00:00.000+01:00,2025-11-30T23:00:00Z,376.7,56
465,Potencia instalada de generación convencional Turbinación bombeo,2025-12-01T00:00:00.000+01:00,2025-11-30T23:00:00Z,215.0,60
465,Potencia instalada de generación convencional Turbinación bombeo,2026-01-01T00:00:00.000+01:00,2025-12-31T23:00:00Z,439.2,41
465,Potencia instalada de generación convencional Turbinación bombeo,2026-01-01T00:00:00.000+01:00,2025-12-31T23:00:00Z,376.7,56
465,Potencia instalada de generación convencional Turbinación bombeo,2026-01-01T00:00:00.000+01:00,2025-12-31T23:00:00Z,360.4,40
465,Potencia instalada de generación convencional Turbinación bombeo,2026-01-01T00:00:00.000+01:00,2025-12-31T23:00:00Z,215.0,60
465,Potencia instalada de generación convencional Turbinación bombeo,2026-01-01T00:00:00.000+01:00,2025-12-31T23:00:00Z,307.8,28
465,Potencia instalada de generación convencional Turbinación bombeo,2026-01-01T00:00:00.000+01:00,2025-12-31T23:00:00Z,206.7,27
465,Potencia instalada de generación convencional Turbinación bombeo,2026-01-01T00:00:00.000+01:00,2025-12-31T23:00:00Z,1511.7,35
465,Potencia instalada de generación convencional Turbinación bombeo,2026-02-01T00:00:00.000+01:00,2026-01-31T23:00:00Z,206.7,27
465,Potencia instalada de generación convencional Turbinación bombeo,2026-02-01T00:00:00.000+01:00,2026-01-31T23:00:00Z,307.8,28
465,Potencia instalada de generación convencional Turbinación bombeo,2026-02-01T00:00:00.000+01:00,2026-01-31T23:00:00Z,1511.7,35
465,Potencia instalada de generación convencional Turbinación bombeo,2026-02-01T00:00:00.000+01:00,2026-01-31T23:00:00Z,360.4,40
465,Potencia instalada de generación convencional Turbinación bombeo,2026-02-01T00:00:00.000+01:00,2026-01-31T23:00:00Z,439.2,41
465,Potencia instalada de generación convencional Turbinación bombeo,2026-02-01T00:00:00.000+01:00,2026-01-31T23:00:00Z,376.7,56
465,Potencia instalada de generación convencional Turbinación bombeo,2026-02-01T00:00:00.000+01:00,2026-01-31T23:00:00Z,215.0,60
465,Potencia instalada de generación convencional Turbinación bombeo,2026-03-01T00:00:00.000+01:00,2026-02-28T23:00:00Z,215.0,60
465,Potencia instalada de generación convencional Turbinación bombeo,2026-03-01T00:00:00.000+01:00,2026-02-28T23:00:00Z,376.7,56
465,Potencia instalada de generación convencional Turbinación bombeo,2026-03-01T00:00:00.000+01:00,2026-02-28T23:00:00Z,439.2,41
465,Potencia instalada de generación convencional Turbinación bombeo,2026-03-01T00:00:00.000+01:00,2026-02-28T23:00:00Z,360.4,40
465,Potencia instalada de generación convencional Turbinación bombeo,2026-03-01T00:00:00.000+01:00,2026-02-28T23:00:00Z,307.75814266487,28
465,Potencia instalada de generación convencional Turbinación bombeo,2026-03-01T00:00:00.000+01:00,2026-02-28T23:00:00Z,206.7,27
465,Potencia instalada de generación convencional Turbinación bombeo,2026-03-01T00:00:00.000+01:00,2026-02-28T23:00:00Z,1511.7,35
465,Potencia instalada de generación convencional Turbinación bombeo,2026-04-01T00:00:00.000+02:00,2026-03-31T22:00:00Z,206.7,27
465,Potencia instalada de generación convencional Turbinación bombeo,2026-04-01T00:00:00.000+02:00,2026-03-31T22:00:00Z,307.72333333333,28
465,Potencia instalada de generación convencional Turbinación bombeo,2026-04-01T00:00:00.000+02:00,2026-03-31T22:00:00Z,1511.7,35
465,Potencia instalada de generación convencional Turbinación bombeo,2026-04-01T00:00:00.000+02:00,2026-03-31T22:00:00Z,360.4,40
465,Potencia instalada de generación convencional Turbinación bombeo,2026-04-01T00:00:00.000+02:00,2026-03-31T22:00:00Z,439.2,41
465,Potencia instalada de generación convencional Turbinación bombeo,2026-04-01T00:00:00.000+02:00,2026-03-31T22:00:00Z,376.7,56
465,Potencia instalada de generación convencional Turbinación bombeo,2026-04-01T00:00:00.000+02:00,2026-03-31T22:00:00Z,215.0,60
465,Potencia instalada de generación convencional Turbinación bombeo,2026-05-01T00:00:00.000+02:00,2026-04-30T22:00:00Z,215.0,60
465,Potencia instalada de generación convencional Turbinación bombeo,2026-05-01T00:00:00.000+02:00,2026-04-30T22:00:00Z,376.7,56
465,Potencia instalada de generación convencional Turbinación bombeo,2026-05-01T00:00:00.000+02:00,2026-04-30T22:00:00Z,439.2,41
465,Potencia instalada de generación convencional Turbinación bombeo,2026-05-01T00:00:00.000+02:00,2026-04-30T22:00:00Z,307.8,28
465,Potencia instalada de generación convencional Turbinación bombeo,2026-05-01T00:00:00.000+02:00,2026-04-30T22:00:00Z,1511.7,35
465,Potencia instalada de generación convencional Turbinación bombeo,2026-05-01T00:00:00.000+02:00,2026-04-30T22:00:00Z,206.7,27
465,Potencia instalada de generación convencional Turbinación bombeo,2026-05-01T00:00:00.000+02:00,2026-04-30T22:00:00Z,360.4,40
465,Potencia instalada de generación convencional Turbinación bombeo,2026-06-01T00:00:00.000+02:00,2026-05-31T22:00:00Z,206.7,27
465,Potencia instalada de generación convencional Turbinación bombeo,2026-06-01T00:00:00.000+02:00,2026-05-31T22:00:00Z,307.8,28
465,Potencia instalada de generación convencional Turbinación bombeo,2026-06-01T00:00:00.000+02:00,2026-05-31T22:00:00Z,1511.7,35
465,Potencia instalada de generación convencional Turbinación bombeo,2026-06-01T00:00:00.000+02:00,2026-05-31T22:00:00Z,360.4,40
465,Potencia instalada de generación convencional Turbinación bombeo,2026-06-01T00:00:00.000+02:00,2026-05-31T22:00:00Z,439.2,41
465,Potencia instalada de generación convencional Turbinación bombeo,2026-06-01T00:00:00.000+02:00,2026-05-31T22:00:00Z,376.7,56
465,Potencia instalada de generación convencional Turbinación bombeo,2026-06-01T00:00:00.000+02:00,2026-05-31T22:00:00Z,215.0,60
465,Potencia instalada de generación convencional Turbinación bombeo,2026-07-01T00:00:00.000+02:00,2026-06-30T22:00:00Z,215.0,60
465,Potencia instalada de generación convencional Turbinación bombeo,2026-07-01T00:00:00.000+02:00,2026-06-30T22:00:00Z,376.7,56
465,Potencia instalada de generación convencional Turbinación bombeo,2026-07-01T00:00:00.000+02:00,2026-06-30T22:00:00Z,439.2,41
465,Potencia instalada de generación convencional Turbinación bombeo,2026-07-01T00:00:00.000+02:00,2026-06-30T22:00:00Z,307.8,28
465,Potencia instalada de generación convencional Turbinación bombeo,2026-07-01T00:00:00.000+02:00,2026-06-30T22:00:00Z,1511.7,35
465,Potencia instalada de generación convencional Turbinación bombeo,2026-07-01T00:00:00.000+02:00,2026-06-30T22:00:00Z,206.7,27
465,Potencia instalada de generación convencional Turbinación bombeo,2026-07-01T00:00:00.000+02:00,2026-06-30T22:00:00Z,360.4,40
465,Potencia instalada de generación convencional Turbinación bombeo,2026-08-01T00:00:00.000+02:00,2026-07-31T22:00:00Z,376.7,56
465,Potencia instalada de generación convencional Turbinación bombeo,2026-08-01T00:00:00.000+02:00,2026-07-31T22:00:00Z,206.7,27
465,Potencia instalada de generación convencional Turbinación bombeo,2026-08-01T00:00:00.000+02:00,2026-07-31T22:00:00Z,307.8,28
465,Potencia instalada de generación convencional Turbinación bombeo,2026-08-01T00:00:00.000+02:00,2026-07-31T22:00:00Z,1511.7,35
465,Potencia instalada de generación convencional Turbinación bombeo,2026-08-01T00:00:00.000+02:00,2026-07-31T22:00:00Z,360.4,40
465,Potencia instalada de generación convencional Turbinación bombeo,2026-08-01T00:00:00.000+02:00,2026-07-31T22:00:00Z,439.2,41
465,Potencia instalada de generación convencional Turbinación bombeo,2026-08-01T00:00:00.000+02:00,2026-07-31T22:00:00Z,215.0,60
466,Potencia instalada de generación convencional Nuclear,2025-07-01T00:00:00.000+02:00,2025-06-30T22:00:00Z,1063.9,35
466,Potencia instalada de generación convencional Nuclear,2025-07-01T00:00:00.000+02:00,2025-06-30T22:00:00Z,2017.1,37
466,Potencia instalada de generación convencional Nuclear,2025-07-01T00:00:00.000+02:00,2025-06-30T22:00:00Z,3032.8,42
466,Potencia instalada de generación convencional Nuclear,2025-07-01T00:00:00.000+02:00,2025-06-30T22:00:00Z,1003.4,60
466,Potencia instalada de generación convencional Nuclear,2025-08-01T00:00:00.000+02:00,2025-07-31T22:00:00Z,1063.9,35
466,Potencia instalada de generación convencional Nuclear,2025-08-01T00:00:00.000+02:00,2025-07-31T22:00:00Z,2017.1,37
466,Potencia instalada de generación convencional Nuclear,2025-08-01T00:00:00.000+02:00,2025-07-31T22:00:00Z,3032.8,42
466,Potencia instalada de generación convencional Nuclear,2025-08-01T00:00:00.000+02:00,2025-07-31T22:00:00Z,1003.4,60
466,Potencia instalada de generación convencional Nuclear,2025-09-01T00:00:00.000+02:00,2025-08-31T22:00:00Z,1063.9,35
466,Potencia instalada de generación convencional Nuclear,2025-09-01T00:00:00.000+02:00,2025-08-31T22:00:00Z,2017.1,37
466,Potencia instalada de generación convencional Nuclear,2025-09-01T00:00:00.000+02:00,2025-08-31T22:00:00Z,3032.8,42
466,Potencia instalada de generación convencional Nuclear,2025-09-01T00:00:00.000+02:00,2025-08-31T22:00:00Z,1003.4,60
466,Potencia instalada de generación convencional Nuclear,2025-10-01T00:00:00.000+02:00,2025-09-30T22:00:00Z,1003.4,60
466,Potencia instalada de generación convencional Nuclear,2025-10-01T00:00:00.000+02:00,2025-09-30T22:00:00Z,3032.8,42
466,Potencia instalada de generación convencional Nuclear,2025-10-01T00:00:00.000+02:00,2025-09-30T22:00:00Z,1063.9,35
466,Potencia instalada de generación convencional Nuclear,2025-10-01T00:00:00.000+02:00,2025-09-30T22:00:00Z,2017.1,37
466,Potencia instalada de generación convencional Nuclear,2025-11-01T00:00:00.000+01:00,2025-10-31T23:00:00Z,1063.9,35
466,Potencia instalada de generación convencional Nuclear,2025-11-01T00:00:00.000+01:00,2025-10-31T23:00:00Z,2017.1,37
466,Potencia instalada de generación convencional Nuclear,2025-11-01T00:00:00.000+01:00,2025-10-31T23:00:00Z,3032.8,42
466,Potencia instalada de generación convencional Nuclear,2025-11-01T00:00:00.000+01:00,2025-10-31T23:00:00Z,1003.4,60
466,Potencia instalada de generación convencional Nuclear,2025-12-01T00:00:00.000+01:00,2025-11-30T23:00:00Z,1003.4,60
466,Potencia instalada de generación convencional Nuclear,2025-12-01T00:00:00.000+01:00,2025-11-30T23:00:00Z,1063.9,35
466,Potencia instalada de generación convencional Nuclear,2025-12-01T00:00:00.000+01:00,2025-11-30T23:00:00Z,2017.1,37
466,Potencia instalada de generación convencional Nuclear,2025-12-01T00:00:00.000+01:00,2025-11-30T23:00:00Z,3032.8,42
466,Potencia instalada de generación convencional Nuclear,2026-01-01T00:00:00.000+01:00,2025-12-31T23:00:00Z,3032.8,42
466,Potencia instalada de generación convencional Nuclear,2026-01-01T00:00:00.000+01:00,2025-12-31T23:00:00Z,1003.4,60
466,Potencia instalada de generación convencional Nuclear,2026-01-01T00:00:00.000+01:00,2025-12-31T23:00:00Z,1063.9,35
466,Potencia instalada de generación convencional Nuclear,2026-01-01T00:00:00.000+01:00,2025-12-31T23:00:00Z,2017.1,37
466,Potencia instalada de generación convencional Nuclear,2026-02-01T00:00:00.000+01:00,2026-01-31T23:00:00Z,1063.9,35
466,Potencia instalada de generación convencional Nuclear,2026-02-01T00:00:00.000+01:00,2026-01-31T23:00:00Z,2017.1,37
466,Potencia instalada de generación convencional Nuclear,2026-02-01T00:00:00.000+01:00,2026-01-31T23:00:00Z,3032.8,42
466,Potencia instalada de generación convencional Nuclear,2026-02-01T00:00:00.000+01:00,2026-01-31T23:00:00Z,1003.4,60
466,Potencia instalada de generación convencional Nuclear,2026-03-01T00:00:00.000+01:00,2026-02-28T23:00:00Z,1063.9,35
466,Potencia instalada de generación convencional Nuclear,2026-03-01T00:00:00.000+01:00,2026-02-28T23:00:00Z,2017.1,37
466,Potencia instalada de generación convencional Nuclear,2026-03-01T00:00:00.000+01:00,2026-02-28T23:00:00Z,3032.8,42
466,Potencia instalada de generación convencional Nuclear,2026-03-01T00:00:00.000+01:00,2026-02-28T23:00:00Z,1003.4,60
466,Potencia instalada de generación convencional Nuclear,2026-04-01T00:00:00.000+02:00,2026-03-31T22:00:00Z,1063.9,35
466,Potencia instalada de generación convencional Nuclear,2026-04-01T00:00:00.000+02:00,2026-03-31T22:00:00Z,2017.1,37
466,Potencia instalada de generación convencional Nuclear,2026-04-01T00:00:00.000+02:00,2026-03-31T22:00:00Z,3032.8,42
466,Potencia instalada de generación convencional Nuclear,2026-04-01T00:00:00.000+02:00,2026-03-31T22:00:00Z,1003.4,60
466,Potencia instalada de generación convencional Nuclear,2026-05-01T00:00:00.000+02:00,2026-04-30T22:00:00Z,1003.4,60
466,Potencia instalada de generación convencional Nuclear,2026-05-01T00:00:00.000+02:00,2026-04-30T22:00:00Z,3032.8,42
466,Potencia instalada de generación convencional Nuclear,2026-05-01T00:00:00.000+02:00,2026-04-30T22:00:00Z,1063.9,35
466,Potencia instalada de generación convencional Nuclear,2026-05-01T00:00:00.000+02:00,2026-04-30T22:00:00Z,2017.1,37
466,Potencia instalada de generación convencional Nuclear,2026-06-01T00:00:00.000+02:00,2026-05-31T22:00:00Z,1063.9,35
466,Potencia instalada de generación convencional Nuclear,2026-06-01T00:00:00.000+02:00,2026-05-31T22:00:00Z,2017.1,37
466,Potencia instalada de generación convencional Nuclear,2026-06-01T00:00:00.000+02:00,2026-05-31T22:00:00Z,3032.8,42
466,Potencia instalada de generación convencional Nuclear,2026-06-01T00:00:00.000+02:00,2026-05-31T22:00:00Z,1003.4,60
466,Potencia instalada de generación convencional Nuclear,2026-07-01T00:00:00.000+02:00,2026-06-30T22:00:00Z,1063.9,35
466,Potencia instalada de generación convencional Nuclear,2026-07-01T00:00:00.000+02:00,2026-06-30T22:00:00Z,2017.1,37
466,Potencia instalada de generación convencional Nuclear,2026-07-01T00:00:00.000+02:00,2026-06-30T22:00:00Z,3032.8,42
466,Potencia instalada de generación convencional Nuclear,2026-07-01T00:00:00.000+02:00,2026-06-30T22:00:00Z,1003.4,60
466,Potencia instalada de generación convencional Nuclear,2026-08-01T00:00:00.000+02:00,2026-07-31T22:00:00Z,3032.8,42
466,Potencia instalada de generación convencional Nuclear,2026-08-01T00:00:00.000+02:00,2026-07-31T22:00:00Z,1063.9,35
466,Potencia instalada de generación convencional Nuclear,2026-08-01T00:00:00.000+02:00,2026-07-31T22:00:00Z,2017.1,37
466,Potencia instalada de generación convencional Nuclear,2026-08-01T00:00:00.000+02:00,2026-07-31T22:00:00Z,1003.4,60
467,Potencia instalada de generación convencional Hulla antracita,2025-07-01T00:00:00.000+02:00,2025-06-30T22:00:00Z,687.9,71
467,Potencia instalada de generación convencional Hulla antracita,2025-08-01T00:00:00.000+02:00,2025-07-31T22:00:00Z,687.9,71
467,Potencia instalada de generación convencional Hulla antracita,2025-09-01T00:00:00.000+02:00,2025-08-31T22:00:00Z,687.9,71
467,Potencia instalada de generación convencional Hulla antracita,2025-10-01T00:00:00.000+02:00,2025-09-30T22:00:00Z,687.9,71
467,Potencia instalada de generación convencional Hulla antracita,2025-11-01T00:00:00.000+01:00,2025-10-31T23:00:00Z,687.9,71
467,Potencia instalada de generación convencional Hulla antracita,2025-12-01T00:00:00.000+01:00,2025-11-30T23:00:00Z,687.9,71
467,Potencia instalada de generación convencional Hulla antracita,2026-01-01T00:00:00.000+01:00,2025-12-31T23:00:00Z,687.9,71
467,Potencia instalada de generación convencional Hulla antracita,2026-02-01T00:00:00.000+01:00,2026-01-31T23:00:00Z,687.9,71
467,Potencia instalada de generación convencional Hulla antracita,2026-03-01T00:00:00.000+01:00,2026-02-28T23:00:00Z,687.9,71
467,Potencia instalada de generación convencional Hulla antracita,2026-04-01T00:00:00.000+02:00,2026-03-31T22:00:00Z,687.9,71
467,Potencia instalada de generación convencional Hulla antracita,2026-05-01T00:00:00.000+02:00,2026-04-30T22:00:00Z,687.9,71
467,Potencia instalada de generación convencional Hulla antracita,2026-06-01T00:00:00.000+02:00,2026-05-31T22:00:00Z,687.9,71
467,Potencia instalada de generación convencional Hulla antracita,2026-07-01T00:00:00.000+02:00,2026-06-30T22:00:00Z,687.9,71
467,Potencia instalada de generación convencional Hulla antracita,2026-08-01T00:00:00.000+02:00,2026-07-31T22:00:00Z,687.9,71
468,Potencia instalada de generación convencional Hulla sub-bituminosa,2025-07-01T00:00:00.000+02:00,2025-06-30T22:00:00Z,570.0,23
468,Potencia instalada de generación convencional Hulla sub-bituminosa,2025-08-01T00:00:00.000+02:00,2025-07-31T22:00:00Z,570.0,23
468,Potencia instalada de generación convencional Hulla sub-bituminosa,2025-09-01T00:00:00.000+02:00,2025-08-31T22:00:00Z,570.0,23
468,Potencia instalada de generación convencional Hulla sub-bituminosa,2025-10-01T00:00:00.000+02:00,2025-09-30T22:00:00Z,570.0,23
468,Potencia instalada de generación convencional Hulla sub-bituminosa,2025-11-01T00:00:00.000+01:00,2025-10-31T23:00:00Z,570.0,23
468,Potencia instalada de generación convencional Hulla sub-bituminosa,2025-12-01T00:00:00.000+01:00,2025-11-30T23:00:00Z,570.0,23
468,Potencia instalada de generación convencional Hulla sub-bituminosa,2026-01-01T00:00:00.000+01:00,2025-12-31T23:00:00Z,570.0,23
468,Potencia instalada de generación convencional Hulla sub-bituminosa,2026-02-01T00:00:00.000+01:00,2026-01-31T23:00:00Z,570.0,23
468,Potencia instalada de generación convencional Hulla sub-bituminosa,2026-03-01T00:00:00.000+01:00,2026-02-28T23:00:00Z,570.0,23
468,Potencia instalada de generación convencional Hulla sub-bituminosa,2026-04-01T00:00:00.000+02:00,2026-03-31T22:00:00Z,570.0,23
468,Potencia instalada de generación convencional Hulla sub-bituminosa,2026-05-01T00:00:00.000+02:00,2026-04-30T22:00:00Z,570.0,23
468,Potencia instalada de generación convencional Hulla sub-bituminosa,2026-06-01T00:00:00.000+02:00,2026-05-31T22:00:00Z,570.0,23
468,Potencia instalada de generación convencional Hulla sub-bituminosa,2026-07-01T00:00:00.000+02:00,2026-06-30T22:00:00Z,570.0,23
468,Potencia instalada de generación convencional Hulla sub-bituminosa,2026-08-01T00:00:00.000+02:00,2026-07-31T22:00:00Z,570.0,23
469,Potencia instalada de generación convencional Ciclo combinado,2025-07-01T00:00:00.000+02:00,2025-06-30T22:00:00Z,3977.8,23
469,Potencia instalada de generación convencional Ciclo combinado,2025-07-01T00:00:00.000+02:00,2025-06-30T22:00:00Z,3263.4,72
469,Potencia instalada de generación convencional Ciclo combinado,2025-07-01T00:00:00.000+02:00,2025-06-30T22:00:00Z,854.1,71
469,Potencia instalada de generación convencional Ciclo combinado,2025-07-01T00:00:00.000+02:00,2025-06-30T22:00:00Z,1968.1,70
469,Potencia instalada de generación convencional Ciclo combinado,2025-07-01T00:00:00.000+02:00,2025-06-30T22:00:00Z,784.6,68
469,Potencia instalada de generación convencional Ciclo combinado,2025-07-01T00:00:00.000+02:00,2025-06-30T22:00:00Z,758.6,61
469,Potencia instalada de generación convencional Ciclo combinado,2025-07-01T00:00:00.000+02:00,2025-06-30T22:00:00Z,415.5,56
469,Potencia instalada de generación convencional Ciclo combinado,2025-07-01T00:00:00.000+02:00,2025-06-30T22:00:00Z,1246.9,50
469,Potencia instalada de generación convencional Ciclo combinado,2025-07-01T00:00:00.000+02:00,2025-06-30T22:00:00Z,2536.8,67
469,Potencia instalada de generación convencional Ciclo combinado,2025-07-01T00:00:00.000+02:00,2025-06-30T22:00:00Z,1078.9,39
469,Potencia instalada de generación convencional Ciclo combinado,2025-07-01T00:00:00.000+02:00,2025-06-30T22:00:00Z,790.6,38
469,Potencia instalada de generación convencional Ciclo combinado,2025-07-01T00:00:00.000+02:00,2025-06-30T22:00:00Z,1232.1,35
469,Potencia instalada de generación convencional Ciclo combinado,2025-07-01T00:00:00.000+02:00,2025-06-30T22:00:00Z,1621.3,34
469,Potencia instalada de generación convencional Ciclo combinado,2025-07-01T00:00:00.000+02:00,2025-06-30T22:00:00Z,1222.2,32
469,Potencia instalada de generación convencional Ciclo combinado,2025-07-01T00:00:00.000+02:00,2025-06-30T22:00:00Z,1557.7,26
469,Potencia instalada de generación convencional Ciclo combinado,2025-07-01T00:00:00.000+02:00,2025-06-30T22:00:00Z,1251.0,42
469,Potencia instalada de generación convencional Ciclo combinado,2025-08-01T00:00:00.000+02:00,2025-07-31T22:00:00Z,415.5,56
469,Potencia instalada de generación convencional Ciclo combinado,2025-08-01T00:00:00.000+02:00,2025-07-31T22:00:00Z,3263.4,72
469,Potencia instalada de generación convencional Ciclo combinado,2025-08-01T00:00:00.000+02:00,2025-07-31T22:00:00Z,854.1,71
469,Potencia instalada de generación convencional Ciclo combinado,2025-08-01T00:00:00.000+02:00,2025-07-31T22:00:00Z,1968.1,70
469,Potencia instalada de generación convencional Ciclo combinado,2025-08-01T00:00:00.000+02:00,2025-07-31T22:00:00Z,784.6,68
469,Potencia instalada de generación convencional Ciclo combinado,2025-08-01T00:00:00.000+02:00,2025-07-31T22:00:00Z,758.6,61
469,Potencia instalada de generación convencional Ciclo combinado,2025-08-01T00:00:00.000+02:00,2025-07-31T22:00:00Z,1246.9,50
469,Potencia instalada de generación convencional Ciclo combinado,2025-08-01T00:00:00.000+02:00,2025-07-31T22:00:00Z,2536.8,67
469,Potencia instalada de generación convencional Ciclo combinado,2025-08-01T00:00:00.000+02:00,2025-07-31T22:00:00Z,1078.9,39
469,Potencia instalada de generación convencional Ciclo combinado,2025-08-01T00:00:00.000+02:00,2025-07-31T22:00:00Z,790.6,38
469,Potencia instalada de generación convencional Ciclo combinado,2025-08-01T00:00:00.000+02:00,2025-07-31T22:00:00Z,1232.1,35
469,Potencia instalada de generación convencional Ciclo combinado,2025-08-01T00:00:00.000+02:00,2025-07-31T22:00:00Z,1621.3,34
469,Potencia instalada de generación convencional Ciclo combinado,2025-08-01T00:00:00.000+02:00,2025-07-31T22:00:00Z,1222.2,32
469,Potencia instalada de generación convencional Ciclo combinado,2025-08-01T00:00:00.000+02:00,2025-07-31T22:00:00Z,1557.7,26
469,Potencia instalada de generación convencional Ciclo combinado,2025-08-01T00:00:00.000+02:00,2025-07-31T22:00:00Z,3977.8,23
469,Potencia instalada de generación convencional Ciclo combinado,2025-08-01T00:00:00.000+02:00,2025-07-31T22:00:00Z,1251.0,42
469,Potencia instalada de generación convencional Ciclo combinado,2025-09-01T00:00:00.000+02:00,2025-08-31T22:00:00Z,3263.4,72
469,Potencia instalada de generación convencional Ciclo combinado,2025-09-01T00:00:00.000+02:00,2025-08-31T22:00:00Z,854.1,71
469,Potencia instalada de generación convencional Ciclo combinado,2025-09-01T00:00:00.000+02:00,2025-08-31T22:00:00Z,1968.1,70
469,Potencia instalada de generación convencional Ciclo combinado,2025-09-01T00:00:00.000+02:00,2025-08-31T22:00:00Z,784.6,68
469,Potencia instalada de generación convencional Ciclo combinado,2025-09-01T00:00:00.000+02:00,2025-08-31T22:00:00Z,2536.8,67
469,Potencia instalada de generación convencional Ciclo combinado,2025-09-01T00:00:00.000+02:00,2025-08-31T22:00:00Z,758.6,61
469,Potencia instalada de generación convencional Ciclo combinado,2025-09-01T00:00:00.000+02:00,2025-08-31T22:00:00Z,415.5,56
469,Potencia instalada de generación convencional Ciclo combinado,2025-09-01T00:00:00.000+02:00,2025-08-31T22:00:00Z,1246.9,50
469,Potencia instalada de generación convencional Ciclo combinado,2025-09-01T00:00:00.000+02:00,2025-08-31T22:00:00Z,1251.0,42
469,Potencia instalada de generación convencional Ciclo combinado,2025-09-01T00:00:00.000+02:00,2025-08-31T22:00:00Z,790.6,38
469,Potencia instalada de generación convencional Ciclo combinado,2025-09-01T00:00:00.000+02:00,2025-08-31T22:00:00Z,1232.1,35
469,Potencia instalada de generación convencional Ciclo combinado,2025-09-01T00:00:00.000+02:00,2025-08-31T22:00:00Z,1621.3,34
469,Potencia instalada de generación convencional Ciclo combinado,2025-09-01T00:00:00.000+02:00,2025-08-31T22:00:00Z,1222.2,32
469,Potencia instalada de generación convencional Ciclo combinado,2025-09-01T00:00:00.000+02:00,2025-08-31T22:00:00Z,1557.7,26
469,Potencia instalada de generación convencional Ciclo combinado,2025-09-01T00:00:00.000+02:00,2025-08-31T22:00:00Z,3977.8,23
469,Potencia instalada de generación convencional Ciclo combinado,2025-09-01T00:00:00.000+02:00,2025-08-31T22:00:00Z,1078.9,39
469,Potencia instalada de generación convencional Ciclo combinado,2025-10-01T00:00:00.000+02:00,2025-09-30T22:00:00Z,415.5,56
469,Potencia instalada de generación convencional Ciclo combinado,2025-10-01T00:00:00.000+02:00,2025-09-30T22:00:00Z,3263.4,72
469,Potencia instalada de generación convencional Ciclo combinado,2025-10-01T00:00:00.000+02:00,2025-09-30T22:00:00Z,854.1,71
469,Potencia instalada de generación convencional Ciclo combinado,2025-10-01T00:00:00.000+02:00,2025-09-30T22:00:00Z,1968.1,70
469,Potencia instalada de generación convencional Ciclo combinado,2025-10-01T00:00:00.000+02:00,2025-09-30T22:00:00Z,784.6,68
469,Potencia instalada de generación convencional Ciclo combinado,2025-10-01T00:00:00.000+02:00,2025-09-30T22:00:00Z,2536.8,67
469,Potencia instalada de generación convencional Ciclo combinado,2025-10-01T00:00:00.000+02:00,2025-09-30T22:00:00Z,758.6,61
469,Potencia instalada de generación convencional Ciclo combinado,2025-10-01T00:00:00.000+02:00,2025-09-30T22:00:00Z,1246.9,50
469,Potencia instalada de generación convencional Ciclo combinado,2025-10-01T00:00:00.000+02:00,2025-09-30T22:00:00Z,1621.3,34
469,Potencia instalada de generación convencional Ciclo combinado,2025-10-01T00:00:00.000+02:00,2025-09-30T22:00:00Z,1078.9,39
469,Potencia instalada de generación convencional Ciclo combinado,2025-10-01T00:00:00.000+02:00,2025-09-30T22:00:00Z,790.6,38
469,Potencia instalada de generación convencional Ciclo combinado,2025-10-01T00:00:00.000+02:00,2025-09-30T22:00:00Z,1232.1,35
469,Potencia instalada de generación convencional Ciclo combinado,2025-10-01T00:00:00.000+02:00,2025-09-30T22:00:00Z,1251.0,42
469,Potencia instalada de generación convencional Ciclo combinado,2025-10-01T00:00:00.000+02:00,2025-09-30T22:00:00Z,1222.2,32
469,Potencia instalada de generación convencional Ciclo combinado,2025-10-01T00:00:00.000+02:00,2025-09-30T22:00:00Z,1557.7,26
469,Potencia instalada de generación convencional Ciclo combinado,2025-10-01T00:00:00.000+02:00,2025-09-30T22:00:00Z,3977.8,23
469,Potencia instalada de generación convencional Ciclo combinado,2025-11-01T00:00:00.000+01:00,2025-10-31T23:00:00Z,854.1,71
469,Potencia instalada de generación convencional Ciclo combinado,2025-11-01T00:00:00.000+01:00,2025-10-31T23:00:00Z,1968.1,70
469,Potencia instalada de generación convencional Ciclo combinado,2025-11-01T00:00:00.000+01:00,2025-10-31T23:00:00Z,784.6,68
469,Potencia instalada de generación convencional Ciclo combinado,2025-11-01T00:00:00.000+01:00,2025-10-31T23:00:00Z,2536.8,67
469,Potencia instalada de generación convencional Ciclo combinado,2025-11-01T00:00:00.000+01:00,2025-10-31T23:00:00Z,758.6,61
469,Potencia instalada de generación convencional Ciclo combinado,2025-11-01T00:00:00.000+01:00,2025-10-31T23:00:00Z,415.5,56
469,Potencia instalada de generación convencional Ciclo combinado,2025-11-01T00:00:00.000+01:00,2025-10-31T23:00:00Z,1246.9,50
469,Potencia instalada de generación convencional Ciclo combinado,2025-11-01T00:00:00.000+01:00,2025-10-31T23:00:00Z,3263.4,72
469,Potencia instalada de generación convencional Ciclo combinado,2025-11-01T00:00:00.000+01:00,2025-10-31T23:00:00Z,1078.9,39
469,Potencia instalada de generación convencional Ciclo combinado,2025-11-01T00:00:00.000+01:00,2025-10-31T23:00:00Z,790.6,38
469,Potencia instalada de generación convencional Ciclo combinado,2025-11-01T00:00:00.000+01:00,2025-10-31T23:00:00Z,1232.1,35
469,Potencia instalada de generación convencional Ciclo combinado,2025-11-01T00:00:00.000+01:00,2025-10-31T23:00:00Z,1621.3,34
469,Potencia instalada de generación convencional Ciclo combinado,2025-11-01T00:00:00.000+01:00,2025-10-31T23:00:00Z,1222.2,32
469,Potencia instalada de generación convencional Ciclo combinado,2025-11-01T00:00:00.000+01:00,2025-10-31T23:00:00Z,1557.7,26
469,Potencia instalada de generación convencional Ciclo combinado,2025-11-01T00:00:00.000+01:00,2025-10-31T23:00:00Z,3977.8,23
469,Potencia instalada de generación convencional Ciclo combinado,2025-11-01T00:00:00.000+01:00,2025-10-31T23:00:00Z,1251.0,42
469,Potencia instalada de generación convencional Ciclo combinado,2025-12-01T00:00:00.000+01:00,2025-11-30T23:00:00Z,3263.4,72
469,Potencia instalada de generación convencional Ciclo combinado,2025-12-01T00:00:00.000+01:00,2025-11-30T23:00:00Z,854.1,71
469,Potencia instalada de generación convencional Ciclo combinado,2025-12-01T00:00:00.000+01:00,2025-11-30T23:00:00Z,1968.1,70
469,Potencia instalada de generación convencional Ciclo combinado,2025-12-01T00:00:00.000+01:00,2025-11-30T23:00:00Z,784.6,68
469,Potencia instalada de generación convencional Ciclo combinado,2025-12-01T00:00:00.000+01:00,2025-11-30T23:00:00Z,2536.8,67
469,Potencia instalada de generación convencional Ciclo combinado,2025-12-01T00:00:00.000+01:00,2025-11-30T23:00:00Z,758.6,61
469,Potencia instalada de generación convencional Ciclo combinado,2025-12-01T00:00:00.000+01:00,2025-11-30T23:00:00Z,415.5,56
469,Potencia instalada de generación convencional Ciclo combinado,2025-12-01T00:00:00.000+01:00,2025-11-30T23:00:00Z,1246.9,50
469,Potencia instalada de generación convencional Ciclo combinado,2025-12-01T00:00:00.000+01:00,2025-11-30T23:00:00Z,1251.0,42
469,Potencia instalada de generación convencional Ciclo combinado,2025-12-01T00:00:00.000+01:00,2025-11-30T23:00:00Z,790.6,38
469,Potencia instalada de generación convencional Ciclo combinado,2025-12-01T00:00:00.000+01:00,2025-11-30T23:00:00Z,1232.1,35
469,Potencia instalada de generación convencional Ciclo combinado,2025-12-01T00:00:00.000+01:00,2025-11-30T23:00:00Z,1621.3,34
469,Potencia instalada de generación convencional Ciclo combinado,2025-12-01T00:00:00.000+01:00,2025-11-30T23:00:00Z,1222.2,32
469,Potencia instalada de generación convencional Ciclo combinado,2025-12-01T00:00:00.000+01:00,2025-11-30T23:00:00Z,1557.7,26
469,Potencia instalada de generación convencional Ciclo combinado,2025-12-01T00:00:00.000+01:00,2025-11-30T23:00:00Z,3977.8,23
469,Potencia instalada de generación convencional Ciclo combinado,2025-12-01T00:00:00.000+01:00,2025-11-30T23:00:00Z,1078.9,39
469,Potencia instalada de generación convencional Ciclo combinado,2026-01-01T00:00:00.000+01:00,2025-12-31T23:00:00Z,415.5,56
469,Potencia instalada de generación convencional Ciclo combinado,2026-01-01T00:00:00.000+01:00,2025-12-31T23:00:00Z,854.1,71
469,Potencia instalada de generación convencional Ciclo combinado,2026-01-01T00:00:00.000+01:00,2025-12-31T23:00:00Z,1968.1,70
469,Potencia instalada de generación convencional Ciclo combinado,2026-01-01T00:00:00.000+01:00,2025-12-31T23:00:00Z,784.6,68
469,Potencia instalada de generación convencional Ciclo combinado,2026-01-01T00:00:00.000+01:00,2025-12-31T23:00:00Z,2536.8,67
469,Potencia instalada de generación convencional Ciclo combinado,2026-01-01T00:00:00.000+01:00,2025-12-31T23:00:00Z,758.6,61
469,Potencia instalada de generación convencional Ciclo combinado,2026-01-01T00:00:00.000+01:00,2025-12-31T23:00:00Z,1246.9,50
469,Potencia instalada de generación convencional Ciclo combinado,2026-01-01T00:00:00.000+01:00,2025-12-31T23:00:00Z,3263.4,72
469,Potencia instalada de generación convencional Ciclo combinado,2026-01-01T00:00:00.000+01:00,2025-12-31T23:00:00Z,1078.9,39
469,Potencia instalada de generación convencional Ciclo combinado,2026-01-01T00:00:00.000+01:00,2025-12-31T23:00:00Z,790.6,38
469,Potencia instalada de generación convencional Ciclo combinado,2026-01-01T00:00:00.000+01:00,2025-12-31T23:00:00Z,1232.1,35
469,Potencia instalada de generación convencional Ciclo combinado,2026-01-01T00:00:00.000+01:00,2025-12-31T23:00:00Z,1621.3,34
469,Potencia instalada de generación convencional Ciclo combinado,2026-01-01T00:00:00.000+01:00,2025-12-31T23:00:00Z,1222.2,32
469,Potencia instalada de generación convencional Ciclo combinado,2026-01-01T00:00:00.000+01:00,2025-12-31T23:00:00Z,1557.7,26
469,Potencia instalada de generación convencional Ciclo combinado,2026-01-01T00:00:00.000+01:00,2025-12-31T23:00:00Z,3977.8,23
469,Potencia instalada de generación convencional Ciclo combinado,2026-01-01T00:00:00.000+01:00,2025-12-31T23:00:00Z,1251.0,42
469,Potencia instalada de generación convencional Ciclo combinado,2026-02-01T00:00:00.000+01:00,2026-01-31T23:00:00Z,3263.4,72
469,Potencia instalada de generación convencional Ciclo combinado,2026-02-01T00:00:00.000+01:00,2026-01-31T23:00:00Z,854.1,71
469,Potencia instalada de generación convencional Ciclo combinado,2026-02-01T00:00:00.000+01:00,2026-01-31T23:00:00Z,1968.1,70
469,Potencia instalada de generación convencional Ciclo combinado,2026-02-01T00:00:00.000+01:00,2026-01-31T23:00:00Z,784.6,68
469,Potencia instalada de generación convencional Ciclo combinado,2026-02-01T00:00:00.000+01:00,2026-01-31T23:00:00Z,2536.8,67
469,Potencia instalada de generación convencional Ciclo combinado,2026-02-01T00:00:00.000+01:00,2026-01-31T23:00:00Z,758.6,61
469,Potencia instalada de generación convencional Ciclo combinado,2026-02-01T00:00:00.000+01:00,2026-01-31T23:00:00Z,415.5,56
469,Potencia instalada de generación convencional Ciclo combinado,2026-02-01T00:00:00.000+01:00,2026-01-31T23:00:00Z,1246.9,50
469,Potencia instalada de generación convencional Ciclo combinado,2026-02-01T00:00:00.000+01:00,2026-01-31T23:00:00Z,1251.0,42
469,Potencia instalada de generación convencional Ciclo combinado,2026-02-01T00:00:00.000+01:00,2026-01-31T23:00:00Z,1078.9,39
469,Potencia instalada de generación convencional Ciclo combinado,2026-02-01T00:00:00.000+01:00,2026-01-31T23:00:00Z,790.6,38
469,Potencia instalada de generación convencional Ciclo combinado,2026-02-01T00:00:00.000+01:00,2026-01-31T23:00:00Z,1232.1,35
469,Potencia instalada de generación convencional Ciclo combinado,2026-02-01T00:00:00.000+01:00,2026-01-31T23:00:00Z,1621.3,34
469,Potencia instalada de generación convencional Ciclo combinado,2026-02-01T00:00:00.000+01:00,2026-01-31T23:00:00Z,1222.2,32
469,Potencia instalada de generación convencional Ciclo combinado,2026-02-01T00:00:00.000+01:00,2026-01-31T23:00:00Z,1557.7,26
469,Potencia instalada de generación convencional Ciclo combinado,2026-02-01T00:00:00.000+01:00,2026-01-31T23:00:00Z,3977.8,23
469,Potencia instalada de generación convencional Ciclo combinado,2026-03-01T00:00:00.000+01:00,2026-02-28T23:00:00Z,3263.4,72
469,Potencia instalada de generación convencional Ciclo combinado,2026-03-01T00:00:00.000+01:00,2026-02-28T23:00:00Z,854.1,71
469,Potencia instalada de generación convencional Ciclo combinado,2026-03-01T00:00:00.000+01:00,2026-02-28T23:00:00Z,1968.1,70
469,Potencia instalada de generación convencional Ciclo combinado,2026-03-01T00:00:00.000+01:00,2026-02-28T23:00:00Z,784.6,68
469,Potencia instalada de generación convencional Ciclo combinado,2026-03-01T00:00:00.000+01:00,2026-02-28T23:00:00Z,2536.8,67
469,Potencia instalada de generación convencional Ciclo combinado,2026-03-01T00:00:00.000+01:00,2026-02-28T23:00:00Z,758.6,61
469,Potencia instalada de generación convencional Ciclo combinado,2026-03-01T00:00:00.000+01:00,2026-02-28T23:00:00Z,415.5,56
469,Potencia instalada de generación convencional Ciclo combinado,2026-03-01T00:00:00.000+01:00,2026-02-28T23:00:00Z,1246.9,50
469,Potencia instalada de generación convencional Ciclo combinado,2026-03-01T00:00:00.000+01:00,2026-02-28T23:00:00Z,1251.0,42
469,Potencia instalada de generación convencional Ciclo combinado,2026-03-01T00:00:00.000+01:00,2026-02-28T23:00:00Z,1078.9,39
469,Potencia instalada de generación convencional Ciclo combinado,2026-03-01T00:00:00.000+01:00,2026-02-28T23:00:00Z,790.6,38
469,Potencia instalada de generación convencional Ciclo combinado,2026-03-01T00:00:00.000+01:00,2026-02-28T23:00:00Z,1232.1,35
469,Potencia instalada de generación convencional Ciclo combinado,2026-03-01T00:00:00.000+01:00,2026-02-28T23:00:00Z,1621.3,34
469,Potencia instalada de generación convencional Ciclo combinado,2026-03-01T00:00:00.000+01:00,2026-02-28T23:00:00Z,1222.2,32
469,Potencia instalada de generación convencional Ciclo combinado,2026-03-01T00:00:00.000+01:00,2026-02-28T23:00:00Z,1557.7,26
469,Potencia instalada de generación convencional Ciclo combinado,2026-03-01T00:00:00.000+01:00,2026-02-28T23:00:00Z,3977.8,23
469,Potencia instalada de generación convencional Ciclo combinado,2026-04-01T00:00:00.000+02:00,2026-03-31T22:00:00Z,3263.4,72
469,Potencia instalada de generación convencional Ciclo combinado,2026-04-01T00:00:00.000+02:00,2026-03-31T22:00:00Z,854.1,71
469,Potencia instalada de generación convencional Ciclo combinado,2026-04-01T00:00:00.000+02:00,2026-03-31T22:00:00Z,1968.1,70
469,Potencia instalada de generación convencional Ciclo combinado,2026-04-01T00:00:00.000+02:00,2026-03-31T22:00:00Z,784.6,68
469,Potencia instalada de generación convencional Ciclo combinado,2026-04-01T00:00:00.000+02:00,2026-03-31T22:00:00Z,2536.8,67
469,Potencia instalada de generación convencional Ciclo combinado,2026-04-01T00:00:00.000+02:00,2026-03-31T22:00:00Z,758.6,61
469,Potencia instalada de generación convencional Ciclo combinado,2026-04-01T00:00:00.000+02:00,2026-03-31T22:00:00Z,415.5,56
469,Potencia instalada de generación convencional Ciclo combinado,2026-04-01T00:00:00.000+02:00,2026-03-31T22:00:00Z,1246.9,50
469,Potencia instalada de generación convencional Ciclo combinado,2026-04-01T00:00:00.000+02:00,2026-03-31T22:00:00Z,1078.9,39
469,Potencia instalada de generación convencional Ciclo combinado,2026-04-01T00:00:00.000+02:00,2026-03-31T22:00:00Z,790.6,38
469,Potencia instalada de generación convencional Ciclo combinado,2026-04-01T00:00:00.000+02:00,2026-03-31T22:00:00Z,1232.1,35
469,Potencia instalada de generación convencional Ciclo combinado,2026-04-01T00:00:00.000+02:00,2026-03-31T22:00:00Z,1621.3,34
469,Potencia instalada de generación convencional Ciclo combinado,2026-04-01T00:00:00.000+02:00,2026-03-31T22:00:00Z,1222.2,32
469,Potencia instalada de generación convencional Ciclo combinado,2026-04-01T00:00:00.000+02:00,2026-03-31T22:00:00Z,1557.7,26
469,Potencia instalada de generación convencional Ciclo combinado,2026-04-01T00:00:00.000+02:00,2026-03-31T22:00:00Z,3977.8,23
469,Potencia instalada de generación convencional Ciclo combinado,2026-04-01T00:00:00.000+02:00,2026-03-31T22:00:00Z,1251.0,42
469,Potencia instalada de generación convencional Ciclo combinado,2026-05-01T00:00:00.000+02:00,2026-04-30T22:00:00Z,415.5,56
469,Potencia instalada de generación convencional Ciclo combinado,2026-05-01T00:00:00.000+02:00,2026-04-30T22:00:00Z,854.1,71
469,Potencia instalada de generación convencional Ciclo combinado,2026-05-01T00:00:00.000+02:00,2026-04-30T22:00:00Z,1968.1,70
469,Potencia instalada de generación convencional Ciclo combinado,2026-05-01T00:00:00.000+02:00,2026-04-30T22:00:00Z,784.6,68
469,Potencia instalada de generación convencional Ciclo combinado,2026-05-01T00:00:00.000+02:00,2026-04-30T22:00:00Z,3263.4,72
469,Potencia instalada de generación convencional Ciclo combinado,2026-05-01T00:00:00.000+02:00,2026-04-30T22:00:00Z,2536.8,67
469,Potencia instalada de generación convencional Ciclo combinado,2026-05-01T00:00:00.000+02:00,2026-04-30T22:00:00Z,758.6,61
469,Potencia instalada de generación convencional Ciclo combinado,2026-05-01T00:00:00.000+02:00,2026-04-30T22:00:00Z,1246.9,50
469,Potencia instalada de generación convencional Ciclo combinado,2026-05-01T00:00:00.000+02:00,2026-04-30T22:00:00Z,1621.3,34
469,Potencia instalada de generación convencional Ciclo combinado,2026-05-01T00:00:00.000+02:00,2026-04-30T22:00:00Z,1078.9,39
469,Potencia instalada de generación convencional Ciclo combinado,2026-05-01T00:00:00.000+02:00,2026-04-30T22:00:00Z,790.6,38
469,Potencia instalada de generación convencional Ciclo combinado,2026-05-01T00:00:00.000+02:00,2026-04-30T22:00:00Z,1232.1,35
469,Potencia instalada de generación convencional Ciclo combinado,2026-05-01T00:00:00.000+02:00,2026-04-30T22:00:00Z,1222.2,32
469,Potencia instalada de generación convencional Ciclo combinado,2026-05-01T00:00:00.000+02:00,2026-04-30T22:00:00Z,1557.7,26
469,Potencia instalada de generación convencional Ciclo combinado,2026-05-01T00:00:00.000+02:00,2026-04-30T22:00:00Z,3977.8,23
469,Potencia instalada de generación convencional Ciclo combinado,2026-05-01T00:00:00.000+02:00,2026-04-30T22:00:00Z,1251.0,42
469,Potencia instalada de generación convencional Ciclo combinado,2026-06-01T00:00:00.000+02:00,2026-05-31T22:00:00Z,3263.4,72
469,Potencia instalada de generación convencional Ciclo combinado,2026-06-01T00:00:00.000+02:00,2026-05-31T22:00:00Z,854.1,71
469,Potencia instalada de generación convencional Ciclo combinado,2026-06-01T00:00:00.000+02:00,2026-05-31T22:00:00Z,1968.1,70
469,Potencia instalada de generación convencional Ciclo combinado,2026-06-01T00:00:00.000+02:00,2026-05-31T22:00:00Z,784.6,68
469,Potencia instalada de generación convencional Ciclo combinado,2026-06-01T00:00:00.000+02:00,2026-05-31T22:00:00Z,2536.8,67
469,Potencia instalada de generación convencional Ciclo combinado,2026-06-01T00:00:00.000+02:00,2026-05-31T22:00:00Z,758.6,61
469,Potencia instalada de generación convencional Ciclo combinado,2026-06-01T00:00:00.000+02:00,2026-05-31T22:00:00Z,415.5,56
469,Potencia instalada de generación convencional Ciclo combinado,2026-06-01T00:00:00.000+02:00,2026-05-31T22:00:00Z,1246.9,50
469,Potencia instalada de generación convencional Ciclo combinado,2026-06-01T00:00:00.000+02:00,2026-05-31T22:00:00Z,1078.9,39
469,Potencia instalada de generación convencional Ciclo combinado,2026-06-01T00:00:00.000+02:00,2026-05-31T22:00:00Z,790.6,38
469,Potencia instalada de generación convencional Ciclo combinado,2026-06-01T00:00:00.000+02:00,2026-05-31T22:00:00Z,1232.1,35
469,Potencia instalada de generación convencional Ciclo combinado,2026-06-01T00:00:00.000+02:00,2026-05-31T22:00:00Z,1621.3,34
469,Potencia instalada de generación convencional Ciclo combinado,2026-06-01T00:00:00.000+02:00,2026-05-31T22:00:00Z,1222.2,32
469,Potencia instalada de generación convencional Ciclo combinado,2026-06-01T00:00:00.000+02:00,2026-05-31T22:00:00Z,1557.7,26
469,Potencia instalada de generación convencional Ciclo combinado,2026-06-01T00:00:00.000+02:00,2026-05-31T22:00:00Z,3977.8,23
469,Potencia instalada de generación convencional Ciclo combinado,2026-06-01T00:00:00.000+02:00,2026-05-31T22:00:00Z,1251.0,42
469,Potencia instalada de generación convencional Ciclo combinado,2026-07-01T00:00:00.000+02:00,2026-06-30T22:00:00Z,415.5,56
469,Potencia instalada de generación convencional Ciclo combinado,2026-07-01T00:00:00.000+02:00,2026-06-30T22:00:00Z,854.1,71
469,Potencia instalada de generación convencional Ciclo combinado,2026-07-01T00:00:00.000+02:00,2026-06-30T22:00:00Z,1968.1,70
469,Potencia instalada de generación convencional Ciclo combinado,2026-07-01T00:00:00.000+02:00,2026-06-30T22:00:00Z,784.6,68
469,Potencia instalada de generación convencional Ciclo combinado,2026-07-01T00:00:00.000+02:00,2026-06-30T22:00:00Z,2536.8,67
469,Potencia instalada de generación convencional Ciclo combinado,2026-07-01T00:00:00.000+02:00,2026-06-30T22:00:00Z,3263.4,72
469,Potencia instalada de generación convencional Ciclo combinado,2026-07-01T00:00:00.000+02:00,2026-06-30T22:00:00Z,758.6,61
469,Potencia instalada de generación convencional Ciclo combinado,2026-07-01T00:00:00.000+02:00,2026-06-30T22:00:00Z,1246.9,50
469,Potencia instalada de generación convencional Ciclo combinado,2026-07-01T00:00:00.000+02:00,2026-06-30T22:00:00Z,1232.1,35
469,Potencia instalada de generación convencional Ciclo combinado,2026-07-01T00:00:00.000+02:00,2026-06-30T22:00:00Z,1078.9,39
469,Potencia instalada de generación convencional Ciclo combinado,2026-07-01T00:00:00.000+02:00,2026-06-30T22:00:00Z,790.6,38
469,Potencia instalada de generación convencional Ciclo combinado,2026-07-01T00:00:00.000+02:00,2026-06-30T22:00:00Z,1621.3,34
469,Potencia instalada de generación convencional Ciclo combinado,2026-07-01T00:00:00.000+02:00,2026-06-30T22:00:00Z,1222.2,32
469,Potencia instalada de generación convencional Ciclo combinado,2026-07-01T00:00:00.000+02:00,2026-06-30T22:00:00Z,1557.7,26
469,Potencia instalada de generación convencional Ciclo combinado,2026-07-01T00:00:00.000+02:00,2026-06-30T22:00:00Z,3977.8,23
469,Potencia instalada de generación convencional Ciclo combinado,2026-07-01T00:00:00.000+02:00,2026-06-30T22:00:00Z,1251.0,42
469,Potencia instalada de generación convencional Ciclo combinado,2026-08-01T00:00:00.000+02:00,2026-07-31T22:00:00Z,1968.1,70
469,Potencia instalada de generación convencional Ciclo combinado,2026-08-01T00:00:00.000+02:00,2026-07-31T22:00:00Z,784.6,68
469,Potencia instalada de generación convencional Ciclo combinado,2026-08-01T00:00:00.000+02:00,2026-07-31T22:00:00Z,2536.8,67
469,Potencia instalada de generación convencional Ciclo combinado,2026-08-01T00:00:00.000+02:00,2026-07-31T22:00:00Z,758.6,61
469,Potencia instalada de generación convencional Ciclo combinado,2026-08-01T00:00:00.000+02:00,2026-07-31T22:00:00Z,415.5,56
469,Potencia instalada de generación convencional Ciclo combinado,2026-08-01T00:00:00.000+02:00,2026-07-31T22:00:00Z,1246.9,50
469,Potencia instalada de generación convencional Ciclo combinado,2026-08-01T00:00:00.000+02:00,2026-07-31T22:00:00Z,1251.0,42
469,Potencia instalada de generación convencional Ciclo combinado,2026-08-01T00:00:00.000+02:00,2026-07-31T22:00:00Z,1232.1,35
469,Potencia instalada de generación convencional Ciclo combinado,2026-08-01T00:00:00.000+02:00,2026-07-31T22:00:00Z,790.6,38
469,Potencia instalada de generación convencional Ciclo combinado,2026-08-01T00:00:00.000+02:00,2026-07-31T22:00:00Z,1621.3,34
469,Potencia instalada de generación convencional Ciclo combinado,2026-08-01T00:00:00.000+02:00,2026-07-31T22:00:00Z,1222.2,32
469,Potencia instalada de generación convencional Ciclo combinado,2026-08-01T00:00:00.000+02:00,2026-07-31T22:00:00Z,1557.7,26
469,Potencia instalada de generación convencional Ciclo combinado,2026-08-01T00:00:00.000+02:00,2026-07-31T22:00:00Z,3977.8,23
469,Potencia instalada de generación convencional Ciclo combinado,2026-08-01T00:00:00.000+02:00,2026-07-31T22:00:00Z,854.1,71
469,Potencia instalada de generación convencional Ciclo combinado,2026-08-01T00:00:00.000+02:00,2026-07-31T22:00:00Z,1078.9,39
469,Potencia instalada de generación convencional Ciclo combinado,2026-08-01T00:00:00.000+02:00,2026-07-31T22:00:00Z,3263.4,72
470,Potencia instalada de generación convencional Fuel,2025-07-01T00:00:00.000+02:00,2025-06-30T22:00:00Z,7.9,34
470,Potencia instalada de generación convencional Fuel,2025-08-01T00:00:00.000+02:00,2025-07-31T22:00:00Z,7.9,34
470,Potencia instalada de generación convencional Fuel,2025-09-01T00:00:00.000+02:00,2025-08-31T22:00:00Z,7.9,34
470,Potencia instalada de generación convencional Fuel,2025-10-01T00:00:00.000+02:00,2025-09-30T22:00:00Z,7.9,34
470,Potencia instalada de generación convencional Fuel,2025-11-01T00:00:00.000+01:00,2025-10-31T23:00:00Z,7.9,34
470,Potencia instalada de generación convencional Fuel,2025-12-01T00:00:00.000+01:00,2025-11-30T23:00:00Z,7.9,34
470,Potencia instalada de generación convencional Fuel,2026-01-01T00:00:00.000+01:00,2025-12-31T23:00:00Z,7.9,34
470,Potencia instalada de generación convencional Fuel,2026-02-01T00:00:00.000+01:00,2026-01-31T23:00:00Z,7.9,34
470,Potencia instalada de generación convencional Fuel,2026-03-01T00:00:00.000+01:00,2026-02-28T23:00:00Z,7.9,34
470,Potencia instalada de generación convencional Fuel,2026-04-01T00:00:00.000+02:00,2026-03-31T22:00:00Z,7.9,34
470,Potencia instalada de generación convencional Fuel,2026-05-01T00:00:00.000+02:00,2026-04-30T22:00:00Z,7.9,34
470,Potencia instalada de generación convencional Fuel,2026-06-01T00:00:00.000+02:00,2026-05-31T22:00:00Z,7.9,34
470,Potencia instalada de generación convencional Fuel,2026-07-01T00:00:00.000+02:00,2026-06-30T22:00:00Z,7.9,34
470,Potencia instalada de generación convencional Fuel,2026-08-01T00:00:00.000+02:00,2026-07-31T22:00:00Z,7.9,34
471,Potencia instalada de generación convencional Gas Natural,2025-07-01T00:00:00.000+02:00,2025-06-30T22:00:00Z,561.8,71
471,Potencia instalada de generación convencional Gas Natural,2025-08-01T00:00:00.000+02:00,2025-07-31T22:00:00Z,561.8,71
471,Potencia instalada de generación convencional Gas Natural,2025-09-01T00:00:00.000+02:00,2025-08-31T22:00:00Z,561.8,71
471,Potencia instalada de generación convencional Gas Natural,2025-10-01T00:00:00.000+02:00,2025-09-30T22:00:00Z,561.8,71
471,Potencia instalada de generación convencional Gas Natural,2025-11-01T00:00:00.000+01:00,2025-10-31T23:00:00Z,561.8,71
471,Potencia instalada de generación convencional Gas Natural,2025-12-01T00:00:00.000+01:00,2025-11-30T23:00:00Z,561.8,71
471,Potencia instalada de generación convencional Gas Natural,2026-01-01T00:00:00.000+01:00,2025-12-31T23:00:00Z,561.8,71
471,Potencia instalada de generación convencional Gas Natural,2026-02-01T00:00:00.000+01:00,2026-01-31T23:00:00Z,561.8,71
471,Potencia instalada de generación convencional Gas Natural,2026-03-01T00:00:00.000+01:00,2026-02-28T23:00:00Z,561.8,71
471,Potencia instalada de generación convencional Gas Natural,2026-04-01T00:00:00.000+02:00,2026-03-31T22:00:00Z,561.8,71
471,Potencia instalada de generación convencional Gas Natural,2026-05-01T00:00:00.000+02:00,2026-04-30T22:00:00Z,561.8,71
471,Potencia instalada de generación convencional Gas Natural,2026-06-01T00:00:00.000+02:00,2026-05-31T22:00:00Z,561.8,71
471,Potencia instalada de generación convencional Gas Natural,2026-07-01T00:00:00.000+02:00,2026-06-30T22:00:00Z,561.8,71
471,Potencia instalada de generación convencional Gas Natural,2026-08-01T00:00:00.000+02:00,2026-07-31T22:00:00Z,561.8,71
472,Potencia disponible de generación Hidráulica UGH horizonte horario,2025-07-01T00:00:00.000+02:00,2025-06-30T22:00:00Z,592.0,28
472,Potencia disponible de generación Hidráulica UGH horizonte horario,2025-07-01T00:00:00.000+02:00,2025-06-30T22:00:00Z,4.7,72
472,Potencia disponible de generación Hidráulica UGH horizonte horario,2025-07-01T00:00:00.000+02:00,2025-06-30T22:00:00Z,514.7,71
472,Potencia disponible de generación Hidráulica UGH horizonte horario,2025-07-01T00:00:00.000+02:00,2025-06-30T22:00:00Z,191.3,70
472,Potencia disponible de generación Hidráulica UGH horizonte horario,2025-07-01T00:00:00.000+02:00,2025-06-30T22:00:00Z,4.3,69
472,Potencia disponible de generación Hidráulica UGH horizonte horario,2025-07-01T00:00:00.000+02:00,2025-06-30T22:00:00Z,11.2,64
472,Potencia disponible de generación Hidráulica UGH horizonte horario,2025-07-01T00:00:00.000+02:00,2025-06-30T22:00:00Z,387.3,62
472,Potencia disponible de generación Hidráulica UGH horizonte horario,2025-07-01T00:00:00.000+02:00,2025-06-30T22:00:00Z,12.1,57
472,Potencia disponible de generación Hidráulica UGH horizonte horario,2025-07-01T00:00:00.000+02:00,2025-06-30T22:00:00Z,423.9,56
472,Potencia disponible de generación Hidráulica UGH horizonte horario,2025-07-01T00:00:00.000+02:00,2025-06-30T22:00:00Z,150.8,52
472,Potencia disponible de generación Hidráulica UGH horizonte horario,2025-07-01T00:00:00.000+02:00,2025-06-30T22:00:00Z,353.2,50
472,Potencia disponible de generación Hidráulica UGH horizonte horario,2025-07-01T00:00:00.000+02:00,2025-06-30T22:00:00Z,3027.50238095238,48
472,Potencia disponible de generación Hidráulica UGH horizonte horario,2025-07-01T00:00:00.000+02:00,2025-06-30T22:00:00Z,2.0,59
472,Potencia disponible de generación Hidráulica UGH horizonte horario,2025-07-01T00:00:00.000+02:00,2025-06-30T22:00:00Z,795.13333333333,43
472,Potencia disponible de generación Hidráulica UGH horizonte horario,2025-07-01T00:00:00.000+02:00,2025-06-30T22:00:00Z,1664.58630952381,44
472,Potencia disponible de generación Hidráulica UGH horizonte horario,2025-07-01T00:00:00.000+02:00,2025-06-30T22:00:00Z,19.0,32
472,Potencia disponible de generación Hidráulica UGH horizonte horario,2025-07-01T00:00:00.000+02:00,2025-06-30T22:00:00Z,0.6,33
472,Potencia disponible de generación Hidráulica UGH horizonte horario,2025-07-01T00:00:00.000+02:00,2025-06-30T22:00:00Z,16.5,34
472,Potencia disponible de generación Hidráulica UGH horizonte horario,2025-07-01T00:00:00.000+02:00,2025-06-30T22:00:00Z,537.4,35
472,Potencia disponible de generación Hidráulica UGH horizonte horario,2025-07-01T00:00:00.000+02:00,2025-06-30T22:00:00Z,309.3255952381,30
472,Potencia disponible de generación Hidráulica UGH horizonte horario,2025-07-01T00:00:00.000+02:00,2025-06-30T22:00:00Z,1633.3,39
472,Potencia disponible de generación Hidráulica UGH horizonte horario,2025-07-01T00:00:00.000+02:00,2025-06-30T22:00:00Z,3.3,40
472,Potencia disponible de generación Hidráulica UGH horizonte horario,2025-07-01T00:00:00.000+02:00,2025-06-30T22:00:00Z,0.3,41
472,Potencia disponible de generación Hidráulica UGH horizonte horario,2025-07-01T00:00:00.000+02:00,2025-06-30T22:00:00Z,1860.40476190476,37
472,Potencia disponible de generación Hidráulica UGH horizonte horario,2025-08-01T00:00:00.000+02:00,2025-07-31T22:00:00Z,344.86451612903,50
472,Potencia disponible de generación Hidráulica UGH horizonte horario,2025-08-01T00:00:00.000+02:00,2025-07-31T22:00:00Z,4.7,72
472,Potencia disponible de generación Hidráulica UGH horizonte horario,2025-08-01T00:00:00.000+02:00,2025-07-31T22:00:00Z,505.85954301075,71
472,Potencia disponible de generación Hidráulica UGH horizonte horario,2025-08-01T00:00:00.000+02:00,2025-07-31T22:00:00Z,191.3,70
472,Potencia disponible de generación Hidráulica UGH horizonte horario,2025-08-01T00:00:00.000+02:00,2025-07-31T22:00:00Z,4.3,69
472,Potencia disponible de generación Hidráulica UGH horizonte horario,2025-08-01T00:00:00.000+02:00,2025-07-31T22:00:00Z,11.2,64
472,Potencia disponible de generación Hidráulica UGH horizonte horario,2025-08-01T00:00:00.000+02:00,2025-07-31T22:00:00Z,384.80389784946,62
472,Potencia disponible de generación Hidráulica UGH horizonte horario,2025-08-01T00:00:00.000+02:00,2025-07-31T22:00:00Z,12.1,57
472,Potencia disponible de generación Hidráulica UGH horizonte horario,2025-08-01T00:00:00.000+02:00,2025-07-31T22:00:00Z,423.79704301075,56
472,Potencia disponible de generación Hidráulica UGH horizonte horario,2025-08-01T00:00:00.000+02:00,2025-07-31T22:00:00Z,149.83897849462,52
472,Potencia disponible de generación Hidráulica UGH horizonte horario,2025-08-01T00:00:00.000+02:00,2025-07-31T22:00:00Z,3040.87244623656,48
472,Potencia disponible de generación Hidráulica UGH horizonte horario,2025-08-01T00:00:00.000+02:00,2025-07-31T22:00:00Z,2.0,59
472,Potencia disponible de generación Hidráulica UGH horizonte horario,2025-08-01T00:00:00.000+02:00,2025-07-31T22:00:00Z,828.00362903226,43
472,Potencia disponible de generación Hidráulica UGH horizonte horario,2025-08-01T00:00:00.000+02:00,2025-07-31T22:00:00Z,289.03709677419,30
472,Potencia disponible de generación Hidráulica UGH horizonte horario,2025-08-01T00:00:00.000+02:00,2025-07-31T22:00:00Z,19.0,32
472,Potencia disponible de generación Hidráulica UGH horizonte horario,2025-08-01T00:00:00.000+02:00,2025-07-31T22:00:00Z,0.6,33
472,Potencia disponible de generación Hidráulica UGH horizonte horario,2025-08-01T00:00:00.000+02:00,2025-07-31T22:00:00Z,16.5,34
472,Potencia disponible de generación Hidráulica UGH horizonte horario,2025-08-01T00:00:00.000+02:00,2025-07-31T22:00:00Z,526.5748655914,35
472,Potencia disponible de generación Hidráulica UGH horizonte horario,2025-08-01T00:00:00.000+02:00,2025-07-31T22:00:00Z,587.49731182796,28
472,Potencia disponible de generación Hidráulica UGH horizonte horario,2025-08-01T00:00:00.000+02:00,2025-07-31T22:00:00Z,1896.58481182796,37
472,Potencia disponible de generación Hidráulica UGH horizonte horario,2025-08-01T00:00:00.000+02:00,2025-07-31T22:00:00Z,0.3,41
472,Potencia disponible de generación Hidráulica UGH horizonte horario,2025-08-01T00:00:00.000+02:00,2025-07-31T22:00:00Z,1753.98293010753,44
472,Potencia disponible de generación Hidráulica UGH horizonte horario,2025-08-01T00:00:00.000+02:00,2025-07-31T22:00:00Z,1595.96989247312,39
472,Potencia disponible de generación Hidráulica UGH horizonte horario,2025-08-01T00:00:00.000+02:00,2025-07-31T22:00:00Z,3.3,40
472,Potencia disponible de generación Hidráulica UGH horizonte horario,2025-09-01T00:00:00.000+02:00,2025-08-31T22:00:00Z,2931.91902777778,48
472,Potencia disponible de generación Hidráulica UGH horizonte horario,2025-09-01T00:00:00.000+02:00,2025-08-31T22:00:00Z,488.3075,71
472,Potencia disponible de generación Hidráulica UGH horizonte horario,2025-09-01T00:00:00.000+02:00,2025-08-31T22:00:00Z,156.03555555556,70
472,Potencia disponible de generación Hidráulica UGH horizonte horario,2025-09-01T00:00:00.000+02:00,2025-08-31T22:00:00Z,4.3,69
472,Potencia disponible de generación Hidráulica UGH horizonte horario,2025-09-01T00:00:00.000+02:00,2025-08-31T22:00:00Z,4.7,72
472,Potencia disponible de generación Hidráulica UGH horizonte horario,2025-09-01T00:00:00.000+02:00,2025-08-31T22:00:00Z,378.4,62
472,Potencia disponible de generación Hidráulica UGH horizonte horario,2025-09-01T00:00:00.000+02:00,2025-08-31T22:00:00Z,2.0,59
472,Potencia disponible de generación Hidráulica UGH horizonte horario,2025-09-01T00:00:00.000+02:00,2025-08-31T22:00:00Z,12.1,57
472,Potencia disponible de generación Hidráulica UGH horizonte horario,2025-09-01T00:00:00.000+02:00,2025-08-31T22:00:00Z,420.0675,56
472,Potencia disponible de generación Hidráulica UGH horizonte horario,2025-09-01T00:00:00.000+02:00,2025-08-31T22:00:00Z,144.05791666667,52
472,Potencia disponible de generación Hidráulica UGH horizonte horario,2025-09-01T00:00:00.000+02:00,2025-08-31T22:00:00Z,282.41847222222,50
472,Potencia disponible de generación Hidráulica UGH horizonte horario,2025-09-01T00:00:00.000+02:00,2025-08-31T22:00:00Z,11.2,64
472,Potencia disponible de generación Hidráulica UGH horizonte horario,2025-09-01T00:00:00.000+02:00,2025-08-31T22:00:00Z,1688.44652777778,44
472,Potencia disponible de generación Hidráulica UGH horizonte horario,2025-09-01T00:00:00.000+02:00,2025-08-31T22:00:00Z,0.3,41
472,Potencia disponible de generación Hidráulica UGH horizonte horario,2025-09-01T00:00:00.000+02:00,2025-08-31T22:00:00Z,3.3,40
472,Potencia disponible de generación Hidráulica UGH horizonte horario,2025-09-01T00:00:00.000+02:00,2025-08-31T22:00:00Z,1446.97166666667,39
472,Potencia disponible de generación Hidráulica UGH horizonte horario,2025-09-01T00:00:00.000+02:00,2025-08-31T22:00:00Z,1715.12458333333,37
472,Potencia disponible de generación Hidráulica UGH horizonte horario,2025-09-01T00:00:00.000+02:00,2025-08-31T22:00:00Z,534.67805555556,35
472,Potencia disponible de generación Hidráulica UGH horizonte horario,2025-09-01T00:00:00.000+02:00,2025-08-31T22:00:00Z,16.5,34
472,Potencia disponible de generación Hidráulica UGH horizonte horario,2025-09-01T00:00:00.000+02:00,2025-08-31T22:00:00Z,0.6,33
472,Potencia disponible de generación Hidráulica UGH horizonte horario,2025-09-01T00:00:00.000+02:00,2025-08-31T22:00:00Z,19.0,32
472,Potencia disponible de generación Hidráulica UGH horizonte horario,2025-09-01T00:00:00.000+02:00,2025-08-31T22:00:00Z,294.34013888889,30
472,Potencia disponible de generación Hidráulica UGH horizonte horario,2025-09-01T00:00:00.000+02:00,2025-08-31T22:00:00Z,572.41375,28
472,Potencia disponible de generación Hidráulica UGH horizonte horario,2025-09-01T00:00:00.000+02:00,2025-08-31T22:00:00Z,626.77666666667,43
472,Potencia disponible de generación Hidráulica UGH horizonte horario,2025-10-01T00:00:00.000+02:00,2025-09-30T22:00:00Z,119.32818791946,52
472,Potencia disponible de generación Hidráulica UGH horizonte horario,2025-10-01T00:00:00.000+02:00,2025-09-30T22:00:00Z,423.9,56
472,Potencia disponible de generación Hidráulica UGH horizonte horario,2025-10-01T00:00:00.000+02:00,2025-09-30T22:00:00Z,12.1,57
472,Potencia disponible de generación Hidráulica UGH horizonte horario,2025-10-01T00:00:00.000+02:00,2025-09-30T22:00:00Z,2.0,59
472,Potencia disponible de generación Hidráulica UGH horizonte horario,2025-10-01T00:00:00.000+02:00,2025-09-30T22:00:00Z,372.88845637584,62
472,Potencia disponible de generación Hidráulica UGH horizonte horario,2025-10-01T00:00:00.000+02:00,2025-09-30T22:00:00Z,4.7,72
472,Potencia disponible de generación Hidráulica UGH horizonte horario,2025-10-01T00:00:00.000+02:00,2025-09-30T22:00:00Z,4.3,69
472,Potencia disponible de generación Hidráulica UGH horizonte horario,2025-10-01T00:00:00.000+02:00,2025-09-30T22:00:00Z,168.38322147651,70
472,Potencia disponible de generación Hidráulica UGH horizonte horario,2025-10-01T00:00:00.000+02:00,2025-09-30T22:00:00Z,501.20899328859,71
472,Potencia disponible de generación Hidráulica UGH horizonte horario,2025-10-01T00:00:00.000+02:00,2025-09-30T22:00:00Z,309.17100671141,50
472,Potencia disponible de generación Hidráulica UGH horizonte horario,2025-10-01T00:00:00.000+02:00,2025-09-30T22:00:00Z,11.2,64
472,Potencia disponible de generación Hidráulica UGH horizonte horario,2025-10-01T00:00:00.000+02:00,2025-09-30T22:00:00Z,2987.68832214765,48
472,Potencia disponible de generación Hidráulica UGH horizonte horario,2025-10-01T00:00:00.000+02:00,2025-09-30T22:00:00Z,444.51275167785,35
472,Potencia disponible de generación Hidráulica UGH horizonte horario,2025-10-01T00:00:00.000+02:00,2025-09-30T22:00:00Z,802.39194630872,43
472,Potencia disponible de generación Hidráulica UGH horizonte horario,2025-10-01T00:00:00.000+02:00,2025-09-30T22:00:00Z,272.63382550336,30
472,Potencia disponible de generación Hidráulica UGH horizonte horario,2025-10-01T00:00:00.000+02:00,2025-09-30T22:00:00Z,19.0,32
472,Potencia disponible de generación Hidráulica UGH horizonte horario,2025-10-01T00:00:00.000+02:00,2025-09-30T22:00:00Z,0.6,33
472,Potencia disponible de generación Hidráulica UGH horizonte horario,2025-10-01T00:00:00.000+02:00,2025-09-30T22:00:00Z,16.5,34
472,Potencia disponible de generación Hidráulica UGH horizonte horario,2025-10-01T00:00:00.000+02:00,2025-09-30T22:00:00Z,544.00751677852,28
472,Potencia disponible de generación Hidráulica UGH horizonte horario,2025-10-01T00:00:00.000+02:00,2025-09-30T22:00:00Z,1820.47355704698,37
472,Potencia disponible de generación Hidráulica UGH horizonte horario,2025-10-01T00:00:00.000+02:00,2025-09-30T22:00:00Z,1448.61073825503,39
472,Potencia disponible de generación Hidráulica UGH horizonte horario,2025-10-01T00:00:00.000+02:00,2025-09-30T22:00:00Z,3.3,40
472,Potencia disponible de generación Hidráulica UGH horizonte horario,2025-10-01T00:00:00.000+02:00,2025-09-30T22:00:00Z,0.3,41
472,Potencia disponible de generación Hidráulica UGH horizonte horario,2025-10-01T00:00:00.000+02:00,2025-09-30T22:00:00Z,1826.09838926175,44
472,Potencia disponible de generación Hidráulica UGH horizonte horario,2025-11-01T00:00:00.000+01:00,2025-10-31T23:00:00Z,370.17888888889,50
472,Potencia disponible de generación Hidráulica UGH horizonte horario,2025-11-01T00:00:00.000+01:00,2025-10-31T23:00:00Z,511.90555555556,71
472,Potencia disponible de generación Hidráulica UGH horizonte horario,2025-11-01T00:00:00.000+01:00,2025-10-31T23:00:00Z,156.48180555556,70
472,Potencia disponible de generación Hidráulica UGH horizonte horario,2025-11-01T00:00:00.000+01:00,2025-10-31T23:00:00Z,4.3,69
472,Potencia disponible de generación Hidráulica UGH horizonte horario,2025-11-01T00:00:00.000+01:00,2025-10-31T23:00:00Z,11.2,64
472,Potencia disponible de generación Hidráulica UGH horizonte horario,2025-11-01T00:00:00.000+01:00,2025-10-31T23:00:00Z,368.11694444444,62
472,Potencia disponible de generación Hidráulica UGH horizonte horario,2025-11-01T00:00:00.000+01:00,2025-10-31T23:00:00Z,2.0,59
472,Potencia disponible de generación Hidráulica UGH horizonte horario,2025-11-01T00:00:00.000+01:00,2025-10-31T23:00:00Z,12.1,57
472,Potencia disponible de generación Hidráulica UGH horizonte horario,2025-11-01T00:00:00.000+01:00,2025-10-31T23:00:00Z,419.7,56
472,Potencia disponible de generación Hidráulica UGH horizonte horario,2025-11-01T00:00:00.000+01:00,2025-10-31T23:00:00Z,121.47430555556,52
472,Potencia disponible de generación Hidráulica UGH horizonte horario,2025-11-01T00:00:00.000+01:00,2025-10-31T23:00:00Z,3017.08208333333,48
472,Potencia disponible de generación Hidráulica UGH horizonte horario,2025-11-01T00:00:00.000+01:00,2025-10-31T23:00:00Z,4.7,72
472,Potencia disponible de generación Hidráulica UGH horizonte horario,2025-11-01T00:00:00.000+01:00,2025-10-31T23:00:00Z,945.8,43
472,Potencia disponible de generación Hidráulica UGH horizonte horario,2025-11-01T00:00:00.000+01:00,2025-10-31T23:00:00Z,580.30333333333,28
472,Potencia disponible de generación Hidráulica UGH horizonte horario,2025-11-01T00:00:00.000+01:00,2025-10-31T23:00:00Z,250.73638888889,30
472,Potencia disponible de generación Hidráulica UGH horizonte horario,2025-11-01T00:00:00.000+01:00,2025-10-31T23:00:00Z,19.0,32
472,Potencia disponible de generación Hidráulica UGH horizonte horario,2025-11-01T00:00:00.000+01:00,2025-10-31T23:00:00Z,0.6,33
472,Potencia disponible de generación Hidráulica UGH horizonte horario,2025-11-01T00:00:00.000+01:00,2025-10-31T23:00:00Z,16.5,34
472,Potencia disponible de generación Hidráulica UGH horizonte horario,2025-11-01T00:00:00.000+01:00,2025-10-31T23:00:00Z,1916.91277777778,44
472,Potencia disponible de generación Hidráulica UGH horizonte horario,2025-11-01T00:00:00.000+01:00,2025-10-31T23:00:00Z,2145.31694444444,37
472,Potencia disponible de generación Hidráulica UGH horizonte horario,2025-11-01T00:00:00.000+01:00,2025-10-31T23:00:00Z,1501.85583333333,39
472,Potencia disponible de generación Hidráulica UGH horizonte horario,2025-11-01T00:00:00.000+01:00,2025-10-31T23:00:00Z,3.3,40
472,Potencia disponible de generación Hidráulica UGH horizonte horario,2025-11-01T00:00:00.000+01:00,2025-10-31T23:00:00Z,0.3,41
472,Potencia disponible de generación Hidráulica UGH horizonte horario,2025-11-01T00:00:00.000+01:00,2025-10-31T23:00:00Z,429.94055555556,35
472,Potencia disponible de generación Hidráulica UGH horizonte horario,2025-12-01T00:00:00.000+01:00,2025-11-30T23:00:00Z,355.05551075269,50
472,Potencia disponible de generación Hidráulica UGH horizonte horario,2025-12-01T00:00:00.000+01:00,2025-11-30T23:00:00Z,122.45725806452,52
472,Potencia disponible de generación Hidráulica UGH horizonte horario,2025-12-01T00:00:00.000+01:00,2025-11-30T23:00:00Z,423.9,56
472,Potencia disponible de generación Hidráulica UGH horizonte horario,2025-12-01T00:00:00.000+01:00,2025-11-30T23:00:00Z,12.1,57
472,Potencia disponible de generación Hidráulica UGH horizonte horario,2025-12-01T00:00:00.000+01:00,2025-11-30T23:00:00Z,2.0,59
472,Potencia disponible de generación Hidráulica UGH horizonte horario,2025-12-01T00:00:00.000+01:00,2025-11-30T23:00:00Z,11.2,64
472,Potencia disponible de generación Hidráulica UGH horizonte horario,2025-12-01T00:00:00.000+01:00,2025-11-30T23:00:00Z,4.3,69
472,Potencia disponible de generación Hidráulica UGH horizonte horario,2025-12-01T00:00:00.000+01:00,2025-11-30T23:00:00Z,191.3,70
472,Potencia disponible de generación Hidráulica UGH horizonte horario,2025-12-01T00:00:00.000+01:00,2025-11-30T23:00:00Z,511.57580645161,71
472,Potencia disponible de generación Hidráulica UGH horizonte horario,2025-12-01T00:00:00.000+01:00,2025-11-30T23:00:00Z,3197.59758064516,48
472,Potencia disponible de generación Hidráulica UGH horizonte horario,2025-12-01T00:00:00.000+01:00,2025-11-30T23:00:00Z,389.5,62
472,Potencia disponible de generación Hidráulica UGH horizonte horario,2025-12-01T00:00:00.000+01:00,2025-11-30T23:00:00Z,4.7,72
472,Potencia disponible de generación Hidráulica UGH horizonte horario,2025-12-01T00:00:00.000+01:00,2025-11-30T23:00:00Z,1987.50188172043,44
472,Potencia disponible de generación Hidráulica UGH horizonte horario,2025-12-01T00:00:00.000+01:00,2025-11-30T23:00:00Z,13.3,41
472,Potencia disponible de generación Hidráulica UGH horizonte horario,2025-12-01T00:00:00.000+01:00,2025-11-30T23:00:00Z,3.3,40
472,Potencia disponible de generación Hidráulica UGH horizonte horario,2025-12-01T00:00:00.000+01:00,2025-11-30T23:00:00Z,1534.54032258065,39
472,Potencia disponible de generación Hidráulica UGH horizonte horario,2025-12-01T00:00:00.000+01:00,2025-11-30T23:00:00Z,2225.9877688172,37
472,Potencia disponible de generación Hidráulica UGH horizonte horario,2025-12-01T00:00:00.000+01:00,2025-11-30T23:00:00Z,512.89206989247,35
472,Potencia disponible de generación Hidráulica UGH horizonte horario,2025-12-01T00:00:00.000+01:00,2025-11-30T23:00:00Z,16.5,34
472,Potencia disponible de generación Hidráulica UGH horizonte horario,2025-12-01T00:00:00.000+01:00,2025-11-30T23:00:00Z,0.6,33
472,Potencia disponible de generación Hidráulica UGH horizonte horario,2025-12-01T00:00:00.000+01:00,2025-11-30T23:00:00Z,19.0,32
472,Potencia disponible de generación Hidráulica UGH horizonte horario,2025-12-01T00:00:00.000+01:00,2025-11-30T23:00:00Z,230.08373655914,30
472,Potencia disponible de generación Hidráulica UGH horizonte horario,2025-12-01T00:00:00.000+01:00,2025-11-30T23:00:00Z,591.90994623656,28
472,Potencia disponible de generación Hidráulica UGH horizonte horario,2025-12-01T00:00:00.000+01:00,2025-11-30T23:00:00Z,945.8,43
472,Potencia disponible de generación Hidráulica UGH horizonte horario,2026-01-01T00:00:00.000+01:00,2025-12-31T23:00:00Z,120.82352150538,52
472,Potencia disponible de generación Hidráulica UGH horizonte horario,2026-01-01T00:00:00.000+01:00,2025-12-31T23:00:00Z,423.54435483871,56
472,Potencia disponible de generación Hidráulica UGH horizonte horario,2026-01-01T00:00:00.000+01:00,2025-12-31T23:00:00Z,12.1,57
472,Potencia disponible de generación Hidráulica UGH horizonte horario,2026-01-01T00:00:00.000+01:00,2025-12-31T23:00:00Z,2.0,59
472,Potencia disponible de generación Hidráulica UGH horizonte horario,2026-01-01T00:00:00.000+01:00,2025-12-31T23:00:00Z,376.31451612903,50
472,Potencia disponible de generación Hidráulica UGH horizonte horario,2026-01-01T00:00:00.000+01:00,2025-12-31T23:00:00Z,11.8,64
472,Potencia disponible de generación Hidráulica UGH horizonte horario,2026-01-01T00:00:00.000+01:00,2025-12-31T23:00:00Z,4.3,69
472,Potencia disponible de generación Hidráulica UGH horizonte horario,2026-01-01T00:00:00.000+01:00,2025-12-31T23:00:00Z,190.2935483871,70
472,Potencia disponible de generación Hidráulica UGH horizonte horario,2026-01-01T00:00:00.000+01:00,2025-12-31T23:00:00Z,514.10295698925,71
472,Potencia disponible de generación Hidráulica UGH horizonte horario,2026-01-01T00:00:00.000+01:00,2025-12-31T23:00:00Z,389.5,62
472,Potencia disponible de generación Hidráulica UGH horizonte horario,2026-01-01T00:00:00.000+01:00,2025-12-31T23:00:00Z,3339.36397849462,48
472,Potencia disponible de generación Hidráulica UGH horizonte horario,2026-01-01T00:00:00.000+01:00,2025-12-31T23:00:00Z,4.7,72
472,Potencia disponible de generación Hidráulica UGH horizonte horario,2026-01-01T00:00:00.000+01:00,2025-12-31T23:00:00Z,945.8,43
472,Potencia disponible de generación Hidráulica UGH horizonte horario,2026-01-01T00:00:00.000+01:00,2025-12-31T23:00:00Z,591.75241935484,28
472,Potencia disponible de generación Hidráulica UGH horizonte horario,2026-01-01T00:00:00.000+01:00,2025-12-31T23:00:00Z,247.6936827957,30
472,Potencia disponible de generación Hidráulica UGH horizonte horario,2026-01-01T00:00:00.000+01:00,2025-12-31T23:00:00Z,20.0064516129,32
472,Potencia disponible de generación Hidráulica UGH horizonte horario,2026-01-01T00:00:00.000+01:00,2025-12-31T23:00:00Z,0.6,33
472,Potencia disponible de generación Hidráulica UGH horizonte horario,2026-01-01T00:00:00.000+01:00,2025-12-31T23:00:00Z,16.5,34
472,Potencia disponible de generación Hidráulica UGH horizonte horario,2026-01-01T00:00:00.000+01:00,2025-12-31T23:00:00Z,2014.30456989247,44
472,Potencia disponible de generación Hidráulica UGH horizonte horario,2026-01-01T00:00:00.000+01:00,2025-12-31T23:00:00Z,2247.62661290323,37
472,Potencia disponible de generación Hidráulica UGH horizonte horario,2026-01-01T00:00:00.000+01:00,2025-12-31T23:00:00Z,1593.72674731183,39
472,Potencia disponible de generación Hidráulica UGH horizonte horario,2026-01-01T00:00:00.000+01:00,2025-12-31T23:00:00Z,3.3,40
472,Potencia disponible de generación Hidráulica UGH horizonte horario,2026-01-01T00:00:00.000+01:00,2025-12-31T23:00:00Z,13.3,41
472,Potencia disponible de generación Hidráulica UGH horizonte horario,2026-01-01T00:00:00.000+01:00,2025-12-31T23:00:00Z,531.3,35
472,Potencia disponible de generación Hidráulica UGH horizonte horario,2026-02-01T00:00:00.000+01:00,2026-01-31T23:00:00Z,119.90342261905,52
472,Potencia disponible de generación Hidráulica UGH horizonte horario,2026-02-01T00:00:00.000+01:00,2026-01-31T23:00:00Z,423.9,56
472,Potencia disponible de generación Hidráulica UGH horizonte horario,2026-02-01T00:00:00.000+01:00,2026-01-31T23:00:00Z,12.1,57
472,Potencia disponible de generación Hidráulica UGH horizonte horario,2026-02-01T00:00:00.000+01:00,2026-01-31T23:00:00Z,2.0,59
472,Potencia disponible de generación Hidráulica UGH horizonte horario,2026-02-01T00:00:00.000+01:00,2026-01-31T23:00:00Z,389.44196428571,62
472,Potencia disponible de generación Hidráulica UGH horizonte horario,2026-02-01T00:00:00.000+01:00,2026-01-31T23:00:00Z,4.3,69
472,Potencia disponible de generación Hidráulica UGH horizonte horario,2026-02-01T00:00:00.000+01:00,2026-01-31T23:00:00Z,188.2,70
472,Potencia disponible de generación Hidráulica UGH horizonte horario,2026-02-01T00:00:00.000+01:00,2026-01-31T23:00:00Z,523.80848214286,71
472,Potencia disponible de generación Hidráulica UGH horizonte horario,2026-02-01T00:00:00.000+01:00,2026-01-31T23:00:00Z,4.7,72
472,Potencia disponible de generación Hidráulica UGH horizonte horario,2026-02-01T00:00:00.000+01:00,2026-01-31T23:00:00Z,371.92514880952,50
472,Potencia disponible de generación Hidráulica UGH horizonte horario,2026-02-01T00:00:00.000+01:00,2026-01-31T23:00:00Z,11.8,64
472,Potencia disponible de generación Hidráulica UGH horizonte horario,2026-02-01T00:00:00.000+01:00,2026-01-31T23:00:00Z,3288.41726190476,48
472,Potencia disponible de generación Hidráulica UGH horizonte horario,2026-02-01T00:00:00.000+01:00,2026-01-31T23:00:00Z,1934.22321428571,44
472,Potencia disponible de generación Hidráulica UGH horizonte horario,2026-02-01T00:00:00.000+01:00,2026-01-31T23:00:00Z,944.86428571429,43
472,Potencia disponible de generación Hidráulica UGH horizonte horario,2026-02-01T00:00:00.000+01:00,2026-01-31T23:00:00Z,13.3,41
472,Potencia disponible de generación Hidráulica UGH horizonte horario,2026-02-01T00:00:00.000+01:00,2026-01-31T23:00:00Z,3.3,40
472,Potencia disponible de generación Hidráulica UGH horizonte horario,2026-02-01T00:00:00.000+01:00,2026-01-31T23:00:00Z,1582.95074404762,39
472,Potencia disponible de generación Hidráulica UGH horizonte horario,2026-02-01T00:00:00.000+01:00,2026-01-31T23:00:00Z,2251.62217261905,37
472,Potencia disponible de generación Hidráulica UGH horizonte horario,2026-02-01T00:00:00.000+01:00,2026-01-31T23:00:00Z,458.83779761905,35
472,Potencia disponible de generación Hidráulica UGH horizonte horario,2026-02-01T00:00:00.000+01:00,2026-01-31T23:00:00Z,16.5,34
472,Potencia disponible de generación Hidráulica UGH horizonte horario,2026-02-01T00:00:00.000+01:00,2026-01-31T23:00:00Z,0.6,33
472,Potencia disponible de generación Hidráulica UGH horizonte horario,2026-02-01T00:00:00.000+01:00,2026-01-31T23:00:00Z,22.1,32
472,Potencia disponible de generación Hidráulica UGH horizonte horario,2026-02-01T00:00:00.000+01:00,2026-01-31T23:00:00Z,272.56488095238,30
472,Potencia disponible de generación Hidráulica UGH horizonte horario,2026-02-01T00:00:00.000+01:00,2026-01-31T23:00:00Z,508.21636904762,28
472,Potencia disponible de generación Hidráulica UGH horizonte horario,2026-03-01T00:00:00.000+01:00,2026-02-28T23:00:00Z,119.78384925976,52
472,Potencia disponible de generación Hidráulica UGH horizonte horario,2026-03-01T00:00:00.000+01:00,2026-02-28T23:00:00Z,421.84347240915,56
472,Potencia disponible de generación Hidráulica UGH horizonte horario,2026-03-01T00:00:00.000+01:00,2026-02-28T23:00:00Z,12.1,57
472,Potencia disponible de generación Hidráulica UGH horizonte horario,2026-03-01T00:00:00.000+01:00,2026-02-28T23:00:00Z,2.0,59
472,Potencia disponible de generación Hidráulica UGH horizonte horario,2026-03-01T00:00:00.000+01:00,2026-02-28T23:00:00Z,384.70094212651,62
472,Potencia disponible de generación Hidráulica UGH horizonte horario,2026-03-01T00:00:00.000+01:00,2026-02-28T23:00:00Z,4.7,72
472,Potencia disponible de generación Hidráulica UGH horizonte horario,2026-03-01T00:00:00.000+01:00,2026-02-28T23:00:00Z,4.3,69
472,Potencia disponible de generación Hidráulica UGH horizonte horario,2026-03-01T00:00:00.000+01:00,2026-02-28T23:00:00Z,188.2,70
472,Potencia disponible de generación Hidráulica UGH horizonte horario,2026-03-01T00:00:00.000+01:00,2026-02-28T23:00:00Z,535.84764468371,71
472,Potencia disponible de generación Hidráulica UGH horizonte horario,2026-03-01T00:00:00.000+01:00,2026-02-28T23:00:00Z,377.80296096904,50
472,Potencia disponible de generación Hidráulica UGH horizonte horario,2026-03-01T00:00:00.000+01:00,2026-02-28T23:00:00Z,11.8,64
472,Potencia disponible de generación Hidráulica UGH horizonte horario,2026-03-01T00:00:00.000+01:00,2026-02-28T23:00:00Z,3347.92516823688,48
472,Potencia disponible de generación Hidráulica UGH horizonte horario,2026-03-01T00:00:00.000+01:00,2026-02-28T23:00:00Z,1899.03620457604,44
472,Potencia disponible de generación Hidráulica UGH horizonte horario,2026-03-01T00:00:00.000+01:00,2026-02-28T23:00:00Z,900.94562584118,43
472,Potencia disponible de generación Hidráulica UGH horizonte horario,2026-03-01T00:00:00.000+01:00,2026-02-28T23:00:00Z,331.47833109017,30
472,Potencia disponible de generación Hidráulica UGH horizonte horario,2026-03-01T00:00:00.000+01:00,2026-02-28T23:00:00Z,22.1,32
472,Potencia disponible de generación Hidráulica UGH horizonte horario,2026-03-01T00:00:00.000+01:00,2026-02-28T23:00:00Z,0.6,33
472,Potencia disponible de generación Hidráulica UGH horizonte horario,2026-03-01T00:00:00.000+01:00,2026-02-28T23:00:00Z,16.5,34
472,Potencia disponible de generación Hidráulica UGH horizonte horario,2026-03-01T00:00:00.000+01:00,2026-02-28T23:00:00Z,577.44858681023,28
472,Potencia disponible de generación Hidráulica UGH horizonte horario,2026-03-01T00:00:00.000+01:00,2026-02-28T23:00:00Z,2292.88331090175,37
472,Potencia disponible de generación Hidráulica UGH horizonte horario,2026-03-01T00:00:00.000+01:00,2026-02-28T23:00:00Z,1627.06244952894,39
472,Potencia disponible de generación Hidráulica UGH horizonte horario,2026-03-01T00:00:00.000+01:00,2026-02-28T23:00:00Z,3.3,40
472,Potencia disponible de generación Hidráulica UGH horizonte horario,2026-03-01T00:00:00.000+01:00,2026-02-28T23:00:00Z,13.3,41
472,Potencia disponible de generación Hidráulica UGH horizonte horario,2026-03-01T00:00:00.000+01:00,2026-02-28T23:00:00Z,447.84064602961,35
472,Potencia disponible de generación Hidráulica UGH horizonte horario,2026-04-01T00:00:00.000+02:00,2026-03-31T22:00:00Z,121.35208333333,52
472,Potencia disponible de generación Hidráulica UGH horizonte horario,2026-04-01T00:00:00.000+02:00,2026-03-31T22:00:00Z,4.7,72
472,Potencia disponible de generación Hidráulica UGH horizonte horario,2026-04-01T00:00:00.000+02:00,2026-03-31T22:00:00Z,538.54166666667,71
472,Potencia disponible de generación Hidráulica UGH horizonte horario,2026-04-01T00:00:00.000+02:00,2026-03-31T22:00:00Z,188.2,70
472,Potencia disponible de generación Hidráulica UGH horizonte horario,2026-04-01T00:00:00.000+02:00,2026-03-31T22:00:00Z,4.3,69
472,Potencia disponible de generación Hidráulica UGH horizonte horario,2026-04-01T00:00:00.000+02:00,2026-03-31T22:00:00Z,11.8,64
472,Potencia disponible de generación Hidráulica UGH horizonte horario,2026-04-01T00:00:00.000+02:00,2026-03-31T22:00:00Z,389.23,62
472,Potencia disponible de generación Hidráulica UGH horizonte horario,2026-04-01T00:00:00.000+02:00,2026-03-31T22:00:00Z,2.0,59
472,Potencia disponible de generación Hidráulica UGH horizonte horario,2026-04-01T00:00:00.000+02:00,2026-03-31T22:00:00Z,12.1,57
472,Potencia disponible de generación Hidráulica UGH horizonte horario,2026-04-01T00:00:00.000+02:00,2026-03-31T22:00:00Z,423.9,56
472,Potencia disponible de generación Hidráulica UGH horizonte horario,2026-04-01T00:00:00.000+02:00,2026-03-31T22:00:00Z,365.84430555556,50
472,Potencia disponible de generación Hidráulica UGH horizonte horario,2026-04-01T00:00:00.000+02:00,2026-03-31T22:00:00Z,3244.04263888889,48
472,Potencia disponible de generación Hidráulica UGH horizonte horario,2026-04-01T00:00:00.000+02:00,2026-03-31T22:00:00Z,590.67819444444,28
472,Potencia disponible de generación Hidráulica UGH horizonte horario,2026-04-01T00:00:00.000+02:00,2026-03-31T22:00:00Z,1936.97180555556,44
472,Potencia disponible de generación Hidráulica UGH horizonte horario,2026-04-01T00:00:00.000+02:00,2026-03-31T22:00:00Z,331.93375,30
472,Potencia disponible de generación Hidráulica UGH horizonte horario,2026-04-01T00:00:00.000+02:00,2026-03-31T22:00:00Z,22.1,32
472,Potencia disponible de generación Hidráulica UGH horizonte horario,2026-04-01T00:00:00.000+02:00,2026-03-31T22:00:00Z,33.3,34
472,Potencia disponible de generación Hidráulica UGH horizonte horario,2026-04-01T00:00:00.000+02:00,2026-03-31T22:00:00Z,514.5,35
472,Potencia disponible de generación Hidráulica UGH horizonte horario,2026-04-01T00:00:00.000+02:00,2026-03-31T22:00:00Z,0.6,33
472,Potencia disponible de generación Hidráulica UGH horizonte horario,2026-04-01T00:00:00.000+02:00,2026-03-31T22:00:00Z,1689.71291666667,39
472,Potencia disponible de generación Hidráulica UGH horizonte horario,2026-04-01T00:00:00.000+02:00,2026-03-31T22:00:00Z,3.3,40
472,Potencia disponible de generación Hidráulica UGH horizonte horario,2026-04-01T00:00:00.000+02:00,2026-03-31T22:00:00Z,13.3,41
472,Potencia disponible de generación Hidráulica UGH horizonte horario,2026-04-01T00:00:00.000+02:00,2026-03-31T22:00:00Z,918.29013888889,43
472,Potencia disponible de generación Hidráulica UGH horizonte horario,2026-04-01T00:00:00.000+02:00,2026-03-31T22:00:00Z,2362.54,37
472,Potencia disponible de generación Hidráulica UGH horizonte horario,2026-05-01T00:00:00.000+02:00,2026-04-30T22:00:00Z,2.0,59
472,Potencia disponible de generación Hidráulica UGH horizonte horario,2026-05-01T00:00:00.000+02:00,2026-04-30T22:00:00Z,144.12459677419,52
472,Potencia disponible de generación Hidráulica UGH horizonte horario,2026-05-01T00:00:00.000+02:00,2026-04-30T22:00:00Z,423.9,56
472,Potencia disponible de generación Hidráulica UGH horizonte horario,2026-05-01T00:00:00.000+02:00,2026-04-30T22:00:00Z,12.1,57
472,Potencia disponible de generación Hidráulica UGH horizonte horario,2026-05-01T00:00:00.000+02:00,2026-04-30T22:00:00Z,4.7,72
472,Potencia disponible de generación Hidráulica UGH horizonte horario,2026-05-01T00:00:00.000+02:00,2026-04-30T22:00:00Z,368.75080645161,50
472,Potencia disponible de generación Hidráulica UGH horizonte horario,2026-05-01T00:00:00.000+02:00,2026-04-30T22:00:00Z,11.8,64
472,Potencia disponible de generación Hidráulica UGH horizonte horario,2026-05-01T00:00:00.000+02:00,2026-04-30T22:00:00Z,4.3,69
472,Potencia disponible de generación Hidráulica UGH horizonte horario,2026-05-01T00:00:00.000+02:00,2026-04-30T22:00:00Z,188.2,70
472,Potencia disponible de generación Hidráulica UGH horizonte horario,2026-05-01T00:00:00.000+02:00,2026-04-30T22:00:00Z,533.57325268817,71
472,Potencia disponible de generación Hidráulica UGH horizonte horario,2026-05-01T00:00:00.000+02:00,2026-04-30T22:00:00Z,389.5,62
472,Potencia disponible de generación Hidráulica UGH horizonte horario,2026-05-01T00:00:00.000+02:00,2026-04-30T22:00:00Z,3170.98615591398,48
472,Potencia disponible de generación Hidráulica UGH horizonte horario,2026-05-01T00:00:00.000+02:00,2026-04-30T22:00:00Z,489.80887096774,35
472,Potencia disponible de generación Hidráulica UGH horizonte horario,2026-05-01T00:00:00.000+02:00,2026-04-30T22:00:00Z,818.23655913979,43
472,Potencia disponible de generación Hidráulica UGH horizonte horario,2026-05-01T00:00:00.000+02:00,2026-04-30T22:00:00Z,592.0,28
472,Potencia disponible de generación Hidráulica UGH horizonte horario,2026-05-01T00:00:00.000+02:00,2026-04-30T22:00:00Z,330.79032258065,30
472,Potencia disponible de generación Hidráulica UGH horizonte horario,2026-05-01T00:00:00.000+02:00,2026-04-30T22:00:00Z,22.1,32
472,Potencia disponible de generación Hidráulica UGH horizonte horario,2026-05-01T00:00:00.000+02:00,2026-04-30T22:00:00Z,0.6,33
472,Potencia disponible de generación Hidráulica UGH horizonte horario,2026-05-01T00:00:00.000+02:00,2026-04-30T22:00:00Z,1896.11599462366,44
472,Potencia disponible de generación Hidráulica UGH horizonte horario,2026-05-01T00:00:00.000+02:00,2026-04-30T22:00:00Z,1916.9247311828,37
472,Potencia disponible de generación Hidráulica UGH horizonte horario,2026-05-01T00:00:00.000+02:00,2026-04-30T22:00:00Z,1683.20295698925,39
472,Potencia disponible de generación Hidráulica UGH horizonte horario,2026-05-01T00:00:00.000+02:00,2026-04-30T22:00:00Z,3.3,40
472,Potencia disponible de generación Hidráulica UGH horizonte horario,2026-05-01T00:00:00.000+02:00,2026-04-30T22:00:00Z,13.3,41
472,Potencia disponible de generación Hidráulica UGH horizonte horario,2026-05-01T00:00:00.000+02:00,2026-04-30T22:00:00Z,33.3,34
472,Potencia disponible de generación Hidráulica UGH horizonte horario,2026-06-01T00:00:00.000+02:00,2026-05-31T22:00:00Z,144.75611111111,52
472,Potencia disponible de generación Hidráulica UGH horizonte horario,2026-06-01T00:00:00.000+02:00,2026-05-31T22:00:00Z,4.7,72
472,Potencia disponible de generación Hidráulica UGH horizonte horario,2026-06-01T00:00:00.000+02:00,2026-05-31T22:00:00Z,479.40638888889,71
472,Potencia disponible de generación Hidráulica UGH horizonte horario,2026-06-01T00:00:00.000+02:00,2026-05-31T22:00:00Z,180.28416666667,70
472,Potencia disponible de generación Hidráulica UGH horizonte horario,2026-06-01T00:00:00.000+02:00,2026-05-31T22:00:00Z,4.3,69
472,Potencia disponible de generación Hidráulica UGH horizonte horario,2026-06-01T00:00:00.000+02:00,2026-05-31T22:00:00Z,11.8,64
472,Potencia disponible de generación Hidráulica UGH horizonte horario,2026-06-01T00:00:00.000+02:00,2026-05-31T22:00:00Z,389.5,62
472,Potencia disponible de generación Hidráulica UGH horizonte horario,2026-06-01T00:00:00.000+02:00,2026-05-31T22:00:00Z,2.0,59
472,Potencia disponible de generación Hidráulica UGH horizonte horario,2026-06-01T00:00:00.000+02:00,2026-05-31T22:00:00Z,12.1,57
472,Potencia disponible de generación Hidráulica UGH horizonte horario,2026-06-01T00:00:00.000+02:00,2026-05-31T22:00:00Z,418.42097222222,56
472,Potencia disponible de generación Hidráulica UGH horizonte horario,2026-06-01T00:00:00.000+02:00,2026-05-31T22:00:00Z,367.30027777778,50
472,Potencia disponible de generación Hidráulica UGH horizonte horario,2026-06-01T00:00:00.000+02:00,2026-05-31T22:00:00Z,2779.50611111111,48
472,Potencia disponible de generación Hidráulica UGH horizonte horario,2026-06-01T00:00:00.000+02:00,2026-05-31T22:00:00Z,591.14833333333,28
472,Potencia disponible de generación Hidráulica UGH horizonte horario,2026-06-01T00:00:00.000+02:00,2026-05-31T22:00:00Z,1849.59708333333,44
472,Potencia disponible de generación Hidráulica UGH horizonte horario,2026-06-01T00:00:00.000+02:00,2026-05-31T22:00:00Z,311.58111111111,30
472,Potencia disponible de generación Hidráulica UGH horizonte horario,2026-06-01T00:00:00.000+02:00,2026-05-31T22:00:00Z,22.1,32
472,Potencia disponible de generación Hidráulica UGH horizonte horario,2026-06-01T00:00:00.000+02:00,2026-05-31T22:00:00Z,33.3,34
472,Potencia disponible de generación Hidráulica UGH horizonte horario,2026-06-01T00:00:00.000+02:00,2026-05-31T22:00:00Z,512.72625,35
472,Potencia disponible de generación Hidráulica UGH horizonte horario,2026-06-01T00:00:00.000+02:00,2026-05-31T22:00:00Z,0.6,33
472,Potencia disponible de generación Hidráulica UGH horizonte horario,2026-06-01T00:00:00.000+02:00,2026-05-31T22:00:00Z,1586.08736111111,39
472,Potencia disponible de generación Hidráulica UGH horizonte horario,2026-06-01T00:00:00.000+02:00,2026-05-31T22:00:00Z,3.3,40
472,Potencia disponible de generación Hidráulica UGH horizonte horario,2026-06-01T00:00:00.000+02:00,2026-05-31T22:00:00Z,13.3,41
472,Potencia disponible de generación Hidráulica UGH horizonte horario,2026-06-01T00:00:00.000+02:00,2026-05-31T22:00:00Z,689.74875,43
472,Potencia disponible de generación Hidráulica UGH horizonte horario,2026-06-01T00:00:00.000+02:00,2026-05-31T22:00:00Z,1831.34069444444,37
472,Potencia disponible de generación Hidráulica UGH horizonte horario,2026-07-01T00:00:00.000+02:00,2026-06-30T22:00:00Z,4.7,72
472,Potencia disponible de generación Hidráulica UGH horizonte horario,2026-07-01T00:00:00.000+02:00,2026-06-30T22:00:00Z,150.4377688172,52
472,Potencia disponible de generación Hidráulica UGH horizonte horario,2026-07-01T00:00:00.000+02:00,2026-06-30T22:00:00Z,423.9,56
472,Potencia disponible de generación Hidráulica UGH horizonte horario,2026-07-01T00:00:00.000+02:00,2026-06-30T22:00:00Z,12.1,57
472,Potencia disponible de generación Hidráulica UGH horizonte horario,2026-07-01T00:00:00.000+02:00,2026-06-30T22:00:00Z,2.0,59
472,Potencia disponible de generación Hidráulica UGH horizonte horario,2026-07-01T00:00:00.000+02:00,2026-06-30T22:00:00Z,343.27540322581,50
472,Potencia disponible de generación Hidráulica UGH horizonte horario,2026-07-01T00:00:00.000+02:00,2026-06-30T22:00:00Z,11.8,64
472,Potencia disponible de generación Hidráulica UGH horizonte horario,2026-07-01T00:00:00.000+02:00,2026-06-30T22:00:00Z,4.3,69
472,Potencia disponible de generación Hidráulica UGH horizonte horario,2026-07-01T00:00:00.000+02:00,2026-06-30T22:00:00Z,168.21612903226,70
472,Potencia disponible de generación Hidráulica UGH horizonte horario,2026-07-01T00:00:00.000+02:00,2026-06-30T22:00:00Z,524.11196236559,71
472,Potencia disponible de generación Hidráulica UGH horizonte horario,2026-07-01T00:00:00.000+02:00,2026-06-30T22:00:00Z,363.20833333333,62
472,Potencia disponible de generación Hidráulica UGH horizonte horario,2026-07-01T00:00:00.000+02:00,2026-06-30T22:00:00Z,3006.01760752688,48
472,Potencia disponible de generación Hidráulica UGH horizonte horario,2026-07-01T00:00:00.000+02:00,2026-06-30T22:00:00Z,2131.11827956989,37
472,Potencia disponible de generación Hidráulica UGH horizonte horario,2026-07-01T00:00:00.000+02:00,2026-06-30T22:00:00Z,820.82607526882,43
472,Potencia disponible de generación Hidráulica UGH horizonte horario,2026-07-01T00:00:00.000+02:00,2026-06-30T22:00:00Z,13.3,41
472,Potencia disponible de generación Hidráulica UGH horizonte horario,2026-07-01T00:00:00.000+02:00,2026-06-30T22:00:00Z,3.3,40
472,Potencia disponible de generación Hidráulica UGH horizonte horario,2026-07-01T00:00:00.000+02:00,2026-06-30T22:00:00Z,1527.6064516129,39
472,Potencia disponible de generación Hidráulica UGH horizonte horario,2026-07-01T00:00:00.000+02:00,2026-06-30T22:00:00Z,514.5,35
472,Potencia disponible de generación Hidráulica UGH horizonte horario,2026-07-01T00:00:00.000+02:00,2026-06-30T22:00:00Z,33.3,34
472,Potencia disponible de generación Hidráulica UGH horizonte horario,2026-07-01T00:00:00.000+02:00,2026-06-30T22:00:00Z,0.6,33
472,Potencia disponible de generación Hidráulica UGH horizonte horario,2026-07-01T00:00:00.000+02:00,2026-06-30T22:00:00Z,22.1,32
472,Potencia disponible de generación Hidráulica UGH horizonte horario,2026-07-01T00:00:00.000+02:00,2026-06-30T22:00:00Z,302.86586021505,30
472,Potencia disponible de generación Hidráulica UGH horizonte horario,2026-07-01T00:00:00.000+02:00,2026-06-30T22:00:00Z,590.63830645161,28
472,Potencia disponible de generación Hidráulica UGH horizonte horario,2026-07-01T00:00:00.000+02:00,2026-06-30T22:00:00Z,1655.93239247312,44
472,Potencia disponible de generación Hidráulica UGH horizonte horario,2026-08-01T00:00:00.000+02:00,2026-07-31T22:00:00Z,297.62367288379,50
472,Potencia disponible de generación Hidráulica UGH horizonte horario,2026-08-01T00:00:00.000+02:00,2026-07-31T22:00:00Z,144.58507890961,52
472,Potencia disponible de generación Hidráulica UGH horizonte horario,2026-08-01T00:00:00.000+02:00,2026-07-31T22:00:00Z,423.9,56
472,Potencia disponible de generación Hidráulica UGH horizonte horario,2026-08-01T00:00:00.000+02:00,2026-07-31T22:00:00Z,12.1,57
472,Potencia disponible de generación Hidráulica UGH horizonte horario,2026-08-01T00:00:00.000+02:00,2026-07-31T22:00:00Z,188.2,70
472,Potencia disponible de generación Hidráulica UGH horizonte horario,2026-08-01T00:00:00.000+02:00,2026-07-31T22:00:00Z,337.15925394548,62
472,Potencia disponible de generación Hidráulica UGH horizonte horario,2026-08-01T00:00:00.000+02:00,2026-07-31T22:00:00Z,11.8,64
472,Potencia disponible de generación Hidráulica UGH horizonte horario,2026-08-01T00:00:00.000+02:00,2026-07-31T22:00:00Z,4.3,69
472,Potencia disponible de generación Hidráulica UGH horizonte horario,2026-08-01T00:00:00.000+02:00,2026-07-31T22:00:00Z,2917.35868005739,48
472,Potencia disponible de generación Hidráulica UGH horizonte horario,2026-08-01T00:00:00.000+02:00,2026-07-31T22:00:00Z,2.0,59
472,Potencia disponible de generación Hidráulica UGH horizonte horario,2026-08-01T00:00:00.000+02:00,2026-07-31T22:00:00Z,1518.31850789096,44
472,Potencia disponible de generación Hidráulica UGH horizonte horario,2026-08-01T00:00:00.000+02:00,2026-07-31T22:00:00Z,2106.38522238164,37
472,Potencia disponible de generación Hidráulica UGH horizonte horario,2026-08-01T00:00:00.000+02:00,2026-07-31T22:00:00Z,13.3,41
472,Potencia disponible de generación Hidráulica UGH horizonte horario,2026-08-01T00:00:00.000+02:00,2026-07-31T22:00:00Z,3.3,40
472,Potencia disponible de generación Hidráulica UGH horizonte horario,2026-08-01T00:00:00.000+02:00,2026-07-31T22:00:00Z,1486.57503586801,39
472,Potencia disponible de generación Hidráulica UGH horizonte horario,2026-08-01T00:00:00.000+02:00,2026-07-31T22:00:00Z,511.24261119082,35
472,Potencia disponible de generación Hidráulica UGH horizonte horario,2026-08-01T00:00:00.000+02:00,2026-07-31T22:00:00Z,33.3,34
472,Potencia disponible de generación Hidráulica UGH horizonte horario,2026-08-01T00:00:00.000+02:00,2026-07-31T22:00:00Z,0.6,33
472,Potencia disponible de generación Hidráulica UGH horizonte horario,2026-08-01T00:00:00.000+02:00,2026-07-31T22:00:00Z,22.1,32
472,Potencia disponible de generación Hidráulica UGH horizonte horario,2026-08-01T00:00:00.000+02:00,2026-07-31T22:00:00Z,318.93400286944,30
472,Potencia disponible de generación Hidráulica UGH horizonte horario,2026-08-01T00:00:00.000+02:00,2026-07-31T22:00:00Z,591.7474892396,28
472,Potencia disponible de generación Hidráulica UGH horizonte horario,2026-08-01T00:00:00.000+02:00,2026-07-31T22:00:00Z,511.79167862267,71
472,Potencia disponible de generación Hidráulica UGH horizonte horario,2026-08-01T00:00:00.000+02:00,2026-07-31T22:00:00Z,873.07460545194,43
472,Potencia disponible de generación Hidráulica UGH horizonte horario,2026-08-01T00:00:00.000+02:00,2026-07-31T22:00:00Z,4.7,72
473,Potencia disponible de generación Turbinación bombeo horizonte horario,2025-07-01T00:00:00.000+02:00,2025-06-30T22:00:00Z,137.8,27
473,Potencia disponible de generación Turbinación bombeo horizonte horario,2025-07-01T00:00:00.000+02:00,2025-06-30T22:00:00Z,303.04821428571,28
473,Potencia disponible de generación Turbinación bombeo horizonte horario,2025-07-01T00:00:00.000+02:00,2025-06-30T22:00:00Z,978.54285714286,35
473,Potencia disponible de generación Turbinación bombeo horizonte horario,2025-07-01T00:00:00.000+02:00,2025-06-30T22:00:00Z,248.30476190476,40
473,Potencia disponible de generación Turbinación bombeo horizonte horario,2025-07-01T00:00:00.000+02:00,2025-06-30T22:00:00Z,329.4,41
473,Potencia disponible de generación Turbinación bombeo horizonte horario,2025-07-01T00:00:00.000+02:00,2025-06-30T22:00:00Z,192.7,56
473,Potencia disponible de generación Turbinación bombeo horizonte horario,2025-07-01T00:00:00.000+02:00,2025-06-30T22:00:00Z,215.0,60
473,Potencia disponible de generación Turbinación bombeo horizonte horario,2025-08-01T00:00:00.000+02:00,2025-07-31T22:00:00Z,168.11827956989,60
473,Potencia disponible de generación Turbinación bombeo horizonte horario,2025-08-01T00:00:00.000+02:00,2025-07-31T22:00:00Z,207.04838709677,56
473,Potencia disponible de generación Turbinación bombeo horizonte horario,2025-08-01T00:00:00.000+02:00,2025-07-31T22:00:00Z,281.77983870968,40
473,Potencia disponible de generación Turbinación bombeo horizonte horario,2025-08-01T00:00:00.000+02:00,2025-07-31T22:00:00Z,317.88870967742,41
473,Potencia disponible de generación Turbinación bombeo horizonte horario,2025-08-01T00:00:00.000+02:00,2025-07-31T22:00:00Z,305.47876344086,28
473,Potencia disponible de generación Turbinación bombeo horizonte horario,2025-08-01T00:00:00.000+02:00,2025-07-31T22:00:00Z,135.85524193548,27
473,Potencia disponible de generación Turbinación bombeo horizonte horario,2025-08-01T00:00:00.000+02:00,2025-07-31T22:00:00Z,1136.24731182796,35
473,Potencia disponible de generación Turbinación bombeo horizonte horario,2025-09-01T00:00:00.000+02:00,2025-08-31T22:00:00Z,137.8,27
473,Potencia disponible de generación Turbinación bombeo horizonte horario,2025-09-01T00:00:00.000+02:00,2025-08-31T22:00:00Z,127.88569444444,28
473,Potencia disponible de generación Turbinación bombeo horizonte horario,2025-09-01T00:00:00.000+02:00,2025-08-31T22:00:00Z,1044.09680555556,35
473,Potencia disponible de generación Turbinación bombeo horizonte horario,2025-09-01T00:00:00.000+02:00,2025-08-31T22:00:00Z,332.13569444444,40
473,Potencia disponible de generación Turbinación bombeo horizonte horario,2025-09-01T00:00:00.000+02:00,2025-08-31T22:00:00Z,326.96,41
473,Potencia disponible de generación Turbinación bombeo horizonte horario,2025-09-01T00:00:00.000+02:00,2025-08-31T22:00:00Z,280.06666666667,56
473,Potencia disponible de generación Turbinación bombeo horizonte horario,2025-09-01T00:00:00.000+02:00,2025-08-31T22:00:00Z,161.3375,60
473,Potencia disponible de generación Turbinación bombeo horizonte horario,2025-10-01T00:00:00.000+02:00,2025-09-30T22:00:00Z,279.49395973154,56
473,Potencia disponible de generación Turbinación bombeo horizonte horario,2025-10-01T00:00:00.000+02:00,2025-09-30T22:00:00Z,161.5,60
473,Potencia disponible de generación Turbinación bombeo horizonte horario,2025-10-01T00:00:00.000+02:00,2025-09-30T22:00:00Z,338.83248322148,41
473,Potencia disponible de generación Turbinación bombeo horizonte horario,2025-10-01T00:00:00.000+02:00,2025-09-30T22:00:00Z,261.70912751678,28
473,Potencia disponible de generación Turbinación bombeo horizonte horario,2025-10-01T00:00:00.000+02:00,2025-09-30T22:00:00Z,1291.70174496644,35
473,Potencia disponible de generación Turbinación bombeo horizonte horario,2025-10-01T00:00:00.000+02:00,2025-09-30T22:00:00Z,357.37986577181,40
473,Potencia disponible de generación Turbinación bombeo horizonte horario,2025-10-01T00:00:00.000+02:00,2025-09-30T22:00:00Z,137.8,27
473,Potencia disponible de generación Turbinación bombeo horizonte horario,2025-11-01T00:00:00.000+01:00,2025-10-31T23:00:00Z,244.87180555556,56
473,Potencia disponible de generación Turbinación bombeo horizonte horario,2025-11-01T00:00:00.000+01:00,2025-10-31T23:00:00Z,297.5275,41
473,Potencia disponible de generación Turbinación bombeo horizonte horario,2025-11-01T00:00:00.000+01:00,2025-10-31T23:00:00Z,355.275,40
473,Potencia disponible de generación Turbinación bombeo horizonte horario,2025-11-01T00:00:00.000+01:00,2025-10-31T23:00:00Z,160.90555555556,60
473,Potencia disponible de generación Turbinación bombeo horizonte horario,2025-11-01T00:00:00.000+01:00,2025-10-31T23:00:00Z,273.04388888889,28
473,Potencia disponible de generación Turbinación bombeo horizonte horario,2025-11-01T00:00:00.000+01:00,2025-10-31T23:00:00Z,92.44083333333,27
473,Potencia disponible de generación Turbinación bombeo horizonte horario,2025-11-01T00:00:00.000+01:00,2025-10-31T23:00:00Z,1290.765,35
473,Potencia disponible de generación Turbinación bombeo horizonte horario,2025-12-01T00:00:00.000+01:00,2025-11-30T23:00:00Z,134.00309139785,27
473,Potencia disponible de generación Turbinación bombeo horizonte horario,2025-12-01T00:00:00.000+01:00,2025-11-30T23:00:00Z,301.59811827957,28
473,Potencia disponible de generación Turbinación bombeo horizonte horario,2025-12-01T00:00:00.000+01:00,2025-11-30T23:00:00Z,1269.79637096774,35
473,Potencia disponible de generación Turbinación bombeo horizonte horario,2025-12-01T00:00:00.000+01:00,2025-11-30T23:00:00Z,337.90551075269,40
473,Potencia disponible de generación Turbinación bombeo horizonte horario,2025-12-01T00:00:00.000+01:00,2025-11-30T23:00:00Z,269.18709677419,41
473,Potencia disponible de generación Turbinación bombeo horizonte horario,2025-12-01T00:00:00.000+01:00,2025-11-30T23:00:00Z,238.9997311828,56
473,Potencia disponible de generación Turbinación bombeo horizonte horario,2025-12-01T00:00:00.000+01:00,2025-11-30T23:00:00Z,186.1686827957,60
473,Potencia disponible de generación Turbinación bombeo horizonte horario,2026-01-01T00:00:00.000+01:00,2025-12-31T23:00:00Z,292.06209677419,41
473,Potencia disponible de generación Turbinación bombeo horizonte horario,2026-01-01T00:00:00.000+01:00,2025-12-31T23:00:00Z,265.42204301075,56
473,Potencia disponible de generación Turbinación bombeo horizonte horario,2026-01-01T00:00:00.000+01:00,2025-12-31T23:00:00Z,324.95497311828,40
473,Potencia disponible de generación Turbinación bombeo horizonte horario,2026-01-01T00:00:00.000+01:00,2025-12-31T23:00:00Z,189.36760752688,60
473,Potencia disponible de generación Turbinación bombeo horizonte horario,2026-01-01T00:00:00.000+01:00,2025-12-31T23:00:00Z,303.5626344086,28
473,Potencia disponible de generación Turbinación bombeo horizonte horario,2026-01-01T00:00:00.000+01:00,2025-12-31T23:00:00Z,137.8,27
473,Potencia disponible de generación Turbinación bombeo horizonte horario,2026-01-01T00:00:00.000+01:00,2025-12-31T23:00:00Z,1253.05913978495,35
473,Potencia disponible de generación Turbinación bombeo horizonte horario,2026-02-01T00:00:00.000+01:00,2026-01-31T23:00:00Z,140.77336309524,27
473,Potencia disponible de generación Turbinación bombeo horizonte horario,2026-02-01T00:00:00.000+01:00,2026-01-31T23:00:00Z,188.79211309524,28
473,Potencia disponible de generación Turbinación bombeo horizonte horario,2026-02-01T00:00:00.000+01:00,2026-01-31T23:00:00Z,1156.04270833333,35
473,Potencia disponible de generación Turbinación bombeo horizonte horario,2026-02-01T00:00:00.000+01:00,2026-01-31T23:00:00Z,327.30803571429,40
473,Potencia disponible de generación Turbinación bombeo horizonte horario,2026-02-01T00:00:00.000+01:00,2026-01-31T23:00:00Z,363.54910714286,41
473,Potencia disponible de generación Turbinación bombeo horizonte horario,2026-02-01T00:00:00.000+01:00,2026-01-31T23:00:00Z,257.5244047619,56
473,Potencia disponible de generación Turbinación bombeo horizonte horario,2026-02-01T00:00:00.000+01:00,2026-01-31T23:00:00Z,215.0,60
473,Potencia disponible de generación Turbinación bombeo horizonte horario,2026-03-01T00:00:00.000+01:00,2026-02-28T23:00:00Z,215.0,60
473,Potencia disponible de generación Turbinación bombeo horizonte horario,2026-03-01T00:00:00.000+01:00,2026-02-28T23:00:00Z,210.7535666218,56
473,Potencia disponible de generación Turbinación bombeo horizonte horario,2026-03-01T00:00:00.000+01:00,2026-02-28T23:00:00Z,324.37550471063,41
473,Potencia disponible de generación Turbinación bombeo horizonte horario,2026-03-01T00:00:00.000+01:00,2026-02-28T23:00:00Z,295.2336473755,40
473,Potencia disponible de generación Turbinación bombeo horizonte horario,2026-03-01T00:00:00.000+01:00,2026-02-28T23:00:00Z,189.31453566622,28
473,Potencia disponible de generación Turbinación bombeo horizonte horario,2026-03-01T00:00:00.000+01:00,2026-02-28T23:00:00Z,148.64966352624,27
473,Potencia disponible de generación Turbinación bombeo horizonte horario,2026-03-01T00:00:00.000+01:00,2026-02-28T23:00:00Z,1207.54172274563,35
473,Potencia disponible de generación Turbinación bombeo horizonte horario,2026-04-01T00:00:00.000+02:00,2026-03-31T22:00:00Z,166.12555555556,27
473,Potencia disponible de generación Turbinación bombeo horizonte horario,2026-04-01T00:00:00.000+02:00,2026-03-31T22:00:00Z,202.05430555556,28
473,Potencia disponible de generación Turbinación bombeo horizonte horario,2026-04-01T00:00:00.000+02:00,2026-03-31T22:00:00Z,1195.75805555556,35
473,Potencia disponible de generación Turbinación bombeo horizonte horario,2026-04-01T00:00:00.000+02:00,2026-03-31T22:00:00Z,360.4,40
473,Potencia disponible de generación Turbinación bombeo horizonte horario,2026-04-01T00:00:00.000+02:00,2026-03-31T22:00:00Z,437.8275,41
473,Potencia disponible de generación Turbinación bombeo horizonte horario,2026-04-01T00:00:00.000+02:00,2026-03-31T22:00:00Z,267.61180555556,56
473,Potencia disponible de generación Turbinación bombeo horizonte horario,2026-04-01T00:00:00.000+02:00,2026-03-31T22:00:00Z,199.10694444444,60
473,Potencia disponible de generación Turbinación bombeo horizonte horario,2026-05-01T00:00:00.000+02:00,2026-04-30T22:00:00Z,151.15188172043,60
473,Potencia disponible de generación Turbinación bombeo horizonte horario,2026-05-01T00:00:00.000+02:00,2026-04-30T22:00:00Z,267.93655913978,56
473,Potencia disponible de generación Turbinación bombeo horizonte horario,2026-05-01T00:00:00.000+02:00,2026-04-30T22:00:00Z,393.00725806452,41
473,Potencia disponible de generación Turbinación bombeo horizonte horario,2026-05-01T00:00:00.000+02:00,2026-04-30T22:00:00Z,165.87137096774,28
473,Potencia disponible de generación Turbinación bombeo horizonte horario,2026-05-01T00:00:00.000+02:00,2026-04-30T22:00:00Z,1254.25362903226,35
473,Potencia disponible de generación Turbinación bombeo horizonte horario,2026-05-01T00:00:00.000+02:00,2026-04-30T22:00:00Z,108.25819892473,27
473,Potencia disponible de generación Turbinación bombeo horizonte horario,2026-05-01T00:00:00.000+02:00,2026-04-30T22:00:00Z,332.5377688172,40
473,Potencia disponible de generación Turbinación bombeo horizonte horario,2026-06-01T00:00:00.000+02:00,2026-05-31T22:00:00Z,114.83333333333,27
473,Potencia disponible de generación Turbinación bombeo horizonte horario,2026-06-01T00:00:00.000+02:00,2026-05-31T22:00:00Z,217.30097222222,28
473,Potencia disponible de generación Turbinación bombeo horizonte horario,2026-06-01T00:00:00.000+02:00,2026-05-31T22:00:00Z,1209.51694444444,35
473,Potencia disponible de generación Turbinación bombeo horizonte horario,2026-06-01T00:00:00.000+02:00,2026-05-31T22:00:00Z,359.15277777778,40
473,Potencia disponible de generación Turbinación bombeo horizonte horario,2026-06-01T00:00:00.000+02:00,2026-05-31T22:00:00Z,415.105,41
473,Potencia disponible de generación Turbinación bombeo horizonte horario,2026-06-01T00:00:00.000+02:00,2026-05-31T22:00:00Z,237.72902777778,56
473,Potencia disponible de generación Turbinación bombeo horizonte horario,2026-06-01T00:00:00.000+02:00,2026-05-31T22:00:00Z,158.44166666667,60
473,Potencia disponible de generación Turbinación bombeo horizonte horario,2026-07-01T00:00:00.000+02:00,2026-06-30T22:00:00Z,160.35887096774,60
473,Potencia disponible de generación Turbinación bombeo horizonte horario,2026-07-01T00:00:00.000+02:00,2026-06-30T22:00:00Z,282.00591397849,56
473,Potencia disponible de generación Turbinación bombeo horizonte horario,2026-07-01T00:00:00.000+02:00,2026-06-30T22:00:00Z,380.16774193548,41
473,Potencia disponible de generación Turbinación bombeo horizonte horario,2026-07-01T00:00:00.000+02:00,2026-06-30T22:00:00Z,264.22715053763,28
473,Potencia disponible de generación Turbinación bombeo horizonte horario,2026-07-01T00:00:00.000+02:00,2026-06-30T22:00:00Z,1056.12782258065,35
473,Potencia disponible de generación Turbinación bombeo horizonte horario,2026-07-01T00:00:00.000+02:00,2026-06-30T22:00:00Z,77.22836021505,27
473,Potencia disponible de generación Turbinación bombeo horizonte horario,2026-07-01T00:00:00.000+02:00,2026-06-30T22:00:00Z,358.90309139785,40
473,Potencia disponible de generación Turbinación bombeo horizonte horario,2026-08-01T00:00:00.000+02:00,2026-07-31T22:00:00Z,257.38737446198,56
473,Potencia disponible de generación Turbinación bombeo horizonte horario,2026-08-01T00:00:00.000+02:00,2026-07-31T22:00:00Z,106.46384505022,27
473,Potencia disponible de generación Turbinación bombeo horizonte horario,2026-08-01T00:00:00.000+02:00,2026-07-31T22:00:00Z,230.6318507891,28
473,Potencia disponible de generación Turbinación bombeo horizonte horario,2026-08-01T00:00:00.000+02:00,2026-07-31T22:00:00Z,938.37589670014,35
473,Potencia disponible de generación Turbinación bombeo horizonte horario,2026-08-01T00:00:00.000+02:00,2026-07-31T22:00:00Z,359.36212338594,40
473,Potencia disponible de generación Turbinación bombeo horizonte horario,2026-08-01T00:00:00.000+02:00,2026-07-31T22:00:00Z,297.42094691535,41
473,Potencia disponible de generación Turbinación bombeo horizonte horario,2026-08-01T00:00:00.000+02:00,2026-07-31T22:00:00Z,159.73242467719,60
474,Potencia disponible de generación Nuclear horizonte horario,2025-07-01T00:00:00.000+02:00,2025-06-30T22:00:00Z,1057.49642857143,35
474,Potencia disponible de generación Nuclear horizonte horario,2025-07-01T00:00:00.000+02:00,2025-06-30T22:00:00Z,2017.1,37
474,Potencia disponible de generación Nuclear horizonte horario,2025-07-01T00:00:00.000+02:00,2025-06-30T22:00:00Z,2954.83333333333,42
474,Potencia disponible de generación Nuclear horizonte horario,2025-07-01T00:00:00.000+02:00,2025-06-30T22:00:00Z,1003.4,60
474,Potencia disponible de generación Nuclear horizonte horario,2025-08-01T00:00:00.000+02:00,2025-07-31T22:00:00Z,981.86693548387,35
474,Potencia disponible de generación Nuclear horizonte horario,2025-08-01T00:00:00.000+02:00,2025-07-31T22:00:00Z,2016.93870967742,37
474,Potencia disponible de generación Nuclear horizonte horario,2025-08-01T00:00:00.000+02:00,2025-07-31T22:00:00Z,2952.45295698925,42
474,Potencia disponible de generación Nuclear horizonte horario,2025-08-01T00:00:00.000+02:00,2025-07-31T22:00:00Z,1003.4,60
474,Potencia disponible de generación Nuclear horizonte horario,2025-09-01T00:00:00.000+02:00,2025-08-31T22:00:00Z,981.73513888889,35
474,Potencia disponible de generación Nuclear horizonte horario,2025-09-01T00:00:00.000+02:00,2025-08-31T22:00:00Z,1860.23125,37
474,Potencia disponible de generación Nuclear horizonte horario,2025-09-01T00:00:00.000+02:00,2025-08-31T22:00:00Z,2971.53333333333,42
474,Potencia disponible de generación Nuclear horizonte horario,2025-09-01T00:00:00.000+02:00,2025-08-31T22:00:00Z,1003.4,60
474,Potencia disponible de generación Nuclear horizonte horario,2025-10-01T00:00:00.000+02:00,2025-09-30T22:00:00Z,1002.03946308725,60
474,Potencia disponible de generación Nuclear horizonte horario,2025-10-01T00:00:00.000+02:00,2025-09-30T22:00:00Z,2757.61476510067,42
474,Potencia disponible de generación Nuclear horizonte horario,2025-10-01T00:00:00.000+02:00,2025-09-30T22:00:00Z,1054.81704697987,35
474,Potencia disponible de generación Nuclear horizonte horario,2025-10-01T00:00:00.000+02:00,2025-09-30T22:00:00Z,1173.30805369128,37
474,Potencia disponible de generación Nuclear horizonte horario,2025-11-01T00:00:00.000+01:00,2025-10-31T23:00:00Z,1053.74847222222,35
474,Potencia disponible de generación Nuclear horizonte horario,2025-11-01T00:00:00.000+01:00,2025-10-31T23:00:00Z,1563.32416666667,37
474,Potencia disponible de generación Nuclear horizonte horario,2025-11-01T00:00:00.000+01:00,2025-10-31T23:00:00Z,1974.25,42
474,Potencia disponible de generación Nuclear horizonte horario,2025-11-01T00:00:00.000+01:00,2025-10-31T23:00:00Z,1003.4,60
474,Potencia disponible de generación Nuclear horizonte horario,2025-12-01T00:00:00.000+01:00,2025-11-30T23:00:00Z,1002.58440860215,60
474,Potencia disponible de generación Nuclear horizonte horario,2025-12-01T00:00:00.000+01:00,2025-11-30T23:00:00Z,1063.9,35
474,Potencia disponible de generación Nuclear horizonte horario,2025-12-01T00:00:00.000+01:00,2025-11-30T23:00:00Z,2017.1,37
474,Potencia disponible de generación Nuclear horizonte horario,2025-12-01T00:00:00.000+01:00,2025-11-30T23:00:00Z,2428.0752688172,42
474,Potencia disponible de generación Nuclear horizonte horario,2026-01-01T00:00:00.000+01:00,2025-12-31T23:00:00Z,3032.8,42
474,Potencia disponible de generación Nuclear horizonte horario,2026-01-01T00:00:00.000+01:00,2025-12-31T23:00:00Z,1003.4,60
474,Potencia disponible de generación Nuclear horizonte horario,2026-01-01T00:00:00.000+01:00,2025-12-31T23:00:00Z,1017.80107526882,35
474,Potencia disponible de generación Nuclear horizonte horario,2026-01-01T00:00:00.000+01:00,2025-12-31T23:00:00Z,2016.93870967742,37
474,Potencia disponible de generación Nuclear horizonte horario,2026-02-01T00:00:00.000+01:00,2026-01-31T23:00:00Z,1046.44836309524,35
474,Potencia disponible de generación Nuclear horizonte horario,2026-02-01T00:00:00.000+01:00,2026-01-31T23:00:00Z,2017.1,37
474,Potencia disponible de generación Nuclear horizonte horario,2026-02-01T00:00:00.000+01:00,2026-01-31T23:00:00Z,3032.8,42
474,Potencia disponible de generación Nuclear horizonte horario,2026-02-01T00:00:00.000+01:00,2026-01-31T23:00:00Z,1003.4,60
474,Potencia disponible de generación Nuclear horizonte horario,2026-03-01T00:00:00.000+01:00,2026-02-28T23:00:00Z,1063.9,35
474,Potencia disponible de generación Nuclear horizonte horario,2026-03-01T00:00:00.000+01:00,2026-02-28T23:00:00Z,1409.48559892328,37
474,Potencia disponible de generación Nuclear horizonte horario,2026-03-01T00:00:00.000+01:00,2026-02-28T23:00:00Z,2853.81641991925,42
474,Potencia disponible de generación Nuclear horizonte horario,2026-03-01T00:00:00.000+01:00,2026-02-28T23:00:00Z,1003.4,60
474,Potencia disponible de generación Nuclear horizonte horario,2026-04-01T00:00:00.000+02:00,2026-03-31T22:00:00Z,1043.80375,35
474,Potencia disponible de generación Nuclear horizonte horario,2026-04-01T00:00:00.000+02:00,2026-03-31T22:00:00Z,1005.8,37
474,Potencia disponible de generación Nuclear horizonte horario,2026-04-01T00:00:00.000+02:00,2026-03-31T22:00:00Z,3032.8,42
474,Potencia disponible de generación Nuclear horizonte horario,2026-04-01T00:00:00.000+02:00,2026-03-31T22:00:00Z,1000.0525,60
474,Potencia disponible de generación Nuclear horizonte horario,2026-05-01T00:00:00.000+02:00,2026-04-30T22:00:00Z,1003.4,60
474,Potencia disponible de generación Nuclear horizonte horario,2026-05-01T00:00:00.000+02:00,2026-04-30T22:00:00Z,2286.3064516129,42
474,Potencia disponible de generación Nuclear horizonte horario,2026-05-01T00:00:00.000+02:00,2026-04-30T22:00:00Z,1063.9,35
474,Potencia disponible de generación Nuclear horizonte horario,2026-05-01T00:00:00.000+02:00,2026-04-30T22:00:00Z,1398.4502688172,37
474,Potencia disponible de generación Nuclear horizonte horario,2026-06-01T00:00:00.000+02:00,2026-05-31T22:00:00Z,1063.9,35
474,Potencia disponible de generación Nuclear horizonte horario,2026-06-01T00:00:00.000+02:00,2026-05-31T22:00:00Z,1730.39833333333,37
474,Potencia disponible de generación Nuclear horizonte horario,2026-06-01T00:00:00.000+02:00,2026-05-31T22:00:00Z,2539.90513888889,42
474,Potencia disponible de generación Nuclear horizonte horario,2026-06-01T00:00:00.000+02:00,2026-05-31T22:00:00Z,1003.4,60
474,Potencia disponible de generación Nuclear horizonte horario,2026-07-01T00:00:00.000+02:00,2026-06-30T22:00:00Z,1063.86008064516,35
474,Potencia disponible de generación Nuclear horizonte horario,2026-07-01T00:00:00.000+02:00,2026-06-30T22:00:00Z,2017.1,37
474,Potencia disponible de generación Nuclear horizonte horario,2026-07-01T00:00:00.000+02:00,2026-06-30T22:00:00Z,2935.37930107527,42
474,Potencia disponible de generación Nuclear horizonte horario,2026-07-01T00:00:00.000+02:00,2026-06-30T22:00:00Z,1002.25295698925,60
474,Potencia disponible de generación Nuclear horizonte horario,2026-08-01T00:00:00.000+02:00,2026-07-31T22:00:00Z,2950.28407460545,42
474,Potencia disponible de generación Nuclear horizonte horario,2026-08-01T00:00:00.000+02:00,2026-07-31T22:00:00Z,1057.30645624103,35
474,Potencia disponible de generación Nuclear horizonte horario,2026-08-01T00:00:00.000+02:00,2026-07-31T22:00:00Z,1467.19655667145,37
474,Potencia disponible de generación Nuclear horizonte horario,2026-08-01T00:00:00.000+02:00,2026-07-31T22:00:00Z,1003.4,60
475,Potencia disponible de generación Hulla antracita horizonte horario,2025-07-01T00:00:00.000+02:00,2025-06-30T22:00:00Z,346.2,71
475,Potencia disponible de generación Hulla antracita horizonte horario,2025-08-01T00:00:00.000+02:00,2025-07-31T22:00:00Z,346.2,71
475,Potencia disponible de generación Hulla antracita horizonte horario,2025-09-01T00:00:00.000+02:00,2025-08-31T22:00:00Z,346.2,71
475,Potencia disponible de generación Hulla antracita horizonte horario,2025-10-01T00:00:00.000+02:00,2025-09-30T22:00:00Z,346.2,71
475,Potencia disponible de generación Hulla antracita horizonte horario,2025-11-01T00:00:00.000+01:00,2025-10-31T23:00:00Z,346.2,71
475,Potencia disponible de generación Hulla antracita horizonte horario,2025-12-01T00:00:00.000+01:00,2025-11-30T23:00:00Z,345.43064516129,71
475,Potencia disponible de generación Hulla antracita horizonte horario,2026-01-01T00:00:00.000+01:00,2025-12-31T23:00:00Z,346.2,71
475,Potencia disponible de generación Hulla antracita horizonte horario,2026-02-01T00:00:00.000+01:00,2026-01-31T23:00:00Z,346.2,71
475,Potencia disponible de generación Hulla antracita horizonte horario,2026-03-01T00:00:00.000+01:00,2026-02-28T23:00:00Z,345.78788694482,71
475,Potencia disponible de generación Hulla antracita horizonte horario,2026-04-01T00:00:00.000+02:00,2026-03-31T22:00:00Z,345.905,71
475,Potencia disponible de generación Hulla antracita horizonte horario,2026-05-01T00:00:00.000+02:00,2026-04-30T22:00:00Z,344.80241935484,71
475,Potencia disponible de generación Hulla antracita horizonte horario,2026-06-01T00:00:00.000+02:00,2026-05-31T22:00:00Z,346.2,71
475,Potencia disponible de generación Hulla antracita horizonte horario,2026-07-01T00:00:00.000+02:00,2026-06-30T22:00:00Z,324.15241935484,71
475,Potencia disponible de generación Hulla antracita horizonte horario,2026-08-01T00:00:00.000+02:00,2026-07-31T22:00:00Z,346.2,71
476,Potencia disponible de generación Hulla sub-bituminosa horizonte horario,2025-07-01T00:00:00.000+02:00,2025-06-30T22:00:00Z,350.0,23
476,Potencia disponible de generación Hulla sub-bituminosa horizonte horario,2025-08-01T00:00:00.000+02:00,2025-07-31T22:00:00Z,350.0,23
476,Potencia disponible de generación Hulla sub-bituminosa horizonte horario,2025-09-01T00:00:00.000+02:00,2025-08-31T22:00:00Z,350.0,23
476,Potencia disponible de generación Hulla sub-bituminosa horizonte horario,2025-10-01T00:00:00.000+02:00,2025-09-30T22:00:00Z,350.0,23
476,Potencia disponible de generación Hulla sub-bituminosa horizonte horario,2025-11-01T00:00:00.000+01:00,2025-10-31T23:00:00Z,350.0,23
476,Potencia disponible de generación Hulla sub-bituminosa horizonte horario,2025-12-01T00:00:00.000+01:00,2025-11-30T23:00:00Z,350.0,23
476,Potencia disponible de generación Hulla sub-bituminosa horizonte horario,2026-01-01T00:00:00.000+01:00,2025-12-31T23:00:00Z,570.0,23
476,Potencia disponible de generación Hulla sub-bituminosa horizonte horario,2026-02-01T00:00:00.000+01:00,2026-01-31T23:00:00Z,570.0,23
476,Potencia disponible de generación Hulla sub-bituminosa horizonte horario,2026-03-01T00:00:00.000+01:00,2026-02-28T23:00:00Z,570.0,23
477,Potencia disponible de generación Ciclo combinado horizonte horario,2025-07-01T00:00:00.000+02:00,2025-06-30T22:00:00Z,3476.86428571429,23
477,Potencia disponible de generación Ciclo combinado horizonte horario,2025-07-01T00:00:00.000+02:00,2025-06-30T22:00:00Z,2662.34226190476,72
477,Potencia disponible de generación Ciclo combinado horizonte horario,2025-07-01T00:00:00.000+02:00,2025-06-30T22:00:00Z,828.61785714286,71
477,Potencia disponible de generación Ciclo combinado horizonte horario,2025-07-01T00:00:00.000+02:00,2025-06-30T22:00:00Z,1182.8,70
477,Potencia disponible de generación Ciclo combinado horizonte horario,2025-07-01T00:00:00.000+02:00,2025-06-30T22:00:00Z,784.6,68
477,Potencia disponible de generación Ciclo combinado horizonte horario,2025-07-01T00:00:00.000+02:00,2025-06-30T22:00:00Z,758.6,61
477,Potencia disponible de generación Ciclo combinado horizonte horario,2025-07-01T00:00:00.000+02:00,2025-06-30T22:00:00Z,415.5,56
477,Potencia disponible de generación Ciclo combinado horizonte horario,2025-07-01T00:00:00.000+02:00,2025-06-30T22:00:00Z,1228.26666666667,50
477,Potencia disponible de generación Ciclo combinado horizonte horario,2025-07-01T00:00:00.000+02:00,2025-06-30T22:00:00Z,1857.72142857143,67
477,Potencia disponible de generación Ciclo combinado horizonte horario,2025-07-01T00:00:00.000+02:00,2025-06-30T22:00:00Z,1064.27797619048,39
477,Potencia disponible de generación Ciclo combinado horizonte horario,2025-07-01T00:00:00.000+02:00,2025-06-30T22:00:00Z,790.6,38
477,Potencia disponible de generación Ciclo combinado horizonte horario,2025-07-01T00:00:00.000+02:00,2025-06-30T22:00:00Z,1232.1,35
477,Potencia disponible de generación Ciclo combinado horizonte horario,2025-07-01T00:00:00.000+02:00,2025-06-30T22:00:00Z,1323.96071428571,34
477,Potencia disponible de generación Ciclo combinado horizonte horario,2025-07-01T00:00:00.000+02:00,2025-06-30T22:00:00Z,1005.68571428571,32
477,Potencia disponible de generación Ciclo combinado horizonte horario,2025-07-01T00:00:00.000+02:00,2025-06-30T22:00:00Z,1134.575,26
477,Potencia disponible de generación Ciclo combinado horizonte horario,2025-07-01T00:00:00.000+02:00,2025-06-30T22:00:00Z,416.9,42
477,Potencia disponible de generación Ciclo combinado horizonte horario,2025-08-01T00:00:00.000+02:00,2025-07-31T22:00:00Z,415.5,56
477,Potencia disponible de generación Ciclo combinado horizonte horario,2025-08-01T00:00:00.000+02:00,2025-07-31T22:00:00Z,2145.91384408602,72
477,Potencia disponible de generación Ciclo combinado horizonte horario,2025-08-01T00:00:00.000+02:00,2025-07-31T22:00:00Z,840.35806451613,71
477,Potencia disponible de generación Ciclo combinado horizonte horario,2025-08-01T00:00:00.000+02:00,2025-07-31T22:00:00Z,1182.8,70
477,Potencia disponible de generación Ciclo combinado horizonte horario,2025-08-01T00:00:00.000+02:00,2025-07-31T22:00:00Z,784.6,68
477,Potencia disponible de generación Ciclo combinado horizonte horario,2025-08-01T00:00:00.000+02:00,2025-07-31T22:00:00Z,674.46451612903,61
477,Potencia disponible de generación Ciclo combinado horizonte horario,2025-08-01T00:00:00.000+02:00,2025-07-31T22:00:00Z,1243.21841397849,50
477,Potencia disponible de generación Ciclo combinado horizonte horario,2025-08-01T00:00:00.000+02:00,2025-07-31T22:00:00Z,2336.71196236559,67
477,Potencia disponible de generación Ciclo combinado horizonte horario,2025-08-01T00:00:00.000+02:00,2025-07-31T22:00:00Z,1076.4564516129,39
477,Potencia disponible de generación Ciclo combinado horizonte horario,2025-08-01T00:00:00.000+02:00,2025-07-31T22:00:00Z,790.6,38
477,Potencia disponible de generación Ciclo combinado horizonte horario,2025-08-01T00:00:00.000+02:00,2025-07-31T22:00:00Z,1212.25161290323,35
477,Potencia disponible de generación Ciclo combinado horizonte horario,2025-08-01T00:00:00.000+02:00,2025-07-31T22:00:00Z,1451.02069892473,34
477,Potencia disponible de generación Ciclo combinado horizonte horario,2025-08-01T00:00:00.000+02:00,2025-07-31T22:00:00Z,1155.87889784946,32
477,Potencia disponible de generación Ciclo combinado horizonte horario,2025-08-01T00:00:00.000+02:00,2025-07-31T22:00:00Z,1162.61612903226,26
477,Potencia disponible de generación Ciclo combinado horizonte horario,2025-08-01T00:00:00.000+02:00,2025-07-31T22:00:00Z,3698.68266129032,23
477,Potencia disponible de generación Ciclo combinado horizonte horario,2025-08-01T00:00:00.000+02:00,2025-07-31T22:00:00Z,416.9,42
477,Potencia disponible de generación Ciclo combinado horizonte horario,2025-09-01T00:00:00.000+02:00,2025-08-31T22:00:00Z,2018.61305555556,72
477,Potencia disponible de generación Ciclo combinado horizonte horario,2025-09-01T00:00:00.000+02:00,2025-08-31T22:00:00Z,642.80166666667,71
477,Potencia disponible de generación Ciclo combinado horizonte horario,2025-09-01T00:00:00.000+02:00,2025-08-31T22:00:00Z,1050.91833333333,70
477,Potencia disponible de generación Ciclo combinado horizonte horario,2025-09-01T00:00:00.000+02:00,2025-08-31T22:00:00Z,784.05194444444,68
477,Potencia disponible de generación Ciclo combinado horizonte horario,2025-09-01T00:00:00.000+02:00,2025-08-31T22:00:00Z,1581.97263888889,67
477,Potencia disponible de generación Ciclo combinado horizonte horario,2025-09-01T00:00:00.000+02:00,2025-08-31T22:00:00Z,428.74583333333,61
477,Potencia disponible de generación Ciclo combinado horizonte horario,2025-09-01T00:00:00.000+02:00,2025-08-31T22:00:00Z,415.5,56
477,Potencia disponible de generación Ciclo combinado horizonte horario,2025-09-01T00:00:00.000+02:00,2025-08-31T22:00:00Z,1215.16888888889,50
477,Potencia disponible de generación Ciclo combinado horizonte horario,2025-09-01T00:00:00.000+02:00,2025-08-31T22:00:00Z,416.9,42
477,Potencia disponible de generación Ciclo combinado horizonte horario,2025-09-01T00:00:00.000+02:00,2025-08-31T22:00:00Z,790.6,38
477,Potencia disponible de generación Ciclo combinado horizonte horario,2025-09-01T00:00:00.000+02:00,2025-08-31T22:00:00Z,1231.62819444444,35
477,Potencia disponible de generación Ciclo combinado horizonte horario,2025-09-01T00:00:00.000+02:00,2025-08-31T22:00:00Z,1612.96263888889,34
477,Potencia disponible de generación Ciclo combinado horizonte horario,2025-09-01T00:00:00.000+02:00,2025-08-31T22:00:00Z,1182.28930555556,32
477,Potencia disponible de generación Ciclo combinado horizonte horario,2025-09-01T00:00:00.000+02:00,2025-08-31T22:00:00Z,1161.52958333333,26
477,Potencia disponible de generación Ciclo combinado horizonte horario,2025-09-01T00:00:00.000+02:00,2025-08-31T22:00:00Z,3386.8575,23
477,Potencia disponible de generación Ciclo combinado horizonte horario,2025-09-01T00:00:00.000+02:00,2025-08-31T22:00:00Z,1043.03375,39
477,Potencia disponible de generación Ciclo combinado horizonte horario,2025-10-01T00:00:00.000+02:00,2025-09-30T22:00:00Z,415.5,56
477,Potencia disponible de generación Ciclo combinado horizonte horario,2025-10-01T00:00:00.000+02:00,2025-09-30T22:00:00Z,2022.50993288591,72
477,Potencia disponible de generación Ciclo combinado horizonte horario,2025-10-01T00:00:00.000+02:00,2025-09-30T22:00:00Z,854.1,71
477,Potencia disponible de generación Ciclo combinado horizonte horario,2025-10-01T00:00:00.000+02:00,2025-09-30T22:00:00Z,1266.64013422819,70
477,Potencia disponible de generación Ciclo combinado horizonte horario,2025-10-01T00:00:00.000+02:00,2025-09-30T22:00:00Z,784.6,68
477,Potencia disponible de generación Ciclo combinado horizonte horario,2025-10-01T00:00:00.000+02:00,2025-09-30T22:00:00Z,1930.78577181208,67
477,Potencia disponible de generación Ciclo combinado horizonte horario,2025-10-01T00:00:00.000+02:00,2025-09-30T22:00:00Z,372.6,61
477,Potencia disponible de generación Ciclo combinado horizonte horario,2025-10-01T00:00:00.000+02:00,2025-09-30T22:00:00Z,1169.33865771812,50
477,Potencia disponible de generación Ciclo combinado horizonte horario,2025-10-01T00:00:00.000+02:00,2025-09-30T22:00:00Z,1573.09382550336,34
477,Potencia disponible de generación Ciclo combinado horizonte horario,2025-10-01T00:00:00.000+02:00,2025-09-30T22:00:00Z,813.58563758389,39
477,Potencia disponible de generación Ciclo combinado horizonte horario,2025-10-01T00:00:00.000+02:00,2025-09-30T22:00:00Z,790.6,38
477,Potencia disponible de generación Ciclo combinado horizonte horario,2025-10-01T00:00:00.000+02:00,2025-09-30T22:00:00Z,1169.63906040268,35
477,Potencia disponible de generación Ciclo combinado horizonte horario,2025-10-01T00:00:00.000+02:00,2025-09-30T22:00:00Z,526.81154362416,42
477,Potencia disponible de generación Ciclo combinado horizonte horario,2025-10-01T00:00:00.000+02:00,2025-09-30T22:00:00Z,1113.26590604027,32
477,Potencia disponible de generación Ciclo combinado horizonte horario,2025-10-01T00:00:00.000+02:00,2025-09-30T22:00:00Z,1163.65100671141,26
477,Potencia disponible de generación Ciclo combinado horizonte horario,2025-10-01T00:00:00.000+02:00,2025-09-30T22:00:00Z,3745.47208053691,23
477,Potencia disponible de generación Ciclo combinado horizonte horario,2025-11-01T00:00:00.000+01:00,2025-10-31T23:00:00Z,854.1,71
477,Potencia disponible de generación Ciclo combinado horizonte horario,2025-11-01T00:00:00.000+01:00,2025-10-31T23:00:00Z,977.66333333333,70
477,Potencia disponible de generación Ciclo combinado horizonte horario,2025-11-01T00:00:00.000+01:00,2025-10-31T23:00:00Z,784.6,68
477,Potencia disponible de generación Ciclo combinado horizonte horario,2025-11-01T00:00:00.000+01:00,2025-10-31T23:00:00Z,1734.72486111111,67
477,Potencia disponible de generación Ciclo combinado horizonte horario,2025-11-01T00:00:00.000+01:00,2025-10-31T23:00:00Z,372.6,61
477,Potencia disponible de generación Ciclo combinado horizonte horario,2025-11-01T00:00:00.000+01:00,2025-10-31T23:00:00Z,404.23541666667,56
477,Potencia disponible de generación Ciclo combinado horizonte horario,2025-11-01T00:00:00.000+01:00,2025-10-31T23:00:00Z,1090.04,50
477,Potencia disponible de generación Ciclo combinado horizonte horario,2025-11-01T00:00:00.000+01:00,2025-10-31T23:00:00Z,1980.95472222222,72
477,Potencia disponible de generación Ciclo combinado horizonte horario,2025-11-01T00:00:00.000+01:00,2025-10-31T23:00:00Z,938.70319444444,39
477,Potencia disponible de generación Ciclo combinado horizonte horario,2025-11-01T00:00:00.000+01:00,2025-10-31T23:00:00Z,790.6,38
477,Potencia disponible de generación Ciclo combinado horizonte horario,2025-11-01T00:00:00.000+01:00,2025-10-31T23:00:00Z,1110.63083333333,35
477,Potencia disponible de generación Ciclo combinado horizonte horario,2025-11-01T00:00:00.000+01:00,2025-10-31T23:00:00Z,1583.73555555556,34
477,Potencia disponible de generación Ciclo combinado horizonte horario,2025-11-01T00:00:00.000+01:00,2025-10-31T23:00:00Z,1132.21305555556,32
477,Potencia disponible de generación Ciclo combinado horizonte horario,2025-11-01T00:00:00.000+01:00,2025-10-31T23:00:00Z,1161.39583333333,26
477,Potencia disponible de generación Ciclo combinado horizonte horario,2025-11-01T00:00:00.000+01:00,2025-10-31T23:00:00Z,3543.82569444444,23
477,Potencia disponible de generación Ciclo combinado horizonte horario,2025-11-01T00:00:00.000+01:00,2025-10-31T23:00:00Z,784.13972222222,42
477,Potencia disponible de generación Ciclo combinado horizonte horario,2025-12-01T00:00:00.000+01:00,2025-11-30T23:00:00Z,2042.37405913979,72
477,Potencia disponible de generación Ciclo combinado horizonte horario,2025-12-01T00:00:00.000+01:00,2025-11-30T23:00:00Z,824.37325268817,71
477,Potencia disponible de generación Ciclo combinado horizonte horario,2025-12-01T00:00:00.000+01:00,2025-11-30T23:00:00Z,1574.9,70
477,Potencia disponible de generación Ciclo combinado horizonte horario,2025-12-01T00:00:00.000+01:00,2025-11-30T23:00:00Z,784.6,68
477,Potencia disponible de generación Ciclo combinado horizonte horario,2025-12-01T00:00:00.000+01:00,2025-11-30T23:00:00Z,1979.41666666667,67
477,Potencia disponible de generación Ciclo combinado horizonte horario,2025-12-01T00:00:00.000+01:00,2025-11-30T23:00:00Z,367.49032258065,61
477,Potencia disponible de generación Ciclo combinado horizonte horario,2025-12-01T00:00:00.000+01:00,2025-11-30T23:00:00Z,413.94556451613,56
477,Potencia disponible de generación Ciclo combinado horizonte horario,2025-12-01T00:00:00.000+01:00,2025-11-30T23:00:00Z,590.15698924731,50
477,Potencia disponible de generación Ciclo combinado horizonte horario,2025-12-01T00:00:00.000+01:00,2025-11-30T23:00:00Z,809.06975806452,42
477,Potencia disponible de generación Ciclo combinado horizonte horario,2025-12-01T00:00:00.000+01:00,2025-11-30T23:00:00Z,790.6,38
477,Potencia disponible de generación Ciclo combinado horizonte horario,2025-12-01T00:00:00.000+01:00,2025-11-30T23:00:00Z,1232.1,35
477,Potencia disponible de generación Ciclo combinado horizonte horario,2025-12-01T00:00:00.000+01:00,2025-11-30T23:00:00Z,1606.96801075269,34
477,Potencia disponible de generación Ciclo combinado horizonte horario,2025-12-01T00:00:00.000+01:00,2025-11-30T23:00:00Z,1222.2,32
477,Potencia disponible de generación Ciclo combinado horizonte horario,2025-12-01T00:00:00.000+01:00,2025-11-30T23:00:00Z,1402.69475806452,26
477,Potencia disponible de generación Ciclo combinado horizonte horario,2025-12-01T00:00:00.000+01:00,2025-11-30T23:00:00Z,3764.24099462366,23
477,Potencia disponible de generación Ciclo combinado horizonte horario,2025-12-01T00:00:00.000+01:00,2025-11-30T23:00:00Z,1072.58588709677,39
477,Potencia disponible de generación Ciclo combinado horizonte horario,2026-01-01T00:00:00.000+01:00,2025-12-31T23:00:00Z,415.5,56
477,Potencia disponible de generación Ciclo combinado horizonte horario,2026-01-01T00:00:00.000+01:00,2025-12-31T23:00:00Z,854.1,71
477,Potencia disponible de generación Ciclo combinado horizonte horario,2026-01-01T00:00:00.000+01:00,2025-12-31T23:00:00Z,1522.68602150538,70
477,Potencia disponible de generación Ciclo combinado horizonte horario,2026-01-01T00:00:00.000+01:00,2025-12-31T23:00:00Z,784.6,68
477,Potencia disponible de generación Ciclo combinado horizonte horario,2026-01-01T00:00:00.000+01:00,2025-12-31T23:00:00Z,1910.06989247312,67
477,Potencia disponible de generación Ciclo combinado horizonte horario,2026-01-01T00:00:00.000+01:00,2025-12-31T23:00:00Z,561.69005376344,61
477,Potencia disponible de generación Ciclo combinado horizonte horario,2026-01-01T00:00:00.000+01:00,2025-12-31T23:00:00Z,604.31612903226,50
477,Potencia disponible de generación Ciclo combinado horizonte horario,2026-01-01T00:00:00.000+01:00,2025-12-31T23:00:00Z,2466.9,72
477,Potencia disponible de generación Ciclo combinado horizonte horario,2026-01-01T00:00:00.000+01:00,2025-12-31T23:00:00Z,1078.9,39
477,Potencia disponible de generación Ciclo combinado horizonte horario,2026-01-01T00:00:00.000+01:00,2025-12-31T23:00:00Z,774.83830645161,38
477,Potencia disponible de generación Ciclo combinado horizonte horario,2026-01-01T00:00:00.000+01:00,2025-12-31T23:00:00Z,1223.83991935484,35
477,Potencia disponible de generación Ciclo combinado horizonte horario,2026-01-01T00:00:00.000+01:00,2025-12-31T23:00:00Z,1608.32056451613,34
477,Potencia disponible de generación Ciclo combinado horizonte horario,2026-01-01T00:00:00.000+01:00,2025-12-31T23:00:00Z,1218.42715053763,32
477,Potencia disponible de generación Ciclo combinado horizonte horario,2026-01-01T00:00:00.000+01:00,2025-12-31T23:00:00Z,1544.09758064516,26
477,Potencia disponible de generación Ciclo combinado horizonte horario,2026-01-01T00:00:00.000+01:00,2025-12-31T23:00:00Z,3481.34166666667,23
477,Potencia disponible de generación Ciclo combinado horizonte horario,2026-01-01T00:00:00.000+01:00,2025-12-31T23:00:00Z,745.72688172043,42
477,Potencia disponible de generación Ciclo combinado horizonte horario,2026-02-01T00:00:00.000+01:00,2026-01-31T23:00:00Z,1778.92797619048,72
477,Potencia disponible de generación Ciclo combinado horizonte horario,2026-02-01T00:00:00.000+01:00,2026-01-31T23:00:00Z,717.17142857143,71
477,Potencia disponible de generación Ciclo combinado horizonte horario,2026-02-01T00:00:00.000+01:00,2026-01-31T23:00:00Z,1725.87738095238,70
477,Potencia disponible de generación Ciclo combinado horizonte horario,2026-02-01T00:00:00.000+01:00,2026-01-31T23:00:00Z,771.21071428571,68
477,Potencia disponible de generación Ciclo combinado horizonte horario,2026-02-01T00:00:00.000+01:00,2026-01-31T23:00:00Z,1509.453125,67
477,Potencia disponible de generación Ciclo combinado horizonte horario,2026-02-01T00:00:00.000+01:00,2026-01-31T23:00:00Z,751.76696428571,61
477,Potencia disponible de generación Ciclo combinado horizonte horario,2026-02-01T00:00:00.000+01:00,2026-01-31T23:00:00Z,415.5,56
477,Potencia disponible de generación Ciclo combinado horizonte horario,2026-02-01T00:00:00.000+01:00,2026-01-31T23:00:00Z,452.16443452381,50
477,Potencia disponible de generación Ciclo combinado horizonte horario,2026-02-01T00:00:00.000+01:00,2026-01-31T23:00:00Z,608.80148809524,42
477,Potencia disponible de generación Ciclo combinado horizonte horario,2026-02-01T00:00:00.000+01:00,2026-01-31T23:00:00Z,1077.02678571429,39
477,Potencia disponible de generación Ciclo combinado horizonte horario,2026-02-01T00:00:00.000+01:00,2026-01-31T23:00:00Z,790.6,38
477,Potencia disponible de generación Ciclo combinado horizonte horario,2026-02-01T00:00:00.000+01:00,2026-01-31T23:00:00Z,1012.61785714286,35
477,Potencia disponible de generación Ciclo combinado horizonte horario,2026-02-01T00:00:00.000+01:00,2026-01-31T23:00:00Z,899.334375,34
477,Potencia disponible de generación Ciclo combinado horizonte horario,2026-02-01T00:00:00.000+01:00,2026-01-31T23:00:00Z,958.51785714286,32
477,Potencia disponible de generación Ciclo combinado horizonte horario,2026-02-01T00:00:00.000+01:00,2026-01-31T23:00:00Z,988.30267857143,26
477,Potencia disponible de generación Ciclo combinado horizonte horario,2026-02-01T00:00:00.000+01:00,2026-01-31T23:00:00Z,2878.06845238095,23
477,Potencia disponible de generación Ciclo combinado horizonte horario,2026-03-01T00:00:00.000+01:00,2026-02-28T23:00:00Z,2428.16352624495,72
477,Potencia disponible de generación Ciclo combinado horizonte horario,2026-03-01T00:00:00.000+01:00,2026-02-28T23:00:00Z,427.73916554509,71
477,Potencia disponible de generación Ciclo combinado horizonte horario,2026-03-01T00:00:00.000+01:00,2026-02-28T23:00:00Z,1755.22839838493,70
477,Potencia disponible de generación Ciclo combinado horizonte horario,2026-03-01T00:00:00.000+01:00,2026-02-28T23:00:00Z,756.45222072678,68
477,Potencia disponible de generación Ciclo combinado horizonte horario,2026-03-01T00:00:00.000+01:00,2026-02-28T23:00:00Z,1081.60524899058,67
477,Potencia disponible de generación Ciclo combinado horizonte horario,2026-03-01T00:00:00.000+01:00,2026-02-28T23:00:00Z,737.98519515478,61
477,Potencia disponible de generación Ciclo combinado horizonte horario,2026-03-01T00:00:00.000+01:00,2026-02-28T23:00:00Z,415.5,56
477,Potencia disponible de generación Ciclo combinado horizonte horario,2026-03-01T00:00:00.000+01:00,2026-02-28T23:00:00Z,777.64253028264,50
477,Potencia disponible de generación Ciclo combinado horizonte horario,2026-03-01T00:00:00.000+01:00,2026-02-28T23:00:00Z,604.21413189771,42
477,Potencia disponible de generación Ciclo combinado horizonte horario,2026-03-01T00:00:00.000+01:00,2026-02-28T23:00:00Z,1043.01049798116,39
477,Potencia disponible de generación Ciclo combinado horizonte horario,2026-03-01T00:00:00.000+01:00,2026-02-28T23:00:00Z,790.6,38
477,Potencia disponible de generación Ciclo combinado horizonte horario,2026-03-01T00:00:00.000+01:00,2026-02-28T23:00:00Z,1006.23593539704,35
477,Potencia disponible de generación Ciclo combinado horizonte horario,2026-03-01T00:00:00.000+01:00,2026-02-28T23:00:00Z,827.39851951548,34
477,Potencia disponible de generación Ciclo combinado horizonte horario,2026-03-01T00:00:00.000+01:00,2026-02-28T23:00:00Z,1051.94858681023,32
477,Potencia disponible de generación Ciclo combinado horizonte horario,2026-03-01T00:00:00.000+01:00,2026-02-28T23:00:00Z,1417.69057873486,26
477,Potencia disponible de generación Ciclo combinado horizonte horario,2026-03-01T00:00:00.000+01:00,2026-02-28T23:00:00Z,2873.33270524899,23
477,Potencia disponible de generación Ciclo combinado horizonte horario,2026-04-01T00:00:00.000+02:00,2026-03-31T22:00:00Z,2414.15791666667,72
477,Potencia disponible de generación Ciclo combinado horizonte horario,2026-04-01T00:00:00.000+02:00,2026-03-31T22:00:00Z,632.87222222222,71
477,Potencia disponible de generación Ciclo combinado horizonte horario,2026-04-01T00:00:00.000+02:00,2026-03-31T22:00:00Z,1888.63833333333,70
477,Potencia disponible de generación Ciclo combinado horizonte horario,2026-04-01T00:00:00.000+02:00,2026-03-31T22:00:00Z,390.0,68
477,Potencia disponible de generación Ciclo combinado horizonte horario,2026-04-01T00:00:00.000+02:00,2026-03-31T22:00:00Z,1205.96527777778,67
477,Potencia disponible de generación Ciclo combinado horizonte horario,2026-04-01T00:00:00.000+02:00,2026-03-31T22:00:00Z,758.6,61
477,Potencia disponible de generación Ciclo combinado horizonte horario,2026-04-01T00:00:00.000+02:00,2026-03-31T22:00:00Z,415.5,56
477,Potencia disponible de generación Ciclo combinado horizonte horario,2026-04-01T00:00:00.000+02:00,2026-03-31T22:00:00Z,791.6,50
477,Potencia disponible de generación Ciclo combinado horizonte horario,2026-04-01T00:00:00.000+02:00,2026-03-31T22:00:00Z,1076.87416666667,39
477,Potencia disponible de generación Ciclo combinado horizonte horario,2026-04-01T00:00:00.000+02:00,2026-03-31T22:00:00Z,790.6,38
477,Potencia disponible de generación Ciclo combinado horizonte horario,2026-04-01T00:00:00.000+02:00,2026-03-31T22:00:00Z,1232.1,35
477,Potencia disponible de generación Ciclo combinado horizonte horario,2026-04-01T00:00:00.000+02:00,2026-03-31T22:00:00Z,1219.14805555556,34
477,Potencia disponible de generación Ciclo combinado horizonte horario,2026-04-01T00:00:00.000+02:00,2026-03-31T22:00:00Z,1217.99,32
477,Potencia disponible de generación Ciclo combinado horizonte horario,2026-04-01T00:00:00.000+02:00,2026-03-31T22:00:00Z,1557.7,26
477,Potencia disponible de generación Ciclo combinado horizonte horario,2026-04-01T00:00:00.000+02:00,2026-03-31T22:00:00Z,3694.41222222222,23
477,Potencia disponible de generación Ciclo combinado horizonte horario,2026-04-01T00:00:00.000+02:00,2026-03-31T22:00:00Z,807.73888888889,42
477,Potencia disponible de generación Ciclo combinado horizonte horario,2026-05-01T00:00:00.000+02:00,2026-04-30T22:00:00Z,415.5,56
477,Potencia disponible de generación Ciclo combinado horizonte horario,2026-05-01T00:00:00.000+02:00,2026-04-30T22:00:00Z,733.60403225806,71
477,Potencia disponible de generación Ciclo combinado horizonte horario,2026-05-01T00:00:00.000+02:00,2026-04-30T22:00:00Z,1703.6748655914,70
477,Potencia disponible de generación Ciclo combinado horizonte horario,2026-05-01T00:00:00.000+02:00,2026-04-30T22:00:00Z,402.72903225806,68
477,Potencia disponible de generación Ciclo combinado horizonte horario,2026-05-01T00:00:00.000+02:00,2026-04-30T22:00:00Z,2229.58548387097,72
477,Potencia disponible de generación Ciclo combinado horizonte horario,2026-05-01T00:00:00.000+02:00,2026-04-30T22:00:00Z,1889.85752688172,67
477,Potencia disponible de generación Ciclo combinado horizonte horario,2026-05-01T00:00:00.000+02:00,2026-04-30T22:00:00Z,753.59193548387,61
477,Potencia disponible de generación Ciclo combinado horizonte horario,2026-05-01T00:00:00.000+02:00,2026-04-30T22:00:00Z,791.6,50
477,Potencia disponible de generación Ciclo combinado horizonte horario,2026-05-01T00:00:00.000+02:00,2026-04-30T22:00:00Z,838.17688172043,34
477,Potencia disponible de generación Ciclo combinado horizonte horario,2026-05-01T00:00:00.000+02:00,2026-04-30T22:00:00Z,912.24892473118,39
477,Potencia disponible de generación Ciclo combinado horizonte horario,2026-05-01T00:00:00.000+02:00,2026-04-30T22:00:00Z,790.6,38
477,Potencia disponible de generación Ciclo combinado horizonte horario,2026-05-01T00:00:00.000+02:00,2026-04-30T22:00:00Z,1229.89247311828,35
477,Potencia disponible de generación Ciclo combinado horizonte horario,2026-05-01T00:00:00.000+02:00,2026-04-30T22:00:00Z,1048.10067204301,32
477,Potencia disponible de generación Ciclo combinado horizonte horario,2026-05-01T00:00:00.000+02:00,2026-04-30T22:00:00Z,1358.17163978495,26
477,Potencia disponible de generación Ciclo combinado horizonte horario,2026-05-01T00:00:00.000+02:00,2026-04-30T22:00:00Z,3442.3747311828,23
477,Potencia disponible de generación Ciclo combinado horizonte horario,2026-05-01T00:00:00.000+02:00,2026-04-30T22:00:00Z,813.52916666667,42
477,Potencia disponible de generación Ciclo combinado horizonte horario,2026-06-01T00:00:00.000+02:00,2026-05-31T22:00:00Z,2294.92097222222,72
477,Potencia disponible de generación Ciclo combinado horizonte horario,2026-06-01T00:00:00.000+02:00,2026-05-31T22:00:00Z,815.64875,71
477,Potencia disponible de generación Ciclo combinado horizonte horario,2026-06-01T00:00:00.000+02:00,2026-05-31T22:00:00Z,1781.46166666667,70
477,Potencia disponible de generación Ciclo combinado horizonte horario,2026-06-01T00:00:00.000+02:00,2026-05-31T22:00:00Z,723.21222222222,68
477,Potencia disponible de generación Ciclo combinado horizonte horario,2026-06-01T00:00:00.000+02:00,2026-05-31T22:00:00Z,2036.32555555556,67
477,Potencia disponible de generación Ciclo combinado horizonte horario,2026-06-01T00:00:00.000+02:00,2026-05-31T22:00:00Z,757.62888888889,61
477,Potencia disponible de generación Ciclo combinado horizonte horario,2026-06-01T00:00:00.000+02:00,2026-05-31T22:00:00Z,414.99236111111,56
477,Potencia disponible de generación Ciclo combinado horizonte horario,2026-06-01T00:00:00.000+02:00,2026-05-31T22:00:00Z,789.37611111111,50
477,Potencia disponible de generación Ciclo combinado horizonte horario,2026-06-01T00:00:00.000+02:00,2026-05-31T22:00:00Z,545.22055555556,39
477,Potencia disponible de generación Ciclo combinado horizonte horario,2026-06-01T00:00:00.000+02:00,2026-05-31T22:00:00Z,790.6,38
477,Potencia disponible de generación Ciclo combinado horizonte horario,2026-06-01T00:00:00.000+02:00,2026-05-31T22:00:00Z,1169.54013888889,35
477,Potencia disponible de generación Ciclo combinado horizonte horario,2026-06-01T00:00:00.000+02:00,2026-05-31T22:00:00Z,793.51833333333,34
477,Potencia disponible de generación Ciclo combinado horizonte horario,2026-06-01T00:00:00.000+02:00,2026-05-31T22:00:00Z,1180.50555555556,32
477,Potencia disponible de generación Ciclo combinado horizonte horario,2026-06-01T00:00:00.000+02:00,2026-05-31T22:00:00Z,1231.11708333333,26
477,Potencia disponible de generación Ciclo combinado horizonte horario,2026-06-01T00:00:00.000+02:00,2026-05-31T22:00:00Z,3529.55013888889,23
477,Potencia disponible de generación Ciclo combinado horizonte horario,2026-06-01T00:00:00.000+02:00,2026-05-31T22:00:00Z,830.9,42
477,Potencia disponible de generación Ciclo combinado horizonte horario,2026-07-01T00:00:00.000+02:00,2026-06-30T22:00:00Z,408.74099462366,56
477,Potencia disponible de generación Ciclo combinado horizonte horario,2026-07-01T00:00:00.000+02:00,2026-06-30T22:00:00Z,851.23709677419,71
477,Potencia disponible de generación Ciclo combinado horizonte horario,2026-07-01T00:00:00.000+02:00,2026-06-30T22:00:00Z,1967.03440860215,70
477,Potencia disponible de generación Ciclo combinado horizonte horario,2026-07-01T00:00:00.000+02:00,2026-06-30T22:00:00Z,784.6,68
477,Potencia disponible de generación Ciclo combinado horizonte horario,2026-07-01T00:00:00.000+02:00,2026-06-30T22:00:00Z,2238.45336021505,67
477,Potencia disponible de generación Ciclo combinado horizonte horario,2026-07-01T00:00:00.000+02:00,2026-06-30T22:00:00Z,2439.87768817204,72
477,Potencia disponible de generación Ciclo combinado horizonte horario,2026-07-01T00:00:00.000+02:00,2026-06-30T22:00:00Z,714.41559139785,61
477,Potencia disponible de generación Ciclo combinado horizonte horario,2026-07-01T00:00:00.000+02:00,2026-06-30T22:00:00Z,769.70725806452,50
477,Potencia disponible de generación Ciclo combinado horizonte horario,2026-07-01T00:00:00.000+02:00,2026-06-30T22:00:00Z,1021.29959677419,35
477,Potencia disponible de generación Ciclo combinado horizonte horario,2026-07-01T00:00:00.000+02:00,2026-06-30T22:00:00Z,915.20537634409,39
477,Potencia disponible de generación Ciclo combinado horizonte horario,2026-07-01T00:00:00.000+02:00,2026-06-30T22:00:00Z,790.6,38
477,Potencia disponible de generación Ciclo combinado horizonte horario,2026-07-01T00:00:00.000+02:00,2026-06-30T22:00:00Z,1131.99690860215,34
477,Potencia disponible de generación Ciclo combinado horizonte horario,2026-07-01T00:00:00.000+02:00,2026-06-30T22:00:00Z,1212.86465053763,32
477,Potencia disponible de generación Ciclo combinado horizonte horario,2026-07-01T00:00:00.000+02:00,2026-06-30T22:00:00Z,1539.9375,26
477,Potencia disponible de generación Ciclo combinado horizonte horario,2026-07-01T00:00:00.000+02:00,2026-06-30T22:00:00Z,3387.40752688172,23
477,Potencia disponible de generación Ciclo combinado horizonte horario,2026-07-01T00:00:00.000+02:00,2026-06-30T22:00:00Z,522.08266129032,42
477,Potencia disponible de generación Ciclo combinado horizonte horario,2026-08-01T00:00:00.000+02:00,2026-07-31T22:00:00Z,1775.93084648494,70
477,Potencia disponible de generación Ciclo combinado horizonte horario,2026-08-01T00:00:00.000+02:00,2026-07-31T22:00:00Z,748.22324246772,68
477,Potencia disponible de generación Ciclo combinado horizonte horario,2026-08-01T00:00:00.000+02:00,2026-07-31T22:00:00Z,1593.2525107604,67
477,Potencia disponible de generación Ciclo combinado horizonte horario,2026-08-01T00:00:00.000+02:00,2026-07-31T22:00:00Z,588.40717360115,61
477,Potencia disponible de generación Ciclo combinado horizonte horario,2026-08-01T00:00:00.000+02:00,2026-07-31T22:00:00Z,387.86212338594,56
477,Potencia disponible de generación Ciclo combinado horizonte horario,2026-08-01T00:00:00.000+02:00,2026-07-31T22:00:00Z,765.231276901,50
477,Potencia disponible de generación Ciclo combinado horizonte horario,2026-08-01T00:00:00.000+02:00,2026-07-31T22:00:00Z,409.27847919656,42
477,Potencia disponible de generación Ciclo combinado horizonte horario,2026-08-01T00:00:00.000+02:00,2026-07-31T22:00:00Z,872.48020086083,35
477,Potencia disponible de generación Ciclo combinado horizonte horario,2026-08-01T00:00:00.000+02:00,2026-07-31T22:00:00Z,790.23371592539,38
477,Potencia disponible de generación Ciclo combinado horizonte horario,2026-08-01T00:00:00.000+02:00,2026-07-31T22:00:00Z,1491.24634146341,34
477,Potencia disponible de generación Ciclo combinado horizonte horario,2026-08-01T00:00:00.000+02:00,2026-07-31T22:00:00Z,1220.98077474892,32
477,Potencia disponible de generación Ciclo combinado horizonte horario,2026-08-01T00:00:00.000+02:00,2026-07-31T22:00:00Z,1418.8331420373,26
477,Potencia disponible de generación Ciclo combinado horizonte horario,2026-08-01T00:00:00.000+02:00,2026-07-31T22:00:00Z,3752.37718794835,23
477,Potencia disponible de generación Ciclo combinado horizonte horario,2026-08-01T00:00:00.000+02:00,2026-07-31T22:00:00Z,644.3599713056,71
477,Potencia disponible de generación Ciclo combinado horizonte horario,2026-08-01T00:00:00.000+02:00,2026-07-31T22:00:00Z,801.69239598278,39
477,Potencia disponible de generación Ciclo combinado horizonte horario,2026-08-01T00:00:00.000+02:00,2026-07-31T22:00:00Z,2363.99670014347,72
478,Potencia disponible de generación Fuel horizonte horario,2025-07-01T00:00:00.000+02:00,2025-06-30T22:00:00Z,7.9,34
478,Potencia disponible de generación Fuel horizonte horario,2025-08-01T00:00:00.000+02:00,2025-07-31T22:00:00Z,7.9,34
478,Potencia disponible de generación Fuel horizonte horario,2025-09-01T00:00:00.000+02:00,2025-08-31T22:00:00Z,7.9,34
478,Potencia disponible de generación Fuel horizonte horario,2025-10-01T00:00:00.000+02:00,2025-09-30T22:00:00Z,7.9,34
478,Potencia disponible de generación Fuel horizonte horario,2025-11-01T00:00:00.000+01:00,2025-10-31T23:00:00Z,7.9,34
478,Potencia disponible de generación Fuel horizonte horario,2025-12-01T00:00:00.000+01:00,2025-11-30T23:00:00Z,7.9,34
478,Potencia disponible de generación Fuel horizonte horario,2026-01-01T00:00:00.000+01:00,2025-12-31T23:00:00Z,7.9,34
478,Potencia disponible de generación Fuel horizonte horario,2026-02-01T00:00:00.000+01:00,2026-01-31T23:00:00Z,7.9,34
478,Potencia disponible de generación Fuel horizonte horario,2026-03-01T00:00:00.000+01:00,2026-02-28T23:00:00Z,7.9,34
478,Potencia disponible de generación Fuel horizonte horario,2026-04-01T00:00:00.000+02:00,2026-03-31T22:00:00Z,7.9,34
478,Potencia disponible de generación Fuel horizonte horario,2026-05-01T00:00:00.000+02:00,2026-04-30T22:00:00Z,7.9,34
478,Potencia disponible de generación Fuel horizonte horario,2026-06-01T00:00:00.000+02:00,2026-05-31T22:00:00Z,7.9,34
478,Potencia disponible de generación Fuel horizonte horario,2026-07-01T00:00:00.000+02:00,2026-06-30T22:00:00Z,7.9,34
478,Potencia disponible de generación Fuel horizonte horario,2026-08-01T00:00:00.000+02:00,2026-07-31T22:00:00Z,7.9,34
479,Potencia disponible de generación Gas Natural horizonte horario,2025-07-01T00:00:00.000+02:00,2025-06-30T22:00:00Z,561.8,71
479,Potencia disponible de generación Gas Natural horizonte horario,2025-08-01T00:00:00.000+02:00,2025-07-31T22:00:00Z,561.8,71
479,Potencia disponible de generación Gas Natural horizonte horario,2025-09-01T00:00:00.000+02:00,2025-08-31T22:00:00Z,561.8,71
479,Potencia disponible de generación Gas Natural horizonte horario,2025-10-01T00:00:00.000+02:00,2025-09-30T22:00:00Z,561.8,71
479,Potencia disponible de generación Gas Natural horizonte horario,2025-11-01T00:00:00.000+01:00,2025-10-31T23:00:00Z,561.8,71
479,Potencia disponible de generación Gas Natural horizonte horario,2025-12-01T00:00:00.000+01:00,2025-11-30T23:00:00Z,561.8,71
479,Potencia disponible de generación Gas Natural horizonte horario,2026-01-01T00:00:00.000+01:00,2025-12-31T23:00:00Z,535.41397849462,71
479,Potencia disponible de generación Gas Natural horizonte horario,2026-02-01T00:00:00.000+01:00,2026-01-31T23:00:00Z,560.79166666667,71
479,Potencia disponible de generación Gas Natural horizonte horario,2026-03-01T00:00:00.000+01:00,2026-02-28T23:00:00Z,561.8,71
479,Potencia disponible de generación Gas Natural horizonte horario,2026-04-01T00:00:00.000+02:00,2026-03-31T22:00:00Z,561.8,71
479,Potencia disponible de generación Gas Natural horizonte horario,2026-05-01T00:00:00.000+02:00,2026-04-30T22:00:00Z,561.8,71
479,Potencia disponible de generación Gas Natural horizonte horario,2026-06-01T00:00:00.000+02:00,2026-05-31T22:00:00Z,561.8,71
479,Potencia disponible de generación Gas Natural horizonte horario,2026-07-01T00:00:00.000+02:00,2026-06-30T22:00:00Z,561.8,71
479,Potencia disponible de generación Gas Natural horizonte horario,2026-08-01T00:00:00.000+02:00,2026-07-31T22:00:00Z,561.8,71
1475,Potencia instalada de generación hidráulica,2025-08-01T00:00:00.000+02:00,2025-07-31T22:00:00Z,618.443,4
1475,Potencia instalada de generación hidráulica,2025-08-01T00:00:00.000+02:00,2025-07-31T22:00:00Z,35.478,21
1475,Potencia instalada de generación hidráulica,2025-08-01T00:00:00.000+02:00,2025-07-31T22:00:00Z,52.426,20
1475,Potencia instalada de generación hidráulica,2025-08-01T00:00:00.000+02:00,2025-07-31T22:00:00Z,0.778,19
1475,Potencia instalada de generación hidráulica,2025-08-01T00:00:00.000+02:00,2025-07-31T22:00:00Z,3731.276,17
1475,Potencia instalada de generación hidráulica,2025-08-01T00:00:00.000+02:00,2025-07-31T22:00:00Z,642.037,15
1475,Potencia instalada de generación hidráulica,2025-08-01T00:00:00.000+02:00,2025-07-31T22:00:00Z,236.076,14
1475,Potencia instalada de generación hidráulica,2025-08-01T00:00:00.000+02:00,2025-07-31T22:00:00Z,108.517,13
1475,Potencia instalada de generación hidráulica,2025-08-01T00:00:00.000+02:00,2025-07-31T22:00:00Z,2277.362,16
1475,Potencia instalada de generación hidráulica,2025-08-01T00:00:00.000+02:00,2025-07-31T22:00:00Z,178.416,10
1475,Potencia instalada de generación hidráulica,2025-08-01T00:00:00.000+02:00,2025-07-31T22:00:00Z,1915.113,9
1475,Potencia instalada de generación hidráulica,2025-08-01T00:00:00.000+02:00,2025-07-31T22:00:00Z,4397.001,8
1475,Potencia instalada de generación hidráulica,2025-08-01T00:00:00.000+02:00,2025-07-31T22:00:00Z,648.974,7
1475,Potencia instalada de generación hidráulica,2025-08-01T00:00:00.000+02:00,2025-07-31T22:00:00Z,98.597,6
1475,Potencia instalada de generación hidráulica,2025-08-01T00:00:00.000+02:00,2025-07-31T22:00:00Z,1330.668,5
1475,Potencia instalada de generación hidráulica,2025-08-01T00:00:00.000+02:00,2025-07-31T22:00:00Z,805.66,11
1475,Potencia instalada de generación hidráulica,2025-09-01T00:00:00.000+02:00,2025-08-31T22:00:00Z,236.076,14
1475,Potencia instalada de generación hidráulica,2025-09-01T00:00:00.000+02:00,2025-08-31T22:00:00Z,35.478,21
1475,Potencia instalada de generación hidráulica,2025-09-01T00:00:00.000+02:00,2025-08-31T22:00:00Z,52.426,20
1475,Potencia instalada de generación hidráulica,2025-09-01T00:00:00.000+02:00,2025-08-31T22:00:00Z,0.778,19
1475,Potencia instalada de generación hidráulica,2025-09-01T00:00:00.000+02:00,2025-08-31T22:00:00Z,3731.276,17
1475,Potencia instalada de generación hidráulica,2025-09-01T00:00:00.000+02:00,2025-08-31T22:00:00Z,642.037,15
1475,Potencia instalada de generación hidráulica,2025-09-01T00:00:00.000+02:00,2025-08-31T22:00:00Z,108.517,13
1475,Potencia instalada de generación hidráulica,2025-09-01T00:00:00.000+02:00,2025-08-31T22:00:00Z,2277.362,16
1475,Potencia instalada de generación hidráulica,2025-09-01T00:00:00.000+02:00,2025-08-31T22:00:00Z,178.416,10
1475,Potencia instalada de generación hidráulica,2025-09-01T00:00:00.000+02:00,2025-08-31T22:00:00Z,1915.113,9
1475,Potencia instalada de generación hidráulica,2025-09-01T00:00:00.000+02:00,2025-08-31T22:00:00Z,4397.001,8
1475,Potencia instalada de generación hidráulica,2025-09-01T00:00:00.000+02:00,2025-08-31T22:00:00Z,648.974,7
1475,Potencia instalada de generación hidráulica,2025-09-01T00:00:00.000+02:00,2025-08-31T22:00:00Z,98.597,6
1475,Potencia instalada de generación hidráulica,2025-09-01T00:00:00.000+02:00,2025-08-31T22:00:00Z,1330.668,5
1475,Potencia instalada de generación hidráulica,2025-09-01T00:00:00.000+02:00,2025-08-31T22:00:00Z,618.443,4
1475,Potencia instalada de generación hidráulica,2025-09-01T00:00:00.000+02:00,2025-08-31T22:00:00Z,805.66,11
1475,Potencia instalada de generación hidráulica,2025-10-01T00:00:00.000+02:00,2025-09-30T22:00:00Z,35.478,21
1475,Potencia instalada de generación hidráulica,2025-10-01T00:00:00.000+02:00,2025-09-30T22:00:00Z,52.426,20
1475,Potencia instalada de generación hidráulica,2025-10-01T00:00:00.000+02:00,2025-09-30T22:00:00Z,0.778,19
1475,Potencia instalada de generación hidráulica,2025-10-01T00:00:00.000+02:00,2025-09-30T22:00:00Z,3731.276,17
1475,Potencia instalada de generación hidráulica,2025-10-01T00:00:00.000+02:00,2025-09-30T22:00:00Z,2277.362,16
1475,Potencia instalada de generación hidráulica,2025-10-01T00:00:00.000+02:00,2025-09-30T22:00:00Z,642.037,15
1475,Potencia instalada de generación hidráulica,2025-10-01T00:00:00.000+02:00,2025-09-30T22:00:00Z,236.076,14
1475,Potencia instalada de generación hidráulica,2025-10-01T00:00:00.000+02:00,2025-09-30T22:00:00Z,108.517,13
1475,Potencia instalada de generación hidráulica,2025-10-01T00:00:00.000+02:00,2025-09-30T22:00:00Z,805.66,11
1475,Potencia instalada de generación hidráulica,2025-10-01T00:00:00.000+02:00,2025-09-30T22:00:00Z,1915.113,9
1475,Potencia instalada de generación hidráulica,2025-10-01T00:00:00.000+02:00,2025-09-30T22:00:00Z,4397.001,8
1475,Potencia instalada de generación hidráulica,2025-10-01T00:00:00.000+02:00,2025-09-30T22:00:00Z,648.974,7
1475,Potencia instalada de generación hidráulica,2025-10-01T00:00:00.000+02:00,2025-09-30T22:00:00Z,98.597,6
1475,Potencia instalada de generación hidráulica,2025-10-01T00:00:00.000+02:00,2025-09-30T22:00:00Z,1330.668,5
1475,Potencia instalada de generación hidráulica,2025-10-01T00:00:00.000+02:00,2025-09-30T22:00:00Z,618.443,4
1475,Potencia instalada de generación hidráulica,2025-10-01T00:00:00.000+02:00,2025-09-30T22:00:00Z,178.416,10
1475,Potencia instalada de generación hidráulica,2025-11-01T00:00:00.000+01:00,2025-10-31T23:00:00Z,236.076,14
1475,Potencia instalada de generación hidráulica,2025-11-01T00:00:00.000+01:00,2025-10-31T23:00:00Z,35.478,21
1475,Potencia instalada de generación hidráulica,2025-11-01T00:00:00.000+01:00,2025-10-31T23:00:00Z,52.426,20
1475,Potencia instalada de generación hidráulica,2025-11-01T00:00:00.000+01:00,2025-10-31T23:00:00Z,0.778,19
1475,Potencia instalada de generación hidráulica,2025-11-01T00:00:00.000+01:00,2025-10-31T23:00:00Z,3731.276,17
1475,Potencia instalada de generación hidráulica,2025-11-01T00:00:00.000+01:00,2025-10-31T23:00:00Z,2277.362,16
1475,Potencia instalada de generación hidráulica,2025-11-01T00:00:00.000+01:00,2025-10-31T23:00:00Z,642.047,15
1475,Potencia instalada de generación hidráulica,2025-11-01T00:00:00.000+01:00,2025-10-31T23:00:00Z,108.517,13
1475,Potencia instalada de generación hidráulica,2025-11-01T00:00:00.000+01:00,2025-10-31T23:00:00Z,648.974,7
1475,Potencia instalada de generación hidráulica,2025-11-01T00:00:00.000+01:00,2025-10-31T23:00:00Z,178.416,10
1475,Potencia instalada de generación hidráulica,2025-11-01T00:00:00.000+01:00,2025-10-31T23:00:00Z,1915.113,9
1475,Potencia instalada de generación hidráulica,2025-11-01T00:00:00.000+01:00,2025-10-31T23:00:00Z,4397.001,8
1475,Potencia instalada de generación hidráulica,2025-11-01T00:00:00.000+01:00,2025-10-31T23:00:00Z,805.66,11
1475,Potencia instalada de generación hidráulica,2025-11-01T00:00:00.000+01:00,2025-10-31T23:00:00Z,98.597,6
1475,Potencia instalada de generación hidráulica,2025-11-01T00:00:00.000+01:00,2025-10-31T23:00:00Z,1330.668,5
1475,Potencia instalada de generación hidráulica,2025-11-01T00:00:00.000+01:00,2025-10-31T23:00:00Z,622.806,4
1475,Potencia instalada de generación hidráulica,2025-12-01T00:00:00.000+01:00,2025-11-30T23:00:00Z,35.478,21
1475,Potencia instalada de generación hidráulica,2025-12-01T00:00:00.000+01:00,2025-11-30T23:00:00Z,52.426,20
1475,Potencia instalada de generación hidráulica,2025-12-01T00:00:00.000+01:00,2025-11-30T23:00:00Z,0.778,19
1475,Potencia instalada de generación hidráulica,2025-12-01T00:00:00.000+01:00,2025-11-30T23:00:00Z,3731.276,17
1475,Potencia instalada de generación hidráulica,2025-12-01T00:00:00.000+01:00,2025-11-30T23:00:00Z,2277.362,16
1475,Potencia instalada de generación hidráulica,2025-12-01T00:00:00.000+01:00,2025-11-30T23:00:00Z,642.047,15
1475,Potencia instalada de generación hidráulica,2025-12-01T00:00:00.000+01:00,2025-11-30T23:00:00Z,236.076,14
1475,Potencia instalada de generación hidráulica,2025-12-01T00:00:00.000+01:00,2025-11-30T23:00:00Z,108.517,13
1475,Potencia instalada de generación hidráulica,2025-12-01T00:00:00.000+01:00,2025-11-30T23:00:00Z,178.416,10
1475,Potencia instalada de generación hidráulica,2025-12-01T00:00:00.000+01:00,2025-11-30T23:00:00Z,1915.113,9
1475,Potencia instalada de generación hidráulica,2025-12-01T00:00:00.000+01:00,2025-11-30T23:00:00Z,4397.001,8
1475,Potencia instalada de generación hidráulica,2025-12-01T00:00:00.000+01:00,2025-11-30T23:00:00Z,648.974,7
1475,Potencia instalada de generación hidráulica,2025-12-01T00:00:00.000+01:00,2025-11-30T23:00:00Z,98.597,6
1475,Potencia instalada de generación hidráulica,2025-12-01T00:00:00.000+01:00,2025-11-30T23:00:00Z,1330.668,5
1475,Potencia instalada de generación hidráulica,2025-12-01T00:00:00.000+01:00,2025-11-30T23:00:00Z,622.806,4
1475,Potencia instalada de generación hidráulica,2025-12-01T00:00:00.000+01:00,2025-11-30T23:00:00Z,805.66,11
1475,Potencia instalada de generación hidráulica,2026-01-01T00:00:00.000+01:00,2025-12-31T23:00:00Z,236.076,14
1475,Potencia instalada de generación hidráulica,2026-01-01T00:00:00.000+01:00,2025-12-31T23:00:00Z,35.478,21
1475,Potencia instalada de generación hidráulica,2026-01-01T00:00:00.000+01:00,2025-12-31T23:00:00Z,52.426,20
1475,Potencia instalada de generación hidráulica,2026-01-01T00:00:00.000+01:00,2025-12-31T23:00:00Z,0.778,19
1475,Potencia instalada de generación hidráulica,2026-01-01T00:00:00.000+01:00,2025-12-31T23:00:00Z,3731.276,17
1475,Potencia instalada de generación hidráulica,2026-01-01T00:00:00.000+01:00,2025-12-31T23:00:00Z,2277.362,16
1475,Potencia instalada de generación hidráulica,2026-01-01T00:00:00.000+01:00,2025-12-31T23:00:00Z,642.047,15
1475,Potencia instalada de generación hidráulica,2026-01-01T00:00:00.000+01:00,2025-12-31T23:00:00Z,108.517,13
1475,Potencia instalada de generación hidráulica,2026-01-01T00:00:00.000+01:00,2025-12-31T23:00:00Z,622.806,4
1475,Potencia instalada de generación hidráulica,2026-01-01T00:00:00.000+01:00,2025-12-31T23:00:00Z,178.416,10
1475,Potencia instalada de generación hidráulica,2026-01-01T00:00:00.000+01:00,2025-12-31T23:00:00Z,1915.113,9
1475,Potencia instalada de generación hidráulica,2026-01-01T00:00:00.000+01:00,2025-12-31T23:00:00Z,4397.001,8
1475,Potencia instalada de generación hidráulica,2026-01-01T00:00:00.000+01:00,2025-12-31T23:00:00Z,648.974,7
1475,Potencia instalada de generación hidráulica,2026-01-01T00:00:00.000+01:00,2025-12-31T23:00:00Z,98.597,6
1475,Potencia instalada de generación hidráulica,2026-01-01T00:00:00.000+01:00,2025-12-31T23:00:00Z,1330.668,5
1475,Potencia instalada de generación hidráulica,2026-01-01T00:00:00.000+01:00,2025-12-31T23:00:00Z,805.66,11
1475,Potencia instalada de generación hidráulica,2026-02-01T00:00:00.000+01:00,2026-01-31T23:00:00Z,236.076,14
1475,Potencia instalada de generación hidráulica,2026-02-01T00:00:00.000+01:00,2026-01-31T23:00:00Z,34.533,21
1475,Potencia instalada de generación hidráulica,2026-02-01T00:00:00.000+01:00,2026-01-31T23:00:00Z,52.426,20
1475,Potencia instalada de generación hidráulica,2026-02-01T00:00:00.000+01:00,2026-01-31T23:00:00Z,0.778,19
1475,Potencia instalada de generación hidráulica,2026-02-01T00:00:00.000+01:00,2026-01-31T23:00:00Z,3731.276,17
1475,Potencia instalada de generación hidráulica,2026-02-01T00:00:00.000+01:00,2026-01-31T23:00:00Z,2277.362,16
1475,Potencia instalada de generación hidráulica,2026-02-01T00:00:00.000+01:00,2026-01-31T23:00:00Z,642.047,15
1475,Potencia instalada de generación hidráulica,2026-02-01T00:00:00.000+01:00,2026-01-31T23:00:00Z,108.517,13
1475,Potencia instalada de generación hidráulica,2026-02-01T00:00:00.000+01:00,2026-01-31T23:00:00Z,805.66,11
1475,Potencia instalada de generación hidráulica,2026-02-01T00:00:00.000+01:00,2026-01-31T23:00:00Z,178.416,10
1475,Potencia instalada de generación hidráulica,2026-02-01T00:00:00.000+01:00,2026-01-31T23:00:00Z,1915.059,9
1475,Potencia instalada de generación hidráulica,2026-02-01T00:00:00.000+01:00,2026-01-31T23:00:00Z,4397.001,8
1475,Potencia instalada de generación hidráulica,2026-02-01T00:00:00.000+01:00,2026-01-31T23:00:00Z,648.974,7
1475,Potencia instalada de generación hidráulica,2026-02-01T00:00:00.000+01:00,2026-01-31T23:00:00Z,98.597,6
1475,Potencia instalada de generación hidráulica,2026-02-01T00:00:00.000+01:00,2026-01-31T23:00:00Z,1330.668,5
1475,Potencia instalada de generación hidráulica,2026-02-01T00:00:00.000+01:00,2026-01-31T23:00:00Z,622.806,4
1475,Potencia instalada de generación hidráulica,2026-03-01T00:00:00.000+01:00,2026-02-28T23:00:00Z,52.426,20
1475,Potencia instalada de generación hidráulica,2026-03-01T00:00:00.000+01:00,2026-02-28T23:00:00Z,0.778,19
1475,Potencia instalada de generación hidráulica,2026-03-01T00:00:00.000+01:00,2026-02-28T23:00:00Z,3731.276,17
1475,Potencia instalada de generación hidráulica,2026-03-01T00:00:00.000+01:00,2026-02-28T23:00:00Z,2277.362,16
1475,Potencia instalada de generación hidráulica,2026-03-01T00:00:00.000+01:00,2026-02-28T23:00:00Z,642.047,15
1475,Potencia instalada de generación hidráulica,2026-03-01T00:00:00.000+01:00,2026-02-28T23:00:00Z,236.076,14
1475,Potencia instalada de generación hidráulica,2026-03-01T00:00:00.000+01:00,2026-02-28T23:00:00Z,108.517,13
1475,Potencia instalada de generación hidráulica,2026-03-01T00:00:00.000+01:00,2026-02-28T23:00:00Z,34.533,21
1475,Potencia instalada de generación hidráulica,2026-03-01T00:00:00.000+01:00,2026-02-28T23:00:00Z,178.416,10
1475,Potencia instalada de generación hidráulica,2026-03-01T00:00:00.000+01:00,2026-02-28T23:00:00Z,1915.059,9
1475,Potencia instalada de generación hidráulica,2026-03-01T00:00:00.000+01:00,2026-02-28T23:00:00Z,4397.001,8
1475,Potencia instalada de generación hidráulica,2026-03-01T00:00:00.000+01:00,2026-02-28T23:00:00Z,648.974,7
1475,Potencia instalada de generación hidráulica,2026-03-01T00:00:00.000+01:00,2026-02-28T23:00:00Z,98.597,6
1475,Potencia instalada de generación hidráulica,2026-03-01T00:00:00.000+01:00,2026-02-28T23:00:00Z,1330.668,5
1475,Potencia instalada de generación hidráulica,2026-03-01T00:00:00.000+01:00,2026-02-28T23:00:00Z,622.806,4
1475,Potencia instalada de generación hidráulica,2026-03-01T00:00:00.000+01:00,2026-02-28T23:00:00Z,805.66,11
1475,Potencia instalada de generación hidráulica,2026-04-01T00:00:00.000+02:00,2026-03-31T22:00:00Z,34.533,21
1475,Potencia instalada de generación hidráulica,2026-04-01T00:00:00.000+02:00,2026-03-31T22:00:00Z,52.426,20
1475,Potencia instalada de generación hidráulica,2026-04-01T00:00:00.000+02:00,2026-03-31T22:00:00Z,0.778,19
1475,Potencia instalada de generación hidráulica,2026-04-01T00:00:00.000+02:00,2026-03-31T22:00:00Z,3731.276,17
1475,Potencia instalada de generación hidráulica,2026-04-01T00:00:00.000+02:00,2026-03-31T22:00:00Z,2277.362,16
1475,Potencia instalada de generación hidráulica,2026-04-01T00:00:00.000+02:00,2026-03-31T22:00:00Z,642.047,15
1475,Potencia instalada de generación hidráulica,2026-04-01T00:00:00.000+02:00,2026-03-31T22:00:00Z,236.076,14
1475,Potencia instalada de generación hidráulica,2026-04-01T00:00:00.000+02:00,2026-03-31T22:00:00Z,108.517,13
1475,Potencia instalada de generación hidráulica,2026-04-01T00:00:00.000+02:00,2026-03-31T22:00:00Z,805.66,11
1475,Potencia instalada de generación hidráulica,2026-04-01T00:00:00.000+02:00,2026-03-31T22:00:00Z,1915.059,9
1475,Potencia instalada de generación hidráulica,2026-04-01T00:00:00.000+02:00,2026-03-31T22:00:00Z,4397.001,8
1475,Potencia instalada de generación hidráulica,2026-04-01T00:00:00.000+02:00,2026-03-31T22:00:00Z,648.974,7
1475,Potencia instalada de generación hidráulica,2026-04-01T00:00:00.000+02:00,2026-03-31T22:00:00Z,98.597,6
1475,Potencia instalada de generación hidráulica,2026-04-01T00:00:00.000+02:00,2026-03-31T22:00:00Z,1330.668,5
1475,Potencia instalada de generación hidráulica,2026-04-01T00:00:00.000+02:00,2026-03-31T22:00:00Z,622.806,4
1475,Potencia instalada de generación hidráulica,2026-04-01T00:00:00.000+02:00,2026-03-31T22:00:00Z,178.416,10
1475,Potencia instalada de generación hidráulica,2026-05-01T00:00:00.000+02:00,2026-04-30T22:00:00Z,236.076,14
1475,Potencia instalada de generación hidráulica,2026-05-01T00:00:00.000+02:00,2026-04-30T22:00:00Z,34.533,21
1475,Potencia instalada de generación hidráulica,2026-05-01T00:00:00.000+02:00,2026-04-30T22:00:00Z,52.426,20
1475,Potencia instalada de generación hidráulica,2026-05-01T00:00:00.000+02:00,2026-04-30T22:00:00Z,0.778,19
1475,Potencia instalada de generación hidráulica,2026-05-01T00:00:00.000+02:00,2026-04-30T22:00:00Z,2277.362,16
1475,Potencia instalada de generación hidráulica,2026-05-01T00:00:00.000+02:00,2026-04-30T22:00:00Z,642.047,15
1475,Potencia instalada de generación hidráulica,2026-05-01T00:00:00.000+02:00,2026-04-30T22:00:00Z,108.517,13
1475,Potencia instalada de generación hidráulica,2026-05-01T00:00:00.000+02:00,2026-04-30T22:00:00Z,3731.276,17
1475,Potencia instalada de generación hidráulica,2026-05-01T00:00:00.000+02:00,2026-04-30T22:00:00Z,178.416,10
1475,Potencia instalada de generación hidráulica,2026-05-01T00:00:00.000+02:00,2026-04-30T22:00:00Z,1915.059,9
1475,Potencia instalada de generación hidráulica,2026-05-01T00:00:00.000+02:00,2026-04-30T22:00:00Z,4397.031,8
1475,Potencia instalada de generación hidráulica,2026-05-01T00:00:00.000+02:00,2026-04-30T22:00:00Z,648.974,7
1475,Potencia instalada de generación hidráulica,2026-05-01T00:00:00.000+02:00,2026-04-30T22:00:00Z,805.66,11
1475,Potencia instalada de generación hidráulica,2026-05-01T00:00:00.000+02:00,2026-04-30T22:00:00Z,98.597,6
1475,Potencia instalada de generación hidráulica,2026-05-01T00:00:00.000+02:00,2026-04-30T22:00:00Z,1330.668,5
1475,Potencia instalada de generación hidráulica,2026-05-01T00:00:00.000+02:00,2026-04-30T22:00:00Z,622.806,4
1475,Potencia instalada de generación hidráulica,2026-06-01T00:00:00.000+02:00,2026-05-31T22:00:00Z,34.533,21
1475,Potencia instalada de generación hidráulica,2026-06-01T00:00:00.000+02:00,2026-05-31T22:00:00Z,52.426,20
1475,Potencia instalada de generación hidráulica,2026-06-01T00:00:00.000+02:00,2026-05-31T22:00:00Z,0.778,19
1475,Potencia instalada de generación hidráulica,2026-06-01T00:00:00.000+02:00,2026-05-31T22:00:00Z,3730.066,17
1475,Potencia instalada de generación hidráulica,2026-06-01T00:00:00.000+02:00,2026-05-31T22:00:00Z,2277.362,16
1475,Potencia instalada de generación hidráulica,2026-06-01T00:00:00.000+02:00,2026-05-31T22:00:00Z,642.047,15
1475,Potencia instalada de generación hidráulica,2026-06-01T00:00:00.000+02:00,2026-05-31T22:00:00Z,236.076,14
1475,Potencia instalada de generación hidráulica,2026-06-01T00:00:00.000+02:00,2026-05-31T22:00:00Z,108.517,13
1475,Potencia instalada de generación hidráulica,2026-06-01T00:00:00.000+02:00,2026-05-31T22:00:00Z,805.66,11
1475,Potencia instalada de generación hidráulica,2026-06-01T00:00:00.000+02:00,2026-05-31T22:00:00Z,178.416,10
1475,Potencia instalada de generación hidráulica,2026-06-01T00:00:00.000+02:00,2026-05-31T22:00:00Z,1915.059,9
1475,Potencia instalada de generación hidráulica,2026-06-01T00:00:00.000+02:00,2026-05-31T22:00:00Z,4397.031,8
1475,Potencia instalada de generación hidráulica,2026-06-01T00:00:00.000+02:00,2026-05-31T22:00:00Z,648.974,7
1475,Potencia instalada de generación hidráulica,2026-06-01T00:00:00.000+02:00,2026-05-31T22:00:00Z,98.597,6
1475,Potencia instalada de generación hidráulica,2026-06-01T00:00:00.000+02:00,2026-05-31T22:00:00Z,1330.668,5
1475,Potencia instalada de generación hidráulica,2026-06-01T00:00:00.000+02:00,2026-05-31T22:00:00Z,622.806,4
1475,Potencia instalada de generación hidráulica,2026-07-01T00:00:00.000+02:00,2026-06-30T22:00:00Z,52.426,20
1475,Potencia instalada de generación hidráulica,2026-07-01T00:00:00.000+02:00,2026-06-30T22:00:00Z,0.778,19
1475,Potencia instalada de generación hidráulica,2026-07-01T00:00:00.000+02:00,2026-06-30T22:00:00Z,3730.066,17
1475,Potencia instalada de generación hidráulica,2026-07-01T00:00:00.000+02:00,2026-06-30T22:00:00Z,34.533,21
1475,Potencia instalada de generación hidráulica,2026-07-01T00:00:00.000+02:00,2026-06-30T22:00:00Z,2277.362,16
1475,Potencia instalada de generación hidráulica,2026-07-01T00:00:00.000+02:00,2026-06-30T22:00:00Z,642.047,15
1475,Potencia instalada de generación hidráulica,2026-07-01T00:00:00.000+02:00,2026-06-30T22:00:00Z,236.064,14
1475,Potencia instalada de generación hidráulica,2026-07-01T00:00:00.000+02:00,2026-06-30T22:00:00Z,108.517,13
1475,Potencia instalada de generación hidráulica,2026-07-01T00:00:00.000+02:00,2026-06-30T22:00:00Z,648.974,7
1475,Potencia instalada de generación hidráulica,2026-07-01T00:00:00.000+02:00,2026-06-30T22:00:00Z,178.101,10
1475,Potencia instalada de generación hidráulica,2026-07-01T00:00:00.000+02:00,2026-06-30T22:00:00Z,1915.059,9
1475,Potencia instalada de generación hidráulica,2026-07-01T00:00:00.000+02:00,2026-06-30T22:00:00Z,4397.031,8
1475,Potencia instalada de generación hidráulica,2026-07-01T00:00:00.000+02:00,2026-06-30T22:00:00Z,98.597,6
1475,Potencia instalada de generación hidráulica,2026-07-01T00:00:00.000+02:00,2026-06-30T22:00:00Z,1330.668,5
1475,Potencia instalada de generación hidráulica,2026-07-01T00:00:00.000+02:00,2026-06-30T22:00:00Z,622.806,4
1475,Potencia instalada de generación hidráulica,2026-07-01T00:00:00.000+02:00,2026-06-30T22:00:00Z,805.66,11
1475,Potencia instalada de generación hidráulica,2026-08-01T00:00:00.000+02:00,2026-07-31T22:00:00Z,0.778,19
1475,Potencia instalada de generación hidráulica,2026-08-01T00:00:00.000+02:00,2026-07-31T22:00:00Z,3731.666,17
1475,Potencia instalada de generación hidráulica,2026-08-01T00:00:00.000+02:00,2026-07-31T22:00:00Z,2277.362,16
1475,Potencia instalada de generación hidráulica,2026-08-01T00:00:00.000+02:00,2026-07-31T22:00:00Z,642.047,15
1475,Potencia instalada de generación hidráulica,2026-08-01T00:00:00.000+02:00,2026-07-31T22:00:00Z,236.064,14
1475,Potencia instalada de generación hidráulica,2026-08-01T00:00:00.000+02:00,2026-07-31T22:00:00Z,108.517,13
1475,Potencia instalada de generación hidráulica,2026-08-01T00:00:00.000+02:00,2026-07-31T22:00:00Z,805.66,11
1475,Potencia instalada de generación hidráulica,2026-08-01T00:00:00.000+02:00,2026-07-31T22:00:00Z,4397.061,8
1475,Potencia instalada de generación hidráulica,2026-08-01T00:00:00.000+02:00,2026-07-31T22:00:00Z,1915.045,9
1475,Potencia instalada de generación hidráulica,2026-08-01T00:00:00.000+02:00,2026-07-31T22:00:00Z,648.974,7
1475,Potencia instalada de generación hidráulica,2026-08-01T00:00:00.000+02:00,2026-07-31T22:00:00Z,98.597,6
1475,Potencia instalada de generación hidráulica,2026-08-01T00:00:00.000+02:00,2026-07-31T22:00:00Z,1330.668,5
1475,Potencia instalada de generación hidráulica,2026-08-01T00:00:00.000+02:00,2026-07-31T22:00:00Z,622.806,4
1475,Potencia instalada de generación hidráulica,2026-08-01T00:00:00.000+02:00,2026-07-31T22:00:00Z,52.426,20
1475,Potencia instalada de generación hidráulica,2026-08-01T00:00:00.000+02:00,2026-07-31T22:00:00Z,178.108,10
1475,Potencia instalada de generación hidráulica,2026-08-01T00:00:00.000+02:00,2026-07-31T22:00:00Z,34.533,21
1476,Potencia instalada de turbinación de bombeo,2025-08-01T00:00:00.000+02:00,2025-07-31T22:00:00Z,584.87,4
1476,Potencia instalada de turbinación de bombeo,2025-08-01T00:00:00.000+02:00,2025-07-31T22:00:00Z,219.14,5
1476,Potencia instalada de turbinación de bombeo,2025-08-01T00:00:00.000+02:00,2025-07-31T22:00:00Z,360.6,6
1476,Potencia instalada de turbinación de bombeo,2025-08-01T00:00:00.000+02:00,2025-07-31T22:00:00Z,215.0,7
1476,Potencia instalada de turbinación de bombeo,2025-08-01T00:00:00.000+02:00,2025-07-31T22:00:00Z,439.84,9
1476,Potencia instalada de turbinación de bombeo,2025-08-01T00:00:00.000+02:00,2025-07-31T22:00:00Z,1511.95,15
1476,Potencia instalada de turbinación de bombeo,2025-09-01T00:00:00.000+02:00,2025-08-31T22:00:00Z,1511.95,15
1476,Potencia instalada de turbinación de bombeo,2025-09-01T00:00:00.000+02:00,2025-08-31T22:00:00Z,215.0,7
1476,Potencia instalada de turbinación de bombeo,2025-09-01T00:00:00.000+02:00,2025-08-31T22:00:00Z,439.84,9
1476,Potencia instalada de turbinación de bombeo,2025-09-01T00:00:00.000+02:00,2025-08-31T22:00:00Z,219.14,5
1476,Potencia instalada de turbinación de bombeo,2025-09-01T00:00:00.000+02:00,2025-08-31T22:00:00Z,584.87,4
1476,Potencia instalada de turbinación de bombeo,2025-09-01T00:00:00.000+02:00,2025-08-31T22:00:00Z,360.6,6
1476,Potencia instalada de turbinación de bombeo,2025-10-01T00:00:00.000+02:00,2025-09-30T22:00:00Z,584.87,4
1476,Potencia instalada de turbinación de bombeo,2025-10-01T00:00:00.000+02:00,2025-09-30T22:00:00Z,219.14,5
1476,Potencia instalada de turbinación de bombeo,2025-10-01T00:00:00.000+02:00,2025-09-30T22:00:00Z,360.6,6
1476,Potencia instalada de turbinación de bombeo,2025-10-01T00:00:00.000+02:00,2025-09-30T22:00:00Z,215.0,7
1476,Potencia instalada de turbinación de bombeo,2025-10-01T00:00:00.000+02:00,2025-09-30T22:00:00Z,439.84,9
1476,Potencia instalada de turbinación de bombeo,2025-10-01T00:00:00.000+02:00,2025-09-30T22:00:00Z,1511.95,15
1476,Potencia instalada de turbinación de bombeo,2025-11-01T00:00:00.000+01:00,2025-10-31T23:00:00Z,439.84,9
1476,Potencia instalada de turbinación de bombeo,2025-11-01T00:00:00.000+01:00,2025-10-31T23:00:00Z,1511.95,15
1476,Potencia instalada de turbinación de bombeo,2025-11-01T00:00:00.000+01:00,2025-10-31T23:00:00Z,215.0,7
1476,Potencia instalada de turbinación de bombeo,2025-11-01T00:00:00.000+01:00,2025-10-31T23:00:00Z,219.14,5
1476,Potencia instalada de turbinación de bombeo,2025-11-01T00:00:00.000+01:00,2025-10-31T23:00:00Z,584.87,4
1476,Potencia instalada de turbinación de bombeo,2025-11-01T00:00:00.000+01:00,2025-10-31T23:00:00Z,360.6,6
1476,Potencia instalada de turbinación de bombeo,2025-12-01T00:00:00.000+01:00,2025-11-30T23:00:00Z,584.87,4
1476,Potencia instalada de turbinación de bombeo,2025-12-01T00:00:00.000+01:00,2025-11-30T23:00:00Z,219.14,5
1476,Potencia instalada de turbinación de bombeo,2025-12-01T00:00:00.000+01:00,2025-11-30T23:00:00Z,360.6,6
1476,Potencia instalada de turbinación de bombeo,2025-12-01T00:00:00.000+01:00,2025-11-30T23:00:00Z,215.0,7
1476,Potencia instalada de turbinación de bombeo,2025-12-01T00:00:00.000+01:00,2025-11-30T23:00:00Z,439.84,9
1476,Potencia instalada de turbinación de bombeo,2025-12-01T00:00:00.000+01:00,2025-11-30T23:00:00Z,1511.95,15
1476,Potencia instalada de turbinación de bombeo,2026-01-01T00:00:00.000+01:00,2025-12-31T23:00:00Z,584.87,4
1476,Potencia instalada de turbinación de bombeo,2026-01-01T00:00:00.000+01:00,2025-12-31T23:00:00Z,219.14,5
1476,Potencia instalada de turbinación de bombeo,2026-01-01T00:00:00.000+01:00,2025-12-31T23:00:00Z,360.6,6
1476,Potencia instalada de turbinación de bombeo,2026-01-01T00:00:00.000+01:00,2025-12-31T23:00:00Z,215.0,7
1476,Potencia instalada de turbinación de bombeo,2026-01-01T00:00:00.000+01:00,2025-12-31T23:00:00Z,439.84,9
1476,Potencia instalada de turbinación de bombeo,2026-01-01T00:00:00.000+01:00,2025-12-31T23:00:00Z,1511.95,15
1476,Potencia instalada de turbinación de bombeo,2026-02-01T00:00:00.000+01:00,2026-01-31T23:00:00Z,439.84,9
1476,Potencia instalada de turbinación de bombeo,2026-02-01T00:00:00.000+01:00,2026-01-31T23:00:00Z,1511.95,15
1476,Potencia instalada de turbinación de bombeo,2026-02-01T00:00:00.000+01:00,2026-01-31T23:00:00Z,215.0,7
1476,Potencia instalada de turbinación de bombeo,2026-02-01T00:00:00.000+01:00,2026-01-31T23:00:00Z,360.6,6
1476,Potencia instalada de turbinación de bombeo,2026-02-01T00:00:00.000+01:00,2026-01-31T23:00:00Z,219.14,5
1476,Potencia instalada de turbinación de bombeo,2026-02-01T00:00:00.000+01:00,2026-01-31T23:00:00Z,584.87,4
1476,Potencia instalada de turbinación de bombeo,2026-03-01T00:00:00.000+01:00,2026-02-28T23:00:00Z,584.87,4
1476,Potencia instalada de turbinación de bombeo,2026-03-01T00:00:00.000+01:00,2026-02-28T23:00:00Z,219.14,5
1476,Potencia instalada de turbinación de bombeo,2026-03-01T00:00:00.000+01:00,2026-02-28T23:00:00Z,360.6,6
1476,Potencia instalada de turbinación de bombeo,2026-03-01T00:00:00.000+01:00,2026-02-28T23:00:00Z,215.0,7
1476,Potencia instalada de turbinación de bombeo,2026-03-01T00:00:00.000+01:00,2026-02-28T23:00:00Z,439.84,9
1476,Potencia instalada de turbinación de bombeo,2026-03-01T00:00:00.000+01:00,2026-02-28T23:00:00Z,1511.95,15
1476,Potencia instalada de turbinación de bombeo,2026-04-01T00:00:00.000+02:00,2026-03-31T22:00:00Z,584.87,4
1476,Potencia instalada de turbinación de bombeo,2026-04-01T00:00:00.000+02:00,2026-03-31T22:00:00Z,219.14,5
1476,Potencia instalada de turbinación de bombeo,2026-04-01T00:00:00.000+02:00,2026-03-31T22:00:00Z,360.6,6
1476,Potencia instalada de turbinación de bombeo,2026-04-01T00:00:00.000+02:00,2026-03-31T22:00:00Z,215.0,7
1476,Potencia instalada de turbinación de bombeo,2026-04-01T00:00:00.000+02:00,2026-03-31T22:00:00Z,439.84,9
1476,Potencia instalada de turbinación de bombeo,2026-04-01T00:00:00.000+02:00,2026-03-31T22:00:00Z,1511.95,15
1476,Potencia instalada de turbinación de bombeo,2026-05-01T00:00:00.000+02:00,2026-04-30T22:00:00Z,1511.95,15
1476,Potencia instalada de turbinación de bombeo,2026-05-01T00:00:00.000+02:00,2026-04-30T22:00:00Z,215.0,7
1476,Potencia instalada de turbinación de bombeo,2026-05-01T00:00:00.000+02:00,2026-04-30T22:00:00Z,439.84,9
1476,Potencia instalada de turbinación de bombeo,2026-05-01T00:00:00.000+02:00,2026-04-30T22:00:00Z,219.14,5
1476,Potencia instalada de turbinación de bombeo,2026-05-01T00:00:00.000+02:00,2026-04-30T22:00:00Z,584.87,4
1476,Potencia instalada de turbinación de bombeo,2026-05-01T00:00:00.000+02:00,2026-04-30T22:00:00Z,360.6,6
1476,Potencia instalada de turbinación de bombeo,2026-06-01T00:00:00.000+02:00,2026-05-31T22:00:00Z,584.87,4
1476,Potencia instalada de turbinación de bombeo,2026-06-01T00:00:00.000+02:00,2026-05-31T22:00:00Z,219.14,5
1476,Potencia instalada de turbinación de bombeo,2026-06-01T00:00:00.000+02:00,2026-05-31T22:00:00Z,360.6,6
1476,Potencia instalada de turbinación de bombeo,2026-06-01T00:00:00.000+02:00,2026-05-31T22:00:00Z,215.0,7
1476,Potencia instalada de turbinación de bombeo,2026-06-01T00:00:00.000+02:00,2026-05-31T22:00:00Z,439.84,9
1476,Potencia instalada de turbinación de bombeo,2026-06-01T00:00:00.000+02:00,2026-05-31T22:00:00Z,1511.95,15
1476,Potencia instalada de turbinación de bombeo,2026-07-01T00:00:00.000+02:00,2026-06-30T22:00:00Z,1511.95,15
1476,Potencia instalada de turbinación de bombeo,2026-07-01T00:00:00.000+02:00,2026-06-30T22:00:00Z,439.84,9
1476,Potencia instalada de turbinación de bombeo,2026-07-01T00:00:00.000+02:00,2026-06-30T22:00:00Z,215.0,7
1476,Potencia instalada de turbinación de bombeo,2026-07-01T00:00:00.000+02:00,2026-06-30T22:00:00Z,219.14,5
1476,Potencia instalada de turbinación de bombeo,2026-07-01T00:00:00.000+02:00,2026-06-30T22:00:00Z,584.87,4
1476,Potencia instalada de turbinación de bombeo,2026-07-01T00:00:00.000+02:00,2026-06-30T22:00:00Z,360.6,6
1476,Potencia instalada de turbinación de bombeo,2026-08-01T00:00:00.000+02:00,2026-07-31T22:00:00Z,439.84,9
1476,Potencia instalada de turbinación de bombeo,2026-08-01T00:00:00.000+02:00,2026-07-31T22:00:00Z,584.87,4
1476,Potencia instalada de turbinación de bombeo,2026-08-01T00:00:00.000+02:00,2026-07-31T22:00:00Z,219.14,5
1476,Potencia instalada de turbinación de bombeo,2026-08-01T00:00:00.000+02:00,2026-07-31T22:00:00Z,360.6,6
1476,Potencia instalada de turbinación de bombeo,2026-08-01T00:00:00.000+02:00,2026-07-31T22:00:00Z,215.0,7
1476,Potencia instalada de turbinación de bombeo,2026-08-01T00:00:00.000+02:00,2026-07-31T22:00:00Z,1511.95,15
1477,Potencia instalada de generación nuclear,2025-08-01T00:00:00.000+02:00,2025-07-31T22:00:00Z,1003.41,7
1477,Potencia instalada de generación nuclear,2025-08-01T00:00:00.000+02:00,2025-07-31T22:00:00Z,3032.81,9
1477,Potencia instalada de generación nuclear,2025-08-01T00:00:00.000+02:00,2025-07-31T22:00:00Z,1063.94,15
1477,Potencia instalada de generación nuclear,2025-08-01T00:00:00.000+02:00,2025-07-31T22:00:00Z,2017.13,16
1477,Potencia instalada de generación nuclear,2025-09-01T00:00:00.000+02:00,2025-08-31T22:00:00Z,1003.41,7
1477,Potencia instalada de generación nuclear,2025-09-01T00:00:00.000+02:00,2025-08-31T22:00:00Z,3032.81,9
1477,Potencia instalada de generación nuclear,2025-09-01T00:00:00.000+02:00,2025-08-31T22:00:00Z,1063.94,15
1477,Potencia instalada de generación nuclear,2025-09-01T00:00:00.000+02:00,2025-08-31T22:00:00Z,2017.13,16
1477,Potencia instalada de generación nuclear,2025-10-01T00:00:00.000+02:00,2025-09-30T22:00:00Z,1003.41,7
1477,Potencia instalada de generación nuclear,2025-10-01T00:00:00.000+02:00,2025-09-30T22:00:00Z,3032.81,9
1477,Potencia instalada de generación nuclear,2025-10-01T00:00:00.000+02:00,2025-09-30T22:00:00Z,1063.94,15
1477,Potencia instalada de generación nuclear,2025-10-01T00:00:00.000+02:00,2025-09-30T22:00:00Z,2017.13,16
1477,Potencia instalada de generación nuclear,2025-11-01T00:00:00.000+01:00,2025-10-31T23:00:00Z,2017.13,16
1477,Potencia instalada de generación nuclear,2025-11-01T00:00:00.000+01:00,2025-10-31T23:00:00Z,1063.94,15
1477,Potencia instalada de generación nuclear,2025-11-01T00:00:00.000+01:00,2025-10-31T23:00:00Z,1003.41,7
1477,Potencia instalada de generación nuclear,2025-11-01T00:00:00.000+01:00,2025-10-31T23:00:00Z,3032.81,9
1477,Potencia instalada de generación nuclear,2025-12-01T00:00:00.000+01:00,2025-11-30T23:00:00Z,1003.41,7
1477,Potencia instalada de generación nuclear,2025-12-01T00:00:00.000+01:00,2025-11-30T23:00:00Z,3032.81,9
1477,Potencia instalada de generación nuclear,2025-12-01T00:00:00.000+01:00,2025-11-30T23:00:00Z,1063.94,15
1477,Potencia instalada de generación nuclear,2025-12-01T00:00:00.000+01:00,2025-11-30T23:00:00Z,2017.13,16
1477,Potencia instalada de generación nuclear,2026-01-01T00:00:00.000+01:00,2025-12-31T23:00:00Z,1003.41,7
1477,Potencia instalada de generación nuclear,2026-01-01T00:00:00.000+01:00,2025-12-31T23:00:00Z,3032.81,9
1477,Potencia instalada de generación nuclear,2026-01-01T00:00:00.000+01:00,2025-12-31T23:00:00Z,1063.94,15
1477,Potencia instalada de generación nuclear,2026-01-01T00:00:00.000+01:00,2025-12-31T23:00:00Z,2017.13,16
1477,Potencia instalada de generación nuclear,2026-02-01T00:00:00.000+01:00,2026-01-31T23:00:00Z,2017.13,16
1477,Potencia instalada de generación nuclear,2026-02-01T00:00:00.000+01:00,2026-01-31T23:00:00Z,1063.94,15
1477,Potencia instalada de generación nuclear,2026-02-01T00:00:00.000+01:00,2026-01-31T23:00:00Z,3032.81,9
1477,Potencia instalada de generación nuclear,2026-02-01T00:00:00.000+01:00,2026-01-31T23:00:00Z,1003.41,7
1477,Potencia instalada de generación nuclear,2026-03-01T00:00:00.000+01:00,2026-02-28T23:00:00Z,1003.41,7
1477,Potencia instalada de generación nuclear,2026-03-01T00:00:00.000+01:00,2026-02-28T23:00:00Z,3032.81,9
1477,Potencia instalada de generación nuclear,2026-03-01T00:00:00.000+01:00,2026-02-28T23:00:00Z,1063.94,15
1477,Potencia instalada de generación nuclear,2026-03-01T00:00:00.000+01:00,2026-02-28T23:00:00Z,2017.13,16
1477,Potencia instalada de generación nuclear,2026-04-01T00:00:00.000+02:00,2026-03-31T22:00:00Z,1003.41,7
1477,Potencia instalada de generación nuclear,2026-04-01T00:00:00.000+02:00,2026-03-31T22:00:00Z,3032.81,9
1477,Potencia instalada de generación nuclear,2026-04-01T00:00:00.000+02:00,2026-03-31T22:00:00Z,1063.94,15
1477,Potencia instalada de generación nuclear,2026-04-01T00:00:00.000+02:00,2026-03-31T22:00:00Z,2017.13,16
1477,Potencia instalada de generación nuclear,2026-05-01T00:00:00.000+02:00,2026-04-30T22:00:00Z,1063.94,15
1477,Potencia instalada de generación nuclear,2026-05-01T00:00:00.000+02:00,2026-04-30T22:00:00Z,2017.13,16
1477,Potencia instalada de generación nuclear,2026-05-01T00:00:00.000+02:00,2026-04-30T22:00:00Z,1003.41,7
1477,Potencia instalada de generación nuclear,2026-05-01T00:00:00.000+02:00,2026-04-30T22:00:00Z,3032.81,9
1477,Potencia instalada de generación nuclear,2026-06-01T00:00:00.000+02:00,2026-05-31T22:00:00Z,1003.41,7
1477,Potencia instalada de generación nuclear,2026-06-01T00:00:00.000+02:00,2026-05-31T22:00:00Z,3032.81,9
1477,Potencia instalada de generación nuclear,2026-06-01T00:00:00.000+02:00,2026-05-31T22:00:00Z,1063.94,15
1477,Potencia instalada de generación nuclear,2026-06-01T00:00:00.000+02:00,2026-05-31T22:00:00Z,2017.13,16
1477,Potencia instalada de generación nuclear,2026-07-01T00:00:00.000+02:00,2026-06-30T22:00:00Z,1003.41,7
1477,Potencia instalada de generación nuclear,2026-07-01T00:00:00.000+02:00,2026-06-30T22:00:00Z,3032.81,9
1477,Potencia instalada de generación nuclear,2026-07-01T00:00:00.000+02:00,2026-06-30T22:00:00Z,1063.94,15
1477,Potencia instalada de generación nuclear,2026-07-01T00:00:00.000+02:00,2026-06-30T22:00:00Z,2017.13,16
1477,Potencia instalada de generación nuclear,2026-08-01T00:00:00.000+02:00,2026-07-31T22:00:00Z,1063.94,15
1477,Potencia instalada de generación nuclear,2026-08-01T00:00:00.000+02:00,2026-07-31T22:00:00Z,1003.41,7
1477,Potencia instalada de generación nuclear,2026-08-01T00:00:00.000+02:00,2026-07-31T22:00:00Z,3032.81,9
1477,Potencia instalada de generación nuclear,2026-08-01T00:00:00.000+02:00,2026-07-31T22:00:00Z,2017.13,16
1478,Potencia instalada de generación carbón,2025-08-01T00:00:00.000+02:00,2025-07-31T22:00:00Z,570.05,4
1478,Potencia instalada de generación carbón,2025-08-01T00:00:00.000+02:00,2025-07-31T22:00:00Z,688.04,11
1478,Potencia instalada de generación carbón,2025-08-01T00:00:00.000+02:00,2025-07-31T22:00:00Z,241.2,18
1478,Potencia instalada de generación carbón,2025-09-01T00:00:00.000+02:00,2025-08-31T22:00:00Z,570.05,4
1478,Potencia instalada de generación carbón,2025-09-01T00:00:00.000+02:00,2025-08-31T22:00:00Z,688.04,11
1478,Potencia instalada de generación carbón,2025-09-01T00:00:00.000+02:00,2025-08-31T22:00:00Z,241.2,18
1478,Potencia instalada de generación carbón,2025-10-01T00:00:00.000+02:00,2025-09-30T22:00:00Z,570.05,4
1478,Potencia instalada de generación carbón,2025-10-01T00:00:00.000+02:00,2025-09-30T22:00:00Z,688.04,11
1478,Potencia instalada de generación carbón,2025-10-01T00:00:00.000+02:00,2025-09-30T22:00:00Z,241.2,18
1478,Potencia instalada de generación carbón,2025-11-01T00:00:00.000+01:00,2025-10-31T23:00:00Z,241.2,18
1478,Potencia instalada de generación carbón,2025-11-01T00:00:00.000+01:00,2025-10-31T23:00:00Z,570.05,4
1478,Potencia instalada de generación carbón,2025-11-01T00:00:00.000+01:00,2025-10-31T23:00:00Z,688.04,11
1478,Potencia instalada de generación carbón,2025-12-01T00:00:00.000+01:00,2025-11-30T23:00:00Z,570.05,4
1478,Potencia instalada de generación carbón,2025-12-01T00:00:00.000+01:00,2025-11-30T23:00:00Z,688.04,11
1478,Potencia instalada de generación carbón,2025-12-01T00:00:00.000+01:00,2025-11-30T23:00:00Z,241.2,18
1478,Potencia instalada de generación carbón,2026-01-01T00:00:00.000+01:00,2025-12-31T23:00:00Z,241.2,18
1478,Potencia instalada de generación carbón,2026-01-01T00:00:00.000+01:00,2025-12-31T23:00:00Z,570.05,4
1478,Potencia instalada de generación carbón,2026-01-01T00:00:00.000+01:00,2025-12-31T23:00:00Z,688.04,11
1478,Potencia instalada de generación carbón,2026-02-01T00:00:00.000+01:00,2026-01-31T23:00:00Z,241.2,18
1478,Potencia instalada de generación carbón,2026-02-01T00:00:00.000+01:00,2026-01-31T23:00:00Z,688.04,11
1478,Potencia instalada de generación carbón,2026-02-01T00:00:00.000+01:00,2026-01-31T23:00:00Z,570.05,4
1478,Potencia instalada de generación carbón,2026-03-01T00:00:00.000+01:00,2026-02-28T23:00:00Z,570.05,4
1478,Potencia instalada de generación carbón,2026-03-01T00:00:00.000+01:00,2026-02-28T23:00:00Z,688.04,11
1478,Potencia instalada de generación carbón,2026-03-01T00:00:00.000+01:00,2026-02-28T23:00:00Z,241.2,18
1478,Potencia instalada de generación carbón,2026-04-01T00:00:00.000+02:00,2026-03-31T22:00:00Z,570.05,4
1478,Potencia instalada de generación carbón,2026-04-01T00:00:00.000+02:00,2026-03-31T22:00:00Z,688.04,11
1478,Potencia instalada de generación carbón,2026-04-01T00:00:00.000+02:00,2026-03-31T22:00:00Z,241.2,18
1478,Potencia instalada de generación carbón,2026-05-01T00:00:00.000+02:00,2026-04-30T22:00:00Z,688.04,11
1478,Potencia instalada de generación carbón,2026-05-01T00:00:00.000+02:00,2026-04-30T22:00:00Z,241.2,18
1478,Potencia instalada de generación carbón,2026-05-01T00:00:00.000+02:00,2026-04-30T22:00:00Z,570.05,4
1478,Potencia instalada de generación carbón,2026-06-01T00:00:00.000+02:00,2026-05-31T22:00:00Z,570.05,4
1478,Potencia instalada de generación carbón,2026-06-01T00:00:00.000+02:00,2026-05-31T22:00:00Z,688.04,11
1478,Potencia instalada de generación carbón,2026-06-01T00:00:00.000+02:00,2026-05-31T22:00:00Z,241.2,18
1478,Potencia instalada de generación carbón,2026-07-01T00:00:00.000+02:00,2026-06-30T22:00:00Z,570.05,4
1478,Potencia instalada de generación carbón,2026-07-01T00:00:00.000+02:00,2026-06-30T22:00:00Z,688.04,11
1478,Potencia instalada de generación carbón,2026-07-01T00:00:00.000+02:00,2026-06-30T22:00:00Z,241.2,18
1478,Potencia instalada de generación carbón,2026-08-01T00:00:00.000+02:00,2026-07-31T22:00:00Z,688.04,11
1478,Potencia instalada de generación carbón,2026-08-01T00:00:00.000+02:00,2026-07-31T22:00:00Z,570.05,4
1478,Potencia instalada de generación carbón,2026-08-01T00:00:00.000+02:00,2026-07-31T22:00:00Z,241.2,18
1479,Potencia instalada de generación motores diesel,2025-08-01T00:00:00.000+02:00,2025-07-31T22:00:00Z,77.52,12
1479,Potencia instalada de generación motores diesel,2025-08-01T00:00:00.000+02:00,2025-07-31T22:00:00Z,139.4,18
1479,Potencia instalada de generación motores diesel,2025-08-01T00:00:00.000+02:00,2025-07-31T22:00:00Z,487.64,19
1479,Potencia instalada de generación motores diesel,2025-08-01T00:00:00.000+02:00,2025-07-31T22:00:00Z,64.11,8746
1479,Potencia instalada de generación motores diesel,2025-09-01T00:00:00.000+02:00,2025-08-31T22:00:00Z,77.52,12
1479,Potencia instalada de generación motores diesel,2025-09-01T00:00:00.000+02:00,2025-08-31T22:00:00Z,139.4,18
1479,Potencia instalada de generación motores diesel,2025-09-01T00:00:00.000+02:00,2025-08-31T22:00:00Z,487.64,19
1479,Potencia instalada de generación motores diesel,2025-09-01T00:00:00.000+02:00,2025-08-31T22:00:00Z,64.11,8746
1479,Potencia instalada de generación motores diesel,2025-10-01T00:00:00.000+02:00,2025-09-30T22:00:00Z,77.52,12
1479,Potencia instalada de generación motores diesel,2025-10-01T00:00:00.000+02:00,2025-09-30T22:00:00Z,139.4,18
1479,Potencia instalada de generación motores diesel,2025-10-01T00:00:00.000+02:00,2025-09-30T22:00:00Z,487.64,19
1479,Potencia instalada de generación motores diesel,2025-10-01T00:00:00.000+02:00,2025-09-30T22:00:00Z,64.11,8746
1479,Potencia instalada de generación motores diesel,2025-11-01T00:00:00.000+01:00,2025-10-31T23:00:00Z,64.11,8746
1479,Potencia instalada de generación motores diesel,2025-11-01T00:00:00.000+01:00,2025-10-31T23:00:00Z,487.64,19
1479,Potencia instalada de generación motores diesel,2025-11-01T00:00:00.000+01:00,2025-10-31T23:00:00Z,77.52,12
1479,Potencia instalada de generación motores diesel,2025-11-01T00:00:00.000+01:00,2025-10-31T23:00:00Z,139.4,18
1479,Potencia instalada de generación motores diesel,2025-12-01T00:00:00.000+01:00,2025-11-30T23:00:00Z,77.52,12
1479,Potencia instalada de generación motores diesel,2025-12-01T00:00:00.000+01:00,2025-11-30T23:00:00Z,139.4,18
1479,Potencia instalada de generación motores diesel,2025-12-01T00:00:00.000+01:00,2025-11-30T23:00:00Z,487.64,19
1479,Potencia instalada de generación motores diesel,2025-12-01T00:00:00.000+01:00,2025-11-30T23:00:00Z,64.11,8746
1479,Potencia instalada de generación motores diesel,2026-01-01T00:00:00.000+01:00,2025-12-31T23:00:00Z,77.52,12
1479,Potencia instalada de generación motores diesel,2026-01-01T00:00:00.000+01:00,2025-12-31T23:00:00Z,139.4,18
1479,Potencia instalada de generación motores diesel,2026-01-01T00:00:00.000+01:00,2025-12-31T23:00:00Z,487.64,19
1479,Potencia instalada de generación motores diesel,2026-01-01T00:00:00.000+01:00,2025-12-31T23:00:00Z,64.11,8746
1479,Potencia instalada de generación motores diesel,2026-02-01T00:00:00.000+01:00,2026-01-31T23:00:00Z,64.11,8746
1479,Potencia instalada de generación motores diesel,2026-02-01T00:00:00.000+01:00,2026-01-31T23:00:00Z,487.64,19
1479,Potencia instalada de generación motores diesel,2026-02-01T00:00:00.000+01:00,2026-01-31T23:00:00Z,139.4,18
1479,Potencia instalada de generación motores diesel,2026-02-01T00:00:00.000+01:00,2026-01-31T23:00:00Z,77.52,12
1479,Potencia instalada de generación motores diesel,2026-03-01T00:00:00.000+01:00,2026-02-28T23:00:00Z,77.52,12
1479,Potencia instalada de generación motores diesel,2026-03-01T00:00:00.000+01:00,2026-02-28T23:00:00Z,139.4,18
1479,Potencia instalada de generación motores diesel,2026-03-01T00:00:00.000+01:00,2026-02-28T23:00:00Z,487.64,19
1479,Potencia instalada de generación motores diesel,2026-03-01T00:00:00.000+01:00,2026-02-28T23:00:00Z,64.11,8746
1479,Potencia instalada de generación motores diesel,2026-04-01T00:00:00.000+02:00,2026-03-31T22:00:00Z,77.52,12
1479,Potencia instalada de generación motores diesel,2026-04-01T00:00:00.000+02:00,2026-03-31T22:00:00Z,139.4,18
1479,Potencia instalada de generación motores diesel,2026-04-01T00:00:00.000+02:00,2026-03-31T22:00:00Z,487.64,19
1479,Potencia instalada de generación motores diesel,2026-04-01T00:00:00.000+02:00,2026-03-31T22:00:00Z,64.11,8746
1479,Potencia instalada de generación motores diesel,2026-05-01T00:00:00.000+02:00,2026-04-30T22:00:00Z,487.64,19
1479,Potencia instalada de generación motores diesel,2026-05-01T00:00:00.000+02:00,2026-04-30T22:00:00Z,64.11,8746
1479,Potencia instalada de generación motores diesel,2026-05-01T00:00:00.000+02:00,2026-04-30T22:00:00Z,77.52,12
1479,Potencia instalada de generación motores diesel,2026-05-01T00:00:00.000+02:00,2026-04-30T22:00:00Z,139.4,18
1479,Potencia instalada de generación motores diesel,2026-06-01T00:00:00.000+02:00,2026-05-31T22:00:00Z,77.52,12
1479,Potencia instalada de generación motores diesel,2026-06-01T00:00:00.000+02:00,2026-05-31T22:00:00Z,139.4,18
1479,Potencia instalada de generación motores diesel,2026-06-01T00:00:00.000+02:00,2026-05-31T22:00:00Z,487.64,19
1479,Potencia instalada de generación motores diesel,2026-06-01T00:00:00.000+02:00,2026-05-31T22:00:00Z,64.11,8746
1479,Potencia instalada de generación motores diesel,2026-07-01T00:00:00.000+02:00,2026-06-30T22:00:00Z,77.52,12
1479,Potencia instalada de generación motores diesel,2026-07-01T00:00:00.000+02:00,2026-06-30T22:00:00Z,139.4,18
1479,Potencia instalada de generación motores diesel,2026-07-01T00:00:00.000+02:00,2026-06-30T22:00:00Z,487.64,19
1479,Potencia instalada de generación motores diesel,2026-07-01T00:00:00.000+02:00,2026-06-30T22:00:00Z,64.11,8746
1479,Potencia instalada de generación motores diesel,2026-08-01T00:00:00.000+02:00,2026-07-31T22:00:00Z,487.64,19
1479,Potencia instalada de generación motores diesel,2026-08-01T00:00:00.000+02:00,2026-07-31T22:00:00Z,77.52,12
1479,Potencia instalada de generación motores diesel,2026-08-01T00:00:00.000+02:00,2026-07-31T22:00:00Z,139.4,18
1479,Potencia instalada de generación motores diesel,2026-08-01T00:00:00.000+02:00,2026-07-31T22:00:00Z,64.11,8746
1480,Potencia instalada de generación turbina de gas,2025-08-01T00:00:00.000+02:00,2025-07-31T22:00:00Z,13.3,12
1480,Potencia instalada de generación turbina de gas,2025-08-01T00:00:00.000+02:00,2025-07-31T22:00:00Z,591.6,18
1480,Potencia instalada de generación turbina de gas,2025-08-01T00:00:00.000+02:00,2025-07-31T22:00:00Z,520.75,19
1480,Potencia instalada de generación turbina de gas,2025-08-01T00:00:00.000+02:00,2025-07-31T22:00:00Z,11.5,8746
1480,Potencia instalada de generación turbina de gas,2025-09-01T00:00:00.000+02:00,2025-08-31T22:00:00Z,13.3,12
1480,Potencia instalada de generación turbina de gas,2025-09-01T00:00:00.000+02:00,2025-08-31T22:00:00Z,591.6,18
1480,Potencia instalada de generación turbina de gas,2025-09-01T00:00:00.000+02:00,2025-08-31T22:00:00Z,520.75,19
1480,Potencia instalada de generación turbina de gas,2025-09-01T00:00:00.000+02:00,2025-08-31T22:00:00Z,11.5,8746
1480,Potencia instalada de generación turbina de gas,2025-10-01T00:00:00.000+02:00,2025-09-30T22:00:00Z,13.3,12
1480,Potencia instalada de generación turbina de gas,2025-10-01T00:00:00.000+02:00,2025-09-30T22:00:00Z,591.6,18
1480,Potencia instalada de generación turbina de gas,2025-10-01T00:00:00.000+02:00,2025-09-30T22:00:00Z,520.75,19
1480,Potencia instalada de generación turbina de gas,2025-10-01T00:00:00.000+02:00,2025-09-30T22:00:00Z,11.5,8746
1480,Potencia instalada de generación turbina de gas,2025-11-01T00:00:00.000+01:00,2025-10-31T23:00:00Z,11.5,8746
1480,Potencia instalada de generación turbina de gas,2025-11-01T00:00:00.000+01:00,2025-10-31T23:00:00Z,520.75,19
1480,Potencia instalada de generación turbina de gas,2025-11-01T00:00:00.000+01:00,2025-10-31T23:00:00Z,13.3,12
1480,Potencia instalada de generación turbina de gas,2025-11-01T00:00:00.000+01:00,2025-10-31T23:00:00Z,591.6,18
1480,Potencia instalada de generación turbina de gas,2025-12-01T00:00:00.000+01:00,2025-11-30T23:00:00Z,13.3,12
1480,Potencia instalada de generación turbina de gas,2025-12-01T00:00:00.000+01:00,2025-11-30T23:00:00Z,591.6,18
1480,Potencia instalada de generación turbina de gas,2025-12-01T00:00:00.000+01:00,2025-11-30T23:00:00Z,520.75,19
1480,Potencia instalada de generación turbina de gas,2025-12-01T00:00:00.000+01:00,2025-11-30T23:00:00Z,11.5,8746
1480,Potencia instalada de generación turbina de gas,2026-01-01T00:00:00.000+01:00,2025-12-31T23:00:00Z,13.3,12
1480,Potencia instalada de generación turbina de gas,2026-01-01T00:00:00.000+01:00,2025-12-31T23:00:00Z,591.6,18
1480,Potencia instalada de generación turbina de gas,2026-01-01T00:00:00.000+01:00,2025-12-31T23:00:00Z,520.75,19
1480,Potencia instalada de generación turbina de gas,2026-01-01T00:00:00.000+01:00,2025-12-31T23:00:00Z,11.5,8746
1480,Potencia instalada de generación turbina de gas,2026-02-01T00:00:00.000+01:00,2026-01-31T23:00:00Z,11.5,8746
1480,Potencia instalada de generación turbina de gas,2026-02-01T00:00:00.000+01:00,2026-01-31T23:00:00Z,520.75,19
1480,Potencia instalada de generación turbina de gas,2026-02-01T00:00:00.000+01:00,2026-01-31T23:00:00Z,591.6,18
1480,Potencia instalada de generación turbina de gas,2026-02-01T00:00:00.000+01:00,2026-01-31T23:00:00Z,13.3,12
1480,Potencia instalada de generación turbina de gas,2026-03-01T00:00:00.000+01:00,2026-02-28T23:00:00Z,13.3,12
1480,Potencia instalada de generación turbina de gas,2026-03-01T00:00:00.000+01:00,2026-02-28T23:00:00Z,591.6,18
1480,Potencia instalada de generación turbina de gas,2026-03-01T00:00:00.000+01:00,2026-02-28T23:00:00Z,520.75,19
1480,Potencia instalada de generación turbina de gas,2026-03-01T00:00:00.000+01:00,2026-02-28T23:00:00Z,11.5,8746
1480,Potencia instalada de generación turbina de gas,2026-04-01T00:00:00.000+02:00,2026-03-31T22:00:00Z,13.3,12
1480,Potencia instalada de generación turbina de gas,2026-04-01T00:00:00.000+02:00,2026-03-31T22:00:00Z,591.6,18
1480,Potencia instalada de generación turbina de gas,2026-04-01T00:00:00.000+02:00,2026-03-31T22:00:00Z,520.75,19
1480,Potencia instalada de generación turbina de gas,2026-04-01T00:00:00.000+02:00,2026-03-31T22:00:00Z,11.5,8746
1480,Potencia instalada de generación turbina de gas,2026-05-01T00:00:00.000+02:00,2026-04-30T22:00:00Z,520.75,19
1480,Potencia instalada de generación turbina de gas,2026-05-01T00:00:00.000+02:00,2026-04-30T22:00:00Z,11.5,8746
1480,Potencia instalada de generación turbina de gas,2026-05-01T00:00:00.000+02:00,2026-04-30T22:00:00Z,13.3,12
1480,Potencia instalada de generación turbina de gas,2026-05-01T00:00:00.000+02:00,2026-04-30T22:00:00Z,591.6,18
1480,Potencia instalada de generación turbina de gas,2026-06-01T00:00:00.000+02:00,2026-05-31T22:00:00Z,13.3,12
1480,Potencia instalada de generación turbina de gas,2026-06-01T00:00:00.000+02:00,2026-05-31T22:00:00Z,591.6,18
1480,Potencia instalada de generación turbina de gas,2026-06-01T00:00:00.000+02:00,2026-05-31T22:00:00Z,520.75,19
1480,Potencia instalada de generación turbina de gas,2026-06-01T00:00:00.000+02:00,2026-05-31T22:00:00Z,11.5,8746
1480,Potencia instalada de generación turbina de gas,2026-07-01T00:00:00.000+02:00,2026-06-30T22:00:00Z,13.3,12
1480,Potencia instalada de generación turbina de gas,2026-07-01T00:00:00.000+02:00,2026-06-30T22:00:00Z,591.6,18
1480,Potencia instalada de generación turbina de gas,2026-07-01T00:00:00.000+02:00,2026-06-30T22:00:00Z,520.75,19
1480,Potencia instalada de generación turbina de gas,2026-07-01T00:00:00.000+02:00,2026-06-30T22:00:00Z,11.5,8746
1480,Potencia instalada de generación turbina de gas,2026-08-01T00:00:00.000+02:00,2026-07-31T22:00:00Z,520.75,19
1480,Potencia instalada de generación turbina de gas,2026-08-01T00:00:00.000+02:00,2026-07-31T22:00:00Z,13.3,12
1480,Potencia instalada de generación turbina de gas,2026-08-01T00:00:00.000+02:00,2026-07-31T22:00:00Z,591.6,18
1480,Potencia instalada de generación turbina de gas,2026-08-01T00:00:00.000+02:00,2026-07-31T22:00:00Z,11.5,8746
1481,Potencia instalada de generación turbina de vapor,2025-08-01T00:00:00.000+02:00,2025-07-31T22:00:00Z,561.885,11
1481,Potencia instalada de generación turbina de vapor,2025-08-01T00:00:00.000+02:00,2025-07-31T22:00:00Z,482.64,19
1481,Potencia instalada de generación turbina de vapor,2025-09-01T00:00:00.000+02:00,2025-08-31T22:00:00Z,561.885,11
1481,Potencia instalada de generación turbina de vapor,2025-09-01T00:00:00.000+02:00,2025-08-31T22:00:00Z,482.64,19
1481,Potencia instalada de generación turbina de vapor,2025-10-01T00:00:00.000+02:00,2025-09-30T22:00:00Z,561.885,11
1481,Potencia instalada de generación turbina de vapor,2025-10-01T00:00:00.000+02:00,2025-09-30T22:00:00Z,482.64,19
1481,Potencia instalada de generación turbina de vapor,2025-11-01T00:00:00.000+01:00,2025-10-31T23:00:00Z,561.885,11
1481,Potencia instalada de generación turbina de vapor,2025-11-01T00:00:00.000+01:00,2025-10-31T23:00:00Z,482.64,19
1481,Potencia instalada de generación turbina de vapor,2025-12-01T00:00:00.000+01:00,2025-11-30T23:00:00Z,561.885,11
1481,Potencia instalada de generación turbina de vapor,2025-12-01T00:00:00.000+01:00,2025-11-30T23:00:00Z,482.64,19
1481,Potencia instalada de generación turbina de vapor,2026-01-01T00:00:00.000+01:00,2025-12-31T23:00:00Z,561.885,11
1481,Potencia instalada de generación turbina de vapor,2026-01-01T00:00:00.000+01:00,2025-12-31T23:00:00Z,482.64,19
1481,Potencia instalada de generación turbina de vapor,2026-02-01T00:00:00.000+01:00,2026-01-31T23:00:00Z,482.64,19
1481,Potencia instalada de generación turbina de vapor,2026-02-01T00:00:00.000+01:00,2026-01-31T23:00:00Z,561.885,11
1481,Potencia instalada de generación turbina de vapor,2026-03-01T00:00:00.000+01:00,2026-02-28T23:00:00Z,561.885,11
1481,Potencia instalada de generación turbina de vapor,2026-03-01T00:00:00.000+01:00,2026-02-28T23:00:00Z,482.64,19
1481,Potencia instalada de generación turbina de vapor,2026-04-01T00:00:00.000+02:00,2026-03-31T22:00:00Z,561.885,11
1481,Potencia instalada de generación turbina de vapor,2026-04-01T00:00:00.000+02:00,2026-03-31T22:00:00Z,482.64,19
1481,Potencia instalada de generación turbina de vapor,2026-05-01T00:00:00.000+02:00,2026-04-30T22:00:00Z,561.885,11
1481,Potencia instalada de generación turbina de vapor,2026-05-01T00:00:00.000+02:00,2026-04-30T22:00:00Z,482.64,19
1481,Potencia instalada de generación turbina de vapor,2026-06-01T00:00:00.000+02:00,2026-05-31T22:00:00Z,561.885,11
1481,Potencia instalada de generación turbina de vapor,2026-06-01T00:00:00.000+02:00,2026-05-31T22:00:00Z,482.64,19
1481,Potencia instalada de generación turbina de vapor,2026-07-01T00:00:00.000+02:00,2026-06-30T22:00:00Z,561.885,11
1481,Potencia instalada de generación turbina de vapor,2026-07-01T00:00:00.000+02:00,2026-06-30T22:00:00Z,482.64,19
1481,Potencia instalada de generación turbina de vapor,2026-08-01T00:00:00.000+02:00,2026-07-31T22:00:00Z,561.885,11
1481,Potencia instalada de generación turbina de vapor,2026-08-01T00:00:00.000+02:00,2026-07-31T22:00:00Z,482.64,19
1482,Potencia instalada de generación fuel,2025-08-01T00:00:00.000+02:00,2025-07-31T22:00:00Z,7.95,15
1482,Potencia instalada de generación fuel,2025-09-01T00:00:00.000+02:00,2025-08-31T22:00:00Z,7.95,15
1482,Potencia instalada de generación fuel,2025-10-01T00:00:00.000+02:00,2025-09-30T22:00:00Z,7.95,15
1482,Potencia instalada de generación fuel,2025-11-01T00:00:00.000+01:00,2025-10-31T23:00:00Z,7.95,15
1482,Potencia instalada de generación fuel,2025-12-01T00:00:00.000+01:00,2025-11-30T23:00:00Z,7.95,15
1482,Potencia instalada de generación fuel,2026-01-01T00:00:00.000+01:00,2025-12-31T23:00:00Z,7.95,15
1482,Potencia instalada de generación fuel,2026-02-01T00:00:00.000+01:00,2026-01-31T23:00:00Z,7.95,15
1482,Potencia instalada de generación fuel,2026-03-01T00:00:00.000+01:00,2026-02-28T23:00:00Z,7.95,15
1482,Potencia instalada de generación fuel,2026-04-01T00:00:00.000+02:00,2026-03-31T22:00:00Z,7.95,15
1482,Potencia instalada de generación fuel,2026-05-01T00:00:00.000+02:00,2026-04-30T22:00:00Z,7.95,15
1482,Potencia instalada de generación fuel,2026-06-01T00:00:00.000+02:00,2026-05-31T22:00:00Z,7.95,15
1482,Potencia instalada de generación fuel,2026-07-01T00:00:00.000+02:00,2026-06-30T22:00:00Z,7.95,15
1482,Potencia instalada de generación fuel,2026-08-01T00:00:00.000+02:00,2026-07-31T22:00:00Z,7.95,15
1483,Potencia instalada de generación ciclo combinado,2025-08-01T00:00:00.000+02:00,2025-07-31T22:00:00Z,5951.715,4
1483,Potencia instalada de generación ciclo combinado,2025-08-01T00:00:00.000+02:00,2025-07-31T22:00:00Z,3263.71,21
1483,Potencia instalada de generación ciclo combinado,2025-08-01T00:00:00.000+02:00,2025-07-31T22:00:00Z,784.7,20
1483,Potencia instalada de generación ciclo combinado,2025-08-01T00:00:00.000+02:00,2025-07-31T22:00:00Z,865.4,19
1483,Potencia instalada de generación ciclo combinado,2025-08-01T00:00:00.000+02:00,2025-07-31T22:00:00Z,1246.98,17
1483,Potencia instalada de generación ciclo combinado,2025-08-01T00:00:00.000+02:00,2025-07-31T22:00:00Z,2853.54,15
1483,Potencia instalada de generación ciclo combinado,2025-08-01T00:00:00.000+02:00,2025-07-31T22:00:00Z,822.9,18
1483,Potencia instalada de generación ciclo combinado,2025-08-01T00:00:00.000+02:00,2025-07-31T22:00:00Z,854.17,11
1483,Potencia instalada de generación ciclo combinado,2025-08-01T00:00:00.000+02:00,2025-07-31T22:00:00Z,1968.07,10
1483,Potencia instalada de generación ciclo combinado,2025-08-01T00:00:00.000+02:00,2025-07-31T22:00:00Z,3788.23,9
1483,Potencia instalada de generación ciclo combinado,2025-08-01T00:00:00.000+02:00,2025-07-31T22:00:00Z,758.74,7
1483,Potencia instalada de generación ciclo combinado,2025-08-01T00:00:00.000+02:00,2025-07-31T22:00:00Z,1869.67,5
1483,Potencia instalada de generación ciclo combinado,2025-08-01T00:00:00.000+02:00,2025-07-31T22:00:00Z,1222.32,14
1483,Potencia instalada de generación ciclo combinado,2025-09-01T00:00:00.000+02:00,2025-08-31T22:00:00Z,2853.54,15
1483,Potencia instalada de generación ciclo combinado,2025-09-01T00:00:00.000+02:00,2025-08-31T22:00:00Z,3263.71,21
1483,Potencia instalada de generación ciclo combinado,2025-09-01T00:00:00.000+02:00,2025-08-31T22:00:00Z,784.7,20
1483,Potencia instalada de generación ciclo combinado,2025-09-01T00:00:00.000+02:00,2025-08-31T22:00:00Z,865.4,19
1483,Potencia instalada de generación ciclo combinado,2025-09-01T00:00:00.000+02:00,2025-08-31T22:00:00Z,1246.98,17
1483,Potencia instalada de generación ciclo combinado,2025-09-01T00:00:00.000+02:00,2025-08-31T22:00:00Z,1222.32,14
1483,Potencia instalada de generación ciclo combinado,2025-09-01T00:00:00.000+02:00,2025-08-31T22:00:00Z,822.9,18
1483,Potencia instalada de generación ciclo combinado,2025-09-01T00:00:00.000+02:00,2025-08-31T22:00:00Z,1968.07,10
1483,Potencia instalada de generación ciclo combinado,2025-09-01T00:00:00.000+02:00,2025-08-31T22:00:00Z,3788.23,9
1483,Potencia instalada de generación ciclo combinado,2025-09-01T00:00:00.000+02:00,2025-08-31T22:00:00Z,758.74,7
1483,Potencia instalada de generación ciclo combinado,2025-09-01T00:00:00.000+02:00,2025-08-31T22:00:00Z,1869.67,5
1483,Potencia instalada de generación ciclo combinado,2025-09-01T00:00:00.000+02:00,2025-08-31T22:00:00Z,5951.715,4
1483,Potencia instalada de generación ciclo combinado,2025-09-01T00:00:00.000+02:00,2025-08-31T22:00:00Z,854.17,11
1483,Potencia instalada de generación ciclo combinado,2025-10-01T00:00:00.000+02:00,2025-09-30T22:00:00Z,3263.71,21
1483,Potencia instalada de generación ciclo combinado,2025-10-01T00:00:00.000+02:00,2025-09-30T22:00:00Z,784.7,20
1483,Potencia instalada de generación ciclo combinado,2025-10-01T00:00:00.000+02:00,2025-09-30T22:00:00Z,865.4,19
1483,Potencia instalada de generación ciclo combinado,2025-10-01T00:00:00.000+02:00,2025-09-30T22:00:00Z,822.9,18
1483,Potencia instalada de generación ciclo combinado,2025-10-01T00:00:00.000+02:00,2025-09-30T22:00:00Z,1246.98,17
1483,Potencia instalada de generación ciclo combinado,2025-10-01T00:00:00.000+02:00,2025-09-30T22:00:00Z,2853.54,15
1483,Potencia instalada de generación ciclo combinado,2025-10-01T00:00:00.000+02:00,2025-09-30T22:00:00Z,1222.32,14
1483,Potencia instalada de generación ciclo combinado,2025-10-01T00:00:00.000+02:00,2025-09-30T22:00:00Z,1968.07,10
1483,Potencia instalada de generación ciclo combinado,2025-10-01T00:00:00.000+02:00,2025-09-30T22:00:00Z,3788.23,9
1483,Potencia instalada de generación ciclo combinado,2025-10-01T00:00:00.000+02:00,2025-09-30T22:00:00Z,758.74,7
1483,Potencia instalada de generación ciclo combinado,2025-10-01T00:00:00.000+02:00,2025-09-30T22:00:00Z,1869.67,5
1483,Potencia instalada de generación ciclo combinado,2025-10-01T00:00:00.000+02:00,2025-09-30T22:00:00Z,5951.715,4
1483,Potencia instalada de generación ciclo combinado,2025-10-01T00:00:00.000+02:00,2025-09-30T22:00:00Z,854.17,11
1483,Potencia instalada de generación ciclo combinado,2025-11-01T00:00:00.000+01:00,2025-10-31T23:00:00Z,1246.98,17
1483,Potencia instalada de generación ciclo combinado,2025-11-01T00:00:00.000+01:00,2025-10-31T23:00:00Z,3263.71,21
1483,Potencia instalada de generación ciclo combinado,2025-11-01T00:00:00.000+01:00,2025-10-31T23:00:00Z,784.7,20
1483,Potencia instalada de generación ciclo combinado,2025-11-01T00:00:00.000+01:00,2025-10-31T23:00:00Z,865.4,19
1483,Potencia instalada de generación ciclo combinado,2025-11-01T00:00:00.000+01:00,2025-10-31T23:00:00Z,822.9,18
1483,Potencia instalada de generación ciclo combinado,2025-11-01T00:00:00.000+01:00,2025-10-31T23:00:00Z,2853.54,15
1483,Potencia instalada de generación ciclo combinado,2025-11-01T00:00:00.000+01:00,2025-10-31T23:00:00Z,758.74,7
1483,Potencia instalada de generación ciclo combinado,2025-11-01T00:00:00.000+01:00,2025-10-31T23:00:00Z,854.17,11
1483,Potencia instalada de generación ciclo combinado,2025-11-01T00:00:00.000+01:00,2025-10-31T23:00:00Z,1968.07,10
1483,Potencia instalada de generación ciclo combinado,2025-11-01T00:00:00.000+01:00,2025-10-31T23:00:00Z,3788.23,9
1483,Potencia instalada de generación ciclo combinado,2025-11-01T00:00:00.000+01:00,2025-10-31T23:00:00Z,1222.32,14
1483,Potencia instalada de generación ciclo combinado,2025-11-01T00:00:00.000+01:00,2025-10-31T23:00:00Z,1869.67,5
1483,Potencia instalada de generación ciclo combinado,2025-11-01T00:00:00.000+01:00,2025-10-31T23:00:00Z,5951.715,4
1483,Potencia instalada de generación ciclo combinado,2025-12-01T00:00:00.000+01:00,2025-11-30T23:00:00Z,784.7,20
1483,Potencia instalada de generación ciclo combinado,2025-12-01T00:00:00.000+01:00,2025-11-30T23:00:00Z,865.4,19
1483,Potencia instalada de generación ciclo combinado,2025-12-01T00:00:00.000+01:00,2025-11-30T23:00:00Z,822.9,18
1483,Potencia instalada de generación ciclo combinado,2025-12-01T00:00:00.000+01:00,2025-11-30T23:00:00Z,1246.98,17
1483,Potencia instalada de generación ciclo combinado,2025-12-01T00:00:00.000+01:00,2025-11-30T23:00:00Z,2853.54,15
1483,Potencia instalada de generación ciclo combinado,2025-12-01T00:00:00.000+01:00,2025-11-30T23:00:00Z,1222.32,14
1483,Potencia instalada de generación ciclo combinado,2025-12-01T00:00:00.000+01:00,2025-11-30T23:00:00Z,3263.71,21
1483,Potencia instalada de generación ciclo combinado,2025-12-01T00:00:00.000+01:00,2025-11-30T23:00:00Z,1968.07,10
1483,Potencia instalada de generación ciclo combinado,2025-12-01T00:00:00.000+01:00,2025-11-30T23:00:00Z,3788.23,9
1483,Potencia instalada de generación ciclo combinado,2025-12-01T00:00:00.000+01:00,2025-11-30T23:00:00Z,758.74,7
1483,Potencia instalada de generación ciclo combinado,2025-12-01T00:00:00.000+01:00,2025-11-30T23:00:00Z,1869.67,5
1483,Potencia instalada de generación ciclo combinado,2025-12-01T00:00:00.000+01:00,2025-11-30T23:00:00Z,5951.715,4
1483,Potencia instalada de generación ciclo combinado,2025-12-01T00:00:00.000+01:00,2025-11-30T23:00:00Z,854.17,11
1483,Potencia instalada de generación ciclo combinado,2026-01-01T00:00:00.000+01:00,2025-12-31T23:00:00Z,3263.71,21
1483,Potencia instalada de generación ciclo combinado,2026-01-01T00:00:00.000+01:00,2025-12-31T23:00:00Z,784.7,20
1483,Potencia instalada de generación ciclo combinado,2026-01-01T00:00:00.000+01:00,2025-12-31T23:00:00Z,865.4,19
1483,Potencia instalada de generación ciclo combinado,2026-01-01T00:00:00.000+01:00,2025-12-31T23:00:00Z,822.9,18
1483,Potencia instalada de generación ciclo combinado,2026-01-01T00:00:00.000+01:00,2025-12-31T23:00:00Z,1246.98,17
1483,Potencia instalada de generación ciclo combinado,2026-01-01T00:00:00.000+01:00,2025-12-31T23:00:00Z,2853.54,15
1483,Potencia instalada de generación ciclo combinado,2026-01-01T00:00:00.000+01:00,2025-12-31T23:00:00Z,1222.32,14
1483,Potencia instalada de generación ciclo combinado,2026-01-01T00:00:00.000+01:00,2025-12-31T23:00:00Z,1968.07,10
1483,Potencia instalada de generación ciclo combinado,2026-01-01T00:00:00.000+01:00,2025-12-31T23:00:00Z,3788.23,9
1483,Potencia instalada de generación ciclo combinado,2026-01-01T00:00:00.000+01:00,2025-12-31T23:00:00Z,758.74,7
1483,Potencia instalada de generación ciclo combinado,2026-01-01T00:00:00.000+01:00,2025-12-31T23:00:00Z,1869.67,5
1483,Potencia instalada de generación ciclo combinado,2026-01-01T00:00:00.000+01:00,2025-12-31T23:00:00Z,5951.715,4
1483,Potencia instalada de generación ciclo combinado,2026-01-01T00:00:00.000+01:00,2025-12-31T23:00:00Z,854.17,11
1483,Potencia instalada de generación ciclo combinado,2026-02-01T00:00:00.000+01:00,2026-01-31T23:00:00Z,1246.98,17
1483,Potencia instalada de generación ciclo combinado,2026-02-01T00:00:00.000+01:00,2026-01-31T23:00:00Z,3263.71,21
1483,Potencia instalada de generación ciclo combinado,2026-02-01T00:00:00.000+01:00,2026-01-31T23:00:00Z,784.7,20
1483,Potencia instalada de generación ciclo combinado,2026-02-01T00:00:00.000+01:00,2026-01-31T23:00:00Z,865.4,19
1483,Potencia instalada de generación ciclo combinado,2026-02-01T00:00:00.000+01:00,2026-01-31T23:00:00Z,822.9,18
1483,Potencia instalada de generación ciclo combinado,2026-02-01T00:00:00.000+01:00,2026-01-31T23:00:00Z,2853.54,15
1483,Potencia instalada de generación ciclo combinado,2026-02-01T00:00:00.000+01:00,2026-01-31T23:00:00Z,1222.32,14
1483,Potencia instalada de generación ciclo combinado,2026-02-01T00:00:00.000+01:00,2026-01-31T23:00:00Z,854.17,11
1483,Potencia instalada de generación ciclo combinado,2026-02-01T00:00:00.000+01:00,2026-01-31T23:00:00Z,1968.07,10
1483,Potencia instalada de generación ciclo combinado,2026-02-01T00:00:00.000+01:00,2026-01-31T23:00:00Z,3788.23,9
1483,Potencia instalada de generación ciclo combinado,2026-02-01T00:00:00.000+01:00,2026-01-31T23:00:00Z,758.74,7
1483,Potencia instalada de generación ciclo combinado,2026-02-01T00:00:00.000+01:00,2026-01-31T23:00:00Z,1869.67,5
1483,Potencia instalada de generación ciclo combinado,2026-02-01T00:00:00.000+01:00,2026-01-31T23:00:00Z,5951.715,4
1483,Potencia instalada de generación ciclo combinado,2026-03-01T00:00:00.000+01:00,2026-02-28T23:00:00Z,784.7,20
1483,Potencia instalada de generación ciclo combinado,2026-03-01T00:00:00.000+01:00,2026-02-28T23:00:00Z,865.4,19
1483,Potencia instalada de generación ciclo combinado,2026-03-01T00:00:00.000+01:00,2026-02-28T23:00:00Z,822.9,18
1483,Potencia instalada de generación ciclo combinado,2026-03-01T00:00:00.000+01:00,2026-02-28T23:00:00Z,1246.98,17
1483,Potencia instalada de generación ciclo combinado,2026-03-01T00:00:00.000+01:00,2026-02-28T23:00:00Z,2853.54,15
1483,Potencia instalada de generación ciclo combinado,2026-03-01T00:00:00.000+01:00,2026-02-28T23:00:00Z,1222.32,14
1483,Potencia instalada de generación ciclo combinado,2026-03-01T00:00:00.000+01:00,2026-02-28T23:00:00Z,3263.71,21
1483,Potencia instalada de generación ciclo combinado,2026-03-01T00:00:00.000+01:00,2026-02-28T23:00:00Z,1968.07,10
1483,Potencia instalada de generación ciclo combinado,2026-03-01T00:00:00.000+01:00,2026-02-28T23:00:00Z,3788.23,9
1483,Potencia instalada de generación ciclo combinado,2026-03-01T00:00:00.000+01:00,2026-02-28T23:00:00Z,758.74,7
1483,Potencia instalada de generación ciclo combinado,2026-03-01T00:00:00.000+01:00,2026-02-28T23:00:00Z,1869.67,5
1483,Potencia instalada de generación ciclo combinado,2026-03-01T00:00:00.000+01:00,2026-02-28T23:00:00Z,5951.715,4
1483,Potencia instalada de generación ciclo combinado,2026-03-01T00:00:00.000+01:00,2026-02-28T23:00:00Z,854.17,11
1483,Potencia instalada de generación ciclo combinado,2026-04-01T00:00:00.000+02:00,2026-03-31T22:00:00Z,3263.71,21
1483,Potencia instalada de generación ciclo combinado,2026-04-01T00:00:00.000+02:00,2026-03-31T22:00:00Z,784.7,20
1483,Potencia instalada de generación ciclo combinado,2026-04-01T00:00:00.000+02:00,2026-03-31T22:00:00Z,865.4,19
1483,Potencia instalada de generación ciclo combinado,2026-04-01T00:00:00.000+02:00,2026-03-31T22:00:00Z,822.9,18
1483,Potencia instalada de generación ciclo combinado,2026-04-01T00:00:00.000+02:00,2026-03-31T22:00:00Z,1246.98,17
1483,Potencia instalada de generación ciclo combinado,2026-04-01T00:00:00.000+02:00,2026-03-31T22:00:00Z,2853.54,15
1483,Potencia instalada de generación ciclo combinado,2026-04-01T00:00:00.000+02:00,2026-03-31T22:00:00Z,1222.32,14
1483,Potencia instalada de generación ciclo combinado,2026-04-01T00:00:00.000+02:00,2026-03-31T22:00:00Z,1968.07,10
1483,Potencia instalada de generación ciclo combinado,2026-04-01T00:00:00.000+02:00,2026-03-31T22:00:00Z,3788.23,9
1483,Potencia instalada de generación ciclo combinado,2026-04-01T00:00:00.000+02:00,2026-03-31T22:00:00Z,758.74,7
1483,Potencia instalada de generación ciclo combinado,2026-04-01T00:00:00.000+02:00,2026-03-31T22:00:00Z,1869.67,5
1483,Potencia instalada de generación ciclo combinado,2026-04-01T00:00:00.000+02:00,2026-03-31T22:00:00Z,5951.715,4
1483,Potencia instalada de generación ciclo combinado,2026-04-01T00:00:00.000+02:00,2026-03-31T22:00:00Z,854.17,11
1483,Potencia instalada de generación ciclo combinado,2026-05-01T00:00:00.000+02:00,2026-04-30T22:00:00Z,2853.54,15
1483,Potencia instalada de generación ciclo combinado,2026-05-01T00:00:00.000+02:00,2026-04-30T22:00:00Z,3263.71,21
1483,Potencia instalada de generación ciclo combinado,2026-05-01T00:00:00.000+02:00,2026-04-30T22:00:00Z,784.7,20
1483,Potencia instalada de generación ciclo combinado,2026-05-01T00:00:00.000+02:00,2026-04-30T22:00:00Z,865.4,19
1483,Potencia instalada de generación ciclo combinado,2026-05-01T00:00:00.000+02:00,2026-04-30T22:00:00Z,1246.98,17
1483,Potencia instalada de generación ciclo combinado,2026-05-01T00:00:00.000+02:00,2026-04-30T22:00:00Z,1222.32,14
1483,Potencia instalada de generación ciclo combinado,2026-05-01T00:00:00.000+02:00,2026-04-30T22:00:00Z,822.9,18
1483,Potencia instalada de generación ciclo combinado,2026-05-01T00:00:00.000+02:00,2026-04-30T22:00:00Z,1968.07,10
1483,Potencia instalada de generación ciclo combinado,2026-05-01T00:00:00.000+02:00,2026-04-30T22:00:00Z,3788.23,9
1483,Potencia instalada de generación ciclo combinado,2026-05-01T00:00:00.000+02:00,2026-04-30T22:00:00Z,854.17,11
1483,Potencia instalada de generación ciclo combinado,2026-05-01T00:00:00.000+02:00,2026-04-30T22:00:00Z,758.74,7
1483,Potencia instalada de generación ciclo combinado,2026-05-01T00:00:00.000+02:00,2026-04-30T22:00:00Z,1869.67,5
1483,Potencia instalada de generación ciclo combinado,2026-05-01T00:00:00.000+02:00,2026-04-30T22:00:00Z,5951.715,4
1483,Potencia instalada de generación ciclo combinado,2026-06-01T00:00:00.000+02:00,2026-05-31T22:00:00Z,3263.71,21
1483,Potencia instalada de generación ciclo combinado,2026-06-01T00:00:00.000+02:00,2026-05-31T22:00:00Z,784.7,20
1483,Potencia instalada de generación ciclo combinado,2026-06-01T00:00:00.000+02:00,2026-05-31T22:00:00Z,865.4,19
1483,Potencia instalada de generación ciclo combinado,2026-06-01T00:00:00.000+02:00,2026-05-31T22:00:00Z,822.9,18
1483,Potencia instalada de generación ciclo combinado,2026-06-01T00:00:00.000+02:00,2026-05-31T22:00:00Z,1246.98,17
1483,Potencia instalada de generación ciclo combinado,2026-06-01T00:00:00.000+02:00,2026-05-31T22:00:00Z,2853.54,15
1483,Potencia instalada de generación ciclo combinado,2026-06-01T00:00:00.000+02:00,2026-05-31T22:00:00Z,1222.32,14
1483,Potencia instalada de generación ciclo combinado,2026-06-01T00:00:00.000+02:00,2026-05-31T22:00:00Z,854.17,11
1483,Potencia instalada de generación ciclo combinado,2026-06-01T00:00:00.000+02:00,2026-05-31T22:00:00Z,1968.07,10
1483,Potencia instalada de generación ciclo combinado,2026-06-01T00:00:00.000+02:00,2026-05-31T22:00:00Z,3788.23,9
1483,Potencia instalada de generación ciclo combinado,2026-06-01T00:00:00.000+02:00,2026-05-31T22:00:00Z,758.74,7
1483,Potencia instalada de generación ciclo combinado,2026-06-01T00:00:00.000+02:00,2026-05-31T22:00:00Z,1869.67,5
1483,Potencia instalada de generación ciclo combinado,2026-06-01T00:00:00.000+02:00,2026-05-31T22:00:00Z,5951.715,4
1483,Potencia instalada de generación ciclo combinado,2026-07-01T00:00:00.000+02:00,2026-06-30T22:00:00Z,784.7,20
1483,Potencia instalada de generación ciclo combinado,2026-07-01T00:00:00.000+02:00,2026-06-30T22:00:00Z,865.4,19
1483,Potencia instalada de generación ciclo combinado,2026-07-01T00:00:00.000+02:00,2026-06-30T22:00:00Z,822.9,18
1483,Potencia instalada de generación ciclo combinado,2026-07-01T00:00:00.000+02:00,2026-06-30T22:00:00Z,3263.71,21
1483,Potencia instalada de generación ciclo combinado,2026-07-01T00:00:00.000+02:00,2026-06-30T22:00:00Z,1246.98,17
1483,Potencia instalada de generación ciclo combinado,2026-07-01T00:00:00.000+02:00,2026-06-30T22:00:00Z,2853.54,15
1483,Potencia instalada de generación ciclo combinado,2026-07-01T00:00:00.000+02:00,2026-06-30T22:00:00Z,3788.23,9
1483,Potencia instalada de generación ciclo combinado,2026-07-01T00:00:00.000+02:00,2026-06-30T22:00:00Z,854.17,11
1483,Potencia instalada de generación ciclo combinado,2026-07-01T00:00:00.000+02:00,2026-06-30T22:00:00Z,1968.07,10
1483,Potencia instalada de generación ciclo combinado,2026-07-01T00:00:00.000+02:00,2026-06-30T22:00:00Z,758.74,7
1483,Potencia instalada de generación ciclo combinado,2026-07-01T00:00:00.000+02:00,2026-06-30T22:00:00Z,1869.67,5
1483,Potencia instalada de generación ciclo combinado,2026-07-01T00:00:00.000+02:00,2026-06-30T22:00:00Z,5951.715,4
1483,Potencia instalada de generación ciclo combinado,2026-07-01T00:00:00.000+02:00,2026-06-30T22:00:00Z,1222.32,14
1483,Potencia instalada de generación ciclo combinado,2026-08-01T00:00:00.000+02:00,2026-07-31T22:00:00Z,865.4,19
1483,Potencia instalada de generación ciclo combinado,2026-08-01T00:00:00.000+02:00,2026-07-31T22:00:00Z,822.9,18
1483,Potencia instalada de generación ciclo combinado,2026-08-01T00:00:00.000+02:00,2026-07-31T22:00:00Z,1246.98,17
1483,Potencia instalada de generación ciclo combinado,2026-08-01T00:00:00.000+02:00,2026-07-31T22:00:00Z,2853.54,15
1483,Potencia instalada de generación ciclo combinado,2026-08-01T00:00:00.000+02:00,2026-07-31T22:00:00Z,1222.32,14
1483,Potencia instalada de generación ciclo combinado,2026-08-01T00:00:00.000+02:00,2026-07-31T22:00:00Z,3788.23,9
1483,Potencia instalada de generación ciclo combinado,2026-08-01T00:00:00.000+02:00,2026-07-31T22:00:00Z,1968.07,10
1483,Potencia instalada de generación ciclo combinado,2026-08-01T00:00:00.000+02:00,2026-07-31T22:00:00Z,758.74,7
1483,Potencia instalada de generación ciclo combinado,2026-08-01T00:00:00.000+02:00,2026-07-31T22:00:00Z,1869.67,5
1483,Potencia instalada de generación ciclo combinado,2026-08-01T00:00:00.000+02:00,2026-07-31T22:00:00Z,5951.715,4
1483,Potencia instalada de generación ciclo combinado,2026-08-01T00:00:00.000+02:00,2026-07-31T22:00:00Z,784.7,20
1483,Potencia instalada de generación ciclo combinado,2026-08-01T00:00:00.000+02:00,2026-07-31T22:00:00Z,854.17,11
1483,Potencia instalada de generación ciclo combinado,2026-08-01T00:00:00.000+02:00,2026-07-31T22:00:00Z,3263.71,21
1484,Potencia instalada de generación hidroeólica,2025-08-01T00:00:00.000+02:00,2025-07-31T22:00:00Z,11.32,19
1484,Potencia instalada de generación hidroeólica,2025-09-01T00:00:00.000+02:00,2025-08-31T22:00:00Z,11.32,19
1484,Potencia instalada de generación hidroeólica,2025-10-01T00:00:00.000+02:00,2025-09-30T22:00:00Z,11.32,19
1484,Potencia instalada de generación hidroeólica,2025-11-01T00:00:00.000+01:00,2025-10-31T23:00:00Z,11.32,19
1484,Potencia instalada de generación hidroeólica,2025-12-01T00:00:00.000+01:00,2025-11-30T23:00:00Z,11.32,19
1484,Potencia instalada de generación hidroeólica,2026-01-01T00:00:00.000+01:00,2025-12-31T23:00:00Z,11.32,19
1484,Potencia instalada de generación hidroeólica,2026-02-01T00:00:00.000+01:00,2026-01-31T23:00:00Z,11.32,19
1484,Potencia instalada de generación hidroeólica,2026-03-01T00:00:00.000+01:00,2026-02-28T23:00:00Z,11.32,19
1484,Potencia instalada de generación hidroeólica,2026-04-01T00:00:00.000+02:00,2026-03-31T22:00:00Z,11.32,19
1484,Potencia instalada de generación hidroeólica,2026-05-01T00:00:00.000+02:00,2026-04-30T22:00:00Z,11.32,19
1484,Potencia instalada de generación hidroeólica,2026-06-01T00:00:00.000+02:00,2026-05-31T22:00:00Z,11.32,19
1484,Potencia instalada de generación hidroeólica,2026-07-01T00:00:00.000+02:00,2026-06-30T22:00:00Z,11.32,19
1484,Potencia instalada de generación hidroeólica,2026-08-01T00:00:00.000+02:00,2026-07-31T22:00:00Z,11.32,19
1485,Potencia instalada de generación eólica,2025-08-01T00:00:00.000+02:00,2025-07-31T22:00:00Z,3765.395,4
1485,Potencia instalada de generación eólica,2025-08-01T00:00:00.000+02:00,2025-07-31T22:00:00Z,264.097,21
1485,Potencia instalada de generación eólica,2025-08-01T00:00:00.000+02:00,2025-07-31T22:00:00Z,511.92,20
1485,Potencia instalada de generación eólica,2025-08-01T00:00:00.000+02:00,2025-07-31T22:00:00Z,657.86,19
1485,Potencia instalada de generación eólica,2025-08-01T00:00:00.000+02:00,2025-07-31T22:00:00Z,3.563,18
1485,Potencia instalada de generación eólica,2025-08-01T00:00:00.000+02:00,2025-07-31T22:00:00Z,98.775,16
1485,Potencia instalada de generación eólica,2025-08-01T00:00:00.000+02:00,2025-07-31T22:00:00Z,1243.033,15
1485,Potencia instalada de generación eólica,2025-08-01T00:00:00.000+02:00,2025-07-31T22:00:00Z,1635.232,14
1485,Potencia instalada de generación eólica,2025-08-01T00:00:00.000+02:00,2025-07-31T22:00:00Z,4026.94,17
1485,Potencia instalada de generación eólica,2025-08-01T00:00:00.000+02:00,2025-07-31T22:00:00Z,702.075,11
1485,Potencia instalada de generación eólica,2025-08-01T00:00:00.000+02:00,2025-07-31T22:00:00Z,155.382,10
1485,Potencia instalada de generación eólica,2025-08-01T00:00:00.000+02:00,2025-07-31T22:00:00Z,1442.752,9
1485,Potencia instalada de generación eólica,2025-08-01T00:00:00.000+02:00,2025-07-31T22:00:00Z,7735.167,8
1485,Potencia instalada de generación eólica,2025-08-01T00:00:00.000+02:00,2025-07-31T22:00:00Z,4982.534,7
1485,Potencia instalada de generación eólica,2025-08-01T00:00:00.000+02:00,2025-07-31T22:00:00Z,35.307,6
1485,Potencia instalada de generación eólica,2025-08-01T00:00:00.000+02:00,2025-07-31T22:00:00Z,5879.93,5
1485,Potencia instalada de generación eólica,2025-08-01T00:00:00.000+02:00,2025-07-31T22:00:00Z,0.003,13
1485,Potencia instalada de generación eólica,2025-09-01T00:00:00.000+02:00,2025-08-31T22:00:00Z,1635.232,14
1485,Potencia instalada de generación eólica,2025-09-01T00:00:00.000+02:00,2025-08-31T22:00:00Z,264.097,21
1485,Potencia instalada de generación eólica,2025-09-01T00:00:00.000+02:00,2025-08-31T22:00:00Z,511.92,20
1485,Potencia instalada de generación eólica,2025-09-01T00:00:00.000+02:00,2025-08-31T22:00:00Z,660.21,19
1485,Potencia instalada de generación eólica,2025-09-01T00:00:00.000+02:00,2025-08-31T22:00:00Z,3.563,18
1485,Potencia instalada de generación eólica,2025-09-01T00:00:00.000+02:00,2025-08-31T22:00:00Z,98.775,16
1485,Potencia instalada de generación eólica,2025-09-01T00:00:00.000+02:00,2025-08-31T22:00:00Z,1243.033,15
1485,Potencia instalada de generación eólica,2025-09-01T00:00:00.000+02:00,2025-08-31T22:00:00Z,0.003,13
1485,Potencia instalada de generación eólica,2025-09-01T00:00:00.000+02:00,2025-08-31T22:00:00Z,4026.94,17
1485,Potencia instalada de generación eólica,2025-09-01T00:00:00.000+02:00,2025-08-31T22:00:00Z,155.382,10
1485,Potencia instalada de generación eólica,2025-09-01T00:00:00.000+02:00,2025-08-31T22:00:00Z,1442.752,9
1485,Potencia instalada de generación eólica,2025-09-01T00:00:00.000+02:00,2025-08-31T22:00:00Z,7750.647,8
1485,Potencia instalada de generación eólica,2025-09-01T00:00:00.000+02:00,2025-08-31T22:00:00Z,4982.534,7
1485,Potencia instalada de generación eólica,2025-09-01T00:00:00.000+02:00,2025-08-31T22:00:00Z,35.307,6
1485,Potencia instalada de generación eólica,2025-09-01T00:00:00.000+02:00,2025-08-31T22:00:00Z,5879.93,5
1485,Potencia instalada de generación eólica,2025-09-01T00:00:00.000+02:00,2025-08-31T22:00:00Z,3706.795,4
1485,Potencia instalada de generación eólica,2025-09-01T00:00:00.000+02:00,2025-08-31T22:00:00Z,702.075,11
1485,Potencia instalada de generación eólica,2025-10-01T00:00:00.000+02:00,2025-09-30T22:00:00Z,264.097,21
1485,Potencia instalada de generación eólica,2025-10-01T00:00:00.000+02:00,2025-09-30T22:00:00Z,511.92,20
1485,Potencia instalada de generación eólica,2025-10-01T00:00:00.000+02:00,2025-09-30T22:00:00Z,660.21,19
1485,Potencia instalada de generación eólica,2025-10-01T00:00:00.000+02:00,2025-09-30T22:00:00Z,3.563,18
1485,Potencia instalada de generación eólica,2025-10-01T00:00:00.000+02:00,2025-09-30T22:00:00Z,4028.94,17
1485,Potencia instalada de generación eólica,2025-10-01T00:00:00.000+02:00,2025-09-30T22:00:00Z,98.775,16
1485,Potencia instalada de generación eólica,2025-10-01T00:00:00.000+02:00,2025-09-30T22:00:00Z,1243.033,15
1485,Potencia instalada de generación eólica,2025-10-01T00:00:00.000+02:00,2025-09-30T22:00:00Z,1635.232,14
1485,Potencia instalada de generación eólica,2025-10-01T00:00:00.000+02:00,2025-09-30T22:00:00Z,0.003,13
1485,Potencia instalada de generación eólica,2025-10-01T00:00:00.000+02:00,2025-09-30T22:00:00Z,155.382,10
1485,Potencia instalada de generación eólica,2025-10-01T00:00:00.000+02:00,2025-09-30T22:00:00Z,1442.824,9
1485,Potencia instalada de generación eólica,2025-10-01T00:00:00.000+02:00,2025-09-30T22:00:00Z,7750.652,8
1485,Potencia instalada de generación eólica,2025-10-01T00:00:00.000+02:00,2025-09-30T22:00:00Z,4982.534,7
1485,Potencia instalada de generación eólica,2025-10-01T00:00:00.000+02:00,2025-09-30T22:00:00Z,35.307,6
1485,Potencia instalada de generación eólica,2025-10-01T00:00:00.000+02:00,2025-09-30T22:00:00Z,5879.93,5
1485,Potencia instalada de generación eólica,2025-10-01T00:00:00.000+02:00,2025-09-30T22:00:00Z,3706.795,4
1485,Potencia instalada de generación eólica,2025-10-01T00:00:00.000+02:00,2025-09-30T22:00:00Z,702.075,11
1485,Potencia instalada de generación eólica,2025-11-01T00:00:00.000+01:00,2025-10-31T23:00:00Z,1243.033,15
1485,Potencia instalada de generación eólica,2025-11-01T00:00:00.000+01:00,2025-10-31T23:00:00Z,264.097,21
1485,Potencia instalada de generación eólica,2025-11-01T00:00:00.000+01:00,2025-10-31T23:00:00Z,511.92,20
1485,Potencia instalada de generación eólica,2025-11-01T00:00:00.000+01:00,2025-10-31T23:00:00Z,660.21,19
1485,Potencia instalada de generación eólica,2025-11-01T00:00:00.000+01:00,2025-10-31T23:00:00Z,3.563,18
1485,Potencia instalada de generación eólica,2025-11-01T00:00:00.000+01:00,2025-10-31T23:00:00Z,4028.94,17
1485,Potencia instalada de generación eólica,2025-11-01T00:00:00.000+01:00,2025-10-31T23:00:00Z,98.775,16
1485,Potencia instalada de generación eólica,2025-11-01T00:00:00.000+01:00,2025-10-31T23:00:00Z,1635.232,14
1485,Potencia instalada de generación eólica,2025-11-01T00:00:00.000+01:00,2025-10-31T23:00:00Z,4982.534,7
1485,Potencia instalada de generación eólica,2025-11-01T00:00:00.000+01:00,2025-10-31T23:00:00Z,702.075,11
1485,Potencia instalada de generación eólica,2025-11-01T00:00:00.000+01:00,2025-10-31T23:00:00Z,155.382,10
1485,Potencia instalada de generación eólica,2025-11-01T00:00:00.000+01:00,2025-10-31T23:00:00Z,1442.824,9
1485,Potencia instalada de generación eólica,2025-11-01T00:00:00.000+01:00,2025-10-31T23:00:00Z,7750.652,8
1485,Potencia instalada de generación eólica,2025-11-01T00:00:00.000+01:00,2025-10-31T23:00:00Z,0.003,13
1485,Potencia instalada de generación eólica,2025-11-01T00:00:00.000+01:00,2025-10-31T23:00:00Z,35.307,6
1485,Potencia instalada de generación eólica,2025-11-01T00:00:00.000+01:00,2025-10-31T23:00:00Z,5944.73,5
1485,Potencia instalada de generación eólica,2025-11-01T00:00:00.000+01:00,2025-10-31T23:00:00Z,3713.795,4
1485,Potencia instalada de generación eólica,2025-12-01T00:00:00.000+01:00,2025-11-30T23:00:00Z,511.92,20
1485,Potencia instalada de generación eólica,2025-12-01T00:00:00.000+01:00,2025-11-30T23:00:00Z,678.435,19
1485,Potencia instalada de generación eólica,2025-12-01T00:00:00.000+01:00,2025-11-30T23:00:00Z,3.563,18
1485,Potencia instalada de generación eólica,2025-12-01T00:00:00.000+01:00,2025-11-30T23:00:00Z,4028.94,17
1485,Potencia instalada de generación eólica,2025-12-01T00:00:00.000+01:00,2025-11-30T23:00:00Z,98.775,16
1485,Potencia instalada de generación eólica,2025-12-01T00:00:00.000+01:00,2025-11-30T23:00:00Z,1243.033,15
1485,Potencia instalada de generación eólica,2025-12-01T00:00:00.000+01:00,2025-11-30T23:00:00Z,1635.232,14
1485,Potencia instalada de generación eólica,2025-12-01T00:00:00.000+01:00,2025-11-30T23:00:00Z,0.003,13
1485,Potencia instalada de generación eólica,2025-12-01T00:00:00.000+01:00,2025-11-30T23:00:00Z,264.097,21
1485,Potencia instalada de generación eólica,2025-12-01T00:00:00.000+01:00,2025-11-30T23:00:00Z,155.382,10
1485,Potencia instalada de generación eólica,2025-12-01T00:00:00.000+01:00,2025-11-30T23:00:00Z,1455.024,9
1485,Potencia instalada de generación eólica,2025-12-01T00:00:00.000+01:00,2025-11-30T23:00:00Z,7750.652,8
1485,Potencia instalada de generación eólica,2025-12-01T00:00:00.000+01:00,2025-11-30T23:00:00Z,4982.534,7
1485,Potencia instalada de generación eólica,2025-12-01T00:00:00.000+01:00,2025-11-30T23:00:00Z,35.307,6
1485,Potencia instalada de generación eólica,2025-12-01T00:00:00.000+01:00,2025-11-30T23:00:00Z,6064.5,5
1485,Potencia instalada de generación eólica,2025-12-01T00:00:00.000+01:00,2025-11-30T23:00:00Z,3706.795,4
1485,Potencia instalada de generación eólica,2025-12-01T00:00:00.000+01:00,2025-11-30T23:00:00Z,702.075,11
1485,Potencia instalada de generación eólica,2026-01-01T00:00:00.000+01:00,2025-12-31T23:00:00Z,264.097,21
1485,Potencia instalada de generación eólica,2026-01-01T00:00:00.000+01:00,2025-12-31T23:00:00Z,511.92,20
1485,Potencia instalada de generación eólica,2026-01-01T00:00:00.000+01:00,2025-12-31T23:00:00Z,677.535,19
1485,Potencia instalada de generación eólica,2026-01-01T00:00:00.000+01:00,2025-12-31T23:00:00Z,3.563,18
1485,Potencia instalada de generación eólica,2026-01-01T00:00:00.000+01:00,2025-12-31T23:00:00Z,4028.94,17
1485,Potencia instalada de generación eólica,2026-01-01T00:00:00.000+01:00,2025-12-31T23:00:00Z,98.775,16
1485,Potencia instalada de generación eólica,2026-01-01T00:00:00.000+01:00,2025-12-31T23:00:00Z,1243.033,15
1485,Potencia instalada de generación eólica,2026-01-01T00:00:00.000+01:00,2025-12-31T23:00:00Z,1668.522,14
1485,Potencia instalada de generación eólica,2026-01-01T00:00:00.000+01:00,2025-12-31T23:00:00Z,0.003,13
1485,Potencia instalada de generación eólica,2026-01-01T00:00:00.000+01:00,2025-12-31T23:00:00Z,155.382,10
1485,Potencia instalada de generación eólica,2026-01-01T00:00:00.000+01:00,2025-12-31T23:00:00Z,1455.024,9
1485,Potencia instalada de generación eólica,2026-01-01T00:00:00.000+01:00,2025-12-31T23:00:00Z,7750.652,8
1485,Potencia instalada de generación eólica,2026-01-01T00:00:00.000+01:00,2025-12-31T23:00:00Z,4982.534,7
1485,Potencia instalada de generación eólica,2026-01-01T00:00:00.000+01:00,2025-12-31T23:00:00Z,35.307,6
1485,Potencia instalada de generación eólica,2026-01-01T00:00:00.000+01:00,2025-12-31T23:00:00Z,6077.4,5
1485,Potencia instalada de generación eólica,2026-01-01T00:00:00.000+01:00,2025-12-31T23:00:00Z,3706.795,4
1485,Potencia instalada de generación eólica,2026-01-01T00:00:00.000+01:00,2025-12-31T23:00:00Z,702.075,11
1485,Potencia instalada de generación eólica,2026-02-01T00:00:00.000+01:00,2026-01-31T23:00:00Z,1243.033,15
1485,Potencia instalada de generación eólica,2026-02-01T00:00:00.000+01:00,2026-01-31T23:00:00Z,264.097,21
1485,Potencia instalada de generación eólica,2026-02-01T00:00:00.000+01:00,2026-01-31T23:00:00Z,511.92,20
1485,Potencia instalada de generación eólica,2026-02-01T00:00:00.000+01:00,2026-01-31T23:00:00Z,677.535,19
1485,Potencia instalada de generación eólica,2026-02-01T00:00:00.000+01:00,2026-01-31T23:00:00Z,3.563,18
1485,Potencia instalada de generación eólica,2026-02-01T00:00:00.000+01:00,2026-01-31T23:00:00Z,4028.94,17
1485,Potencia instalada de generación eólica,2026-02-01T00:00:00.000+01:00,2026-01-31T23:00:00Z,98.775,16
1485,Potencia instalada de generación eólica,2026-02-01T00:00:00.000+01:00,2026-01-31T23:00:00Z,1699.702,14
1485,Potencia instalada de generación eólica,2026-02-01T00:00:00.000+01:00,2026-01-31T23:00:00Z,0.003,13
1485,Potencia instalada de generación eólica,2026-02-01T00:00:00.000+01:00,2026-01-31T23:00:00Z,702.075,11
1485,Potencia instalada de generación eólica,2026-02-01T00:00:00.000+01:00,2026-01-31T23:00:00Z,155.382,10
1485,Potencia instalada de generación eólica,2026-02-01T00:00:00.000+01:00,2026-01-31T23:00:00Z,1455.024,9
1485,Potencia instalada de generación eólica,2026-02-01T00:00:00.000+01:00,2026-01-31T23:00:00Z,7750.652,8
1485,Potencia instalada de generación eólica,2026-02-01T00:00:00.000+01:00,2026-01-31T23:00:00Z,4982.534,7
1485,Potencia instalada de generación eólica,2026-02-01T00:00:00.000+01:00,2026-01-31T23:00:00Z,35.307,6
1485,Potencia instalada de generación eólica,2026-02-01T00:00:00.000+01:00,2026-01-31T23:00:00Z,6077.4,5
1485,Potencia instalada de generación eólica,2026-02-01T00:00:00.000+01:00,2026-01-31T23:00:00Z,3747.295,4
1485,Potencia instalada de generación eólica,2026-03-01T00:00:00.000+01:00,2026-02-28T23:00:00Z,511.92,20
1485,Potencia instalada de generación eólica,2026-03-01T00:00:00.000+01:00,2026-02-28T23:00:00Z,677.535,19
1485,Potencia instalada de generación eólica,2026-03-01T00:00:00.000+01:00,2026-02-28T23:00:00Z,3.563,18
1485,Potencia instalada de generación eólica,2026-03-01T00:00:00.000+01:00,2026-02-28T23:00:00Z,4028.94,17
1485,Potencia instalada de generación eólica,2026-03-01T00:00:00.000+01:00,2026-02-28T23:00:00Z,98.775,16
1485,Potencia instalada de generación eólica,2026-03-01T00:00:00.000+01:00,2026-02-28T23:00:00Z,1243.033,15
1485,Potencia instalada de generación eólica,2026-03-01T00:00:00.000+01:00,2026-02-28T23:00:00Z,1699.702,14
1485,Potencia instalada de generación eólica,2026-03-01T00:00:00.000+01:00,2026-02-28T23:00:00Z,0.003,13
1485,Potencia instalada de generación eólica,2026-03-01T00:00:00.000+01:00,2026-02-28T23:00:00Z,264.097,21
1485,Potencia instalada de generación eólica,2026-03-01T00:00:00.000+01:00,2026-02-28T23:00:00Z,155.382,10
1485,Potencia instalada de generación eólica,2026-03-01T00:00:00.000+01:00,2026-02-28T23:00:00Z,1455.024,9
1485,Potencia instalada de generación eólica,2026-03-01T00:00:00.000+01:00,2026-02-28T23:00:00Z,7821.052,8
1485,Potencia instalada de generación eólica,2026-03-01T00:00:00.000+01:00,2026-02-28T23:00:00Z,4982.534,7
1485,Potencia instalada de generación eólica,2026-03-01T00:00:00.000+01:00,2026-02-28T23:00:00Z,35.307,6
1485,Potencia instalada de generación eólica,2026-03-01T00:00:00.000+01:00,2026-02-28T23:00:00Z,6171.8,5
1485,Potencia instalada de generación eólica,2026-03-01T00:00:00.000+01:00,2026-02-28T23:00:00Z,3747.295,4
1485,Potencia instalada de generación eólica,2026-03-01T00:00:00.000+01:00,2026-02-28T23:00:00Z,702.075,11
1485,Potencia instalada de generación eólica,2026-04-01T00:00:00.000+02:00,2026-03-31T22:00:00Z,264.097,21
1485,Potencia instalada de generación eólica,2026-04-01T00:00:00.000+02:00,2026-03-31T22:00:00Z,511.92,20
1485,Potencia instalada de generación eólica,2026-04-01T00:00:00.000+02:00,2026-03-31T22:00:00Z,677.535,19
1485,Potencia instalada de generación eólica,2026-04-01T00:00:00.000+02:00,2026-03-31T22:00:00Z,3.563,18
1485,Potencia instalada de generación eólica,2026-04-01T00:00:00.000+02:00,2026-03-31T22:00:00Z,4028.94,17
1485,Potencia instalada de generación eólica,2026-04-01T00:00:00.000+02:00,2026-03-31T22:00:00Z,98.775,16
1485,Potencia instalada de generación eólica,2026-04-01T00:00:00.000+02:00,2026-03-31T22:00:00Z,1243.033,15
1485,Potencia instalada de generación eólica,2026-04-01T00:00:00.000+02:00,2026-03-31T22:00:00Z,1699.702,14
1485,Potencia instalada de generación eólica,2026-04-01T00:00:00.000+02:00,2026-03-31T22:00:00Z,0.003,13
1485,Potencia instalada de generación eólica,2026-04-01T00:00:00.000+02:00,2026-03-31T22:00:00Z,155.382,10
1485,Potencia instalada de generación eólica,2026-04-01T00:00:00.000+02:00,2026-03-31T22:00:00Z,1455.024,9
1485,Potencia instalada de generación eólica,2026-04-01T00:00:00.000+02:00,2026-03-31T22:00:00Z,7821.052,8
1485,Potencia instalada de generación eólica,2026-04-01T00:00:00.000+02:00,2026-03-31T22:00:00Z,4982.534,7
1485,Potencia instalada de generación eólica,2026-04-01T00:00:00.000+02:00,2026-03-31T22:00:00Z,35.307,6
1485,Potencia instalada de generación eólica,2026-04-01T00:00:00.000+02:00,2026-03-31T22:00:00Z,6171.8,5
1485,Potencia instalada de generación eólica,2026-04-01T00:00:00.000+02:00,2026-03-31T22:00:00Z,3747.295,4
1485,Potencia instalada de generación eólica,2026-04-01T00:00:00.000+02:00,2026-03-31T22:00:00Z,702.075,11
1485,Potencia instalada de generación eólica,2026-05-01T00:00:00.000+02:00,2026-04-30T22:00:00Z,1668.522,14
1485,Potencia instalada de generación eólica,2026-05-01T00:00:00.000+02:00,2026-04-30T22:00:00Z,264.097,21
1485,Potencia instalada de generación eólica,2026-05-01T00:00:00.000+02:00,2026-04-30T22:00:00Z,511.92,20
1485,Potencia instalada de generación eólica,2026-05-01T00:00:00.000+02:00,2026-04-30T22:00:00Z,677.535,19
1485,Potencia instalada de generación eólica,2026-05-01T00:00:00.000+02:00,2026-04-30T22:00:00Z,3.563,18
1485,Potencia instalada de generación eólica,2026-05-01T00:00:00.000+02:00,2026-04-30T22:00:00Z,98.775,16
1485,Potencia instalada de generación eólica,2026-05-01T00:00:00.000+02:00,2026-04-30T22:00:00Z,1243.033,15
1485,Potencia instalada de generación eólica,2026-05-01T00:00:00.000+02:00,2026-04-30T22:00:00Z,0.003,13
1485,Potencia instalada de generación eólica,2026-05-01T00:00:00.000+02:00,2026-04-30T22:00:00Z,4027.24,17
1485,Potencia instalada de generación eólica,2026-05-01T00:00:00.000+02:00,2026-04-30T22:00:00Z,155.382,10
1485,Potencia instalada de generación eólica,2026-05-01T00:00:00.000+02:00,2026-04-30T22:00:00Z,1455.024,9
1485,Potencia instalada de generación eólica,2026-05-01T00:00:00.000+02:00,2026-04-30T22:00:00Z,7815.052,8
1485,Potencia instalada de generación eólica,2026-05-01T00:00:00.000+02:00,2026-04-30T22:00:00Z,702.075,11
1485,Potencia instalada de generación eólica,2026-05-01T00:00:00.000+02:00,2026-04-30T22:00:00Z,4982.534,7
1485,Potencia instalada de generación eólica,2026-05-01T00:00:00.000+02:00,2026-04-30T22:00:00Z,35.307,6
1485,Potencia instalada de generación eólica,2026-05-01T00:00:00.000+02:00,2026-04-30T22:00:00Z,6171.8,5
1485,Potencia instalada de generación eólica,2026-05-01T00:00:00.000+02:00,2026-04-30T22:00:00Z,3747.295,4
1485,Potencia instalada de generación eólica,2026-06-01T00:00:00.000+02:00,2026-05-31T22:00:00Z,264.097,21
1485,Potencia instalada de generación eólica,2026-06-01T00:00:00.000+02:00,2026-05-31T22:00:00Z,511.92,20
1485,Potencia instalada de generación eólica,2026-06-01T00:00:00.000+02:00,2026-05-31T22:00:00Z,677.535,19
1485,Potencia instalada de generación eólica,2026-06-01T00:00:00.000+02:00,2026-05-31T22:00:00Z,3.563,18
1485,Potencia instalada de generación eólica,2026-06-01T00:00:00.000+02:00,2026-05-31T22:00:00Z,4027.24,17
1485,Potencia instalada de generación eólica,2026-06-01T00:00:00.000+02:00,2026-05-31T22:00:00Z,98.775,16
1485,Potencia instalada de generación eólica,2026-06-01T00:00:00.000+02:00,2026-05-31T22:00:00Z,1243.033,15
1485,Potencia instalada de generación eólica,2026-06-01T00:00:00.000+02:00,2026-05-31T22:00:00Z,1668.522,14
1485,Potencia instalada de generación eólica,2026-06-01T00:00:00.000+02:00,2026-05-31T22:00:00Z,0.003,13
1485,Potencia instalada de generación eólica,2026-06-01T00:00:00.000+02:00,2026-05-31T22:00:00Z,702.075,11
1485,Potencia instalada de generación eólica,2026-06-01T00:00:00.000+02:00,2026-05-31T22:00:00Z,155.382,10
1485,Potencia instalada de generación eólica,2026-06-01T00:00:00.000+02:00,2026-05-31T22:00:00Z,1455.024,9
1485,Potencia instalada de generación eólica,2026-06-01T00:00:00.000+02:00,2026-05-31T22:00:00Z,7815.052,8
1485,Potencia instalada de generación eólica,2026-06-01T00:00:00.000+02:00,2026-05-31T22:00:00Z,4982.534,7
1485,Potencia instalada de generación eólica,2026-06-01T00:00:00.000+02:00,2026-05-31T22:00:00Z,35.307,6
1485,Potencia instalada de generación eólica,2026-06-01T00:00:00.000+02:00,2026-05-31T22:00:00Z,6171.8,5
1485,Potencia instalada de generación eólica,2026-06-01T00:00:00.000+02:00,2026-05-31T22:00:00Z,3747.295,4
1485,Potencia instalada de generación eólica,2026-07-01T00:00:00.000+02:00,2026-06-30T22:00:00Z,511.92,20
1485,Potencia instalada de generación eólica,2026-07-01T00:00:00.000+02:00,2026-06-30T22:00:00Z,677.535,19
1485,Potencia instalada de generación eólica,2026-07-01T00:00:00.000+02:00,2026-06-30T22:00:00Z,3.563,18
1485,Potencia instalada de generación eólica,2026-07-01T00:00:00.000+02:00,2026-06-30T22:00:00Z,4027.24,17
1485,Potencia instalada de generación eólica,2026-07-01T00:00:00.000+02:00,2026-06-30T22:00:00Z,264.101,21
1485,Potencia instalada de generación eólica,2026-07-01T00:00:00.000+02:00,2026-06-30T22:00:00Z,98.775,16
1485,Potencia instalada de generación eólica,2026-07-01T00:00:00.000+02:00,2026-06-30T22:00:00Z,1243.033,15
1485,Potencia instalada de generación eólica,2026-07-01T00:00:00.000+02:00,2026-06-30T22:00:00Z,1668.522,14
1485,Potencia instalada de generación eólica,2026-07-01T00:00:00.000+02:00,2026-06-30T22:00:00Z,7815.052,8
1485,Potencia instalada de generación eólica,2026-07-01T00:00:00.000+02:00,2026-06-30T22:00:00Z,702.075,11
1485,Potencia instalada de generación eólica,2026-07-01T00:00:00.000+02:00,2026-06-30T22:00:00Z,155.382,10
1485,Potencia instalada de generación eólica,2026-07-01T00:00:00.000+02:00,2026-06-30T22:00:00Z,1418.394,9
1485,Potencia instalada de generación eólica,2026-07-01T00:00:00.000+02:00,2026-06-30T22:00:00Z,4982.534,7
1485,Potencia instalada de generación eólica,2026-07-01T00:00:00.000+02:00,2026-06-30T22:00:00Z,35.307,6
1485,Potencia instalada de generación eólica,2026-07-01T00:00:00.000+02:00,2026-06-30T22:00:00Z,6171.8,5
1485,Potencia instalada de generación eólica,2026-07-01T00:00:00.000+02:00,2026-06-30T22:00:00Z,3747.295,4
1485,Potencia instalada de generación eólica,2026-07-01T00:00:00.000+02:00,2026-06-30T22:00:00Z,0.003,13
1485,Potencia instalada de generación eólica,2026-08-01T00:00:00.000+02:00,2026-07-31T22:00:00Z,677.535,19
1485,Potencia instalada de generación eólica,2026-08-01T00:00:00.000+02:00,2026-07-31T22:00:00Z,3.563,18
1485,Potencia instalada de generación eólica,2026-08-01T00:00:00.000+02:00,2026-07-31T22:00:00Z,4027.24,17
1485,Potencia instalada de generación eólica,2026-08-01T00:00:00.000+02:00,2026-07-31T22:00:00Z,98.775,16
1485,Potencia instalada de generación eólica,2026-08-01T00:00:00.000+02:00,2026-07-31T22:00:00Z,1243.033,15
1485,Potencia instalada de generación eólica,2026-08-01T00:00:00.000+02:00,2026-07-31T22:00:00Z,1668.522,14
1485,Potencia instalada de generación eólica,2026-08-01T00:00:00.000+02:00,2026-07-31T22:00:00Z,0.003,13
1485,Potencia instalada de generación eólica,2026-08-01T00:00:00.000+02:00,2026-07-31T22:00:00Z,7815.052,8
1485,Potencia instalada de generación eólica,2026-08-01T00:00:00.000+02:00,2026-07-31T22:00:00Z,155.382,10
1485,Potencia instalada de generación eólica,2026-08-01T00:00:00.000+02:00,2026-07-31T22:00:00Z,1418.394,9
1485,Potencia instalada de generación eólica,2026-08-01T00:00:00.000+02:00,2026-07-31T22:00:00Z,4982.534,7
1485,Potencia instalada de generación eólica,2026-08-01T00:00:00.000+02:00,2026-07-31T22:00:00Z,35.307,6
1485,Potencia instalada de generación eólica,2026-08-01T00:00:00.000+02:00,2026-07-31T22:00:00Z,6161.88,5
1485,Potencia instalada de generación eólica,2026-08-01T00:00:00.000+02:00,2026-07-31T22:00:00Z,3747.295,4
1485,Potencia instalada de generación eólica,2026-08-01T00:00:00.000+02:00,2026-07-31T22:00:00Z,511.92,20
1485,Potencia instalada de generación eólica,2026-08-01T00:00:00.000+02:00,2026-07-31T22:00:00Z,702.075,11
1485,Potencia instalada de generación eólica,2026-08-01T00:00:00.000+02:00,2026-07-31T22:00:00Z,264.101,21
1486,Potencia instalada de generación solar fotovoltaica,2025-08-01T00:00:00.000+02:00,2025-07-31T22:00:00Z,11444.58,4
1486,Potencia instalada de generación solar fotovoltaica,2025-08-01T00:00:00.000+02:00,2025-07-31T22:00:00Z,3.639,8746
1486,Potencia instalada de generación solar fotovoltaica,2025-08-01T00:00:00.000+02:00,2025-07-31T22:00:00Z,2369.112,21
1486,Potencia instalada de generación solar fotovoltaica,2025-08-01T00:00:00.000+02:00,2025-07-31T22:00:00Z,249.095,20
1486,Potencia instalada de generación solar fotovoltaica,2025-08-01T00:00:00.000+02:00,2025-07-31T22:00:00Z,461.115,19
1486,Potencia instalada de generación solar fotovoltaica,2025-08-01T00:00:00.000+02:00,2025-07-31T22:00:00Z,572.749,18
1486,Potencia instalada de generación solar fotovoltaica,2025-08-01T00:00:00.000+02:00,2025-07-31T22:00:00Z,8586.454,16
1486,Potencia instalada de generación solar fotovoltaica,2025-08-01T00:00:00.000+02:00,2025-07-31T22:00:00Z,1801.281,15
1486,Potencia instalada de generación solar fotovoltaica,2025-08-01T00:00:00.000+02:00,2025-07-31T22:00:00Z,516.845,14
1486,Potencia instalada de generación solar fotovoltaica,2025-08-01T00:00:00.000+02:00,2025-07-31T22:00:00Z,252.307,17
1486,Potencia instalada de generación solar fotovoltaica,2025-08-01T00:00:00.000+02:00,2025-07-31T22:00:00Z,0.022,12
1486,Potencia instalada de generación solar fotovoltaica,2025-08-01T00:00:00.000+02:00,2025-07-31T22:00:00Z,836.851,13
1486,Potencia instalada de generación solar fotovoltaica,2025-08-01T00:00:00.000+02:00,2025-07-31T22:00:00Z,45.36,6
1486,Potencia instalada de generación solar fotovoltaica,2025-08-01T00:00:00.000+02:00,2025-07-31T22:00:00Z,9020.034,7
1486,Potencia instalada de generación solar fotovoltaica,2025-08-01T00:00:00.000+02:00,2025-07-31T22:00:00Z,4725.178,8
1486,Potencia instalada de generación solar fotovoltaica,2025-08-01T00:00:00.000+02:00,2025-07-31T22:00:00Z,3611.566,5
1486,Potencia instalada de generación solar fotovoltaica,2025-08-01T00:00:00.000+02:00,2025-07-31T22:00:00Z,340.061,10
1486,Potencia instalada de generación solar fotovoltaica,2025-08-01T00:00:00.000+02:00,2025-07-31T22:00:00Z,66.836,11
1486,Potencia instalada de generación solar fotovoltaica,2025-08-01T00:00:00.000+02:00,2025-07-31T22:00:00Z,1732.953,9
1486,Potencia instalada de generación solar fotovoltaica,2025-09-01T00:00:00.000+02:00,2025-08-31T22:00:00Z,519.218,14
1486,Potencia instalada de generación solar fotovoltaica,2025-09-01T00:00:00.000+02:00,2025-08-31T22:00:00Z,3.676,8746
1486,Potencia instalada de generación solar fotovoltaica,2025-09-01T00:00:00.000+02:00,2025-08-31T22:00:00Z,2538.12,21
1486,Potencia instalada de generación solar fotovoltaica,2025-09-01T00:00:00.000+02:00,2025-08-31T22:00:00Z,252.098,20
1486,Potencia instalada de generación solar fotovoltaica,2025-09-01T00:00:00.000+02:00,2025-08-31T22:00:00Z,471.975,19
1486,Potencia instalada de generación solar fotovoltaica,2025-09-01T00:00:00.000+02:00,2025-08-31T22:00:00Z,586.302,18
1486,Potencia instalada de generación solar fotovoltaica,2025-09-01T00:00:00.000+02:00,2025-08-31T22:00:00Z,8590.672,16
1486,Potencia instalada de generación solar fotovoltaica,2025-09-01T00:00:00.000+02:00,2025-08-31T22:00:00Z,1817.493,15
1486,Potencia instalada de generación solar fotovoltaica,2025-09-01T00:00:00.000+02:00,2025-08-31T22:00:00Z,965.099,13
1486,Potencia instalada de generación solar fotovoltaica,2025-09-01T00:00:00.000+02:00,2025-08-31T22:00:00Z,254.507,17
1486,Potencia instalada de generación solar fotovoltaica,2025-09-01T00:00:00.000+02:00,2025-08-31T22:00:00Z,67.208,11
1486,Potencia instalada de generación solar fotovoltaica,2025-09-01T00:00:00.000+02:00,2025-08-31T22:00:00Z,3657.336,5
1486,Potencia instalada de generación solar fotovoltaica,2025-09-01T00:00:00.000+02:00,2025-08-31T22:00:00Z,45.618,6
1486,Potencia instalada de generación solar fotovoltaica,2025-09-01T00:00:00.000+02:00,2025-08-31T22:00:00Z,9038.326,7
1486,Potencia instalada de generación solar fotovoltaica,2025-09-01T00:00:00.000+02:00,2025-08-31T22:00:00Z,11496.072,4
1486,Potencia instalada de generación solar fotovoltaica,2025-09-01T00:00:00.000+02:00,2025-08-31T22:00:00Z,1760.639,9
1486,Potencia instalada de generación solar fotovoltaica,2025-09-01T00:00:00.000+02:00,2025-08-31T22:00:00Z,342.976,10
1486,Potencia instalada de generación solar fotovoltaica,2025-09-01T00:00:00.000+02:00,2025-08-31T22:00:00Z,5004.788,8
1486,Potencia instalada de generación solar fotovoltaica,2025-09-01T00:00:00.000+02:00,2025-08-31T22:00:00Z,0.022,12
1486,Potencia instalada de generación solar fotovoltaica,2025-10-01T00:00:00.000+02:00,2025-09-30T22:00:00Z,3.707,8746
1486,Potencia instalada de generación solar fotovoltaica,2025-10-01T00:00:00.000+02:00,2025-09-30T22:00:00Z,570.53,14
1486,Potencia instalada de generación solar fotovoltaica,2025-10-01T00:00:00.000+02:00,2025-09-30T22:00:00Z,2544.168,21
1486,Potencia instalada de generación solar fotovoltaica,2025-10-01T00:00:00.000+02:00,2025-09-30T22:00:00Z,252.463,20
1486,Potencia instalada de generación solar fotovoltaica,2025-10-01T00:00:00.000+02:00,2025-09-30T22:00:00Z,474.011,19
1486,Potencia instalada de generación solar fotovoltaica,2025-10-01T00:00:00.000+02:00,2025-09-30T22:00:00Z,590.186,18
1486,Potencia instalada de generación solar fotovoltaica,2025-10-01T00:00:00.000+02:00,2025-09-30T22:00:00Z,260.0,17
1486,Potencia instalada de generación solar fotovoltaica,2025-10-01T00:00:00.000+02:00,2025-09-30T22:00:00Z,8743.958,16
1486,Potencia instalada de generación solar fotovoltaica,2025-10-01T00:00:00.000+02:00,2025-09-30T22:00:00Z,1831.911,15
1486,Potencia instalada de generación solar fotovoltaica,2025-10-01T00:00:00.000+02:00,2025-09-30T22:00:00Z,976.195,13
1486,Potencia instalada de generación solar fotovoltaica,2025-10-01T00:00:00.000+02:00,2025-09-30T22:00:00Z,67.675,11
1486,Potencia instalada de generación solar fotovoltaica,2025-10-01T00:00:00.000+02:00,2025-09-30T22:00:00Z,349.922,10
1486,Potencia instalada de generación solar fotovoltaica,2025-10-01T00:00:00.000+02:00,2025-09-30T22:00:00Z,1779.598,9
1486,Potencia instalada de generación solar fotovoltaica,2025-10-01T00:00:00.000+02:00,2025-09-30T22:00:00Z,5280.818,8
1486,Potencia instalada de generación solar fotovoltaica,2025-10-01T00:00:00.000+02:00,2025-09-30T22:00:00Z,9222.11,7
1486,Potencia instalada de generación solar fotovoltaica,2025-10-01T00:00:00.000+02:00,2025-09-30T22:00:00Z,46.091,6
1486,Potencia instalada de generación solar fotovoltaica,2025-10-01T00:00:00.000+02:00,2025-09-30T22:00:00Z,3660.293,5
1486,Potencia instalada de generación solar fotovoltaica,2025-10-01T00:00:00.000+02:00,2025-09-30T22:00:00Z,11869.997,4
1486,Potencia instalada de generación solar fotovoltaica,2025-10-01T00:00:00.000+02:00,2025-09-30T22:00:00Z,0.022,12
1486,Potencia instalada de generación solar fotovoltaica,2025-11-01T00:00:00.000+01:00,2025-10-31T23:00:00Z,8746.591,16
1486,Potencia instalada de generación solar fotovoltaica,2025-11-01T00:00:00.000+01:00,2025-10-31T23:00:00Z,264.374,17
1486,Potencia instalada de generación solar fotovoltaica,2025-11-01T00:00:00.000+01:00,2025-10-31T23:00:00Z,592.356,18
1486,Potencia instalada de generación solar fotovoltaica,2025-11-01T00:00:00.000+01:00,2025-10-31T23:00:00Z,1845.216,15
1486,Potencia instalada de generación solar fotovoltaica,2025-11-01T00:00:00.000+01:00,2025-10-31T23:00:00Z,253.39,20
1486,Potencia instalada de generación solar fotovoltaica,2025-11-01T00:00:00.000+01:00,2025-10-31T23:00:00Z,2548.589,21
1486,Potencia instalada de generación solar fotovoltaica,2025-11-01T00:00:00.000+01:00,2025-10-31T23:00:00Z,3.713,8746
1486,Potencia instalada de generación solar fotovoltaica,2025-11-01T00:00:00.000+01:00,2025-10-31T23:00:00Z,487.56,19
1486,Potencia instalada de generación solar fotovoltaica,2025-11-01T00:00:00.000+01:00,2025-10-31T23:00:00Z,571.688,14
1486,Potencia instalada de generación solar fotovoltaica,2025-11-01T00:00:00.000+01:00,2025-10-31T23:00:00Z,5400.714,8
1486,Potencia instalada de generación solar fotovoltaica,2025-11-01T00:00:00.000+01:00,2025-10-31T23:00:00Z,0.022,12
1486,Potencia instalada de generación solar fotovoltaica,2025-11-01T00:00:00.000+01:00,2025-10-31T23:00:00Z,3963.238,5
1486,Potencia instalada de generación solar fotovoltaica,2025-11-01T00:00:00.000+01:00,2025-10-31T23:00:00Z,46.583,6
1486,Potencia instalada de generación solar fotovoltaica,2025-11-01T00:00:00.000+01:00,2025-10-31T23:00:00Z,9233.177,7
1486,Potencia instalada de generación solar fotovoltaica,2025-11-01T00:00:00.000+01:00,2025-10-31T23:00:00Z,12370.45,4
1486,Potencia instalada de generación solar fotovoltaica,2025-11-01T00:00:00.000+01:00,2025-10-31T23:00:00Z,1790.22,9
1486,Potencia instalada de generación solar fotovoltaica,2025-11-01T00:00:00.000+01:00,2025-10-31T23:00:00Z,353.685,10
1486,Potencia instalada de generación solar fotovoltaica,2025-11-01T00:00:00.000+01:00,2025-10-31T23:00:00Z,69.029,11
1486,Potencia instalada de generación solar fotovoltaica,2025-11-01T00:00:00.000+01:00,2025-10-31T23:00:00Z,984.139,13
1486,Potencia instalada de generación solar fotovoltaica,2025-12-01T00:00:00.000+01:00,2025-11-30T23:00:00Z,582.923,14
1486,Potencia instalada de generación solar fotovoltaica,2025-12-01T00:00:00.000+01:00,2025-11-30T23:00:00Z,2758.758,21
1486,Potencia instalada de generación solar fotovoltaica,2025-12-01T00:00:00.000+01:00,2025-11-30T23:00:00Z,254.125,20
1486,Potencia instalada de generación solar fotovoltaica,2025-12-01T00:00:00.000+01:00,2025-11-30T23:00:00Z,489.817,19
1486,Potencia instalada de generación solar fotovoltaica,2025-12-01T00:00:00.000+01:00,2025-11-30T23:00:00Z,594.575,18
1486,Potencia instalada de generación solar fotovoltaica,2025-12-01T00:00:00.000+01:00,2025-11-30T23:00:00Z,270.518,17
1486,Potencia instalada de generación solar fotovoltaica,2025-12-01T00:00:00.000+01:00,2025-11-30T23:00:00Z,8750.758,16
1486,Potencia instalada de generación solar fotovoltaica,2025-12-01T00:00:00.000+01:00,2025-11-30T23:00:00Z,1884.912,15
1486,Potencia instalada de generación solar fotovoltaica,2025-12-01T00:00:00.000+01:00,2025-11-30T23:00:00Z,1006.028,13
1486,Potencia instalada de generación solar fotovoltaica,2025-12-01T00:00:00.000+01:00,2025-11-30T23:00:00Z,3.746,8746
1486,Potencia instalada de generación solar fotovoltaica,2025-12-01T00:00:00.000+01:00,2025-11-30T23:00:00Z,70.254,11
1486,Potencia instalada de generación solar fotovoltaica,2025-12-01T00:00:00.000+01:00,2025-11-30T23:00:00Z,12429.14,4
1486,Potencia instalada de generación solar fotovoltaica,2025-12-01T00:00:00.000+01:00,2025-11-30T23:00:00Z,3989.867,5
1486,Potencia instalada de generación solar fotovoltaica,2025-12-01T00:00:00.000+01:00,2025-11-30T23:00:00Z,46.856,6
1486,Potencia instalada de generación solar fotovoltaica,2025-12-01T00:00:00.000+01:00,2025-11-30T23:00:00Z,0.022,12
1486,Potencia instalada de generación solar fotovoltaica,2025-12-01T00:00:00.000+01:00,2025-11-30T23:00:00Z,5783.34,8
1486,Potencia instalada de generación solar fotovoltaica,2025-12-01T00:00:00.000+01:00,2025-11-30T23:00:00Z,1816.967,9
1486,Potencia instalada de generación solar fotovoltaica,2025-12-01T00:00:00.000+01:00,2025-11-30T23:00:00Z,358.593,10
1486,Potencia instalada de generación solar fotovoltaica,2025-12-01T00:00:00.000+01:00,2025-11-30T23:00:00Z,9251.255,7
1486,Potencia instalada de generación solar fotovoltaica,2026-01-01T00:00:00.000+01:00,2025-12-31T23:00:00Z,673.968,14
1486,Potencia instalada de generación solar fotovoltaica,2026-01-01T00:00:00.000+01:00,2025-12-31T23:00:00Z,2763.904,21
1486,Potencia instalada de generación solar fotovoltaica,2026-01-01T00:00:00.000+01:00,2025-12-31T23:00:00Z,491.425,20
1486,Potencia instalada de generación solar fotovoltaica,2026-01-01T00:00:00.000+01:00,2025-12-31T23:00:00Z,491.573,19
1486,Potencia instalada de generación solar fotovoltaica,2026-01-01T00:00:00.000+01:00,2025-12-31T23:00:00Z,596.472,18
1486,Potencia instalada de generación solar fotovoltaica,2026-01-01T00:00:00.000+01:00,2025-12-31T23:00:00Z,274.167,17
1486,Potencia instalada de generación solar fotovoltaica,2026-01-01T00:00:00.000+01:00,2025-12-31T23:00:00Z,8753.049,16
1486,Potencia instalada de generación solar fotovoltaica,2026-01-01T00:00:00.000+01:00,2025-12-31T23:00:00Z,1901.569,15
1486,Potencia instalada de generación solar fotovoltaica,2026-01-01T00:00:00.000+01:00,2025-12-31T23:00:00Z,3.746,8746
1486,Potencia instalada de generación solar fotovoltaica,2026-01-01T00:00:00.000+01:00,2025-12-31T23:00:00Z,1014.821,13
1486,Potencia instalada de generación solar fotovoltaica,2026-01-01T00:00:00.000+01:00,2025-12-31T23:00:00Z,70.584,11
1486,Potencia instalada de generación solar fotovoltaica,2026-01-01T00:00:00.000+01:00,2025-12-31T23:00:00Z,361.007,10
1486,Potencia instalada de generación solar fotovoltaica,2026-01-01T00:00:00.000+01:00,2025-12-31T23:00:00Z,1867.407,9
1486,Potencia instalada de generación solar fotovoltaica,2026-01-01T00:00:00.000+01:00,2025-12-31T23:00:00Z,5822.047,8
1486,Potencia instalada de generación solar fotovoltaica,2026-01-01T00:00:00.000+01:00,2025-12-31T23:00:00Z,9374.211,7
1486,Potencia instalada de generación solar fotovoltaica,2026-01-01T00:00:00.000+01:00,2025-12-31T23:00:00Z,47.203,6
1486,Potencia instalada de generación solar fotovoltaica,2026-01-01T00:00:00.000+01:00,2025-12-31T23:00:00Z,3996.744,5
1486,Potencia instalada de generación solar fotovoltaica,2026-01-01T00:00:00.000+01:00,2025-12-31T23:00:00Z,12912.136,4
1486,Potencia instalada de generación solar fotovoltaica,2026-01-01T00:00:00.000+01:00,2025-12-31T23:00:00Z,0.022,12
1486,Potencia instalada de generación solar fotovoltaica,2026-02-01T00:00:00.000+01:00,2026-01-31T23:00:00Z,8755.132,16
1486,Potencia instalada de generación solar fotovoltaica,2026-02-01T00:00:00.000+01:00,2026-01-31T23:00:00Z,278.453,17
1486,Potencia instalada de generación solar fotovoltaica,2026-02-01T00:00:00.000+01:00,2026-01-31T23:00:00Z,598.564,18
1486,Potencia instalada de generación solar fotovoltaica,2026-02-01T00:00:00.000+01:00,2026-01-31T23:00:00Z,1911.796,15
1486,Potencia instalada de generación solar fotovoltaica,2026-02-01T00:00:00.000+01:00,2026-01-31T23:00:00Z,492.016,20
1486,Potencia instalada de generación solar fotovoltaica,2026-02-01T00:00:00.000+01:00,2026-01-31T23:00:00Z,2803.408,21
1486,Potencia instalada de generación solar fotovoltaica,2026-02-01T00:00:00.000+01:00,2026-01-31T23:00:00Z,3.749,8746
1486,Potencia instalada de generación solar fotovoltaica,2026-02-01T00:00:00.000+01:00,2026-01-31T23:00:00Z,493.186,19
1486,Potencia instalada de generación solar fotovoltaica,2026-02-01T00:00:00.000+01:00,2026-01-31T23:00:00Z,674.927,14
1486,Potencia instalada de generación solar fotovoltaica,2026-02-01T00:00:00.000+01:00,2026-01-31T23:00:00Z,1021.052,13
1486,Potencia instalada de generación solar fotovoltaica,2026-02-01T00:00:00.000+01:00,2026-01-31T23:00:00Z,0.022,12
1486,Potencia instalada de generación solar fotovoltaica,2026-02-01T00:00:00.000+01:00,2026-01-31T23:00:00Z,4036.371,5
1486,Potencia instalada de generación solar fotovoltaica,2026-02-01T00:00:00.000+01:00,2026-01-31T23:00:00Z,47.539,6
1486,Potencia instalada de generación solar fotovoltaica,2026-02-01T00:00:00.000+01:00,2026-01-31T23:00:00Z,9572.49,7
1486,Potencia instalada de generación solar fotovoltaica,2026-02-01T00:00:00.000+01:00,2026-01-31T23:00:00Z,12995.368,4
1486,Potencia instalada de generación solar fotovoltaica,2026-02-01T00:00:00.000+01:00,2026-01-31T23:00:00Z,2130.846,9
1486,Potencia instalada de generación solar fotovoltaica,2026-02-01T00:00:00.000+01:00,2026-01-31T23:00:00Z,363.632,10
1486,Potencia instalada de generación solar fotovoltaica,2026-02-01T00:00:00.000+01:00,2026-01-31T23:00:00Z,70.826,11
1486,Potencia instalada de generación solar fotovoltaica,2026-02-01T00:00:00.000+01:00,2026-01-31T23:00:00Z,6044.697,8
1486,Potencia instalada de generación solar fotovoltaica,2026-03-01T00:00:00.000+01:00,2026-02-28T23:00:00Z,676.494,14
1486,Potencia instalada de generación solar fotovoltaica,2026-03-01T00:00:00.000+01:00,2026-02-28T23:00:00Z,3173.062,21
1486,Potencia instalada de generación solar fotovoltaica,2026-03-01T00:00:00.000+01:00,2026-02-28T23:00:00Z,492.687,20
1486,Potencia instalada de generación solar fotovoltaica,2026-03-01T00:00:00.000+01:00,2026-02-28T23:00:00Z,495.222,19
1486,Potencia instalada de generación solar fotovoltaica,2026-03-01T00:00:00.000+01:00,2026-02-28T23:00:00Z,653.967,18
1486,Potencia instalada de generación solar fotovoltaica,2026-03-01T00:00:00.000+01:00,2026-02-28T23:00:00Z,280.544,17
1486,Potencia instalada de generación solar fotovoltaica,2026-03-01T00:00:00.000+01:00,2026-02-28T23:00:00Z,8757.369,16
1486,Potencia instalada de generación solar fotovoltaica,2026-03-01T00:00:00.000+01:00,2026-02-28T23:00:00Z,1928.773,15
1486,Potencia instalada de generación solar fotovoltaica,2026-03-01T00:00:00.000+01:00,2026-02-28T23:00:00Z,1029.481,13
1486,Potencia instalada de generación solar fotovoltaica,2026-03-01T00:00:00.000+01:00,2026-02-28T23:00:00Z,3.749,8746
1486,Potencia instalada de generación solar fotovoltaica,2026-03-01T00:00:00.000+01:00,2026-02-28T23:00:00Z,71.079,11
1486,Potencia instalada de generación solar fotovoltaica,2026-03-01T00:00:00.000+01:00,2026-02-28T23:00:00Z,13219.766,4
1486,Potencia instalada de generación solar fotovoltaica,2026-03-01T00:00:00.000+01:00,2026-02-28T23:00:00Z,4097.681,5
1486,Potencia instalada de generación solar fotovoltaica,2026-03-01T00:00:00.000+01:00,2026-02-28T23:00:00Z,47.84,6
1486,Potencia instalada de generación solar fotovoltaica,2026-03-01T00:00:00.000+01:00,2026-02-28T23:00:00Z,0.022,12
1486,Potencia instalada de generación solar fotovoltaica,2026-03-01T00:00:00.000+01:00,2026-02-28T23:00:00Z,6180.013,8
1486,Potencia instalada de generación solar fotovoltaica,2026-03-01T00:00:00.000+01:00,2026-02-28T23:00:00Z,2145.811,9
1486,Potencia instalada de generación solar fotovoltaica,2026-03-01T00:00:00.000+01:00,2026-02-28T23:00:00Z,366.823,10
1486,Potencia instalada de generación solar fotovoltaica,2026-03-01T00:00:00.000+01:00,2026-02-28T23:00:00Z,9740.601,7
1486,Potencia instalada de generación solar fotovoltaica,2026-04-01T00:00:00.000+02:00,2026-03-31T22:00:00Z,677.79,14
1486,Potencia instalada de generación solar fotovoltaica,2026-04-01T00:00:00.000+02:00,2026-03-31T22:00:00Z,3177.512,21
1486,Potencia instalada de generación solar fotovoltaica,2026-04-01T00:00:00.000+02:00,2026-03-31T22:00:00Z,492.961,20
1486,Potencia instalada de generación solar fotovoltaica,2026-04-01T00:00:00.000+02:00,2026-03-31T22:00:00Z,497.22,19
1486,Potencia instalada de generación solar fotovoltaica,2026-04-01T00:00:00.000+02:00,2026-03-31T22:00:00Z,657.213,18
1486,Potencia instalada de generación solar fotovoltaica,2026-04-01T00:00:00.000+02:00,2026-03-31T22:00:00Z,282.836,17
1486,Potencia instalada de generación solar fotovoltaica,2026-04-01T00:00:00.000+02:00,2026-03-31T22:00:00Z,8891.511,16
1486,Potencia instalada de generación solar fotovoltaica,2026-04-01T00:00:00.000+02:00,2026-03-31T22:00:00Z,1938.001,15
1486,Potencia instalada de generación solar fotovoltaica,2026-04-01T00:00:00.000+02:00,2026-03-31T22:00:00Z,3.763,8746
1486,Potencia instalada de generación solar fotovoltaica,2026-04-01T00:00:00.000+02:00,2026-03-31T22:00:00Z,1037.637,13
1486,Potencia instalada de generación solar fotovoltaica,2026-04-01T00:00:00.000+02:00,2026-03-31T22:00:00Z,71.233,11
1486,Potencia instalada de generación solar fotovoltaica,2026-04-01T00:00:00.000+02:00,2026-03-31T22:00:00Z,369.865,10
1486,Potencia instalada de generación solar fotovoltaica,2026-04-01T00:00:00.000+02:00,2026-03-31T22:00:00Z,2157.434,9
1486,Potencia instalada de generación solar fotovoltaica,2026-04-01T00:00:00.000+02:00,2026-03-31T22:00:00Z,6233.09,8
1486,Potencia instalada de generación solar fotovoltaica,2026-04-01T00:00:00.000+02:00,2026-03-31T22:00:00Z,9746.029,7
1486,Potencia instalada de generación solar fotovoltaica,2026-04-01T00:00:00.000+02:00,2026-03-31T22:00:00Z,48.173,6
1486,Potencia instalada de generación solar fotovoltaica,2026-04-01T00:00:00.000+02:00,2026-03-31T22:00:00Z,4099.273,5
1486,Potencia instalada de generación solar fotovoltaica,2026-04-01T00:00:00.000+02:00,2026-03-31T22:00:00Z,13284.845,4
1486,Potencia instalada de generación solar fotovoltaica,2026-04-01T00:00:00.000+02:00,2026-03-31T22:00:00Z,0.022,12
1486,Potencia instalada de generación solar fotovoltaica,2026-05-01T00:00:00.000+02:00,2026-04-30T22:00:00Z,1949.811,15
1486,Potencia instalada de generación solar fotovoltaica,2026-05-01T00:00:00.000+02:00,2026-04-30T22:00:00Z,8893.75,16
1486,Potencia instalada de generación solar fotovoltaica,2026-05-01T00:00:00.000+02:00,2026-04-30T22:00:00Z,285.455,17
1486,Potencia instalada de generación solar fotovoltaica,2026-05-01T00:00:00.000+02:00,2026-04-30T22:00:00Z,679.201,14
1486,Potencia instalada de generación solar fotovoltaica,2026-05-01T00:00:00.000+02:00,2026-04-30T22:00:00Z,493.273,20
1486,Potencia instalada de generación solar fotovoltaica,2026-05-01T00:00:00.000+02:00,2026-04-30T22:00:00Z,3338.748,21
1486,Potencia instalada de generación solar fotovoltaica,2026-05-01T00:00:00.000+02:00,2026-04-30T22:00:00Z,3.79,8746
1486,Potencia instalada de generación solar fotovoltaica,2026-05-01T00:00:00.000+02:00,2026-04-30T22:00:00Z,500.638,19
1486,Potencia instalada de generación solar fotovoltaica,2026-05-01T00:00:00.000+02:00,2026-04-30T22:00:00Z,1045.084,13
1486,Potencia instalada de generación solar fotovoltaica,2026-05-01T00:00:00.000+02:00,2026-04-30T22:00:00Z,675.804,18
1486,Potencia instalada de generación solar fotovoltaica,2026-05-01T00:00:00.000+02:00,2026-04-30T22:00:00Z,71.252,11
1486,Potencia instalada de generación solar fotovoltaica,2026-05-01T00:00:00.000+02:00,2026-04-30T22:00:00Z,4226.173,5
1486,Potencia instalada de generación solar fotovoltaica,2026-05-01T00:00:00.000+02:00,2026-04-30T22:00:00Z,48.179,6
1486,Potencia instalada de generación solar fotovoltaica,2026-05-01T00:00:00.000+02:00,2026-04-30T22:00:00Z,9781.431,7
1486,Potencia instalada de generación solar fotovoltaica,2026-05-01T00:00:00.000+02:00,2026-04-30T22:00:00Z,13333.632,4
1486,Potencia instalada de generación solar fotovoltaica,2026-05-01T00:00:00.000+02:00,2026-04-30T22:00:00Z,6893.808,8
1486,Potencia instalada de generación solar fotovoltaica,2026-05-01T00:00:00.000+02:00,2026-04-30T22:00:00Z,2163.954,9
1486,Potencia instalada de generación solar fotovoltaica,2026-05-01T00:00:00.000+02:00,2026-04-30T22:00:00Z,374.102,10
1486,Potencia instalada de generación solar fotovoltaica,2026-05-01T00:00:00.000+02:00,2026-04-30T22:00:00Z,0.022,12
1486,Potencia instalada de generación solar fotovoltaica,2026-06-01T00:00:00.000+02:00,2026-05-31T22:00:00Z,2110.007,15
1486,Potencia instalada de generación solar fotovoltaica,2026-06-01T00:00:00.000+02:00,2026-05-31T22:00:00Z,3.79,8746
1486,Potencia instalada de generación solar fotovoltaica,2026-06-01T00:00:00.000+02:00,2026-05-31T22:00:00Z,3411.377,21
1486,Potencia instalada de generación solar fotovoltaica,2026-06-01T00:00:00.000+02:00,2026-05-31T22:00:00Z,493.725,20
1486,Potencia instalada de generación solar fotovoltaica,2026-06-01T00:00:00.000+02:00,2026-05-31T22:00:00Z,502.262,19
1486,Potencia instalada de generación solar fotovoltaica,2026-06-01T00:00:00.000+02:00,2026-05-31T22:00:00Z,678.211,18
1486,Potencia instalada de generación solar fotovoltaica,2026-06-01T00:00:00.000+02:00,2026-05-31T22:00:00Z,287.43,17
1486,Potencia instalada de generación solar fotovoltaica,2026-06-01T00:00:00.000+02:00,2026-05-31T22:00:00Z,8896.015,16
1486,Potencia instalada de generación solar fotovoltaica,2026-06-01T00:00:00.000+02:00,2026-05-31T22:00:00Z,687.428,14
1486,Potencia instalada de generación solar fotovoltaica,2026-06-01T00:00:00.000+02:00,2026-05-31T22:00:00Z,1052.704,13
1486,Potencia instalada de generación solar fotovoltaica,2026-06-01T00:00:00.000+02:00,2026-05-31T22:00:00Z,0.022,12
1486,Potencia instalada de generación solar fotovoltaica,2026-06-01T00:00:00.000+02:00,2026-05-31T22:00:00Z,4301.337,5
1486,Potencia instalada de generación solar fotovoltaica,2026-06-01T00:00:00.000+02:00,2026-05-31T22:00:00Z,48.253,6
1486,Potencia instalada de generación solar fotovoltaica,2026-06-01T00:00:00.000+02:00,2026-05-31T22:00:00Z,9786.212,7
1486,Potencia instalada de generación solar fotovoltaica,2026-06-01T00:00:00.000+02:00,2026-05-31T22:00:00Z,13348.121,4
1486,Potencia instalada de generación solar fotovoltaica,2026-06-01T00:00:00.000+02:00,2026-05-31T22:00:00Z,2173.143,9
1486,Potencia instalada de generación solar fotovoltaica,2026-06-01T00:00:00.000+02:00,2026-05-31T22:00:00Z,377.455,10
1486,Potencia instalada de generación solar fotovoltaica,2026-06-01T00:00:00.000+02:00,2026-05-31T22:00:00Z,71.252,11
1486,Potencia instalada de generación solar fotovoltaica,2026-06-01T00:00:00.000+02:00,2026-05-31T22:00:00Z,7018.58,8
1486,Potencia instalada de generación solar fotovoltaica,2026-07-01T00:00:00.000+02:00,2026-06-30T22:00:00Z,2121.585,15
1486,Potencia instalada de generación solar fotovoltaica,2026-07-01T00:00:00.000+02:00,2026-06-30T22:00:00Z,3416.759,21
1486,Potencia instalada de generación solar fotovoltaica,2026-07-01T00:00:00.000+02:00,2026-06-30T22:00:00Z,494.14,20
1486,Potencia instalada de generación solar fotovoltaica,2026-07-01T00:00:00.000+02:00,2026-06-30T22:00:00Z,501.554,19
1486,Potencia instalada de generación solar fotovoltaica,2026-07-01T00:00:00.000+02:00,2026-06-30T22:00:00Z,678.191,18
1486,Potencia instalada de generación solar fotovoltaica,2026-07-01T00:00:00.000+02:00,2026-06-30T22:00:00Z,3.79,8746
1486,Potencia instalada de generación solar fotovoltaica,2026-07-01T00:00:00.000+02:00,2026-06-30T22:00:00Z,287.441,17
1486,Potencia instalada de generación solar fotovoltaica,2026-07-01T00:00:00.000+02:00,2026-06-30T22:00:00Z,8896.884,16
1486,Potencia instalada de generación solar fotovoltaica,2026-07-01T00:00:00.000+02:00,2026-06-30T22:00:00Z,688.012,14
1486,Potencia instalada de generación solar fotovoltaica,2026-07-01T00:00:00.000+02:00,2026-06-30T22:00:00Z,7021.412,8
1486,Potencia instalada de generación solar fotovoltaica,2026-07-01T00:00:00.000+02:00,2026-06-30T22:00:00Z,0.022,12
1486,Potencia instalada de generación solar fotovoltaica,2026-07-01T00:00:00.000+02:00,2026-06-30T22:00:00Z,71.252,11
1486,Potencia instalada de generación solar fotovoltaica,2026-07-01T00:00:00.000+02:00,2026-06-30T22:00:00Z,380.214,10
1486,Potencia instalada de generación solar fotovoltaica,2026-07-01T00:00:00.000+02:00,2026-06-30T22:00:00Z,2172.781,9
1486,Potencia instalada de generación solar fotovoltaica,2026-07-01T00:00:00.000+02:00,2026-06-30T22:00:00Z,9788.634,7
1486,Potencia instalada de generación solar fotovoltaica,2026-07-01T00:00:00.000+02:00,2026-06-30T22:00:00Z,48.261,6
1486,Potencia instalada de generación solar fotovoltaica,2026-07-01T00:00:00.000+02:00,2026-06-30T22:00:00Z,4301.212,5
1486,Potencia instalada de generación solar fotovoltaica,2026-07-01T00:00:00.000+02:00,2026-06-30T22:00:00Z,13347.3,4
1486,Potencia instalada de generación solar fotovoltaica,2026-07-01T00:00:00.000+02:00,2026-06-30T22:00:00Z,1060.324,13
1486,Potencia instalada de generación solar fotovoltaica,2026-08-01T00:00:00.000+02:00,2026-07-31T22:00:00Z,2209.247,15
1486,Potencia instalada de generación solar fotovoltaica,2026-08-01T00:00:00.000+02:00,2026-07-31T22:00:00Z,8912.648,16
1486,Potencia instalada de generación solar fotovoltaica,2026-08-01T00:00:00.000+02:00,2026-07-31T22:00:00Z,500.239,20
1486,Potencia instalada de generación solar fotovoltaica,2026-08-01T00:00:00.000+02:00,2026-07-31T22:00:00Z,677.393,18
1486,Potencia instalada de generación solar fotovoltaica,2026-08-01T00:00:00.000+02:00,2026-07-31T22:00:00Z,503.162,19
1486,Potencia instalada de generación solar fotovoltaica,2026-08-01T00:00:00.000+02:00,2026-07-31T22:00:00Z,721.035,14
1486,Potencia instalada de generación solar fotovoltaica,2026-08-01T00:00:00.000+02:00,2026-07-31T22:00:00Z,291.559,17
1486,Potencia instalada de generación solar fotovoltaica,2026-08-01T00:00:00.000+02:00,2026-07-31T22:00:00Z,1083.138,13
1486,Potencia instalada de generación solar fotovoltaica,2026-08-01T00:00:00.000+02:00,2026-07-31T22:00:00Z,7089.826,8
1486,Potencia instalada de generación solar fotovoltaica,2026-08-01T00:00:00.000+02:00,2026-07-31T22:00:00Z,71.867,11
1486,Potencia instalada de generación solar fotovoltaica,2026-08-01T00:00:00.000+02:00,2026-07-31T22:00:00Z,384.953,10
1486,Potencia instalada de generación solar fotovoltaica,2026-08-01T00:00:00.000+02:00,2026-07-31T22:00:00Z,2183.916,9
1486,Potencia instalada de generación solar fotovoltaica,2026-08-01T00:00:00.000+02:00,2026-07-31T22:00:00Z,9827.457,7
1486,Potencia instalada de generación solar fotovoltaica,2026-08-01T00:00:00.000+02:00,2026-07-31T22:00:00Z,49.384,6
1486,Potencia instalada de generación solar fotovoltaica,2026-08-01T00:00:00.000+02:00,2026-07-31T22:00:00Z,4439.492,5
1486,Potencia instalada de generación solar fotovoltaica,2026-08-01T00:00:00.000+02:00,2026-07-31T22:00:00Z,13693.651,4
1486,Potencia instalada de generación solar fotovoltaica,2026-08-01T00:00:00.000+02:00,2026-07-31T22:00:00Z,3423.847,21
1486,Potencia instalada de generación solar fotovoltaica,2026-08-01T00:00:00.000+02:00,2026-07-31T22:00:00Z,0.022,12
1486,Potencia instalada de generación solar fotovoltaica,2026-08-01T00:00:00.000+02:00,2026-07-31T22:00:00Z,3.823,8746
1487,Potencia instalada de generación solar térmica,2025-08-01T00:00:00.000+02:00,2025-07-31T22:00:00Z,1000.256,4
1487,Potencia instalada de generación solar térmica,2025-08-01T00:00:00.000+02:00,2025-07-31T22:00:00Z,30.039,21
1487,Potencia instalada de generación solar térmica,2025-08-01T00:00:00.000+02:00,2025-07-31T22:00:00Z,0.043,19
1487,Potencia instalada de generación solar térmica,2025-08-01T00:00:00.000+02:00,2025-07-31T22:00:00Z,0.005,18
1487,Potencia instalada de generación solar térmica,2025-08-01T00:00:00.000+02:00,2025-07-31T22:00:00Z,0.004,17
1487,Potencia instalada de generación solar térmica,2025-08-01T00:00:00.000+02:00,2025-07-31T22:00:00Z,49.936,15
1487,Potencia instalada de generación solar térmica,2025-08-01T00:00:00.000+02:00,2025-07-31T22:00:00Z,0.28,14
1487,Potencia instalada de generación solar térmica,2025-08-01T00:00:00.000+02:00,2025-07-31T22:00:00Z,849.026,16
1487,Potencia instalada de generación solar térmica,2025-08-01T00:00:00.000+02:00,2025-07-31T22:00:00Z,0.02,10
1487,Potencia instalada de generación solar térmica,2025-08-01T00:00:00.000+02:00,2025-07-31T22:00:00Z,22.625,9
1487,Potencia instalada de generación solar térmica,2025-08-01T00:00:00.000+02:00,2025-07-31T22:00:00Z,0.008,8
1487,Potencia instalada de generación solar térmica,2025-08-01T00:00:00.000+02:00,2025-07-31T22:00:00Z,349.556,7
1487,Potencia instalada de generación solar térmica,2025-08-01T00:00:00.000+02:00,2025-07-31T22:00:00Z,0.01,5
1487,Potencia instalada de generación solar térmica,2025-08-01T00:00:00.000+02:00,2025-07-31T22:00:00Z,0.178,13
1487,Potencia instalada de generación solar térmica,2025-09-01T00:00:00.000+02:00,2025-08-31T22:00:00Z,49.941,15
1487,Potencia instalada de generación solar térmica,2025-09-01T00:00:00.000+02:00,2025-08-31T22:00:00Z,30.039,21
1487,Potencia instalada de generación solar térmica,2025-09-01T00:00:00.000+02:00,2025-08-31T22:00:00Z,0.053,19
1487,Potencia instalada de generación solar térmica,2025-09-01T00:00:00.000+02:00,2025-08-31T22:00:00Z,0.005,18
1487,Potencia instalada de generación solar térmica,2025-09-01T00:00:00.000+02:00,2025-08-31T22:00:00Z,849.026,16
1487,Potencia instalada de generación solar térmica,2025-09-01T00:00:00.000+02:00,2025-08-31T22:00:00Z,0.28,14
1487,Potencia instalada de generación solar térmica,2025-09-01T00:00:00.000+02:00,2025-08-31T22:00:00Z,0.004,17
1487,Potencia instalada de generación solar térmica,2025-09-01T00:00:00.000+02:00,2025-08-31T22:00:00Z,0.02,10
1487,Potencia instalada de generación solar térmica,2025-09-01T00:00:00.000+02:00,2025-08-31T22:00:00Z,22.625,9
1487,Potencia instalada de generación solar térmica,2025-09-01T00:00:00.000+02:00,2025-08-31T22:00:00Z,0.008,8
1487,Potencia instalada de generación solar térmica,2025-09-01T00:00:00.000+02:00,2025-08-31T22:00:00Z,349.556,7
1487,Potencia instalada de generación solar térmica,2025-09-01T00:00:00.000+02:00,2025-08-31T22:00:00Z,0.01,5
1487,Potencia instalada de generación solar térmica,2025-09-01T00:00:00.000+02:00,2025-08-31T22:00:00Z,1000.256,4
1487,Potencia instalada de generación solar térmica,2025-09-01T00:00:00.000+02:00,2025-08-31T22:00:00Z,0.178,13
1487,Potencia instalada de generación solar térmica,2025-10-01T00:00:00.000+02:00,2025-09-30T22:00:00Z,30.039,21
1487,Potencia instalada de generación solar térmica,2025-10-01T00:00:00.000+02:00,2025-09-30T22:00:00Z,0.053,19
1487,Potencia instalada de generación solar térmica,2025-10-01T00:00:00.000+02:00,2025-09-30T22:00:00Z,0.005,18
1487,Potencia instalada de generación solar térmica,2025-10-01T00:00:00.000+02:00,2025-09-30T22:00:00Z,0.004,17
1487,Potencia instalada de generación solar térmica,2025-10-01T00:00:00.000+02:00,2025-09-30T22:00:00Z,849.026,16
1487,Potencia instalada de generación solar térmica,2025-10-01T00:00:00.000+02:00,2025-09-30T22:00:00Z,49.941,15
1487,Potencia instalada de generación solar térmica,2025-10-01T00:00:00.000+02:00,2025-09-30T22:00:00Z,0.286,14
1487,Potencia instalada de generación solar térmica,2025-10-01T00:00:00.000+02:00,2025-09-30T22:00:00Z,0.178,13
1487,Potencia instalada de generación solar térmica,2025-10-01T00:00:00.000+02:00,2025-09-30T22:00:00Z,22.625,9
1487,Potencia instalada de generación solar térmica,2025-10-01T00:00:00.000+02:00,2025-09-30T22:00:00Z,0.008,8
1487,Potencia instalada de generación solar térmica,2025-10-01T00:00:00.000+02:00,2025-09-30T22:00:00Z,349.556,7
1487,Potencia instalada de generación solar térmica,2025-10-01T00:00:00.000+02:00,2025-09-30T22:00:00Z,0.014,5
1487,Potencia instalada de generación solar térmica,2025-10-01T00:00:00.000+02:00,2025-09-30T22:00:00Z,1000.256,4
1487,Potencia instalada de generación solar térmica,2025-10-01T00:00:00.000+02:00,2025-09-30T22:00:00Z,0.02,10
1487,Potencia instalada de generación solar térmica,2025-11-01T00:00:00.000+01:00,2025-10-31T23:00:00Z,49.945,15
1487,Potencia instalada de generación solar térmica,2025-11-01T00:00:00.000+01:00,2025-10-31T23:00:00Z,30.039,21
1487,Potencia instalada de generación solar térmica,2025-11-01T00:00:00.000+01:00,2025-10-31T23:00:00Z,0.053,19
1487,Potencia instalada de generación solar térmica,2025-11-01T00:00:00.000+01:00,2025-10-31T23:00:00Z,0.005,18
1487,Potencia instalada de generación solar térmica,2025-11-01T00:00:00.000+01:00,2025-10-31T23:00:00Z,0.004,17
1487,Potencia instalada de generación solar térmica,2025-11-01T00:00:00.000+01:00,2025-10-31T23:00:00Z,849.026,16
1487,Potencia instalada de generación solar térmica,2025-11-01T00:00:00.000+01:00,2025-10-31T23:00:00Z,0.296,14
1487,Potencia instalada de generación solar térmica,2025-11-01T00:00:00.000+01:00,2025-10-31T23:00:00Z,0.008,8
1487,Potencia instalada de generación solar térmica,2025-11-01T00:00:00.000+01:00,2025-10-31T23:00:00Z,0.02,10
1487,Potencia instalada de generación solar térmica,2025-11-01T00:00:00.000+01:00,2025-10-31T23:00:00Z,22.625,9
1487,Potencia instalada de generación solar térmica,2025-11-01T00:00:00.000+01:00,2025-10-31T23:00:00Z,0.178,13
1487,Potencia instalada de generación solar térmica,2025-11-01T00:00:00.000+01:00,2025-10-31T23:00:00Z,349.556,7
1487,Potencia instalada de generación solar térmica,2025-11-01T00:00:00.000+01:00,2025-10-31T23:00:00Z,0.014,5
1487,Potencia instalada de generación solar térmica,2025-11-01T00:00:00.000+01:00,2025-10-31T23:00:00Z,1000.256,4
1487,Potencia instalada de generación solar térmica,2025-12-01T00:00:00.000+01:00,2025-11-30T23:00:00Z,30.063,21
1487,Potencia instalada de generación solar térmica,2025-12-01T00:00:00.000+01:00,2025-11-30T23:00:00Z,0.073,19
1487,Potencia instalada de generación solar térmica,2025-12-01T00:00:00.000+01:00,2025-11-30T23:00:00Z,0.005,18
1487,Potencia instalada de generación solar térmica,2025-12-01T00:00:00.000+01:00,2025-11-30T23:00:00Z,0.004,17
1487,Potencia instalada de generación solar térmica,2025-12-01T00:00:00.000+01:00,2025-11-30T23:00:00Z,849.032,16
1487,Potencia instalada de generación solar térmica,2025-12-01T00:00:00.000+01:00,2025-11-30T23:00:00Z,49.945,15
1487,Potencia instalada de generación solar térmica,2025-12-01T00:00:00.000+01:00,2025-11-30T23:00:00Z,0.302,14
1487,Potencia instalada de generación solar térmica,2025-12-01T00:00:00.000+01:00,2025-11-30T23:00:00Z,0.02,10
1487,Potencia instalada de generación solar térmica,2025-12-01T00:00:00.000+01:00,2025-11-30T23:00:00Z,22.625,9
1487,Potencia instalada de generación solar térmica,2025-12-01T00:00:00.000+01:00,2025-11-30T23:00:00Z,0.008,8
1487,Potencia instalada de generación solar térmica,2025-12-01T00:00:00.000+01:00,2025-11-30T23:00:00Z,349.556,7
1487,Potencia instalada de generación solar térmica,2025-12-01T00:00:00.000+01:00,2025-11-30T23:00:00Z,0.014,5
1487,Potencia instalada de generación solar térmica,2025-12-01T00:00:00.000+01:00,2025-11-30T23:00:00Z,1000.256,4
1487,Potencia instalada de generación solar térmica,2025-12-01T00:00:00.000+01:00,2025-11-30T23:00:00Z,0.184,13
1487,Potencia instalada de generación solar térmica,2026-01-01T00:00:00.000+01:00,2025-12-31T23:00:00Z,49.945,15
1487,Potencia instalada de generación solar térmica,2026-01-01T00:00:00.000+01:00,2025-12-31T23:00:00Z,30.063,21
1487,Potencia instalada de generación solar térmica,2026-01-01T00:00:00.000+01:00,2025-12-31T23:00:00Z,0.073,19
1487,Potencia instalada de generación solar térmica,2026-01-01T00:00:00.000+01:00,2025-12-31T23:00:00Z,0.005,18
1487,Potencia instalada de generación solar térmica,2026-01-01T00:00:00.000+01:00,2025-12-31T23:00:00Z,0.004,17
1487,Potencia instalada de generación solar térmica,2026-01-01T00:00:00.000+01:00,2025-12-31T23:00:00Z,849.032,16
1487,Potencia instalada de generación solar térmica,2026-01-01T00:00:00.000+01:00,2025-12-31T23:00:00Z,0.312,14
1487,Potencia instalada de generación solar térmica,2026-01-01T00:00:00.000+01:00,2025-12-31T23:00:00Z,1000.256,4
1487,Potencia instalada de generación solar térmica,2026-01-01T00:00:00.000+01:00,2025-12-31T23:00:00Z,0.02,10
1487,Potencia instalada de generación solar térmica,2026-01-01T00:00:00.000+01:00,2025-12-31T23:00:00Z,22.625,9
1487,Potencia instalada de generación solar térmica,2026-01-01T00:00:00.000+01:00,2025-12-31T23:00:00Z,0.008,8
1487,Potencia instalada de generación solar térmica,2026-01-01T00:00:00.000+01:00,2025-12-31T23:00:00Z,349.556,7
1487,Potencia instalada de generación solar térmica,2026-01-01T00:00:00.000+01:00,2025-12-31T23:00:00Z,0.014,5
1487,Potencia instalada de generación solar térmica,2026-01-01T00:00:00.000+01:00,2025-12-31T23:00:00Z,0.19,13
1487,Potencia instalada de generación solar térmica,2026-02-01T00:00:00.000+01:00,2026-01-31T23:00:00Z,49.95,15
1487,Potencia instalada de generación solar térmica,2026-02-01T00:00:00.000+01:00,2026-01-31T23:00:00Z,30.063,21
1487,Potencia instalada de generación solar térmica,2026-02-01T00:00:00.000+01:00,2026-01-31T23:00:00Z,0.073,19
1487,Potencia instalada de generación solar térmica,2026-02-01T00:00:00.000+01:00,2026-01-31T23:00:00Z,0.005,18
1487,Potencia instalada de generación solar térmica,2026-02-01T00:00:00.000+01:00,2026-01-31T23:00:00Z,0.004,17
1487,Potencia instalada de generación solar térmica,2026-02-01T00:00:00.000+01:00,2026-01-31T23:00:00Z,849.032,16
1487,Potencia instalada de generación solar térmica,2026-02-01T00:00:00.000+01:00,2026-01-31T23:00:00Z,0.321,14
1487,Potencia instalada de generación solar térmica,2026-02-01T00:00:00.000+01:00,2026-01-31T23:00:00Z,0.19,13
1487,Potencia instalada de generación solar térmica,2026-02-01T00:00:00.000+01:00,2026-01-31T23:00:00Z,0.02,10
1487,Potencia instalada de generación solar térmica,2026-02-01T00:00:00.000+01:00,2026-01-31T23:00:00Z,22.625,9
1487,Potencia instalada de generación solar térmica,2026-02-01T00:00:00.000+01:00,2026-01-31T23:00:00Z,0.008,8
1487,Potencia instalada de generación solar térmica,2026-02-01T00:00:00.000+01:00,2026-01-31T23:00:00Z,349.556,7
1487,Potencia instalada de generación solar térmica,2026-02-01T00:00:00.000+01:00,2026-01-31T23:00:00Z,0.014,5
1487,Potencia instalada de generación solar térmica,2026-02-01T00:00:00.000+01:00,2026-01-31T23:00:00Z,1000.256,4
1487,Potencia instalada de generación solar térmica,2026-03-01T00:00:00.000+01:00,2026-02-28T23:00:00Z,0.073,19
1487,Potencia instalada de generación solar térmica,2026-03-01T00:00:00.000+01:00,2026-02-28T23:00:00Z,0.005,18
1487,Potencia instalada de generación solar térmica,2026-03-01T00:00:00.000+01:00,2026-02-28T23:00:00Z,0.004,17
1487,Potencia instalada de generación solar térmica,2026-03-01T00:00:00.000+01:00,2026-02-28T23:00:00Z,849.032,16
1487,Potencia instalada de generación solar térmica,2026-03-01T00:00:00.000+01:00,2026-02-28T23:00:00Z,49.95,15
1487,Potencia instalada de generación solar térmica,2026-03-01T00:00:00.000+01:00,2026-02-28T23:00:00Z,0.327,14
1487,Potencia instalada de generación solar térmica,2026-03-01T00:00:00.000+01:00,2026-02-28T23:00:00Z,30.063,21
1487,Potencia instalada de generación solar térmica,2026-03-01T00:00:00.000+01:00,2026-02-28T23:00:00Z,0.02,10
1487,Potencia instalada de generación solar térmica,2026-03-01T00:00:00.000+01:00,2026-02-28T23:00:00Z,22.625,9
1487,Potencia instalada de generación solar térmica,2026-03-01T00:00:00.000+01:00,2026-02-28T23:00:00Z,0.008,8
1487,Potencia instalada de generación solar térmica,2026-03-01T00:00:00.000+01:00,2026-02-28T23:00:00Z,349.556,7
1487,Potencia instalada de generación solar térmica,2026-03-01T00:00:00.000+01:00,2026-02-28T23:00:00Z,0.014,5
1487,Potencia instalada de generación solar térmica,2026-03-01T00:00:00.000+01:00,2026-02-28T23:00:00Z,1000.256,4
1487,Potencia instalada de generación solar térmica,2026-03-01T00:00:00.000+01:00,2026-02-28T23:00:00Z,0.19,13
1487,Potencia instalada de generación solar térmica,2026-04-01T00:00:00.000+02:00,2026-03-31T22:00:00Z,30.063,21
1487,Potencia instalada de generación solar térmica,2026-04-01T00:00:00.000+02:00,2026-03-31T22:00:00Z,0.073,19
1487,Potencia instalada de generación solar térmica,2026-04-01T00:00:00.000+02:00,2026-03-31T22:00:00Z,0.005,18
1487,Potencia instalada de generación solar térmica,2026-04-01T00:00:00.000+02:00,2026-03-31T22:00:00Z,0.004,17
1487,Potencia instalada de generación solar térmica,2026-04-01T00:00:00.000+02:00,2026-03-31T22:00:00Z,849.032,16
1487,Potencia instalada de generación solar térmica,2026-04-01T00:00:00.000+02:00,2026-03-31T22:00:00Z,49.95,15
1487,Potencia instalada de generación solar térmica,2026-04-01T00:00:00.000+02:00,2026-03-31T22:00:00Z,0.339,14
1487,Potencia instalada de generación solar térmica,2026-04-01T00:00:00.000+02:00,2026-03-31T22:00:00Z,0.19,13
1487,Potencia instalada de generación solar térmica,2026-04-01T00:00:00.000+02:00,2026-03-31T22:00:00Z,22.625,9
1487,Potencia instalada de generación solar térmica,2026-04-01T00:00:00.000+02:00,2026-03-31T22:00:00Z,0.008,8
1487,Potencia instalada de generación solar térmica,2026-04-01T00:00:00.000+02:00,2026-03-31T22:00:00Z,349.556,7
1487,Potencia instalada de generación solar térmica,2026-04-01T00:00:00.000+02:00,2026-03-31T22:00:00Z,0.014,5
1487,Potencia instalada de generación solar térmica,2026-04-01T00:00:00.000+02:00,2026-03-31T22:00:00Z,1000.256,4
1487,Potencia instalada de generación solar térmica,2026-04-01T00:00:00.000+02:00,2026-03-31T22:00:00Z,0.02,10
1487,Potencia instalada de generación solar térmica,2026-05-01T00:00:00.000+02:00,2026-04-30T22:00:00Z,49.95,15
1487,Potencia instalada de generación solar térmica,2026-05-01T00:00:00.000+02:00,2026-04-30T22:00:00Z,30.063,21
1487,Potencia instalada de generación solar térmica,2026-05-01T00:00:00.000+02:00,2026-04-30T22:00:00Z,0.073,19
1487,Potencia instalada de generación solar térmica,2026-05-01T00:00:00.000+02:00,2026-04-30T22:00:00Z,0.005,18
1487,Potencia instalada de generación solar térmica,2026-05-01T00:00:00.000+02:00,2026-04-30T22:00:00Z,849.032,16
1487,Potencia instalada de generación solar térmica,2026-05-01T00:00:00.000+02:00,2026-04-30T22:00:00Z,0.339,14
1487,Potencia instalada de generación solar térmica,2026-05-01T00:00:00.000+02:00,2026-04-30T22:00:00Z,0.004,17
1487,Potencia instalada de generación solar térmica,2026-05-01T00:00:00.000+02:00,2026-04-30T22:00:00Z,0.02,10
1487,Potencia instalada de generación solar térmica,2026-05-01T00:00:00.000+02:00,2026-04-30T22:00:00Z,22.625,9
1487,Potencia instalada de generación solar térmica,2026-05-01T00:00:00.000+02:00,2026-04-30T22:00:00Z,0.008,8
1487,Potencia instalada de generación solar térmica,2026-05-01T00:00:00.000+02:00,2026-04-30T22:00:00Z,0.194,13
1487,Potencia instalada de generación solar térmica,2026-05-01T00:00:00.000+02:00,2026-04-30T22:00:00Z,349.556,7
1487,Potencia instalada de generación solar térmica,2026-05-01T00:00:00.000+02:00,2026-04-30T22:00:00Z,0.014,5
1487,Potencia instalada de generación solar térmica,2026-05-01T00:00:00.000+02:00,2026-04-30T22:00:00Z,1000.256,4
1487,Potencia instalada de generación solar térmica,2026-06-01T00:00:00.000+02:00,2026-05-31T22:00:00Z,30.063,21
1487,Potencia instalada de generación solar térmica,2026-06-01T00:00:00.000+02:00,2026-05-31T22:00:00Z,0.073,19
1487,Potencia instalada de generación solar térmica,2026-06-01T00:00:00.000+02:00,2026-05-31T22:00:00Z,0.005,18
1487,Potencia instalada de generación solar térmica,2026-06-01T00:00:00.000+02:00,2026-05-31T22:00:00Z,0.004,17
1487,Potencia instalada de generación solar térmica,2026-06-01T00:00:00.000+02:00,2026-05-31T22:00:00Z,849.032,16
1487,Potencia instalada de generación solar térmica,2026-06-01T00:00:00.000+02:00,2026-05-31T22:00:00Z,49.95,15
1487,Potencia instalada de generación solar térmica,2026-06-01T00:00:00.000+02:00,2026-05-31T22:00:00Z,0.351,14
1487,Potencia instalada de generación solar térmica,2026-06-01T00:00:00.000+02:00,2026-05-31T22:00:00Z,0.194,13
1487,Potencia instalada de generación solar térmica,2026-06-01T00:00:00.000+02:00,2026-05-31T22:00:00Z,0.02,10
1487,Potencia instalada de generación solar térmica,2026-06-01T00:00:00.000+02:00,2026-05-31T22:00:00Z,22.625,9
1487,Potencia instalada de generación solar térmica,2026-06-01T00:00:00.000+02:00,2026-05-31T22:00:00Z,0.008,8
1487,Potencia instalada de generación solar térmica,2026-06-01T00:00:00.000+02:00,2026-05-31T22:00:00Z,349.556,7
1487,Potencia instalada de generación solar térmica,2026-06-01T00:00:00.000+02:00,2026-05-31T22:00:00Z,0.014,5
1487,Potencia instalada de generación solar térmica,2026-06-01T00:00:00.000+02:00,2026-05-31T22:00:00Z,1000.256,4
1487,Potencia instalada de generación solar térmica,2026-07-01T00:00:00.000+02:00,2026-06-30T22:00:00Z,0.073,19
1487,Potencia instalada de generación solar térmica,2026-07-01T00:00:00.000+02:00,2026-06-30T22:00:00Z,0.005,18
1487,Potencia instalada de generación solar térmica,2026-07-01T00:00:00.000+02:00,2026-06-30T22:00:00Z,0.004,17
1487,Potencia instalada de generación solar térmica,2026-07-01T00:00:00.000+02:00,2026-06-30T22:00:00Z,30.063,21
1487,Potencia instalada de generación solar térmica,2026-07-01T00:00:00.000+02:00,2026-06-30T22:00:00Z,849.032,16
1487,Potencia instalada de generación solar térmica,2026-07-01T00:00:00.000+02:00,2026-06-30T22:00:00Z,49.96,15
1487,Potencia instalada de generación solar térmica,2026-07-01T00:00:00.000+02:00,2026-06-30T22:00:00Z,0.359,14
1487,Potencia instalada de generación solar térmica,2026-07-01T00:00:00.000+02:00,2026-06-30T22:00:00Z,0.008,8
1487,Potencia instalada de generación solar térmica,2026-07-01T00:00:00.000+02:00,2026-06-30T22:00:00Z,0.02,10
1487,Potencia instalada de generación solar térmica,2026-07-01T00:00:00.000+02:00,2026-06-30T22:00:00Z,22.625,9
1487,Potencia instalada de generación solar térmica,2026-07-01T00:00:00.000+02:00,2026-06-30T22:00:00Z,349.561,7
1487,Potencia instalada de generación solar térmica,2026-07-01T00:00:00.000+02:00,2026-06-30T22:00:00Z,0.014,5
1487,Potencia instalada de generación solar térmica,2026-07-01T00:00:00.000+02:00,2026-06-30T22:00:00Z,1000.256,4
1487,Potencia instalada de generación solar térmica,2026-07-01T00:00:00.000+02:00,2026-06-30T22:00:00Z,0.2,13
1487,Potencia instalada de generación solar térmica,2026-08-01T00:00:00.000+02:00,2026-07-31T22:00:00Z,0.005,18
1487,Potencia instalada de generación solar térmica,2026-08-01T00:00:00.000+02:00,2026-07-31T22:00:00Z,0.004,17
1487,Potencia instalada de generación solar térmica,2026-08-01T00:00:00.000+02:00,2026-07-31T22:00:00Z,849.032,16
1487,Potencia instalada de generación solar térmica,2026-08-01T00:00:00.000+02:00,2026-07-31T22:00:00Z,49.966,15
1487,Potencia instalada de generación solar térmica,2026-08-01T00:00:00.000+02:00,2026-07-31T22:00:00Z,0.367,14
1487,Potencia instalada de generación solar térmica,2026-08-01T00:00:00.000+02:00,2026-07-31T22:00:00Z,0.2,13
1487,Potencia instalada de generación solar térmica,2026-08-01T00:00:00.000+02:00,2026-07-31T22:00:00Z,0.008,8
1487,Potencia instalada de generación solar térmica,2026-08-01T00:00:00.000+02:00,2026-07-31T22:00:00Z,22.625,9
1487,Potencia instalada de generación solar térmica,2026-08-01T00:00:00.000+02:00,2026-07-31T22:00:00Z,349.561,7
1487,Potencia instalada de generación solar térmica,2026-08-01T00:00:00.000+02:00,2026-07-31T22:00:00Z,0.014,5
1487,Potencia instalada de generación solar térmica,2026-08-01T00:00:00.000+02:00,2026-07-31T22:00:00Z,1000.256,4
1487,Potencia instalada de generación solar térmica,2026-08-01T00:00:00.000+02:00,2026-07-31T22:00:00Z,0.073,19
1487,Potencia instalada de generación solar térmica,2026-08-01T00:00:00.000+02:00,2026-07-31T22:00:00Z,0.02,10
1487,Potencia instalada de generación solar térmica,2026-08-01T00:00:00.000+02:00,2026-07-31T22:00:00Z,30.063,21
1488,Potencia instalada de generación otras renovables,2025-08-01T00:00:00.000+02:00,2025-07-31T22:00:00Z,455.254,4
1488,Potencia instalada de generación otras renovables,2025-08-01T00:00:00.000+02:00,2025-07-31T22:00:00Z,0.0,8746
1488,Potencia instalada de generación otras renovables,2025-08-01T00:00:00.000+02:00,2025-07-31T22:00:00Z,8.715,21
1488,Potencia instalada de generación otras renovables,2025-08-01T00:00:00.000+02:00,2025-07-31T22:00:00Z,2.477,20
1488,Potencia instalada de generación otras renovables,2025-08-01T00:00:00.000+02:00,2025-07-31T22:00:00Z,8.806,19
1488,Potencia instalada de generación otras renovables,2025-08-01T00:00:00.000+02:00,2025-07-31T22:00:00Z,7.916,18
1488,Potencia instalada de generación otras renovables,2025-08-01T00:00:00.000+02:00,2025-07-31T22:00:00Z,93.985,16
1488,Potencia instalada de generación otras renovables,2025-08-01T00:00:00.000+02:00,2025-07-31T22:00:00Z,10.58,15
1488,Potencia instalada de generación otras renovables,2025-08-01T00:00:00.000+02:00,2025-07-31T22:00:00Z,42.851,14
1488,Potencia instalada de generación otras renovables,2025-08-01T00:00:00.000+02:00,2025-07-31T22:00:00Z,65.567,17
1488,Potencia instalada de generación otras renovables,2025-08-01T00:00:00.000+02:00,2025-07-31T22:00:00Z,90.535,11
1488,Potencia instalada de generación otras renovables,2025-08-01T00:00:00.000+02:00,2025-07-31T22:00:00Z,26.726,10
1488,Potencia instalada de generación otras renovables,2025-08-01T00:00:00.000+02:00,2025-07-31T22:00:00Z,59.436,9
1488,Potencia instalada de generación otras renovables,2025-08-01T00:00:00.000+02:00,2025-07-31T22:00:00Z,103.981,8
1488,Potencia instalada de generación otras renovables,2025-08-01T00:00:00.000+02:00,2025-07-31T22:00:00Z,98.064,7
1488,Potencia instalada de generación otras renovables,2025-08-01T00:00:00.000+02:00,2025-07-31T22:00:00Z,12.862,6
1488,Potencia instalada de generación otras renovables,2025-08-01T00:00:00.000+02:00,2025-07-31T22:00:00Z,15.576,5
1488,Potencia instalada de generación otras renovables,2025-08-01T00:00:00.000+02:00,2025-07-31T22:00:00Z,46.045,13
1488,Potencia instalada de generación otras renovables,2025-09-01T00:00:00.000+02:00,2025-08-31T22:00:00Z,10.58,15
1488,Potencia instalada de generación otras renovables,2025-09-01T00:00:00.000+02:00,2025-08-31T22:00:00Z,0.0,8746
1488,Potencia instalada de generación otras renovables,2025-09-01T00:00:00.000+02:00,2025-08-31T22:00:00Z,8.715,21
1488,Potencia instalada de generación otras renovables,2025-09-01T00:00:00.000+02:00,2025-08-31T22:00:00Z,2.477,20
1488,Potencia instalada de generación otras renovables,2025-09-01T00:00:00.000+02:00,2025-08-31T22:00:00Z,8.806,19
1488,Potencia instalada de generación otras renovables,2025-09-01T00:00:00.000+02:00,2025-08-31T22:00:00Z,65.567,17
1488,Potencia instalada de generación otras renovables,2025-09-01T00:00:00.000+02:00,2025-08-31T22:00:00Z,93.985,16
1488,Potencia instalada de generación otras renovables,2025-09-01T00:00:00.000+02:00,2025-08-31T22:00:00Z,42.851,14
1488,Potencia instalada de generación otras renovables,2025-09-01T00:00:00.000+02:00,2025-08-31T22:00:00Z,7.916,18
1488,Potencia instalada de generación otras renovables,2025-09-01T00:00:00.000+02:00,2025-08-31T22:00:00Z,90.535,11
1488,Potencia instalada de generación otras renovables,2025-09-01T00:00:00.000+02:00,2025-08-31T22:00:00Z,15.576,5
1488,Potencia instalada de generación otras renovables,2025-09-01T00:00:00.000+02:00,2025-08-31T22:00:00Z,12.862,6
1488,Potencia instalada de generación otras renovables,2025-09-01T00:00:00.000+02:00,2025-08-31T22:00:00Z,98.064,7
1488,Potencia instalada de generación otras renovables,2025-09-01T00:00:00.000+02:00,2025-08-31T22:00:00Z,455.854,4
1488,Potencia instalada de generación otras renovables,2025-09-01T00:00:00.000+02:00,2025-08-31T22:00:00Z,103.981,8
1488,Potencia instalada de generación otras renovables,2025-09-01T00:00:00.000+02:00,2025-08-31T22:00:00Z,59.436,9
1488,Potencia instalada de generación otras renovables,2025-09-01T00:00:00.000+02:00,2025-08-31T22:00:00Z,26.726,10
1488,Potencia instalada de generación otras renovables,2025-09-01T00:00:00.000+02:00,2025-08-31T22:00:00Z,46.045,13
1488,Potencia instalada de generación otras renovables,2025-10-01T00:00:00.000+02:00,2025-09-30T22:00:00Z,42.851,14
1488,Potencia instalada de generación otras renovables,2025-10-01T00:00:00.000+02:00,2025-09-30T22:00:00Z,8.715,21
1488,Potencia instalada de generación otras renovables,2025-10-01T00:00:00.000+02:00,2025-09-30T22:00:00Z,2.477,20
1488,Potencia instalada de generación otras renovables,2025-10-01T00:00:00.000+02:00,2025-09-30T22:00:00Z,8.806,19
1488,Potencia instalada de generación otras renovables,2025-10-01T00:00:00.000+02:00,2025-09-30T22:00:00Z,7.916,18
1488,Potencia instalada de generación otras renovables,2025-10-01T00:00:00.000+02:00,2025-09-30T22:00:00Z,63.217,17
1488,Potencia instalada de generación otras renovables,2025-10-01T00:00:00.000+02:00,2025-09-30T22:00:00Z,93.985,16
1488,Potencia instalada de generación otras renovables,2025-10-01T00:00:00.000+02:00,2025-09-30T22:00:00Z,10.58,15
1488,Potencia instalada de generación otras renovables,2025-10-01T00:00:00.000+02:00,2025-09-30T22:00:00Z,0.0,8746
1488,Potencia instalada de generación otras renovables,2025-10-01T00:00:00.000+02:00,2025-09-30T22:00:00Z,46.045,13
1488,Potencia instalada de generación otras renovables,2025-10-01T00:00:00.000+02:00,2025-09-30T22:00:00Z,26.726,10
1488,Potencia instalada de generación otras renovables,2025-10-01T00:00:00.000+02:00,2025-09-30T22:00:00Z,59.436,9
1488,Potencia instalada de generación otras renovables,2025-10-01T00:00:00.000+02:00,2025-09-30T22:00:00Z,103.981,8
1488,Potencia instalada de generación otras renovables,2025-10-01T00:00:00.000+02:00,2025-09-30T22:00:00Z,98.064,7
1488,Potencia instalada de generación otras renovables,2025-10-01T00:00:00.000+02:00,2025-09-30T22:00:00Z,12.862,6
1488,Potencia instalada de generación otras renovables,2025-10-01T00:00:00.000+02:00,2025-09-30T22:00:00Z,15.576,5
1488,Potencia instalada de generación otras renovables,2025-10-01T00:00:00.000+02:00,2025-09-30T22:00:00Z,455.854,4
1488,Potencia instalada de generación otras renovables,2025-10-01T00:00:00.000+02:00,2025-09-30T22:00:00Z,90.535,11
1488,Potencia instalada de generación otras renovables,2025-11-01T00:00:00.000+01:00,2025-10-31T23:00:00Z,93.985,16
1488,Potencia instalada de generación otras renovables,2025-11-01T00:00:00.000+01:00,2025-10-31T23:00:00Z,63.217,17
1488,Potencia instalada de generación otras renovables,2025-11-01T00:00:00.000+01:00,2025-10-31T23:00:00Z,7.916,18
1488,Potencia instalada de generación otras renovables,2025-11-01T00:00:00.000+01:00,2025-10-31T23:00:00Z,0.0,8746
1488,Potencia instalada de generación otras renovables,2025-11-01T00:00:00.000+01:00,2025-10-31T23:00:00Z,2.477,20
1488,Potencia instalada de generación otras renovables,2025-11-01T00:00:00.000+01:00,2025-10-31T23:00:00Z,8.715,21
1488,Potencia instalada de generación otras renovables,2025-11-01T00:00:00.000+01:00,2025-10-31T23:00:00Z,10.58,15
1488,Potencia instalada de generación otras renovables,2025-11-01T00:00:00.000+01:00,2025-10-31T23:00:00Z,8.806,19
1488,Potencia instalada de generación otras renovables,2025-11-01T00:00:00.000+01:00,2025-10-31T23:00:00Z,42.851,14
1488,Potencia instalada de generación otras renovables,2025-11-01T00:00:00.000+01:00,2025-10-31T23:00:00Z,103.981,8
1488,Potencia instalada de generación otras renovables,2025-11-01T00:00:00.000+01:00,2025-10-31T23:00:00Z,90.535,11
1488,Potencia instalada de generación otras renovables,2025-11-01T00:00:00.000+01:00,2025-10-31T23:00:00Z,26.726,10
1488,Potencia instalada de generación otras renovables,2025-11-01T00:00:00.000+01:00,2025-10-31T23:00:00Z,59.436,9
1488,Potencia instalada de generación otras renovables,2025-11-01T00:00:00.000+01:00,2025-10-31T23:00:00Z,46.045,13
1488,Potencia instalada de generación otras renovables,2025-11-01T00:00:00.000+01:00,2025-10-31T23:00:00Z,98.064,7
1488,Potencia instalada de generación otras renovables,2025-11-01T00:00:00.000+01:00,2025-10-31T23:00:00Z,12.862,6
1488,Potencia instalada de generación otras renovables,2025-11-01T00:00:00.000+01:00,2025-10-31T23:00:00Z,15.576,5
1488,Potencia instalada de generación otras renovables,2025-11-01T00:00:00.000+01:00,2025-10-31T23:00:00Z,455.854,4
1488,Potencia instalada de generación otras renovables,2025-12-01T00:00:00.000+01:00,2025-11-30T23:00:00Z,0.0,8746
1488,Potencia instalada de generación otras renovables,2025-12-01T00:00:00.000+01:00,2025-11-30T23:00:00Z,8.715,21
1488,Potencia instalada de generación otras renovables,2025-12-01T00:00:00.000+01:00,2025-11-30T23:00:00Z,2.477,20
1488,Potencia instalada de generación otras renovables,2025-12-01T00:00:00.000+01:00,2025-11-30T23:00:00Z,8.806,19
1488,Potencia instalada de generación otras renovables,2025-12-01T00:00:00.000+01:00,2025-11-30T23:00:00Z,7.916,18
1488,Potencia instalada de generación otras renovables,2025-12-01T00:00:00.000+01:00,2025-11-30T23:00:00Z,63.217,17
1488,Potencia instalada de generación otras renovables,2025-12-01T00:00:00.000+01:00,2025-11-30T23:00:00Z,93.985,16
1488,Potencia instalada de generación otras renovables,2025-12-01T00:00:00.000+01:00,2025-11-30T23:00:00Z,10.58,15
1488,Potencia instalada de generación otras renovables,2025-12-01T00:00:00.000+01:00,2025-11-30T23:00:00Z,42.851,14
1488,Potencia instalada de generación otras renovables,2025-12-01T00:00:00.000+01:00,2025-11-30T23:00:00Z,455.854,4
1488,Potencia instalada de generación otras renovables,2025-12-01T00:00:00.000+01:00,2025-11-30T23:00:00Z,90.535,11
1488,Potencia instalada de generación otras renovables,2025-12-01T00:00:00.000+01:00,2025-11-30T23:00:00Z,26.726,10
1488,Potencia instalada de generación otras renovables,2025-12-01T00:00:00.000+01:00,2025-11-30T23:00:00Z,59.436,9
1488,Potencia instalada de generación otras renovables,2025-12-01T00:00:00.000+01:00,2025-11-30T23:00:00Z,103.981,8
1488,Potencia instalada de generación otras renovables,2025-12-01T00:00:00.000+01:00,2025-11-30T23:00:00Z,98.064,7
1488,Potencia instalada de generación otras renovables,2025-12-01T00:00:00.000+01:00,2025-11-30T23:00:00Z,12.862,6
1488,Potencia instalada de generación otras renovables,2025-12-01T00:00:00.000+01:00,2025-11-30T23:00:00Z,15.576,5
1488,Potencia instalada de generación otras renovables,2025-12-01T00:00:00.000+01:00,2025-11-30T23:00:00Z,46.045,13
1488,Potencia instalada de generación otras renovables,2026-01-01T00:00:00.000+01:00,2025-12-31T23:00:00Z,89.985,16
1488,Potencia instalada de generación otras renovables,2026-01-01T00:00:00.000+01:00,2025-12-31T23:00:00Z,63.217,17
1488,Potencia instalada de generación otras renovables,2026-01-01T00:00:00.000+01:00,2025-12-31T23:00:00Z,7.916,18
1488,Potencia instalada de generación otras renovables,2026-01-01T00:00:00.000+01:00,2025-12-31T23:00:00Z,10.58,15
1488,Potencia instalada de generación otras renovables,2026-01-01T00:00:00.000+01:00,2025-12-31T23:00:00Z,2.477,20
1488,Potencia instalada de generación otras renovables,2026-01-01T00:00:00.000+01:00,2025-12-31T23:00:00Z,8.715,21
1488,Potencia instalada de generación otras renovables,2026-01-01T00:00:00.000+01:00,2025-12-31T23:00:00Z,0.0,8746
1488,Potencia instalada de generación otras renovables,2026-01-01T00:00:00.000+01:00,2025-12-31T23:00:00Z,8.806,19
1488,Potencia instalada de generación otras renovables,2026-01-01T00:00:00.000+01:00,2025-12-31T23:00:00Z,42.851,14
1488,Potencia instalada de generación otras renovables,2026-01-01T00:00:00.000+01:00,2025-12-31T23:00:00Z,455.854,4
1488,Potencia instalada de generación otras renovables,2026-01-01T00:00:00.000+01:00,2025-12-31T23:00:00Z,90.535,11
1488,Potencia instalada de generación otras renovables,2026-01-01T00:00:00.000+01:00,2025-12-31T23:00:00Z,26.726,10
1488,Potencia instalada de generación otras renovables,2026-01-01T00:00:00.000+01:00,2025-12-31T23:00:00Z,59.436,9
1488,Potencia instalada de generación otras renovables,2026-01-01T00:00:00.000+01:00,2025-12-31T23:00:00Z,103.981,8
1488,Potencia instalada de generación otras renovables,2026-01-01T00:00:00.000+01:00,2025-12-31T23:00:00Z,98.064,7
1488,Potencia instalada de generación otras renovables,2026-01-01T00:00:00.000+01:00,2025-12-31T23:00:00Z,12.862,6
1488,Potencia instalada de generación otras renovables,2026-01-01T00:00:00.000+01:00,2025-12-31T23:00:00Z,15.576,5
1488,Potencia instalada de generación otras renovables,2026-01-01T00:00:00.000+01:00,2025-12-31T23:00:00Z,46.045,13
1488,Potencia instalada de generación otras renovables,2026-02-01T00:00:00.000+01:00,2026-01-31T23:00:00Z,89.185,16
1488,Potencia instalada de generación otras renovables,2026-02-01T00:00:00.000+01:00,2026-01-31T23:00:00Z,63.217,17
1488,Potencia instalada de generación otras renovables,2026-02-01T00:00:00.000+01:00,2026-01-31T23:00:00Z,7.916,18
1488,Potencia instalada de generación otras renovables,2026-02-01T00:00:00.000+01:00,2026-01-31T23:00:00Z,0.0,8746
1488,Potencia instalada de generación otras renovables,2026-02-01T00:00:00.000+01:00,2026-01-31T23:00:00Z,2.477,20
1488,Potencia instalada de generación otras renovables,2026-02-01T00:00:00.000+01:00,2026-01-31T23:00:00Z,8.715,21
1488,Potencia instalada de generación otras renovables,2026-02-01T00:00:00.000+01:00,2026-01-31T23:00:00Z,10.58,15
1488,Potencia instalada de generación otras renovables,2026-02-01T00:00:00.000+01:00,2026-01-31T23:00:00Z,8.806,19
1488,Potencia instalada de generación otras renovables,2026-02-01T00:00:00.000+01:00,2026-01-31T23:00:00Z,42.851,14
1488,Potencia instalada de generación otras renovables,2026-02-01T00:00:00.000+01:00,2026-01-31T23:00:00Z,46.045,13
1488,Potencia instalada de generación otras renovables,2026-02-01T00:00:00.000+01:00,2026-01-31T23:00:00Z,90.535,11
1488,Potencia instalada de generación otras renovables,2026-02-01T00:00:00.000+01:00,2026-01-31T23:00:00Z,26.726,10
1488,Potencia instalada de generación otras renovables,2026-02-01T00:00:00.000+01:00,2026-01-31T23:00:00Z,59.436,9
1488,Potencia instalada de generación otras renovables,2026-02-01T00:00:00.000+01:00,2026-01-31T23:00:00Z,103.981,8
1488,Potencia instalada de generación otras renovables,2026-02-01T00:00:00.000+01:00,2026-01-31T23:00:00Z,98.064,7
1488,Potencia instalada de generación otras renovables,2026-02-01T00:00:00.000+01:00,2026-01-31T23:00:00Z,12.862,6
1488,Potencia instalada de generación otras renovables,2026-02-01T00:00:00.000+01:00,2026-01-31T23:00:00Z,15.576,5
1488,Potencia instalada de generación otras renovables,2026-02-01T00:00:00.000+01:00,2026-01-31T23:00:00Z,455.854,4
1488,Potencia instalada de generación otras renovables,2026-03-01T00:00:00.000+01:00,2026-02-28T23:00:00Z,8.715,21
1488,Potencia instalada de generación otras renovables,2026-03-01T00:00:00.000+01:00,2026-02-28T23:00:00Z,2.477,20
1488,Potencia instalada de generación otras renovables,2026-03-01T00:00:00.000+01:00,2026-02-28T23:00:00Z,8.806,19
1488,Potencia instalada de generación otras renovables,2026-03-01T00:00:00.000+01:00,2026-02-28T23:00:00Z,7.916,18
1488,Potencia instalada de generación otras renovables,2026-03-01T00:00:00.000+01:00,2026-02-28T23:00:00Z,63.217,17
1488,Potencia instalada de generación otras renovables,2026-03-01T00:00:00.000+01:00,2026-02-28T23:00:00Z,89.185,16
1488,Potencia instalada de generación otras renovables,2026-03-01T00:00:00.000+01:00,2026-02-28T23:00:00Z,10.58,15
1488,Potencia instalada de generación otras renovables,2026-03-01T00:00:00.000+01:00,2026-02-28T23:00:00Z,42.851,14
1488,Potencia instalada de generación otras renovables,2026-03-01T00:00:00.000+01:00,2026-02-28T23:00:00Z,0.0,8746
1488,Potencia instalada de generación otras renovables,2026-03-01T00:00:00.000+01:00,2026-02-28T23:00:00Z,90.535,11
1488,Potencia instalada de generación otras renovables,2026-03-01T00:00:00.000+01:00,2026-02-28T23:00:00Z,455.854,4
1488,Potencia instalada de generación otras renovables,2026-03-01T00:00:00.000+01:00,2026-02-28T23:00:00Z,15.576,5
1488,Potencia instalada de generación otras renovables,2026-03-01T00:00:00.000+01:00,2026-02-28T23:00:00Z,12.862,6
1488,Potencia instalada de generación otras renovables,2026-03-01T00:00:00.000+01:00,2026-02-28T23:00:00Z,46.045,13
1488,Potencia instalada de generación otras renovables,2026-03-01T00:00:00.000+01:00,2026-02-28T23:00:00Z,103.981,8
1488,Potencia instalada de generación otras renovables,2026-03-01T00:00:00.000+01:00,2026-02-28T23:00:00Z,59.436,9
1488,Potencia instalada de generación otras renovables,2026-03-01T00:00:00.000+01:00,2026-02-28T23:00:00Z,26.726,10
1488,Potencia instalada de generación otras renovables,2026-03-01T00:00:00.000+01:00,2026-02-28T23:00:00Z,98.064,7
1488,Potencia instalada de generación otras renovables,2026-04-01T00:00:00.000+02:00,2026-03-31T22:00:00Z,42.851,14
1488,Potencia instalada de generación otras renovables,2026-04-01T00:00:00.000+02:00,2026-03-31T22:00:00Z,8.715,21
1488,Potencia instalada de generación otras renovables,2026-04-01T00:00:00.000+02:00,2026-03-31T22:00:00Z,2.477,20
1488,Potencia instalada de generación otras renovables,2026-04-01T00:00:00.000+02:00,2026-03-31T22:00:00Z,8.806,19
1488,Potencia instalada de generación otras renovables,2026-04-01T00:00:00.000+02:00,2026-03-31T22:00:00Z,7.916,18
1488,Potencia instalada de generación otras renovables,2026-04-01T00:00:00.000+02:00,2026-03-31T22:00:00Z,63.217,17
1488,Potencia instalada de generación otras renovables,2026-04-01T00:00:00.000+02:00,2026-03-31T22:00:00Z,89.185,16
1488,Potencia instalada de generación otras renovables,2026-04-01T00:00:00.000+02:00,2026-03-31T22:00:00Z,10.58,15
1488,Potencia instalada de generación otras renovables,2026-04-01T00:00:00.000+02:00,2026-03-31T22:00:00Z,0.0,8746
1488,Potencia instalada de generación otras renovables,2026-04-01T00:00:00.000+02:00,2026-03-31T22:00:00Z,46.045,13
1488,Potencia instalada de generación otras renovables,2026-04-01T00:00:00.000+02:00,2026-03-31T22:00:00Z,26.726,10
1488,Potencia instalada de generación otras renovables,2026-04-01T00:00:00.000+02:00,2026-03-31T22:00:00Z,59.436,9
1488,Potencia instalada de generación otras renovables,2026-04-01T00:00:00.000+02:00,2026-03-31T22:00:00Z,103.981,8
1488,Potencia instalada de generación otras renovables,2026-04-01T00:00:00.000+02:00,2026-03-31T22:00:00Z,98.064,7
1488,Potencia instalada de generación otras renovables,2026-04-01T00:00:00.000+02:00,2026-03-31T22:00:00Z,12.862,6
1488,Potencia instalada de generación otras renovables,2026-04-01T00:00:00.000+02:00,2026-03-31T22:00:00Z,15.576,5
1488,Potencia instalada de generación otras renovables,2026-04-01T00:00:00.000+02:00,2026-03-31T22:00:00Z,455.854,4
1488,Potencia instalada de generación otras renovables,2026-04-01T00:00:00.000+02:00,2026-03-31T22:00:00Z,90.535,11
1488,Potencia instalada de generación otras renovables,2026-05-01T00:00:00.000+02:00,2026-04-30T22:00:00Z,10.58,15
1488,Potencia instalada de generación otras renovables,2026-05-01T00:00:00.000+02:00,2026-04-30T22:00:00Z,0.0,8746
1488,Potencia instalada de generación otras renovables,2026-05-01T00:00:00.000+02:00,2026-04-30T22:00:00Z,8.715,21
1488,Potencia instalada de generación otras renovables,2026-05-01T00:00:00.000+02:00,2026-04-30T22:00:00Z,2.477,20
1488,Potencia instalada de generación otras renovables,2026-05-01T00:00:00.000+02:00,2026-04-30T22:00:00Z,8.806,19
1488,Potencia instalada de generación otras renovables,2026-05-01T00:00:00.000+02:00,2026-04-30T22:00:00Z,63.217,17
1488,Potencia instalada de generación otras renovables,2026-05-01T00:00:00.000+02:00,2026-04-30T22:00:00Z,89.185,16
1488,Potencia instalada de generación otras renovables,2026-05-01T00:00:00.000+02:00,2026-04-30T22:00:00Z,42.851,14
1488,Potencia instalada de generación otras renovables,2026-05-01T00:00:00.000+02:00,2026-04-30T22:00:00Z,7.916,18
1488,Potencia instalada de generación otras renovables,2026-05-01T00:00:00.000+02:00,2026-04-30T22:00:00Z,90.535,11
1488,Potencia instalada de generación otras renovables,2026-05-01T00:00:00.000+02:00,2026-04-30T22:00:00Z,15.576,5
1488,Potencia instalada de generación otras renovables,2026-05-01T00:00:00.000+02:00,2026-04-30T22:00:00Z,12.862,6
1488,Potencia instalada de generación otras renovables,2026-05-01T00:00:00.000+02:00,2026-04-30T22:00:00Z,98.064,7
1488,Potencia instalada de generación otras renovables,2026-05-01T00:00:00.000+02:00,2026-04-30T22:00:00Z,455.854,4
1488,Potencia instalada de generación otras renovables,2026-05-01T00:00:00.000+02:00,2026-04-30T22:00:00Z,103.981,8
1488,Potencia instalada de generación otras renovables,2026-05-01T00:00:00.000+02:00,2026-04-30T22:00:00Z,59.436,9
1488,Potencia instalada de generación otras renovables,2026-05-01T00:00:00.000+02:00,2026-04-30T22:00:00Z,26.726,10
1488,Potencia instalada de generación otras renovables,2026-05-01T00:00:00.000+02:00,2026-04-30T22:00:00Z,46.045,13
1488,Potencia instalada de generación otras renovables,2026-06-01T00:00:00.000+02:00,2026-05-31T22:00:00Z,10.58,15
1488,Potencia instalada de generación otras renovables,2026-06-01T00:00:00.000+02:00,2026-05-31T22:00:00Z,0.0,8746
1488,Potencia instalada de generación otras renovables,2026-06-01T00:00:00.000+02:00,2026-05-31T22:00:00Z,8.715,21
1488,Potencia instalada de generación otras renovables,2026-06-01T00:00:00.000+02:00,2026-05-31T22:00:00Z,2.477,20
1488,Potencia instalada de generación otras renovables,2026-06-01T00:00:00.000+02:00,2026-05-31T22:00:00Z,8.806,19
1488,Potencia instalada de generación otras renovables,2026-06-01T00:00:00.000+02:00,2026-05-31T22:00:00Z,7.916,18
1488,Potencia instalada de generación otras renovables,2026-06-01T00:00:00.000+02:00,2026-05-31T22:00:00Z,63.217,17
1488,Potencia instalada de generación otras renovables,2026-06-01T00:00:00.000+02:00,2026-05-31T22:00:00Z,89.185,16
1488,Potencia instalada de generación otras renovables,2026-06-01T00:00:00.000+02:00,2026-05-31T22:00:00Z,42.851,14
1488,Potencia instalada de generación otras renovables,2026-06-01T00:00:00.000+02:00,2026-05-31T22:00:00Z,46.045,13
1488,Potencia instalada de generación otras renovables,2026-06-01T00:00:00.000+02:00,2026-05-31T22:00:00Z,90.535,11
1488,Potencia instalada de generación otras renovables,2026-06-01T00:00:00.000+02:00,2026-05-31T22:00:00Z,26.726,10
1488,Potencia instalada de generación otras renovables,2026-06-01T00:00:00.000+02:00,2026-05-31T22:00:00Z,59.436,9
1488,Potencia instalada de generación otras renovables,2026-06-01T00:00:00.000+02:00,2026-05-31T22:00:00Z,103.981,8
1488,Potencia instalada de generación otras renovables,2026-06-01T00:00:00.000+02:00,2026-05-31T22:00:00Z,98.064,7
1488,Potencia instalada de generación otras renovables,2026-06-01T00:00:00.000+02:00,2026-05-31T22:00:00Z,12.862,6
1488,Potencia instalada de generación otras renovables,2026-06-01T00:00:00.000+02:00,2026-05-31T22:00:00Z,15.576,5
1488,Potencia instalada de generación otras renovables,2026-06-01T00:00:00.000+02:00,2026-05-31T22:00:00Z,455.854,4
1488,Potencia instalada de generación otras renovables,2026-07-01T00:00:00.000+02:00,2026-06-30T22:00:00Z,89.185,16
1488,Potencia instalada de generación otras renovables,2026-07-01T00:00:00.000+02:00,2026-06-30T22:00:00Z,63.217,17
1488,Potencia instalada de generación otras renovables,2026-07-01T00:00:00.000+02:00,2026-06-30T22:00:00Z,0.0,8746
1488,Potencia instalada de generación otras renovables,2026-07-01T00:00:00.000+02:00,2026-06-30T22:00:00Z,8.715,21
1488,Potencia instalada de generación otras renovables,2026-07-01T00:00:00.000+02:00,2026-06-30T22:00:00Z,8.806,19
1488,Potencia instalada de generación otras renovables,2026-07-01T00:00:00.000+02:00,2026-06-30T22:00:00Z,2.477,20
1488,Potencia instalada de generación otras renovables,2026-07-01T00:00:00.000+02:00,2026-06-30T22:00:00Z,10.58,15
1488,Potencia instalada de generación otras renovables,2026-07-01T00:00:00.000+02:00,2026-06-30T22:00:00Z,7.916,18
1488,Potencia instalada de generación otras renovables,2026-07-01T00:00:00.000+02:00,2026-06-30T22:00:00Z,42.851,14
1488,Potencia instalada de generación otras renovables,2026-07-01T00:00:00.000+02:00,2026-06-30T22:00:00Z,103.981,8
1488,Potencia instalada de generación otras renovables,2026-07-01T00:00:00.000+02:00,2026-06-30T22:00:00Z,90.535,11
1488,Potencia instalada de generación otras renovables,2026-07-01T00:00:00.000+02:00,2026-06-30T22:00:00Z,26.746,10
1488,Potencia instalada de generación otras renovables,2026-07-01T00:00:00.000+02:00,2026-06-30T22:00:00Z,59.436,9
1488,Potencia instalada de generación otras renovables,2026-07-01T00:00:00.000+02:00,2026-06-30T22:00:00Z,98.064,7
1488,Potencia instalada de generación otras renovables,2026-07-01T00:00:00.000+02:00,2026-06-30T22:00:00Z,12.862,6
1488,Potencia instalada de generación otras renovables,2026-07-01T00:00:00.000+02:00,2026-06-30T22:00:00Z,15.576,5
1488,Potencia instalada de generación otras renovables,2026-07-01T00:00:00.000+02:00,2026-06-30T22:00:00Z,455.854,4
1488,Potencia instalada de generación otras renovables,2026-07-01T00:00:00.000+02:00,2026-06-30T22:00:00Z,46.045,13
1488,Potencia instalada de generación otras renovables,2026-08-01T00:00:00.000+02:00,2026-07-31T22:00:00Z,2.477,20
1488,Potencia instalada de generación otras renovables,2026-08-01T00:00:00.000+02:00,2026-07-31T22:00:00Z,8.806,19
1488,Potencia instalada de generación otras renovables,2026-08-01T00:00:00.000+02:00,2026-07-31T22:00:00Z,7.916,18
1488,Potencia instalada de generación otras renovables,2026-08-01T00:00:00.000+02:00,2026-07-31T22:00:00Z,63.217,17
1488,Potencia instalada de generación otras renovables,2026-08-01T00:00:00.000+02:00,2026-07-31T22:00:00Z,89.185,16
1488,Potencia instalada de generación otras renovables,2026-08-01T00:00:00.000+02:00,2026-07-31T22:00:00Z,10.58,15
1488,Potencia instalada de generación otras renovables,2026-08-01T00:00:00.000+02:00,2026-07-31T22:00:00Z,42.851,14
1488,Potencia instalada de generación otras renovables,2026-08-01T00:00:00.000+02:00,2026-07-31T22:00:00Z,46.045,13
1488,Potencia instalada de generación otras renovables,2026-08-01T00:00:00.000+02:00,2026-07-31T22:00:00Z,104.981,8
1488,Potencia instalada de generación otras renovables,2026-08-01T00:00:00.000+02:00,2026-07-31T22:00:00Z,26.746,10
1488,Potencia instalada de generación otras renovables,2026-08-01T00:00:00.000+02:00,2026-07-31T22:00:00Z,59.436,9
1488,Potencia instalada de generación otras renovables,2026-08-01T00:00:00.000+02:00,2026-07-31T22:00:00Z,98.064,7
1488,Potencia instalada de generación otras renovables,2026-08-01T00:00:00.000+02:00,2026-07-31T22:00:00Z,12.862,6
1488,Potencia instalada de generación otras renovables,2026-08-01T00:00:00.000+02:00,2026-07-31T22:00:00Z,16.877,5
1488,Potencia instalada de generación otras renovables,2026-08-01T00:00:00.000+02:00,2026-07-31T22:00:00Z,455.854,4
1488,Potencia instalada de generación otras renovables,2026-08-01T00:00:00.000+02:00,2026-07-31T22:00:00Z,8.715,21
1488,Potencia instalada de generación otras renovables,2026-08-01T00:00:00.000+02:00,2026-07-31T22:00:00Z,90.535,11
1488,Potencia instalada de generación otras renovables,2026-08-01T00:00:00.000+02:00,2026-07-31T22:00:00Z,0.0,8746
1489,Potencia instalada de generación cogeneración,2025-08-01T00:00:00.000+02:00,2025-07-31T22:00:00Z,629.339,4
1489,Potencia instalada de generación cogeneración,2025-08-01T00:00:00.000+02:00,2025-07-31T22:00:00Z,302.154,21
1489,Potencia instalada de generación cogeneración,2025-08-01T00:00:00.000+02:00,2025-07-31T22:00:00Z,14.409,20
1489,Potencia instalada de generación cogeneración,2025-08-01T00:00:00.000+02:00,2025-07-31T22:00:00Z,38.2,19
1489,Potencia instalada de generación cogeneración,2025-08-01T00:00:00.000+02:00,2025-07-31T22:00:00Z,10.523,18
1489,Potencia instalada de generación cogeneración,2025-08-01T00:00:00.000+02:00,2025-07-31T22:00:00Z,8.351,16
1489,Potencia instalada de generación cogeneración,2025-08-01T00:00:00.000+02:00,2025-07-31T22:00:00Z,431.93,15
1489,Potencia instalada de generación cogeneración,2025-08-01T00:00:00.000+02:00,2025-07-31T22:00:00Z,140.421,14
1489,Potencia instalada de generación cogeneración,2025-08-01T00:00:00.000+02:00,2025-07-31T22:00:00Z,491.726,17
1489,Potencia instalada de generación cogeneración,2025-08-01T00:00:00.000+02:00,2025-07-31T22:00:00Z,61.067,11
1489,Potencia instalada de generación cogeneración,2025-08-01T00:00:00.000+02:00,2025-07-31T22:00:00Z,430.326,10
1489,Potencia instalada de generación cogeneración,2025-08-01T00:00:00.000+02:00,2025-07-31T22:00:00Z,916.454,9
1489,Potencia instalada de generación cogeneración,2025-08-01T00:00:00.000+02:00,2025-07-31T22:00:00Z,521.165,8
1489,Potencia instalada de generación cogeneración,2025-08-01T00:00:00.000+02:00,2025-07-31T22:00:00Z,344.078,7
1489,Potencia instalada de generación cogeneración,2025-08-01T00:00:00.000+02:00,2025-07-31T22:00:00Z,272.84,6
1489,Potencia instalada de generación cogeneración,2025-08-01T00:00:00.000+02:00,2025-07-31T22:00:00Z,482.293,5
1489,Potencia instalada de generación cogeneración,2025-08-01T00:00:00.000+02:00,2025-07-31T22:00:00Z,193.423,13
1489,Potencia instalada de generación cogeneración,2025-09-01T00:00:00.000+02:00,2025-08-31T22:00:00Z,140.421,14
1489,Potencia instalada de generación cogeneración,2025-09-01T00:00:00.000+02:00,2025-08-31T22:00:00Z,302.154,21
1489,Potencia instalada de generación cogeneración,2025-09-01T00:00:00.000+02:00,2025-08-31T22:00:00Z,14.409,20
1489,Potencia instalada de generación cogeneración,2025-09-01T00:00:00.000+02:00,2025-08-31T22:00:00Z,38.2,19
1489,Potencia instalada de generación cogeneración,2025-09-01T00:00:00.000+02:00,2025-08-31T22:00:00Z,10.523,18
1489,Potencia instalada de generación cogeneración,2025-09-01T00:00:00.000+02:00,2025-08-31T22:00:00Z,8.351,16
1489,Potencia instalada de generación cogeneración,2025-09-01T00:00:00.000+02:00,2025-08-31T22:00:00Z,431.93,15
1489,Potencia instalada de generación cogeneración,2025-09-01T00:00:00.000+02:00,2025-08-31T22:00:00Z,193.423,13
1489,Potencia instalada de generación cogeneración,2025-09-01T00:00:00.000+02:00,2025-08-31T22:00:00Z,491.231,17
1489,Potencia instalada de generación cogeneración,2025-09-01T00:00:00.000+02:00,2025-08-31T22:00:00Z,430.326,10
1489,Potencia instalada de generación cogeneración,2025-09-01T00:00:00.000+02:00,2025-08-31T22:00:00Z,916.454,9
1489,Potencia instalada de generación cogeneración,2025-09-01T00:00:00.000+02:00,2025-08-31T22:00:00Z,521.177,8
1489,Potencia instalada de generación cogeneración,2025-09-01T00:00:00.000+02:00,2025-08-31T22:00:00Z,344.078,7
1489,Potencia instalada de generación cogeneración,2025-09-01T00:00:00.000+02:00,2025-08-31T22:00:00Z,272.84,6
1489,Potencia instalada de generación cogeneración,2025-09-01T00:00:00.000+02:00,2025-08-31T22:00:00Z,482.293,5
1489,Potencia instalada de generación cogeneración,2025-09-01T00:00:00.000+02:00,2025-08-31T22:00:00Z,629.339,4
1489,Potencia instalada de generación cogeneración,2025-09-01T00:00:00.000+02:00,2025-08-31T22:00:00Z,61.067,11
1489,Potencia instalada de generación cogeneración,2025-10-01T00:00:00.000+02:00,2025-09-30T22:00:00Z,295.494,21
1489,Potencia instalada de generación cogeneración,2025-10-01T00:00:00.000+02:00,2025-09-30T22:00:00Z,14.409,20
1489,Potencia instalada de generación cogeneración,2025-10-01T00:00:00.000+02:00,2025-09-30T22:00:00Z,38.2,19
1489,Potencia instalada de generación cogeneración,2025-10-01T00:00:00.000+02:00,2025-09-30T22:00:00Z,10.523,18
1489,Potencia instalada de generación cogeneración,2025-10-01T00:00:00.000+02:00,2025-09-30T22:00:00Z,491.231,17
1489,Potencia instalada de generación cogeneración,2025-10-01T00:00:00.000+02:00,2025-09-30T22:00:00Z,8.351,16
1489,Potencia instalada de generación cogeneración,2025-10-01T00:00:00.000+02:00,2025-09-30T22:00:00Z,431.03,15
1489,Potencia instalada de generación cogeneración,2025-10-01T00:00:00.000+02:00,2025-09-30T22:00:00Z,139.421,14
1489,Potencia instalada de generación cogeneración,2025-10-01T00:00:00.000+02:00,2025-09-30T22:00:00Z,193.427,13
1489,Potencia instalada de generación cogeneración,2025-10-01T00:00:00.000+02:00,2025-09-30T22:00:00Z,430.326,10
1489,Potencia instalada de generación cogeneración,2025-10-01T00:00:00.000+02:00,2025-09-30T22:00:00Z,916.454,9
1489,Potencia instalada de generación cogeneración,2025-10-01T00:00:00.000+02:00,2025-09-30T22:00:00Z,520.177,8
1489,Potencia instalada de generación cogeneración,2025-10-01T00:00:00.000+02:00,2025-09-30T22:00:00Z,344.078,7
1489,Potencia instalada de generación cogeneración,2025-10-01T00:00:00.000+02:00,2025-09-30T22:00:00Z,272.84,6
1489,Potencia instalada de generación cogeneración,2025-10-01T00:00:00.000+02:00,2025-09-30T22:00:00Z,482.293,5
1489,Potencia instalada de generación cogeneración,2025-10-01T00:00:00.000+02:00,2025-09-30T22:00:00Z,627.495,4
1489,Potencia instalada de generación cogeneración,2025-10-01T00:00:00.000+02:00,2025-09-30T22:00:00Z,61.067,11
1489,Potencia instalada de generación cogeneración,2025-11-01T00:00:00.000+01:00,2025-10-31T23:00:00Z,431.03,15
1489,Potencia instalada de generación cogeneración,2025-11-01T00:00:00.000+01:00,2025-10-31T23:00:00Z,295.494,21
1489,Potencia instalada de generación cogeneración,2025-11-01T00:00:00.000+01:00,2025-10-31T23:00:00Z,14.409,20
1489,Potencia instalada de generación cogeneración,2025-11-01T00:00:00.000+01:00,2025-10-31T23:00:00Z,38.2,19
1489,Potencia instalada de generación cogeneración,2025-11-01T00:00:00.000+01:00,2025-10-31T23:00:00Z,10.523,18
1489,Potencia instalada de generación cogeneración,2025-11-01T00:00:00.000+01:00,2025-10-31T23:00:00Z,491.231,17
1489,Potencia instalada de generación cogeneración,2025-11-01T00:00:00.000+01:00,2025-10-31T23:00:00Z,8.351,16
1489,Potencia instalada de generación cogeneración,2025-11-01T00:00:00.000+01:00,2025-10-31T23:00:00Z,139.421,14
1489,Potencia instalada de generación cogeneración,2025-11-01T00:00:00.000+01:00,2025-10-31T23:00:00Z,344.078,7
1489,Potencia instalada de generación cogeneración,2025-11-01T00:00:00.000+01:00,2025-10-31T23:00:00Z,61.067,11
1489,Potencia instalada de generación cogeneración,2025-11-01T00:00:00.000+01:00,2025-10-31T23:00:00Z,430.326,10
1489,Potencia instalada de generación cogeneración,2025-11-01T00:00:00.000+01:00,2025-10-31T23:00:00Z,916.454,9
1489,Potencia instalada de generación cogeneración,2025-11-01T00:00:00.000+01:00,2025-10-31T23:00:00Z,513.487,8
1489,Potencia instalada de generación cogeneración,2025-11-01T00:00:00.000+01:00,2025-10-31T23:00:00Z,193.427,13
1489,Potencia instalada de generación cogeneración,2025-11-01T00:00:00.000+01:00,2025-10-31T23:00:00Z,272.84,6
1489,Potencia instalada de generación cogeneración,2025-11-01T00:00:00.000+01:00,2025-10-31T23:00:00Z,482.293,5
1489,Potencia instalada de generación cogeneración,2025-11-01T00:00:00.000+01:00,2025-10-31T23:00:00Z,627.495,4
1489,Potencia instalada de generación cogeneración,2025-12-01T00:00:00.000+01:00,2025-11-30T23:00:00Z,14.409,20
1489,Potencia instalada de generación cogeneración,2025-12-01T00:00:00.000+01:00,2025-11-30T23:00:00Z,38.2,19
1489,Potencia instalada de generación cogeneración,2025-12-01T00:00:00.000+01:00,2025-11-30T23:00:00Z,10.523,18
1489,Potencia instalada de generación cogeneración,2025-12-01T00:00:00.000+01:00,2025-11-30T23:00:00Z,491.231,17
1489,Potencia instalada de generación cogeneración,2025-12-01T00:00:00.000+01:00,2025-11-30T23:00:00Z,8.351,16
1489,Potencia instalada de generación cogeneración,2025-12-01T00:00:00.000+01:00,2025-11-30T23:00:00Z,431.03,15
1489,Potencia instalada de generación cogeneración,2025-12-01T00:00:00.000+01:00,2025-11-30T23:00:00Z,139.421,14
1489,Potencia instalada de generación cogeneración,2025-12-01T00:00:00.000+01:00,2025-11-30T23:00:00Z,193.427,13
1489,Potencia instalada de generación cogeneración,2025-12-01T00:00:00.000+01:00,2025-11-30T23:00:00Z,295.494,21
1489,Potencia instalada de generación cogeneración,2025-12-01T00:00:00.000+01:00,2025-11-30T23:00:00Z,430.326,10
1489,Potencia instalada de generación cogeneración,2025-12-01T00:00:00.000+01:00,2025-11-30T23:00:00Z,911.258,9
1489,Potencia instalada de generación cogeneración,2025-12-01T00:00:00.000+01:00,2025-11-30T23:00:00Z,513.487,8
1489,Potencia instalada de generación cogeneración,2025-12-01T00:00:00.000+01:00,2025-11-30T23:00:00Z,344.078,7
1489,Potencia instalada de generación cogeneración,2025-12-01T00:00:00.000+01:00,2025-11-30T23:00:00Z,272.84,6
1489,Potencia instalada de generación cogeneración,2025-12-01T00:00:00.000+01:00,2025-11-30T23:00:00Z,482.293,5
1489,Potencia instalada de generación cogeneración,2025-12-01T00:00:00.000+01:00,2025-11-30T23:00:00Z,627.495,4
1489,Potencia instalada de generación cogeneración,2025-12-01T00:00:00.000+01:00,2025-11-30T23:00:00Z,61.067,11
1489,Potencia instalada de generación cogeneración,2026-01-01T00:00:00.000+01:00,2025-12-31T23:00:00Z,295.494,21
1489,Potencia instalada de generación cogeneración,2026-01-01T00:00:00.000+01:00,2025-12-31T23:00:00Z,14.409,20
1489,Potencia instalada de generación cogeneración,2026-01-01T00:00:00.000+01:00,2025-12-31T23:00:00Z,38.2,19
1489,Potencia instalada de generación cogeneración,2026-01-01T00:00:00.000+01:00,2025-12-31T23:00:00Z,10.523,18
1489,Potencia instalada de generación cogeneración,2026-01-01T00:00:00.000+01:00,2025-12-31T23:00:00Z,491.231,17
1489,Potencia instalada de generación cogeneración,2026-01-01T00:00:00.000+01:00,2025-12-31T23:00:00Z,8.351,16
1489,Potencia instalada de generación cogeneración,2026-01-01T00:00:00.000+01:00,2025-12-31T23:00:00Z,431.03,15
1489,Potencia instalada de generación cogeneración,2026-01-01T00:00:00.000+01:00,2025-12-31T23:00:00Z,139.421,14
1489,Potencia instalada de generación cogeneración,2026-01-01T00:00:00.000+01:00,2025-12-31T23:00:00Z,193.441,13
1489,Potencia instalada de generación cogeneración,2026-01-01T00:00:00.000+01:00,2025-12-31T23:00:00Z,430.326,10
1489,Potencia instalada de generación cogeneración,2026-01-01T00:00:00.000+01:00,2025-12-31T23:00:00Z,911.258,9
1489,Potencia instalada de generación cogeneración,2026-01-01T00:00:00.000+01:00,2025-12-31T23:00:00Z,513.487,8
1489,Potencia instalada de generación cogeneración,2026-01-01T00:00:00.000+01:00,2025-12-31T23:00:00Z,344.099,7
1489,Potencia instalada de generación cogeneración,2026-01-01T00:00:00.000+01:00,2025-12-31T23:00:00Z,272.84,6
1489,Potencia instalada de generación cogeneración,2026-01-01T00:00:00.000+01:00,2025-12-31T23:00:00Z,482.293,5
1489,Potencia instalada de generación cogeneración,2026-01-01T00:00:00.000+01:00,2025-12-31T23:00:00Z,627.495,4
1489,Potencia instalada de generación cogeneración,2026-01-01T00:00:00.000+01:00,2025-12-31T23:00:00Z,61.067,11
1489,Potencia instalada de generación cogeneración,2026-02-01T00:00:00.000+01:00,2026-01-31T23:00:00Z,427.166,15
1489,Potencia instalada de generación cogeneración,2026-02-01T00:00:00.000+01:00,2026-01-31T23:00:00Z,295.494,21
1489,Potencia instalada de generación cogeneración,2026-02-01T00:00:00.000+01:00,2026-01-31T23:00:00Z,14.409,20
1489,Potencia instalada de generación cogeneración,2026-02-01T00:00:00.000+01:00,2026-01-31T23:00:00Z,38.2,19
1489,Potencia instalada de generación cogeneración,2026-02-01T00:00:00.000+01:00,2026-01-31T23:00:00Z,10.523,18
1489,Potencia instalada de generación cogeneración,2026-02-01T00:00:00.000+01:00,2026-01-31T23:00:00Z,490.244,17
1489,Potencia instalada de generación cogeneración,2026-02-01T00:00:00.000+01:00,2026-01-31T23:00:00Z,8.351,16
1489,Potencia instalada de generación cogeneración,2026-02-01T00:00:00.000+01:00,2026-01-31T23:00:00Z,138.422,14
1489,Potencia instalada de generación cogeneración,2026-02-01T00:00:00.000+01:00,2026-01-31T23:00:00Z,191.989,13
1489,Potencia instalada de generación cogeneración,2026-02-01T00:00:00.000+01:00,2026-01-31T23:00:00Z,61.04,11
1489,Potencia instalada de generación cogeneración,2026-02-01T00:00:00.000+01:00,2026-01-31T23:00:00Z,430.326,10
1489,Potencia instalada de generación cogeneración,2026-02-01T00:00:00.000+01:00,2026-01-31T23:00:00Z,911.258,9
1489,Potencia instalada de generación cogeneración,2026-02-01T00:00:00.000+01:00,2026-01-31T23:00:00Z,513.487,8
1489,Potencia instalada de generación cogeneración,2026-02-01T00:00:00.000+01:00,2026-01-31T23:00:00Z,330.139,7
1489,Potencia instalada de generación cogeneración,2026-02-01T00:00:00.000+01:00,2026-01-31T23:00:00Z,272.84,6
1489,Potencia instalada de generación cogeneración,2026-02-01T00:00:00.000+01:00,2026-01-31T23:00:00Z,507.038,5
1489,Potencia instalada de generación cogeneración,2026-02-01T00:00:00.000+01:00,2026-01-31T23:00:00Z,627.495,4
1489,Potencia instalada de generación cogeneración,2026-03-01T00:00:00.000+01:00,2026-02-28T23:00:00Z,14.409,20
1489,Potencia instalada de generación cogeneración,2026-03-01T00:00:00.000+01:00,2026-02-28T23:00:00Z,38.2,19
1489,Potencia instalada de generación cogeneración,2026-03-01T00:00:00.000+01:00,2026-02-28T23:00:00Z,10.523,18
1489,Potencia instalada de generación cogeneración,2026-03-01T00:00:00.000+01:00,2026-02-28T23:00:00Z,490.244,17
1489,Potencia instalada de generación cogeneración,2026-03-01T00:00:00.000+01:00,2026-02-28T23:00:00Z,8.351,16
1489,Potencia instalada de generación cogeneración,2026-03-01T00:00:00.000+01:00,2026-02-28T23:00:00Z,427.166,15
1489,Potencia instalada de generación cogeneración,2026-03-01T00:00:00.000+01:00,2026-02-28T23:00:00Z,138.422,14
1489,Potencia instalada de generación cogeneración,2026-03-01T00:00:00.000+01:00,2026-02-28T23:00:00Z,191.989,13
1489,Potencia instalada de generación cogeneración,2026-03-01T00:00:00.000+01:00,2026-02-28T23:00:00Z,295.494,21
1489,Potencia instalada de generación cogeneración,2026-03-01T00:00:00.000+01:00,2026-02-28T23:00:00Z,430.326,10
1489,Potencia instalada de generación cogeneración,2026-03-01T00:00:00.000+01:00,2026-02-28T23:00:00Z,911.258,9
1489,Potencia instalada de generación cogeneración,2026-03-01T00:00:00.000+01:00,2026-02-28T23:00:00Z,513.487,8
1489,Potencia instalada de generación cogeneración,2026-03-01T00:00:00.000+01:00,2026-02-28T23:00:00Z,330.145,7
1489,Potencia instalada de generación cogeneración,2026-03-01T00:00:00.000+01:00,2026-02-28T23:00:00Z,272.84,6
1489,Potencia instalada de generación cogeneración,2026-03-01T00:00:00.000+01:00,2026-02-28T23:00:00Z,507.038,5
1489,Potencia instalada de generación cogeneración,2026-03-01T00:00:00.000+01:00,2026-02-28T23:00:00Z,627.495,4
1489,Potencia instalada de generación cogeneración,2026-03-01T00:00:00.000+01:00,2026-02-28T23:00:00Z,61.04,11
1489,Potencia instalada de generación cogeneración,2026-04-01T00:00:00.000+02:00,2026-03-31T22:00:00Z,295.494,21
1489,Potencia instalada de generación cogeneración,2026-04-01T00:00:00.000+02:00,2026-03-31T22:00:00Z,14.409,20
1489,Potencia instalada de generación cogeneración,2026-04-01T00:00:00.000+02:00,2026-03-31T22:00:00Z,38.2,19
1489,Potencia instalada de generación cogeneración,2026-04-01T00:00:00.000+02:00,2026-03-31T22:00:00Z,10.523,18
1489,Potencia instalada de generación cogeneración,2026-04-01T00:00:00.000+02:00,2026-03-31T22:00:00Z,490.244,17
1489,Potencia instalada de generación cogeneración,2026-04-01T00:00:00.000+02:00,2026-03-31T22:00:00Z,8.351,16
1489,Potencia instalada de generación cogeneración,2026-04-01T00:00:00.000+02:00,2026-03-31T22:00:00Z,426.167,15
1489,Potencia instalada de generación cogeneración,2026-04-01T00:00:00.000+02:00,2026-03-31T22:00:00Z,138.422,14
1489,Potencia instalada de generación cogeneración,2026-04-01T00:00:00.000+02:00,2026-03-31T22:00:00Z,191.989,13
1489,Potencia instalada de generación cogeneración,2026-04-01T00:00:00.000+02:00,2026-03-31T22:00:00Z,430.326,10
1489,Potencia instalada de generación cogeneración,2026-04-01T00:00:00.000+02:00,2026-03-31T22:00:00Z,911.258,9
1489,Potencia instalada de generación cogeneración,2026-04-01T00:00:00.000+02:00,2026-03-31T22:00:00Z,513.487,8
1489,Potencia instalada de generación cogeneración,2026-04-01T00:00:00.000+02:00,2026-03-31T22:00:00Z,330.145,7
1489,Potencia instalada de generación cogeneración,2026-04-01T00:00:00.000+02:00,2026-03-31T22:00:00Z,272.84,6
1489,Potencia instalada de generación cogeneración,2026-04-01T00:00:00.000+02:00,2026-03-31T22:00:00Z,507.038,5
1489,Potencia instalada de generación cogeneración,2026-04-01T00:00:00.000+02:00,2026-03-31T22:00:00Z,627.495,4
1489,Potencia instalada de generación cogeneración,2026-04-01T00:00:00.000+02:00,2026-03-31T22:00:00Z,61.04,11
1489,Potencia instalada de generación cogeneración,2026-05-01T00:00:00.000+02:00,2026-04-30T22:00:00Z,138.422,14
1489,Potencia instalada de generación cogeneración,2026-05-01T00:00:00.000+02:00,2026-04-30T22:00:00Z,295.494,21
1489,Potencia instalada de generación cogeneración,2026-05-01T00:00:00.000+02:00,2026-04-30T22:00:00Z,14.409,20
1489,Potencia instalada de generación cogeneración,2026-05-01T00:00:00.000+02:00,2026-04-30T22:00:00Z,38.2,19
1489,Potencia instalada de generación cogeneración,2026-05-01T00:00:00.000+02:00,2026-04-30T22:00:00Z,10.523,18
1489,Potencia instalada de generación cogeneración,2026-05-01T00:00:00.000+02:00,2026-04-30T22:00:00Z,8.351,16
1489,Potencia instalada de generación cogeneración,2026-05-01T00:00:00.000+02:00,2026-04-30T22:00:00Z,426.993,15
1489,Potencia instalada de generación cogeneración,2026-05-01T00:00:00.000+02:00,2026-04-30T22:00:00Z,191.989,13
1489,Potencia instalada de generación cogeneración,2026-05-01T00:00:00.000+02:00,2026-04-30T22:00:00Z,490.244,17
1489,Potencia instalada de generación cogeneración,2026-05-01T00:00:00.000+02:00,2026-04-30T22:00:00Z,430.326,10
1489,Potencia instalada de generación cogeneración,2026-05-01T00:00:00.000+02:00,2026-04-30T22:00:00Z,911.258,9
1489,Potencia instalada de generación cogeneración,2026-05-01T00:00:00.000+02:00,2026-04-30T22:00:00Z,513.487,8
1489,Potencia instalada de generación cogeneración,2026-05-01T00:00:00.000+02:00,2026-04-30T22:00:00Z,61.04,11
1489,Potencia instalada de generación cogeneración,2026-05-01T00:00:00.000+02:00,2026-04-30T22:00:00Z,330.145,7
1489,Potencia instalada de generación cogeneración,2026-05-01T00:00:00.000+02:00,2026-04-30T22:00:00Z,272.84,6
1489,Potencia instalada de generación cogeneración,2026-05-01T00:00:00.000+02:00,2026-04-30T22:00:00Z,507.038,5
1489,Potencia instalada de generación cogeneración,2026-05-01T00:00:00.000+02:00,2026-04-30T22:00:00Z,627.495,4
1489,Potencia instalada de generación cogeneración,2026-06-01T00:00:00.000+02:00,2026-05-31T22:00:00Z,295.494,21
1489,Potencia instalada de generación cogeneración,2026-06-01T00:00:00.000+02:00,2026-05-31T22:00:00Z,14.409,20
1489,Potencia instalada de generación cogeneración,2026-06-01T00:00:00.000+02:00,2026-05-31T22:00:00Z,38.2,19
1489,Potencia instalada de generación cogeneración,2026-06-01T00:00:00.000+02:00,2026-05-31T22:00:00Z,10.523,18
1489,Potencia instalada de generación cogeneración,2026-06-01T00:00:00.000+02:00,2026-05-31T22:00:00Z,490.244,17
1489,Potencia instalada de generación cogeneración,2026-06-01T00:00:00.000+02:00,2026-05-31T22:00:00Z,8.351,16
1489,Potencia instalada de generación cogeneración,2026-06-01T00:00:00.000+02:00,2026-05-31T22:00:00Z,412.691,15
1489,Potencia instalada de generación cogeneración,2026-06-01T00:00:00.000+02:00,2026-05-31T22:00:00Z,138.422,14
1489,Potencia instalada de generación cogeneración,2026-06-01T00:00:00.000+02:00,2026-05-31T22:00:00Z,191.989,13
1489,Potencia instalada de generación cogeneración,2026-06-01T00:00:00.000+02:00,2026-05-31T22:00:00Z,61.04,11
1489,Potencia instalada de generación cogeneración,2026-06-01T00:00:00.000+02:00,2026-05-31T22:00:00Z,430.326,10
1489,Potencia instalada de generación cogeneración,2026-06-01T00:00:00.000+02:00,2026-05-31T22:00:00Z,911.258,9
1489,Potencia instalada de generación cogeneración,2026-06-01T00:00:00.000+02:00,2026-05-31T22:00:00Z,513.487,8
1489,Potencia instalada de generación cogeneración,2026-06-01T00:00:00.000+02:00,2026-05-31T22:00:00Z,330.145,7
1489,Potencia instalada de generación cogeneración,2026-06-01T00:00:00.000+02:00,2026-05-31T22:00:00Z,272.84,6
1489,Potencia instalada de generación cogeneración,2026-06-01T00:00:00.000+02:00,2026-05-31T22:00:00Z,507.038,5
1489,Potencia instalada de generación cogeneración,2026-06-01T00:00:00.000+02:00,2026-05-31T22:00:00Z,627.495,4
1489,Potencia instalada de generación cogeneración,2026-07-01T00:00:00.000+02:00,2026-06-30T22:00:00Z,14.409,20
1489,Potencia instalada de generación cogeneración,2026-07-01T00:00:00.000+02:00,2026-06-30T22:00:00Z,38.2,19
1489,Potencia instalada de generación cogeneración,2026-07-01T00:00:00.000+02:00,2026-06-30T22:00:00Z,10.523,18
1489,Potencia instalada de generación cogeneración,2026-07-01T00:00:00.000+02:00,2026-06-30T22:00:00Z,490.244,17
1489,Potencia instalada de generación cogeneración,2026-07-01T00:00:00.000+02:00,2026-06-30T22:00:00Z,293.494,21
1489,Potencia instalada de generación cogeneración,2026-07-01T00:00:00.000+02:00,2026-06-30T22:00:00Z,8.351,16
1489,Potencia instalada de generación cogeneración,2026-07-01T00:00:00.000+02:00,2026-06-30T22:00:00Z,411.691,15
1489,Potencia instalada de generación cogeneración,2026-07-01T00:00:00.000+02:00,2026-06-30T22:00:00Z,138.422,14
1489,Potencia instalada de generación cogeneración,2026-07-01T00:00:00.000+02:00,2026-06-30T22:00:00Z,513.487,8
1489,Potencia instalada de generación cogeneración,2026-07-01T00:00:00.000+02:00,2026-06-30T22:00:00Z,61.04,11
1489,Potencia instalada de generación cogeneración,2026-07-01T00:00:00.000+02:00,2026-06-30T22:00:00Z,430.326,10
1489,Potencia instalada de generación cogeneración,2026-07-01T00:00:00.000+02:00,2026-06-30T22:00:00Z,906.798,9
1489,Potencia instalada de generación cogeneración,2026-07-01T00:00:00.000+02:00,2026-06-30T22:00:00Z,330.155,7
1489,Potencia instalada de generación cogeneración,2026-07-01T00:00:00.000+02:00,2026-06-30T22:00:00Z,272.84,6
1489,Potencia instalada de generación cogeneración,2026-07-01T00:00:00.000+02:00,2026-06-30T22:00:00Z,507.038,5
1489,Potencia instalada de generación cogeneración,2026-07-01T00:00:00.000+02:00,2026-06-30T22:00:00Z,627.495,4
1489,Potencia instalada de generación cogeneración,2026-07-01T00:00:00.000+02:00,2026-06-30T22:00:00Z,191.996,13
1489,Potencia instalada de generación cogeneración,2026-08-01T00:00:00.000+02:00,2026-07-31T22:00:00Z,38.2,19
1489,Potencia instalada de generación cogeneración,2026-08-01T00:00:00.000+02:00,2026-07-31T22:00:00Z,10.523,18
1489,Potencia instalada de generación cogeneración,2026-08-01T00:00:00.000+02:00,2026-07-31T22:00:00Z,490.244,17
1489,Potencia instalada de generación cogeneración,2026-08-01T00:00:00.000+02:00,2026-07-31T22:00:00Z,8.351,16
1489,Potencia instalada de generación cogeneración,2026-08-01T00:00:00.000+02:00,2026-07-31T22:00:00Z,422.983,15
1489,Potencia instalada de generación cogeneración,2026-08-01T00:00:00.000+02:00,2026-07-31T22:00:00Z,138.672,14
1489,Potencia instalada de generación cogeneración,2026-08-01T00:00:00.000+02:00,2026-07-31T22:00:00Z,191.996,13
1489,Potencia instalada de generación cogeneración,2026-08-01T00:00:00.000+02:00,2026-07-31T22:00:00Z,513.487,8
1489,Potencia instalada de generación cogeneración,2026-08-01T00:00:00.000+02:00,2026-07-31T22:00:00Z,430.326,10
1489,Potencia instalada de generación cogeneración,2026-08-01T00:00:00.000+02:00,2026-07-31T22:00:00Z,906.798,9
1489,Potencia instalada de generación cogeneración,2026-08-01T00:00:00.000+02:00,2026-07-31T22:00:00Z,330.155,7
1489,Potencia instalada de generación cogeneración,2026-08-01T00:00:00.000+02:00,2026-07-31T22:00:00Z,272.84,6
1489,Potencia instalada de generación cogeneración,2026-08-01T00:00:00.000+02:00,2026-07-31T22:00:00Z,507.038,5
1489,Potencia instalada de generación cogeneración,2026-08-01T00:00:00.000+02:00,2026-07-31T22:00:00Z,627.495,4
1489,Potencia instalada de generación cogeneración,2026-08-01T00:00:00.000+02:00,2026-07-31T22:00:00Z,14.409,20
1489,Potencia instalada de generación cogeneración,2026-08-01T00:00:00.000+02:00,2026-07-31T22:00:00Z,61.04,11
1489,Potencia instalada de generación cogeneración,2026-08-01T00:00:00.000+02:00,2026-07-31T22:00:00Z,293.494,21
1490,Potencia instalada de generación residuos no renovables,2025-08-01T00:00:00.000+02:00,2025-07-31T22:00:00Z,56.75,4
1490,Potencia instalada de generación residuos no renovables,2025-08-01T00:00:00.000+02:00,2025-07-31T22:00:00Z,1.084,8746
1490,Potencia instalada de generación residuos no renovables,2025-08-01T00:00:00.000+02:00,2025-07-31T22:00:00Z,0.1,21
1490,Potencia instalada de generación residuos no renovables,2025-08-01T00:00:00.000+02:00,2025-07-31T22:00:00Z,37.4,18
1490,Potencia instalada de generación residuos no renovables,2025-08-01T00:00:00.000+02:00,2025-07-31T22:00:00Z,54.15,15
1490,Potencia instalada de generación residuos no renovables,2025-08-01T00:00:00.000+02:00,2025-07-31T22:00:00Z,14.9,13
1490,Potencia instalada de generación residuos no renovables,2025-08-01T00:00:00.000+02:00,2025-07-31T22:00:00Z,40.68,17
1490,Potencia instalada de generación residuos no renovables,2025-08-01T00:00:00.000+02:00,2025-07-31T22:00:00Z,71.786,10
1490,Potencia instalada de generación residuos no renovables,2025-08-01T00:00:00.000+02:00,2025-07-31T22:00:00Z,36.617,9
1490,Potencia instalada de generación residuos no renovables,2025-08-01T00:00:00.000+02:00,2025-07-31T22:00:00Z,4.967,6
1490,Potencia instalada de generación residuos no renovables,2025-08-01T00:00:00.000+02:00,2025-07-31T22:00:00Z,49.9,5
1490,Potencia instalada de generación residuos no renovables,2025-08-01T00:00:00.000+02:00,2025-07-31T22:00:00Z,53.948,11
1490,Potencia instalada de generación residuos no renovables,2025-09-01T00:00:00.000+02:00,2025-08-31T22:00:00Z,54.15,15
1490,Potencia instalada de generación residuos no renovables,2025-09-01T00:00:00.000+02:00,2025-08-31T22:00:00Z,1.084,8746
1490,Potencia instalada de generación residuos no renovables,2025-09-01T00:00:00.000+02:00,2025-08-31T22:00:00Z,0.1,21
1490,Potencia instalada de generación residuos no renovables,2025-09-01T00:00:00.000+02:00,2025-08-31T22:00:00Z,37.4,18
1490,Potencia instalada de generación residuos no renovables,2025-09-01T00:00:00.000+02:00,2025-08-31T22:00:00Z,14.9,13
1490,Potencia instalada de generación residuos no renovables,2025-09-01T00:00:00.000+02:00,2025-08-31T22:00:00Z,40.68,17
1490,Potencia instalada de generación residuos no renovables,2025-09-01T00:00:00.000+02:00,2025-08-31T22:00:00Z,71.786,10
1490,Potencia instalada de generación residuos no renovables,2025-09-01T00:00:00.000+02:00,2025-08-31T22:00:00Z,36.617,9
1490,Potencia instalada de generación residuos no renovables,2025-09-01T00:00:00.000+02:00,2025-08-31T22:00:00Z,4.967,6
1490,Potencia instalada de generación residuos no renovables,2025-09-01T00:00:00.000+02:00,2025-08-31T22:00:00Z,49.9,5
1490,Potencia instalada de generación residuos no renovables,2025-09-01T00:00:00.000+02:00,2025-08-31T22:00:00Z,56.75,4
1490,Potencia instalada de generación residuos no renovables,2025-09-01T00:00:00.000+02:00,2025-08-31T22:00:00Z,53.948,11
1490,Potencia instalada de generación residuos no renovables,2025-10-01T00:00:00.000+02:00,2025-09-30T22:00:00Z,1.084,8746
1490,Potencia instalada de generación residuos no renovables,2025-10-01T00:00:00.000+02:00,2025-09-30T22:00:00Z,0.1,21
1490,Potencia instalada de generación residuos no renovables,2025-10-01T00:00:00.000+02:00,2025-09-30T22:00:00Z,37.4,18
1490,Potencia instalada de generación residuos no renovables,2025-10-01T00:00:00.000+02:00,2025-09-30T22:00:00Z,40.68,17
1490,Potencia instalada de generación residuos no renovables,2025-10-01T00:00:00.000+02:00,2025-09-30T22:00:00Z,54.15,15
1490,Potencia instalada de generación residuos no renovables,2025-10-01T00:00:00.000+02:00,2025-09-30T22:00:00Z,14.9,13
1490,Potencia instalada de generación residuos no renovables,2025-10-01T00:00:00.000+02:00,2025-09-30T22:00:00Z,53.948,11
1490,Potencia instalada de generación residuos no renovables,2025-10-01T00:00:00.000+02:00,2025-09-30T22:00:00Z,36.617,9
1490,Potencia instalada de generación residuos no renovables,2025-10-01T00:00:00.000+02:00,2025-09-30T22:00:00Z,4.967,6
1490,Potencia instalada de generación residuos no renovables,2025-10-01T00:00:00.000+02:00,2025-09-30T22:00:00Z,49.9,5
1490,Potencia instalada de generación residuos no renovables,2025-10-01T00:00:00.000+02:00,2025-09-30T22:00:00Z,56.75,4
1490,Potencia instalada de generación residuos no renovables,2025-10-01T00:00:00.000+02:00,2025-09-30T22:00:00Z,71.786,10
1490,Potencia instalada de generación residuos no renovables,2025-11-01T00:00:00.000+01:00,2025-10-31T23:00:00Z,54.15,15
1490,Potencia instalada de generación residuos no renovables,2025-11-01T00:00:00.000+01:00,2025-10-31T23:00:00Z,1.084,8746
1490,Potencia instalada de generación residuos no renovables,2025-11-01T00:00:00.000+01:00,2025-10-31T23:00:00Z,0.1,21
1490,Potencia instalada de generación residuos no renovables,2025-11-01T00:00:00.000+01:00,2025-10-31T23:00:00Z,37.4,18
1490,Potencia instalada de generación residuos no renovables,2025-11-01T00:00:00.000+01:00,2025-10-31T23:00:00Z,40.68,17
1490,Potencia instalada de generación residuos no renovables,2025-11-01T00:00:00.000+01:00,2025-10-31T23:00:00Z,14.9,13
1490,Potencia instalada de generación residuos no renovables,2025-11-01T00:00:00.000+01:00,2025-10-31T23:00:00Z,4.967,6
1490,Potencia instalada de generación residuos no renovables,2025-11-01T00:00:00.000+01:00,2025-10-31T23:00:00Z,71.786,10
1490,Potencia instalada de generación residuos no renovables,2025-11-01T00:00:00.000+01:00,2025-10-31T23:00:00Z,36.617,9
1490,Potencia instalada de generación residuos no renovables,2025-11-01T00:00:00.000+01:00,2025-10-31T23:00:00Z,53.948,11
1490,Potencia instalada de generación residuos no renovables,2025-11-01T00:00:00.000+01:00,2025-10-31T23:00:00Z,49.9,5
1490,Potencia instalada de generación residuos no renovables,2025-11-01T00:00:00.000+01:00,2025-10-31T23:00:00Z,56.75,4
1490,Potencia instalada de generación residuos no renovables,2025-12-01T00:00:00.000+01:00,2025-11-30T23:00:00Z,0.1,21
1490,Potencia instalada de generación residuos no renovables,2025-12-01T00:00:00.000+01:00,2025-11-30T23:00:00Z,37.4,18
1490,Potencia instalada de generación residuos no renovables,2025-12-01T00:00:00.000+01:00,2025-11-30T23:00:00Z,40.68,17
1490,Potencia instalada de generación residuos no renovables,2025-12-01T00:00:00.000+01:00,2025-11-30T23:00:00Z,54.15,15
1490,Potencia instalada de generación residuos no renovables,2025-12-01T00:00:00.000+01:00,2025-11-30T23:00:00Z,14.9,13
1490,Potencia instalada de generación residuos no renovables,2025-12-01T00:00:00.000+01:00,2025-11-30T23:00:00Z,1.084,8746
1490,Potencia instalada de generación residuos no renovables,2025-12-01T00:00:00.000+01:00,2025-11-30T23:00:00Z,71.786,10
1490,Potencia instalada de generación residuos no renovables,2025-12-01T00:00:00.000+01:00,2025-11-30T23:00:00Z,36.617,9
1490,Potencia instalada de generación residuos no renovables,2025-12-01T00:00:00.000+01:00,2025-11-30T23:00:00Z,4.967,6
1490,Potencia instalada de generación residuos no renovables,2025-12-01T00:00:00.000+01:00,2025-11-30T23:00:00Z,49.9,5
1490,Potencia instalada de generación residuos no renovables,2025-12-01T00:00:00.000+01:00,2025-11-30T23:00:00Z,56.75,4
1490,Potencia instalada de generación residuos no renovables,2025-12-01T00:00:00.000+01:00,2025-11-30T23:00:00Z,53.948,11
1490,Potencia instalada de generación residuos no renovables,2026-01-01T00:00:00.000+01:00,2025-12-31T23:00:00Z,1.084,8746
1490,Potencia instalada de generación residuos no renovables,2026-01-01T00:00:00.000+01:00,2025-12-31T23:00:00Z,0.1,21
1490,Potencia instalada de generación residuos no renovables,2026-01-01T00:00:00.000+01:00,2025-12-31T23:00:00Z,37.4,18
1490,Potencia instalada de generación residuos no renovables,2026-01-01T00:00:00.000+01:00,2025-12-31T23:00:00Z,40.68,17
1490,Potencia instalada de generación residuos no renovables,2026-01-01T00:00:00.000+01:00,2025-12-31T23:00:00Z,54.15,15
1490,Potencia instalada de generación residuos no renovables,2026-01-01T00:00:00.000+01:00,2025-12-31T23:00:00Z,14.9,13
1490,Potencia instalada de generación residuos no renovables,2026-01-01T00:00:00.000+01:00,2025-12-31T23:00:00Z,53.948,11
1490,Potencia instalada de generación residuos no renovables,2026-01-01T00:00:00.000+01:00,2025-12-31T23:00:00Z,36.617,9
1490,Potencia instalada de generación residuos no renovables,2026-01-01T00:00:00.000+01:00,2025-12-31T23:00:00Z,4.967,6
1490,Potencia instalada de generación residuos no renovables,2026-01-01T00:00:00.000+01:00,2025-12-31T23:00:00Z,49.9,5
1490,Potencia instalada de generación residuos no renovables,2026-01-01T00:00:00.000+01:00,2025-12-31T23:00:00Z,56.75,4
1490,Potencia instalada de generación residuos no renovables,2026-01-01T00:00:00.000+01:00,2025-12-31T23:00:00Z,71.786,10
1490,Potencia instalada de generación residuos no renovables,2026-02-01T00:00:00.000+01:00,2026-01-31T23:00:00Z,40.68,17
1490,Potencia instalada de generación residuos no renovables,2026-02-01T00:00:00.000+01:00,2026-01-31T23:00:00Z,1.084,8746
1490,Potencia instalada de generación residuos no renovables,2026-02-01T00:00:00.000+01:00,2026-01-31T23:00:00Z,0.1,21
1490,Potencia instalada de generación residuos no renovables,2026-02-01T00:00:00.000+01:00,2026-01-31T23:00:00Z,37.4,18
1490,Potencia instalada de generación residuos no renovables,2026-02-01T00:00:00.000+01:00,2026-01-31T23:00:00Z,54.15,15
1490,Potencia instalada de generación residuos no renovables,2026-02-01T00:00:00.000+01:00,2026-01-31T23:00:00Z,14.9,13
1490,Potencia instalada de generación residuos no renovables,2026-02-01T00:00:00.000+01:00,2026-01-31T23:00:00Z,53.948,11
1490,Potencia instalada de generación residuos no renovables,2026-02-01T00:00:00.000+01:00,2026-01-31T23:00:00Z,71.786,10
1490,Potencia instalada de generación residuos no renovables,2026-02-01T00:00:00.000+01:00,2026-01-31T23:00:00Z,36.617,9
1490,Potencia instalada de generación residuos no renovables,2026-02-01T00:00:00.000+01:00,2026-01-31T23:00:00Z,4.967,6
1490,Potencia instalada de generación residuos no renovables,2026-02-01T00:00:00.000+01:00,2026-01-31T23:00:00Z,49.9,5
1490,Potencia instalada de generación residuos no renovables,2026-02-01T00:00:00.000+01:00,2026-01-31T23:00:00Z,56.75,4
1490,Potencia instalada de generación residuos no renovables,2026-03-01T00:00:00.000+01:00,2026-02-28T23:00:00Z,0.1,21
1490,Potencia instalada de generación residuos no renovables,2026-03-01T00:00:00.000+01:00,2026-02-28T23:00:00Z,40.68,17
1490,Potencia instalada de generación residuos no renovables,2026-03-01T00:00:00.000+01:00,2026-02-28T23:00:00Z,54.15,15
1490,Potencia instalada de generación residuos no renovables,2026-03-01T00:00:00.000+01:00,2026-02-28T23:00:00Z,14.9,13
1490,Potencia instalada de generación residuos no renovables,2026-03-01T00:00:00.000+01:00,2026-02-28T23:00:00Z,53.948,11
1490,Potencia instalada de generación residuos no renovables,2026-03-01T00:00:00.000+01:00,2026-02-28T23:00:00Z,1.084,8746
1490,Potencia instalada de generación residuos no renovables,2026-03-01T00:00:00.000+01:00,2026-02-28T23:00:00Z,36.617,9
1490,Potencia instalada de generación residuos no renovables,2026-03-01T00:00:00.000+01:00,2026-02-28T23:00:00Z,71.786,10
1490,Potencia instalada de generación residuos no renovables,2026-03-01T00:00:00.000+01:00,2026-02-28T23:00:00Z,56.75,4
1490,Potencia instalada de generación residuos no renovables,2026-03-01T00:00:00.000+01:00,2026-02-28T23:00:00Z,37.4,18
1490,Potencia instalada de generación residuos no renovables,2026-03-01T00:00:00.000+01:00,2026-02-28T23:00:00Z,49.9,5
1490,Potencia instalada de generación residuos no renovables,2026-03-01T00:00:00.000+01:00,2026-02-28T23:00:00Z,4.967,6
1490,Potencia instalada de generación residuos no renovables,2026-04-01T00:00:00.000+02:00,2026-03-31T22:00:00Z,56.75,4
1490,Potencia instalada de generación residuos no renovables,2026-04-01T00:00:00.000+02:00,2026-03-31T22:00:00Z,49.9,5
1490,Potencia instalada de generación residuos no renovables,2026-04-01T00:00:00.000+02:00,2026-03-31T22:00:00Z,4.967,6
1490,Potencia instalada de generación residuos no renovables,2026-04-01T00:00:00.000+02:00,2026-03-31T22:00:00Z,71.786,10
1490,Potencia instalada de generación residuos no renovables,2026-04-01T00:00:00.000+02:00,2026-03-31T22:00:00Z,53.948,11
1490,Potencia instalada de generación residuos no renovables,2026-04-01T00:00:00.000+02:00,2026-03-31T22:00:00Z,14.9,13
1490,Potencia instalada de generación residuos no renovables,2026-04-01T00:00:00.000+02:00,2026-03-31T22:00:00Z,54.15,15
1490,Potencia instalada de generación residuos no renovables,2026-04-01T00:00:00.000+02:00,2026-03-31T22:00:00Z,40.68,17
1490,Potencia instalada de generación residuos no renovables,2026-04-01T00:00:00.000+02:00,2026-03-31T22:00:00Z,37.4,18
1490,Potencia instalada de generación residuos no renovables,2026-04-01T00:00:00.000+02:00,2026-03-31T22:00:00Z,0.1,21
1490,Potencia instalada de generación residuos no renovables,2026-04-01T00:00:00.000+02:00,2026-03-31T22:00:00Z,1.084,8746
1490,Potencia instalada de generación residuos no renovables,2026-04-01T00:00:00.000+02:00,2026-03-31T22:00:00Z,36.617,9
1490,Potencia instalada de generación residuos no renovables,2026-05-01T00:00:00.000+02:00,2026-04-30T22:00:00Z,40.68,17
1490,Potencia instalada de generación residuos no renovables,2026-05-01T00:00:00.000+02:00,2026-04-30T22:00:00Z,37.4,18
1490,Potencia instalada de generación residuos no renovables,2026-05-01T00:00:00.000+02:00,2026-04-30T22:00:00Z,1.084,8746
1490,Potencia instalada de generación residuos no renovables,2026-05-01T00:00:00.000+02:00,2026-04-30T22:00:00Z,54.15,15
1490,Potencia instalada de generación residuos no renovables,2026-05-01T00:00:00.000+02:00,2026-04-30T22:00:00Z,0.1,21
1490,Potencia instalada de generación residuos no renovables,2026-05-01T00:00:00.000+02:00,2026-04-30T22:00:00Z,14.9,13
1490,Potencia instalada de generación residuos no renovables,2026-05-01T00:00:00.000+02:00,2026-04-30T22:00:00Z,53.948,11
1490,Potencia instalada de generación residuos no renovables,2026-05-01T00:00:00.000+02:00,2026-04-30T22:00:00Z,71.786,10
1490,Potencia instalada de generación residuos no renovables,2026-05-01T00:00:00.000+02:00,2026-04-30T22:00:00Z,36.617,9
1490,Potencia instalada de generación residuos no renovables,2026-05-01T00:00:00.000+02:00,2026-04-30T22:00:00Z,4.967,6
1490,Potencia instalada de generación residuos no renovables,2026-05-01T00:00:00.000+02:00,2026-04-30T22:00:00Z,49.9,5
1490,Potencia instalada de generación residuos no renovables,2026-05-01T00:00:00.000+02:00,2026-04-30T22:00:00Z,56.75,4
1490,Potencia instalada de generación residuos no renovables,2026-06-01T00:00:00.000+02:00,2026-05-31T22:00:00Z,1.084,8746
1490,Potencia instalada de generación residuos no renovables,2026-06-01T00:00:00.000+02:00,2026-05-31T22:00:00Z,0.1,21
1490,Potencia instalada de generación residuos no renovables,2026-06-01T00:00:00.000+02:00,2026-05-31T22:00:00Z,37.4,18
1490,Potencia instalada de generación residuos no renovables,2026-06-01T00:00:00.000+02:00,2026-05-31T22:00:00Z,40.68,17
1490,Potencia instalada de generación residuos no renovables,2026-06-01T00:00:00.000+02:00,2026-05-31T22:00:00Z,54.15,15
1490,Potencia instalada de generación residuos no renovables,2026-06-01T00:00:00.000+02:00,2026-05-31T22:00:00Z,14.9,13
1490,Potencia instalada de generación residuos no renovables,2026-06-01T00:00:00.000+02:00,2026-05-31T22:00:00Z,71.786,10
1490,Potencia instalada de generación residuos no renovables,2026-06-01T00:00:00.000+02:00,2026-05-31T22:00:00Z,36.617,9
1490,Potencia instalada de generación residuos no renovables,2026-06-01T00:00:00.000+02:00,2026-05-31T22:00:00Z,4.967,6
1490,Potencia instalada de generación residuos no renovables,2026-06-01T00:00:00.000+02:00,2026-05-31T22:00:00Z,49.9,5
1490,Potencia instalada de generación residuos no renovables,2026-06-01T00:00:00.000+02:00,2026-05-31T22:00:00Z,56.75,4
1490,Potencia instalada de generación residuos no renovables,2026-06-01T00:00:00.000+02:00,2026-05-31T22:00:00Z,53.948,11
1490,Potencia instalada de generación residuos no renovables,2026-07-01T00:00:00.000+02:00,2026-06-30T22:00:00Z,54.15,15
1490,Potencia instalada de generación residuos no renovables,2026-07-01T00:00:00.000+02:00,2026-06-30T22:00:00Z,1.084,8746
1490,Potencia instalada de generación residuos no renovables,2026-07-01T00:00:00.000+02:00,2026-06-30T22:00:00Z,0.1,21
1490,Potencia instalada de generación residuos no renovables,2026-07-01T00:00:00.000+02:00,2026-06-30T22:00:00Z,37.4,18
1490,Potencia instalada de generación residuos no renovables,2026-07-01T00:00:00.000+02:00,2026-06-30T22:00:00Z,40.68,17
1490,Potencia instalada de generación residuos no renovables,2026-07-01T00:00:00.000+02:00,2026-06-30T22:00:00Z,0.006,14
1490,Potencia instalada de generación residuos no renovables,2026-07-01T00:00:00.000+02:00,2026-06-30T22:00:00Z,56.75,4
1490,Potencia instalada de generación residuos no renovables,2026-07-01T00:00:00.000+02:00,2026-06-30T22:00:00Z,53.948,11
1490,Potencia instalada de generación residuos no renovables,2026-07-01T00:00:00.000+02:00,2026-06-30T22:00:00Z,71.786,10
1490,Potencia instalada de generación residuos no renovables,2026-07-01T00:00:00.000+02:00,2026-06-30T22:00:00Z,36.617,9
1490,Potencia instalada de generación residuos no renovables,2026-07-01T00:00:00.000+02:00,2026-06-30T22:00:00Z,4.967,6
1490,Potencia instalada de generación residuos no renovables,2026-07-01T00:00:00.000+02:00,2026-06-30T22:00:00Z,49.9,5
1490,Potencia instalada de generación residuos no renovables,2026-07-01T00:00:00.000+02:00,2026-06-30T22:00:00Z,14.9,13
1490,Potencia instalada de generación residuos no renovables,2026-08-01T00:00:00.000+02:00,2026-07-31T22:00:00Z,0.006,14
1490,Potencia instalada de generación residuos no renovables,2026-08-01T00:00:00.000+02:00,2026-07-31T22:00:00Z,37.4,18
1490,Potencia instalada de generación residuos no renovables,2026-08-01T00:00:00.000+02:00,2026-07-31T22:00:00Z,40.68,17
1490,Potencia instalada de generación residuos no renovables,2026-08-01T00:00:00.000+02:00,2026-07-31T22:00:00Z,54.15,15
1490,Potencia instalada de generación residuos no renovables,2026-08-01T00:00:00.000+02:00,2026-07-31T22:00:00Z,14.9,13
1490,Potencia instalada de generación residuos no renovables,2026-08-01T00:00:00.000+02:00,2026-07-31T22:00:00Z,0.1,21
1490,Potencia instalada de generación residuos no renovables,2026-08-01T00:00:00.000+02:00,2026-07-31T22:00:00Z,71.786,10
1490,Potencia instalada de generación residuos no renovables,2026-08-01T00:00:00.000+02:00,2026-07-31T22:00:00Z,36.617,9
1490,Potencia instalada de generación residuos no renovables,2026-08-01T00:00:00.000+02:00,2026-07-31T22:00:00Z,4.967,6
1490,Potencia instalada de generación residuos no renovables,2026-08-01T00:00:00.000+02:00,2026-07-31T22:00:00Z,49.9,5
1490,Potencia instalada de generación residuos no renovables,2026-08-01T00:00:00.000+02:00,2026-07-31T22:00:00Z,56.75,4
1490,Potencia instalada de generación residuos no renovables,2026-08-01T00:00:00.000+02:00,2026-07-31T22:00:00Z,53.948,11
1490,Potencia instalada de generación residuos no renovables,2026-08-01T00:00:00.000+02:00,2026-07-31T22:00:00Z,1.084,8746
1491,Potencia instalada de generación residuos renovables,2025-08-01T00:00:00.000+02:00,2025-07-31T22:00:00Z,0.003,4
1491,Potencia instalada de generación residuos renovables,2025-08-01T00:00:00.000+02:00,2025-07-31T22:00:00Z,4.967,6
1491,Potencia instalada de generación residuos renovables,2025-08-01T00:00:00.000+02:00,2025-07-31T22:00:00Z,27.175,9
1491,Potencia instalada de generación residuos renovables,2025-08-01T00:00:00.000+02:00,2025-07-31T22:00:00Z,59.586,10
1491,Potencia instalada de generación residuos renovables,2025-08-01T00:00:00.000+02:00,2025-07-31T22:00:00Z,14.9,13
1491,Potencia instalada de generación residuos renovables,2025-08-01T00:00:00.000+02:00,2025-07-31T22:00:00Z,25.0,17
1491,Potencia instalada de generación residuos renovables,2025-08-01T00:00:00.000+02:00,2025-07-31T22:00:00Z,37.4,18
1491,Potencia instalada de generación residuos renovables,2025-08-01T00:00:00.000+02:00,2025-07-31T22:00:00Z,1.084,8746
1491,Potencia instalada de generación residuos renovables,2025-09-01T00:00:00.000+02:00,2025-08-31T22:00:00Z,1.084,8746
1491,Potencia instalada de generación residuos renovables,2025-09-01T00:00:00.000+02:00,2025-08-31T22:00:00Z,37.4,18
1491,Potencia instalada de generación residuos renovables,2025-09-01T00:00:00.000+02:00,2025-08-31T22:00:00Z,14.9,13
1491,Potencia instalada de generación residuos renovables,2025-09-01T00:00:00.000+02:00,2025-08-31T22:00:00Z,25.0,17
1491,Potencia instalada de generación residuos renovables,2025-09-01T00:00:00.000+02:00,2025-08-31T22:00:00Z,27.175,9
1491,Potencia instalada de generación residuos renovables,2025-09-01T00:00:00.000+02:00,2025-08-31T22:00:00Z,4.967,6
1491,Potencia instalada de generación residuos renovables,2025-09-01T00:00:00.000+02:00,2025-08-31T22:00:00Z,0.003,4
1491,Potencia instalada de generación residuos renovables,2025-09-01T00:00:00.000+02:00,2025-08-31T22:00:00Z,59.586,10
1491,Potencia instalada de generación residuos renovables,2025-10-01T00:00:00.000+02:00,2025-09-30T22:00:00Z,0.003,4
1491,Potencia instalada de generación residuos renovables,2025-10-01T00:00:00.000+02:00,2025-09-30T22:00:00Z,4.967,6
1491,Potencia instalada de generación residuos renovables,2025-10-01T00:00:00.000+02:00,2025-09-30T22:00:00Z,27.175,9
1491,Potencia instalada de generación residuos renovables,2025-10-01T00:00:00.000+02:00,2025-09-30T22:00:00Z,59.586,10
1491,Potencia instalada de generación residuos renovables,2025-10-01T00:00:00.000+02:00,2025-09-30T22:00:00Z,14.9,13
1491,Potencia instalada de generación residuos renovables,2025-10-01T00:00:00.000+02:00,2025-09-30T22:00:00Z,25.0,17
1491,Potencia instalada de generación residuos renovables,2025-10-01T00:00:00.000+02:00,2025-09-30T22:00:00Z,37.4,18
1491,Potencia instalada de generación residuos renovables,2025-10-01T00:00:00.000+02:00,2025-09-30T22:00:00Z,1.084,8746
1491,Potencia instalada de generación residuos renovables,2025-11-01T00:00:00.000+01:00,2025-10-31T23:00:00Z,25.0,17
1491,Potencia instalada de generación residuos renovables,2025-11-01T00:00:00.000+01:00,2025-10-31T23:00:00Z,1.084,8746
1491,Potencia instalada de generación residuos renovables,2025-11-01T00:00:00.000+01:00,2025-10-31T23:00:00Z,37.4,18
1491,Potencia instalada de generación residuos renovables,2025-11-01T00:00:00.000+01:00,2025-10-31T23:00:00Z,14.9,13
1491,Potencia instalada de generación residuos renovables,2025-11-01T00:00:00.000+01:00,2025-10-31T23:00:00Z,4.967,6
1491,Potencia instalada de generación residuos renovables,2025-11-01T00:00:00.000+01:00,2025-10-31T23:00:00Z,27.175,9
1491,Potencia instalada de generación residuos renovables,2025-11-01T00:00:00.000+01:00,2025-10-31T23:00:00Z,0.003,4
1491,Potencia instalada de generación residuos renovables,2025-11-01T00:00:00.000+01:00,2025-10-31T23:00:00Z,59.586,10
1491,Potencia instalada de generación residuos renovables,2025-12-01T00:00:00.000+01:00,2025-11-30T23:00:00Z,0.003,4
1491,Potencia instalada de generación residuos renovables,2025-12-01T00:00:00.000+01:00,2025-11-30T23:00:00Z,4.967,6
1491,Potencia instalada de generación residuos renovables,2025-12-01T00:00:00.000+01:00,2025-11-30T23:00:00Z,27.175,9
1491,Potencia instalada de generación residuos renovables,2025-12-01T00:00:00.000+01:00,2025-11-30T23:00:00Z,59.586,10
1491,Potencia instalada de generación residuos renovables,2025-12-01T00:00:00.000+01:00,2025-11-30T23:00:00Z,14.9,13
1491,Potencia instalada de generación residuos renovables,2025-12-01T00:00:00.000+01:00,2025-11-30T23:00:00Z,25.0,17
1491,Potencia instalada de generación residuos renovables,2025-12-01T00:00:00.000+01:00,2025-11-30T23:00:00Z,37.4,18
1491,Potencia instalada de generación residuos renovables,2025-12-01T00:00:00.000+01:00,2025-11-30T23:00:00Z,1.084,8746
1491,Potencia instalada de generación residuos renovables,2026-01-01T00:00:00.000+01:00,2025-12-31T23:00:00Z,1.084,8746
1491,Potencia instalada de generación residuos renovables,2026-01-01T00:00:00.000+01:00,2025-12-31T23:00:00Z,37.4,18
1491,Potencia instalada de generación residuos renovables,2026-01-01T00:00:00.000+01:00,2025-12-31T23:00:00Z,25.0,17
1491,Potencia instalada de generación residuos renovables,2026-01-01T00:00:00.000+01:00,2025-12-31T23:00:00Z,14.9,13
1491,Potencia instalada de generación residuos renovables,2026-01-01T00:00:00.000+01:00,2025-12-31T23:00:00Z,0.003,4
1491,Potencia instalada de generación residuos renovables,2026-01-01T00:00:00.000+01:00,2025-12-31T23:00:00Z,27.175,9
1491,Potencia instalada de generación residuos renovables,2026-01-01T00:00:00.000+01:00,2025-12-31T23:00:00Z,4.967,6
1491,Potencia instalada de generación residuos renovables,2026-01-01T00:00:00.000+01:00,2025-12-31T23:00:00Z,59.586,10
1491,Potencia instalada de generación residuos renovables,2026-02-01T00:00:00.000+01:00,2026-01-31T23:00:00Z,25.0,17
1491,Potencia instalada de generación residuos renovables,2026-02-01T00:00:00.000+01:00,2026-01-31T23:00:00Z,1.084,8746
1491,Potencia instalada de generación residuos renovables,2026-02-01T00:00:00.000+01:00,2026-01-31T23:00:00Z,37.4,18
1491,Potencia instalada de generación residuos renovables,2026-02-01T00:00:00.000+01:00,2026-01-31T23:00:00Z,14.9,13
1491,Potencia instalada de generación residuos renovables,2026-02-01T00:00:00.000+01:00,2026-01-31T23:00:00Z,59.586,10
1491,Potencia instalada de generación residuos renovables,2026-02-01T00:00:00.000+01:00,2026-01-31T23:00:00Z,27.175,9
1491,Potencia instalada de generación residuos renovables,2026-02-01T00:00:00.000+01:00,2026-01-31T23:00:00Z,4.967,6
1491,Potencia instalada de generación residuos renovables,2026-02-01T00:00:00.000+01:00,2026-01-31T23:00:00Z,0.003,4
1491,Potencia instalada de generación residuos renovables,2026-03-01T00:00:00.000+01:00,2026-02-28T23:00:00Z,37.4,18
1491,Potencia instalada de generación residuos renovables,2026-03-01T00:00:00.000+01:00,2026-02-28T23:00:00Z,25.0,17
1491,Potencia instalada de generación residuos renovables,2026-03-01T00:00:00.000+01:00,2026-02-28T23:00:00Z,14.9,13
1491,Potencia instalada de generación residuos renovables,2026-03-01T00:00:00.000+01:00,2026-02-28T23:00:00Z,1.084,8746
1491,Potencia instalada de generación residuos renovables,2026-03-01T00:00:00.000+01:00,2026-02-28T23:00:00Z,27.175,9
1491,Potencia instalada de generación residuos renovables,2026-03-01T00:00:00.000+01:00,2026-02-28T23:00:00Z,4.967,6
1491,Potencia instalada de generación residuos renovables,2026-03-01T00:00:00.000+01:00,2026-02-28T23:00:00Z,0.003,4
1491,Potencia instalada de generación residuos renovables,2026-03-01T00:00:00.000+01:00,2026-02-28T23:00:00Z,59.586,10
1491,Potencia instalada de generación residuos renovables,2026-04-01T00:00:00.000+02:00,2026-03-31T22:00:00Z,0.003,4
1491,Potencia instalada de generación residuos renovables,2026-04-01T00:00:00.000+02:00,2026-03-31T22:00:00Z,4.967,6
1491,Potencia instalada de generación residuos renovables,2026-04-01T00:00:00.000+02:00,2026-03-31T22:00:00Z,27.175,9
1491,Potencia instalada de generación residuos renovables,2026-04-01T00:00:00.000+02:00,2026-03-31T22:00:00Z,59.586,10
1491,Potencia instalada de generación residuos renovables,2026-04-01T00:00:00.000+02:00,2026-03-31T22:00:00Z,14.9,13
1491,Potencia instalada de generación residuos renovables,2026-04-01T00:00:00.000+02:00,2026-03-31T22:00:00Z,25.0,17
1491,Potencia instalada de generación residuos renovables,2026-04-01T00:00:00.000+02:00,2026-03-31T22:00:00Z,37.4,18
1491,Potencia instalada de generación residuos renovables,2026-04-01T00:00:00.000+02:00,2026-03-31T22:00:00Z,1.084,8746
1491,Potencia instalada de generación residuos renovables,2026-05-01T00:00:00.000+02:00,2026-04-30T22:00:00Z,25.0,17
1491,Potencia instalada de generación residuos renovables,2026-05-01T00:00:00.000+02:00,2026-04-30T22:00:00Z,1.084,8746
1491,Potencia instalada de generación residuos renovables,2026-05-01T00:00:00.000+02:00,2026-04-30T22:00:00Z,14.9,13
1491,Potencia instalada de generación residuos renovables,2026-05-01T00:00:00.000+02:00,2026-04-30T22:00:00Z,37.4,18
1491,Potencia instalada de generación residuos renovables,2026-05-01T00:00:00.000+02:00,2026-04-30T22:00:00Z,27.175,9
1491,Potencia instalada de generación residuos renovables,2026-05-01T00:00:00.000+02:00,2026-04-30T22:00:00Z,4.967,6
1491,Potencia instalada de generación residuos renovables,2026-05-01T00:00:00.000+02:00,2026-04-30T22:00:00Z,0.003,4
1491,Potencia instalada de generación residuos renovables,2026-05-01T00:00:00.000+02:00,2026-04-30T22:00:00Z,59.586,10
1491,Potencia instalada de generación residuos renovables,2026-06-01T00:00:00.000+02:00,2026-05-31T22:00:00Z,0.003,4
1491,Potencia instalada de generación residuos renovables,2026-06-01T00:00:00.000+02:00,2026-05-31T22:00:00Z,4.967,6
1491,Potencia instalada de generación residuos renovables,2026-06-01T00:00:00.000+02:00,2026-05-31T22:00:00Z,27.175,9
1491,Potencia instalada de generación residuos renovables,2026-06-01T00:00:00.000+02:00,2026-05-31T22:00:00Z,59.586,10
1491,Potencia instalada de generación residuos renovables,2026-06-01T00:00:00.000+02:00,2026-05-31T22:00:00Z,14.9,13
1491,Potencia instalada de generación residuos renovables,2026-06-01T00:00:00.000+02:00,2026-05-31T22:00:00Z,25.0,17
1491,Potencia instalada de generación residuos renovables,2026-06-01T00:00:00.000+02:00,2026-05-31T22:00:00Z,37.4,18
1491,Potencia instalada de generación residuos renovables,2026-06-01T00:00:00.000+02:00,2026-05-31T22:00:00Z,1.084,8746
1491,Potencia instalada de generación residuos renovables,2026-07-01T00:00:00.000+02:00,2026-06-30T22:00:00Z,1.084,8746
1491,Potencia instalada de generación residuos renovables,2026-07-01T00:00:00.000+02:00,2026-06-30T22:00:00Z,37.4,18
1491,Potencia instalada de generación residuos renovables,2026-07-01T00:00:00.000+02:00,2026-06-30T22:00:00Z,25.0,17
1491,Potencia instalada de generación residuos renovables,2026-07-01T00:00:00.000+02:00,2026-06-30T22:00:00Z,14.9,13
1491,Potencia instalada de generación residuos renovables,2026-07-01T00:00:00.000+02:00,2026-06-30T22:00:00Z,4.967,6
1491,Potencia instalada de generación residuos renovables,2026-07-01T00:00:00.000+02:00,2026-06-30T22:00:00Z,27.175,9
1491,Potencia instalada de generación residuos renovables,2026-07-01T00:00:00.000+02:00,2026-06-30T22:00:00Z,0.003,4
1491,Potencia instalada de generación residuos renovables,2026-07-01T00:00:00.000+02:00,2026-06-30T22:00:00Z,59.586,10
1491,Potencia instalada de generación residuos renovables,2026-08-01T00:00:00.000+02:00,2026-07-31T22:00:00Z,37.4,18
1491,Potencia instalada de generación residuos renovables,2026-08-01T00:00:00.000+02:00,2026-07-31T22:00:00Z,0.003,4
1491,Potencia instalada de generación residuos renovables,2026-08-01T00:00:00.000+02:00,2026-07-31T22:00:00Z,4.967,6
1491,Potencia instalada de generación residuos renovables,2026-08-01T00:00:00.000+02:00,2026-07-31T22:00:00Z,27.175,9
1491,Potencia instalada de generación residuos renovables,2026-08-01T00:00:00.000+02:00,2026-07-31T22:00:00Z,59.586,10
1491,Potencia instalada de generación residuos renovables,2026-08-01T00:00:00.000+02:00,2026-07-31T22:00:00Z,14.9,13
1491,Potencia instalada de generación residuos renovables,2026-08-01T00:00:00.000+02:00,2026-07-31T22:00:00Z,25.0,17
1491,Potencia instalada de generación residuos renovables,2026-08-01T00:00:00.000+02:00,2026-07-31T22:00:00Z,1.084,8746
1943,Potencia instalada de generación autoconsumo hidráulica,2025-08-01T00:00:00.000+02:00,2025-07-31T22:00:00Z,4.731,4
1943,Potencia instalada de generación autoconsumo hidráulica,2025-08-01T00:00:00.000+02:00,2025-07-31T22:00:00Z,0.026,5
1943,Potencia instalada de generación autoconsumo hidráulica,2025-08-01T00:00:00.000+02:00,2025-07-31T22:00:00Z,4.4,7
1943,Potencia instalada de generación autoconsumo hidráulica,2025-08-01T00:00:00.000+02:00,2025-07-31T22:00:00Z,0.252,8
1943,Potencia instalada de generación autoconsumo hidráulica,2025-08-01T00:00:00.000+02:00,2025-07-31T22:00:00Z,0.203,9
1943,Potencia instalada de generación autoconsumo hidráulica,2025-08-01T00:00:00.000+02:00,2025-07-31T22:00:00Z,4.242,10
1943,Potencia instalada de generación autoconsumo hidráulica,2025-08-01T00:00:00.000+02:00,2025-07-31T22:00:00Z,0.998,14
1943,Potencia instalada de generación autoconsumo hidráulica,2025-08-01T00:00:00.000+02:00,2025-07-31T22:00:00Z,0.108,15
1943,Potencia instalada de generación autoconsumo hidráulica,2025-08-01T00:00:00.000+02:00,2025-07-31T22:00:00Z,0.015,19
1943,Potencia instalada de generación autoconsumo hidráulica,2025-09-01T00:00:00.000+02:00,2025-08-31T22:00:00Z,0.015,19
1943,Potencia instalada de generación autoconsumo hidráulica,2025-09-01T00:00:00.000+02:00,2025-08-31T22:00:00Z,0.108,15
1943,Potencia instalada de generación autoconsumo hidráulica,2025-09-01T00:00:00.000+02:00,2025-08-31T22:00:00Z,4.242,10
1943,Potencia instalada de generación autoconsumo hidráulica,2025-09-01T00:00:00.000+02:00,2025-08-31T22:00:00Z,0.203,9
1943,Potencia instalada de generación autoconsumo hidráulica,2025-09-01T00:00:00.000+02:00,2025-08-31T22:00:00Z,0.998,14
1943,Potencia instalada de generación autoconsumo hidráulica,2025-09-01T00:00:00.000+02:00,2025-08-31T22:00:00Z,4.4,7
1943,Potencia instalada de generación autoconsumo hidráulica,2025-09-01T00:00:00.000+02:00,2025-08-31T22:00:00Z,0.026,5
1943,Potencia instalada de generación autoconsumo hidráulica,2025-09-01T00:00:00.000+02:00,2025-08-31T22:00:00Z,4.731,4
1943,Potencia instalada de generación autoconsumo hidráulica,2025-09-01T00:00:00.000+02:00,2025-08-31T22:00:00Z,0.252,8
1943,Potencia instalada de generación autoconsumo hidráulica,2025-10-01T00:00:00.000+02:00,2025-09-30T22:00:00Z,0.015,19
1943,Potencia instalada de generación autoconsumo hidráulica,2025-10-01T00:00:00.000+02:00,2025-09-30T22:00:00Z,0.108,15
1943,Potencia instalada de generación autoconsumo hidráulica,2025-10-01T00:00:00.000+02:00,2025-09-30T22:00:00Z,0.998,14
1943,Potencia instalada de generación autoconsumo hidráulica,2025-10-01T00:00:00.000+02:00,2025-09-30T22:00:00Z,4.242,10
1943,Potencia instalada de generación autoconsumo hidráulica,2025-10-01T00:00:00.000+02:00,2025-09-30T22:00:00Z,0.203,9
1943,Potencia instalada de generación autoconsumo hidráulica,2025-10-01T00:00:00.000+02:00,2025-09-30T22:00:00Z,4.4,7
1943,Potencia instalada de generación autoconsumo hidráulica,2025-10-01T00:00:00.000+02:00,2025-09-30T22:00:00Z,0.026,5
1943,Potencia instalada de generación autoconsumo hidráulica,2025-10-01T00:00:00.000+02:00,2025-09-30T22:00:00Z,4.731,4
1943,Potencia instalada de generación autoconsumo hidráulica,2025-10-01T00:00:00.000+02:00,2025-09-30T22:00:00Z,3.402,8
1943,Potencia instalada de generación autoconsumo hidráulica,2025-11-01T00:00:00.000+01:00,2025-10-31T23:00:00Z,0.998,14
1943,Potencia instalada de generación autoconsumo hidráulica,2025-11-01T00:00:00.000+01:00,2025-10-31T23:00:00Z,0.015,19
1943,Potencia instalada de generación autoconsumo hidráulica,2025-11-01T00:00:00.000+01:00,2025-10-31T23:00:00Z,0.118,15
1943,Potencia instalada de generación autoconsumo hidráulica,2025-11-01T00:00:00.000+01:00,2025-10-31T23:00:00Z,4.242,10
1943,Potencia instalada de generación autoconsumo hidráulica,2025-11-01T00:00:00.000+01:00,2025-10-31T23:00:00Z,0.026,5
1943,Potencia instalada de generación autoconsumo hidráulica,2025-11-01T00:00:00.000+01:00,2025-10-31T23:00:00Z,3.402,8
1943,Potencia instalada de generación autoconsumo hidráulica,2025-11-01T00:00:00.000+01:00,2025-10-31T23:00:00Z,4.4,7
1943,Potencia instalada de generación autoconsumo hidráulica,2025-11-01T00:00:00.000+01:00,2025-10-31T23:00:00Z,0.203,9
1943,Potencia instalada de generación autoconsumo hidráulica,2025-11-01T00:00:00.000+01:00,2025-10-31T23:00:00Z,4.731,4
1943,Potencia instalada de generación autoconsumo hidráulica,2025-12-01T00:00:00.000+01:00,2025-11-30T23:00:00Z,0.118,15
1943,Potencia instalada de generación autoconsumo hidráulica,2025-12-01T00:00:00.000+01:00,2025-11-30T23:00:00Z,0.998,14
1943,Potencia instalada de generación autoconsumo hidráulica,2025-12-01T00:00:00.000+01:00,2025-11-30T23:00:00Z,4.242,10
1943,Potencia instalada de generación autoconsumo hidráulica,2025-12-01T00:00:00.000+01:00,2025-11-30T23:00:00Z,0.203,9
1943,Potencia instalada de generación autoconsumo hidráulica,2025-12-01T00:00:00.000+01:00,2025-11-30T23:00:00Z,0.015,19
1943,Potencia instalada de generación autoconsumo hidráulica,2025-12-01T00:00:00.000+01:00,2025-11-30T23:00:00Z,4.4,7
1943,Potencia instalada de generación autoconsumo hidráulica,2025-12-01T00:00:00.000+01:00,2025-11-30T23:00:00Z,0.026,5
1943,Potencia instalada de generación autoconsumo hidráulica,2025-12-01T00:00:00.000+01:00,2025-11-30T23:00:00Z,4.731,4
1943,Potencia instalada de generación autoconsumo hidráulica,2025-12-01T00:00:00.000+01:00,2025-11-30T23:00:00Z,3.402,8
1943,Potencia instalada de generación autoconsumo hidráulica,2026-01-01T00:00:00.000+01:00,2025-12-31T23:00:00Z,0.015,19
1943,Potencia instalada de generación autoconsumo hidráulica,2026-01-01T00:00:00.000+01:00,2025-12-31T23:00:00Z,0.118,15
1943,Potencia instalada de generación autoconsumo hidráulica,2026-01-01T00:00:00.000+01:00,2025-12-31T23:00:00Z,0.998,14
1943,Potencia instalada de generación autoconsumo hidráulica,2026-01-01T00:00:00.000+01:00,2025-12-31T23:00:00Z,4.242,10
1943,Potencia instalada de generación autoconsumo hidráulica,2026-01-01T00:00:00.000+01:00,2025-12-31T23:00:00Z,0.203,9
1943,Potencia instalada de generación autoconsumo hidráulica,2026-01-01T00:00:00.000+01:00,2025-12-31T23:00:00Z,4.4,7
1943,Potencia instalada de generación autoconsumo hidráulica,2026-01-01T00:00:00.000+01:00,2025-12-31T23:00:00Z,0.026,5
1943,Potencia instalada de generación autoconsumo hidráulica,2026-01-01T00:00:00.000+01:00,2025-12-31T23:00:00Z,4.731,4
1943,Potencia instalada de generación autoconsumo hidráulica,2026-01-01T00:00:00.000+01:00,2025-12-31T23:00:00Z,3.402,8
1943,Potencia instalada de generación autoconsumo hidráulica,2026-02-01T00:00:00.000+01:00,2026-01-31T23:00:00Z,0.998,14
1943,Potencia instalada de generación autoconsumo hidráulica,2026-02-01T00:00:00.000+01:00,2026-01-31T23:00:00Z,0.015,19
1943,Potencia instalada de generación autoconsumo hidráulica,2026-02-01T00:00:00.000+01:00,2026-01-31T23:00:00Z,0.118,15
1943,Potencia instalada de generación autoconsumo hidráulica,2026-02-01T00:00:00.000+01:00,2026-01-31T23:00:00Z,4.242,10
1943,Potencia instalada de generación autoconsumo hidráulica,2026-02-01T00:00:00.000+01:00,2026-01-31T23:00:00Z,0.203,9
1943,Potencia instalada de generación autoconsumo hidráulica,2026-02-01T00:00:00.000+01:00,2026-01-31T23:00:00Z,3.402,8
1943,Potencia instalada de generación autoconsumo hidráulica,2026-02-01T00:00:00.000+01:00,2026-01-31T23:00:00Z,4.4,7
1943,Potencia instalada de generación autoconsumo hidráulica,2026-02-01T00:00:00.000+01:00,2026-01-31T23:00:00Z,0.026,5
1943,Potencia instalada de generación autoconsumo hidráulica,2026-02-01T00:00:00.000+01:00,2026-01-31T23:00:00Z,4.731,4
1943,Potencia instalada de generación autoconsumo hidráulica,2026-03-01T00:00:00.000+01:00,2026-02-28T23:00:00Z,0.118,15
1943,Potencia instalada de generación autoconsumo hidráulica,2026-03-01T00:00:00.000+01:00,2026-02-28T23:00:00Z,0.998,14
1943,Potencia instalada de generación autoconsumo hidráulica,2026-03-01T00:00:00.000+01:00,2026-02-28T23:00:00Z,4.242,10
1943,Potencia instalada de generación autoconsumo hidráulica,2026-03-01T00:00:00.000+01:00,2026-02-28T23:00:00Z,0.203,9
1943,Potencia instalada de generación autoconsumo hidráulica,2026-03-01T00:00:00.000+01:00,2026-02-28T23:00:00Z,0.015,19
1943,Potencia instalada de generación autoconsumo hidráulica,2026-03-01T00:00:00.000+01:00,2026-02-28T23:00:00Z,4.4,7
1943,Potencia instalada de generación autoconsumo hidráulica,2026-03-01T00:00:00.000+01:00,2026-02-28T23:00:00Z,0.026,5
1943,Potencia instalada de generación autoconsumo hidráulica,2026-03-01T00:00:00.000+01:00,2026-02-28T23:00:00Z,4.731,4
1943,Potencia instalada de generación autoconsumo hidráulica,2026-03-01T00:00:00.000+01:00,2026-02-28T23:00:00Z,3.402,8
1943,Potencia instalada de generación autoconsumo hidráulica,2026-04-01T00:00:00.000+02:00,2026-03-31T22:00:00Z,0.015,19
1943,Potencia instalada de generación autoconsumo hidráulica,2026-04-01T00:00:00.000+02:00,2026-03-31T22:00:00Z,0.118,15
1943,Potencia instalada de generación autoconsumo hidráulica,2026-04-01T00:00:00.000+02:00,2026-03-31T22:00:00Z,0.998,14
1943,Potencia instalada de generación autoconsumo hidráulica,2026-04-01T00:00:00.000+02:00,2026-03-31T22:00:00Z,4.242,10
1943,Potencia instalada de generación autoconsumo hidráulica,2026-04-01T00:00:00.000+02:00,2026-03-31T22:00:00Z,0.203,9
1943,Potencia instalada de generación autoconsumo hidráulica,2026-04-01T00:00:00.000+02:00,2026-03-31T22:00:00Z,4.4,7
1943,Potencia instalada de generación autoconsumo hidráulica,2026-04-01T00:00:00.000+02:00,2026-03-31T22:00:00Z,0.026,5
1943,Potencia instalada de generación autoconsumo hidráulica,2026-04-01T00:00:00.000+02:00,2026-03-31T22:00:00Z,4.731,4
1943,Potencia instalada de generación autoconsumo hidráulica,2026-04-01T00:00:00.000+02:00,2026-03-31T22:00:00Z,3.402,8
1943,Potencia instalada de generación autoconsumo hidráulica,2026-05-01T00:00:00.000+02:00,2026-04-30T22:00:00Z,4.242,10
1943,Potencia instalada de generación autoconsumo hidráulica,2026-05-01T00:00:00.000+02:00,2026-04-30T22:00:00Z,0.015,19
1943,Potencia instalada de generación autoconsumo hidráulica,2026-05-01T00:00:00.000+02:00,2026-04-30T22:00:00Z,0.118,15
1943,Potencia instalada de generación autoconsumo hidráulica,2026-05-01T00:00:00.000+02:00,2026-04-30T22:00:00Z,0.203,9
1943,Potencia instalada de generación autoconsumo hidráulica,2026-05-01T00:00:00.000+02:00,2026-04-30T22:00:00Z,0.998,14
1943,Potencia instalada de generación autoconsumo hidráulica,2026-05-01T00:00:00.000+02:00,2026-04-30T22:00:00Z,4.4,7
1943,Potencia instalada de generación autoconsumo hidráulica,2026-05-01T00:00:00.000+02:00,2026-04-30T22:00:00Z,0.026,5
1943,Potencia instalada de generación autoconsumo hidráulica,2026-05-01T00:00:00.000+02:00,2026-04-30T22:00:00Z,4.731,4
1943,Potencia instalada de generación autoconsumo hidráulica,2026-05-01T00:00:00.000+02:00,2026-04-30T22:00:00Z,3.432,8
1943,Potencia instalada de generación autoconsumo hidráulica,2026-06-01T00:00:00.000+02:00,2026-05-31T22:00:00Z,0.015,19
1943,Potencia instalada de generación autoconsumo hidráulica,2026-06-01T00:00:00.000+02:00,2026-05-31T22:00:00Z,0.118,15
1943,Potencia instalada de generación autoconsumo hidráulica,2026-06-01T00:00:00.000+02:00,2026-05-31T22:00:00Z,0.998,14
1943,Potencia instalada de generación autoconsumo hidráulica,2026-06-01T00:00:00.000+02:00,2026-05-31T22:00:00Z,4.242,10
1943,Potencia instalada de generación autoconsumo hidráulica,2026-06-01T00:00:00.000+02:00,2026-05-31T22:00:00Z,0.203,9
1943,Potencia instalada de generación autoconsumo hidráulica,2026-06-01T00:00:00.000+02:00,2026-05-31T22:00:00Z,4.4,7
1943,Potencia instalada de generación autoconsumo hidráulica,2026-06-01T00:00:00.000+02:00,2026-05-31T22:00:00Z,0.026,5
1943,Potencia instalada de generación autoconsumo hidráulica,2026-06-01T00:00:00.000+02:00,2026-05-31T22:00:00Z,4.731,4
1943,Potencia instalada de generación autoconsumo hidráulica,2026-06-01T00:00:00.000+02:00,2026-05-31T22:00:00Z,3.432,8
1943,Potencia instalada de generación autoconsumo hidráulica,2026-07-01T00:00:00.000+02:00,2026-06-30T22:00:00Z,0.015,19
1943,Potencia instalada de generación autoconsumo hidráulica,2026-07-01T00:00:00.000+02:00,2026-06-30T22:00:00Z,0.118,15
1943,Potencia instalada de generación autoconsumo hidráulica,2026-07-01T00:00:00.000+02:00,2026-06-30T22:00:00Z,0.998,14
1943,Potencia instalada de generación autoconsumo hidráulica,2026-07-01T00:00:00.000+02:00,2026-06-30T22:00:00Z,4.242,10
1943,Potencia instalada de generación autoconsumo hidráulica,2026-07-01T00:00:00.000+02:00,2026-06-30T22:00:00Z,4.4,7
1943,Potencia instalada de generación autoconsumo hidráulica,2026-07-01T00:00:00.000+02:00,2026-06-30T22:00:00Z,3.432,8
1943,Potencia instalada de generación autoconsumo hidráulica,2026-07-01T00:00:00.000+02:00,2026-06-30T22:00:00Z,0.026,5
1943,Potencia instalada de generación autoconsumo hidráulica,2026-07-01T00:00:00.000+02:00,2026-06-30T22:00:00Z,4.731,4
1943,Potencia instalada de generación autoconsumo hidráulica,2026-07-01T00:00:00.000+02:00,2026-06-30T22:00:00Z,0.203,9
1943,Potencia instalada de generación autoconsumo hidráulica,2026-08-01T00:00:00.000+02:00,2026-07-31T22:00:00Z,0.118,15
1943,Potencia instalada de generación autoconsumo hidráulica,2026-08-01T00:00:00.000+02:00,2026-07-31T22:00:00Z,4.731,4
1943,Potencia instalada de generación autoconsumo hidráulica,2026-08-01T00:00:00.000+02:00,2026-07-31T22:00:00Z,0.026,5
1943,Potencia instalada de generación autoconsumo hidráulica,2026-08-01T00:00:00.000+02:00,2026-07-31T22:00:00Z,8.8,7
1943,Potencia instalada de generación autoconsumo hidráulica,2026-08-01T00:00:00.000+02:00,2026-07-31T22:00:00Z,6.612,8
1943,Potencia instalada de generación autoconsumo hidráulica,2026-08-01T00:00:00.000+02:00,2026-07-31T22:00:00Z,0.203,9
1943,Potencia instalada de generación autoconsumo hidráulica,2026-08-01T00:00:00.000+02:00,2026-07-31T22:00:00Z,4.249,10
1943,Potencia instalada de generación autoconsumo hidráulica,2026-08-01T00:00:00.000+02:00,2026-07-31T22:00:00Z,0.998,14
1943,Potencia instalada de generación autoconsumo hidráulica,2026-08-01T00:00:00.000+02:00,2026-07-31T22:00:00Z,0.015,19
1944,Potencia instalada de generación autoconsumo eólica,2025-08-01T00:00:00.000+02:00,2025-07-31T22:00:00Z,0.089,4
1944,Potencia instalada de generación autoconsumo eólica,2025-08-01T00:00:00.000+02:00,2025-07-31T22:00:00Z,0.011,5
1944,Potencia instalada de generación autoconsumo eólica,2025-08-01T00:00:00.000+02:00,2025-07-31T22:00:00Z,0.01,7
1944,Potencia instalada de generación autoconsumo eólica,2025-08-01T00:00:00.000+02:00,2025-07-31T22:00:00Z,0.025,8
1944,Potencia instalada de generación autoconsumo eólica,2025-08-01T00:00:00.000+02:00,2025-07-31T22:00:00Z,0.002,9
1944,Potencia instalada de generación autoconsumo eólica,2025-08-01T00:00:00.000+02:00,2025-07-31T22:00:00Z,0.01,10
1944,Potencia instalada de generación autoconsumo eólica,2025-08-01T00:00:00.000+02:00,2025-07-31T22:00:00Z,0.003,13
1944,Potencia instalada de generación autoconsumo eólica,2025-08-01T00:00:00.000+02:00,2025-07-31T22:00:00Z,0.012,15
1944,Potencia instalada de generación autoconsumo eólica,2025-08-01T00:00:00.000+02:00,2025-07-31T22:00:00Z,0.005,18
1944,Potencia instalada de generación autoconsumo eólica,2025-08-01T00:00:00.000+02:00,2025-07-31T22:00:00Z,13.49,19
1944,Potencia instalada de generación autoconsumo eólica,2025-08-01T00:00:00.000+02:00,2025-07-31T22:00:00Z,0.007,21
1944,Potencia instalada de generación autoconsumo eólica,2025-09-01T00:00:00.000+02:00,2025-08-31T22:00:00Z,0.007,21
1944,Potencia instalada de generación autoconsumo eólica,2025-09-01T00:00:00.000+02:00,2025-08-31T22:00:00Z,13.49,19
1944,Potencia instalada de generación autoconsumo eólica,2025-09-01T00:00:00.000+02:00,2025-08-31T22:00:00Z,0.005,18
1944,Potencia instalada de generación autoconsumo eólica,2025-09-01T00:00:00.000+02:00,2025-08-31T22:00:00Z,0.003,13
1944,Potencia instalada de generación autoconsumo eólica,2025-09-01T00:00:00.000+02:00,2025-08-31T22:00:00Z,0.01,10
1944,Potencia instalada de generación autoconsumo eólica,2025-09-01T00:00:00.000+02:00,2025-08-31T22:00:00Z,0.012,15
1944,Potencia instalada de generación autoconsumo eólica,2025-09-01T00:00:00.000+02:00,2025-08-31T22:00:00Z,0.025,8
1944,Potencia instalada de generación autoconsumo eólica,2025-09-01T00:00:00.000+02:00,2025-08-31T22:00:00Z,0.01,7
1944,Potencia instalada de generación autoconsumo eólica,2025-09-01T00:00:00.000+02:00,2025-08-31T22:00:00Z,0.011,5
1944,Potencia instalada de generación autoconsumo eólica,2025-09-01T00:00:00.000+02:00,2025-08-31T22:00:00Z,0.089,4
1944,Potencia instalada de generación autoconsumo eólica,2025-09-01T00:00:00.000+02:00,2025-08-31T22:00:00Z,0.002,9
1944,Potencia instalada de generación autoconsumo eólica,2025-10-01T00:00:00.000+02:00,2025-09-30T22:00:00Z,0.007,21
1944,Potencia instalada de generación autoconsumo eólica,2025-10-01T00:00:00.000+02:00,2025-09-30T22:00:00Z,18.11,19
1944,Potencia instalada de generación autoconsumo eólica,2025-10-01T00:00:00.000+02:00,2025-09-30T22:00:00Z,0.005,18
1944,Potencia instalada de generación autoconsumo eólica,2025-10-01T00:00:00.000+02:00,2025-09-30T22:00:00Z,0.012,15
1944,Potencia instalada de generación autoconsumo eólica,2025-10-01T00:00:00.000+02:00,2025-09-30T22:00:00Z,0.003,13
1944,Potencia instalada de generación autoconsumo eólica,2025-10-01T00:00:00.000+02:00,2025-09-30T22:00:00Z,0.01,10
1944,Potencia instalada de generación autoconsumo eólica,2025-10-01T00:00:00.000+02:00,2025-09-30T22:00:00Z,0.03,8
1944,Potencia instalada de generación autoconsumo eólica,2025-10-01T00:00:00.000+02:00,2025-09-30T22:00:00Z,0.01,7
1944,Potencia instalada de generación autoconsumo eólica,2025-10-01T00:00:00.000+02:00,2025-09-30T22:00:00Z,0.011,5
1944,Potencia instalada de generación autoconsumo eólica,2025-10-01T00:00:00.000+02:00,2025-09-30T22:00:00Z,0.089,4
1944,Potencia instalada de generación autoconsumo eólica,2025-10-01T00:00:00.000+02:00,2025-09-30T22:00:00Z,0.074,9
1944,Potencia instalada de generación autoconsumo eólica,2025-11-01T00:00:00.000+01:00,2025-10-31T23:00:00Z,0.012,15
1944,Potencia instalada de generación autoconsumo eólica,2025-11-01T00:00:00.000+01:00,2025-10-31T23:00:00Z,0.007,21
1944,Potencia instalada de generación autoconsumo eólica,2025-11-01T00:00:00.000+01:00,2025-10-31T23:00:00Z,18.11,19
1944,Potencia instalada de generación autoconsumo eólica,2025-11-01T00:00:00.000+01:00,2025-10-31T23:00:00Z,0.005,18
1944,Potencia instalada de generación autoconsumo eólica,2025-11-01T00:00:00.000+01:00,2025-10-31T23:00:00Z,0.003,13
1944,Potencia instalada de generación autoconsumo eólica,2025-11-01T00:00:00.000+01:00,2025-10-31T23:00:00Z,0.01,7
1944,Potencia instalada de generación autoconsumo eólica,2025-11-01T00:00:00.000+01:00,2025-10-31T23:00:00Z,0.074,9
1944,Potencia instalada de generación autoconsumo eólica,2025-11-01T00:00:00.000+01:00,2025-10-31T23:00:00Z,0.03,8
1944,Potencia instalada de generación autoconsumo eólica,2025-11-01T00:00:00.000+01:00,2025-10-31T23:00:00Z,0.11,10
1944,Potencia instalada de generación autoconsumo eólica,2025-11-01T00:00:00.000+01:00,2025-10-31T23:00:00Z,0.011,5
1944,Potencia instalada de generación autoconsumo eólica,2025-11-01T00:00:00.000+01:00,2025-10-31T23:00:00Z,0.089,4
1944,Potencia instalada de generación autoconsumo eólica,2025-12-01T00:00:00.000+01:00,2025-11-30T23:00:00Z,18.11,19
1944,Potencia instalada de generación autoconsumo eólica,2025-12-01T00:00:00.000+01:00,2025-11-30T23:00:00Z,0.005,18
1944,Potencia instalada de generación autoconsumo eólica,2025-12-01T00:00:00.000+01:00,2025-11-30T23:00:00Z,0.012,15
1944,Potencia instalada de generación autoconsumo eólica,2025-12-01T00:00:00.000+01:00,2025-11-30T23:00:00Z,0.003,13
1944,Potencia instalada de generación autoconsumo eólica,2025-12-01T00:00:00.000+01:00,2025-11-30T23:00:00Z,0.11,10
1944,Potencia instalada de generación autoconsumo eólica,2025-12-01T00:00:00.000+01:00,2025-11-30T23:00:00Z,0.007,21
1944,Potencia instalada de generación autoconsumo eólica,2025-12-01T00:00:00.000+01:00,2025-11-30T23:00:00Z,0.03,8
1944,Potencia instalada de generación autoconsumo eólica,2025-12-01T00:00:00.000+01:00,2025-11-30T23:00:00Z,0.01,7
1944,Potencia instalada de generación autoconsumo eólica,2025-12-01T00:00:00.000+01:00,2025-11-30T23:00:00Z,0.011,5
1944,Potencia instalada de generación autoconsumo eólica,2025-12-01T00:00:00.000+01:00,2025-11-30T23:00:00Z,0.089,4
1944,Potencia instalada de generación autoconsumo eólica,2025-12-01T00:00:00.000+01:00,2025-11-30T23:00:00Z,0.074,9
1944,Potencia instalada de generación autoconsumo eólica,2026-01-01T00:00:00.000+01:00,2025-12-31T23:00:00Z,0.007,21
1944,Potencia instalada de generación autoconsumo eólica,2026-01-01T00:00:00.000+01:00,2025-12-31T23:00:00Z,18.11,19
1944,Potencia instalada de generación autoconsumo eólica,2026-01-01T00:00:00.000+01:00,2025-12-31T23:00:00Z,0.005,18
1944,Potencia instalada de generación autoconsumo eólica,2026-01-01T00:00:00.000+01:00,2025-12-31T23:00:00Z,0.012,15
1944,Potencia instalada de generación autoconsumo eólica,2026-01-01T00:00:00.000+01:00,2025-12-31T23:00:00Z,0.003,13
1944,Potencia instalada de generación autoconsumo eólica,2026-01-01T00:00:00.000+01:00,2025-12-31T23:00:00Z,0.11,10
1944,Potencia instalada de generación autoconsumo eólica,2026-01-01T00:00:00.000+01:00,2025-12-31T23:00:00Z,0.03,8
1944,Potencia instalada de generación autoconsumo eólica,2026-01-01T00:00:00.000+01:00,2025-12-31T23:00:00Z,0.01,7
1944,Potencia instalada de generación autoconsumo eólica,2026-01-01T00:00:00.000+01:00,2025-12-31T23:00:00Z,0.011,5
1944,Potencia instalada de generación autoconsumo eólica,2026-01-01T00:00:00.000+01:00,2025-12-31T23:00:00Z,0.089,4
1944,Potencia instalada de generación autoconsumo eólica,2026-01-01T00:00:00.000+01:00,2025-12-31T23:00:00Z,0.074,9
1944,Potencia instalada de generación autoconsumo eólica,2026-02-01T00:00:00.000+01:00,2026-01-31T23:00:00Z,0.012,15
1944,Potencia instalada de generación autoconsumo eólica,2026-02-01T00:00:00.000+01:00,2026-01-31T23:00:00Z,0.007,21
1944,Potencia instalada de generación autoconsumo eólica,2026-02-01T00:00:00.000+01:00,2026-01-31T23:00:00Z,18.11,19
1944,Potencia instalada de generación autoconsumo eólica,2026-02-01T00:00:00.000+01:00,2026-01-31T23:00:00Z,0.005,18
1944,Potencia instalada de generación autoconsumo eólica,2026-02-01T00:00:00.000+01:00,2026-01-31T23:00:00Z,0.003,13
1944,Potencia instalada de generación autoconsumo eólica,2026-02-01T00:00:00.000+01:00,2026-01-31T23:00:00Z,0.11,10
1944,Potencia instalada de generación autoconsumo eólica,2026-02-01T00:00:00.000+01:00,2026-01-31T23:00:00Z,0.074,9
1944,Potencia instalada de generación autoconsumo eólica,2026-02-01T00:00:00.000+01:00,2026-01-31T23:00:00Z,0.03,8
1944,Potencia instalada de generación autoconsumo eólica,2026-02-01T00:00:00.000+01:00,2026-01-31T23:00:00Z,0.01,7
1944,Potencia instalada de generación autoconsumo eólica,2026-02-01T00:00:00.000+01:00,2026-01-31T23:00:00Z,0.011,5
1944,Potencia instalada de generación autoconsumo eólica,2026-02-01T00:00:00.000+01:00,2026-01-31T23:00:00Z,0.089,4
1944,Potencia instalada de generación autoconsumo eólica,2026-03-01T00:00:00.000+01:00,2026-02-28T23:00:00Z,18.11,19
1944,Potencia instalada de generación autoconsumo eólica,2026-03-01T00:00:00.000+01:00,2026-02-28T23:00:00Z,0.005,18
1944,Potencia instalada de generación autoconsumo eólica,2026-03-01T00:00:00.000+01:00,2026-02-28T23:00:00Z,0.012,15
1944,Potencia instalada de generación autoconsumo eólica,2026-03-01T00:00:00.000+01:00,2026-02-28T23:00:00Z,0.003,13
1944,Potencia instalada de generación autoconsumo eólica,2026-03-01T00:00:00.000+01:00,2026-02-28T23:00:00Z,0.11,10
1944,Potencia instalada de generación autoconsumo eólica,2026-03-01T00:00:00.000+01:00,2026-02-28T23:00:00Z,0.007,21
1944,Potencia instalada de generación autoconsumo eólica,2026-03-01T00:00:00.000+01:00,2026-02-28T23:00:00Z,0.03,8
1944,Potencia instalada de generación autoconsumo eólica,2026-03-01T00:00:00.000+01:00,2026-02-28T23:00:00Z,0.01,7
1944,Potencia instalada de generación autoconsumo eólica,2026-03-01T00:00:00.000+01:00,2026-02-28T23:00:00Z,0.011,5
1944,Potencia instalada de generación autoconsumo eólica,2026-03-01T00:00:00.000+01:00,2026-02-28T23:00:00Z,0.089,4
1944,Potencia instalada de generación autoconsumo eólica,2026-03-01T00:00:00.000+01:00,2026-02-28T23:00:00Z,0.074,9
1944,Potencia instalada de generación autoconsumo eólica,2026-04-01T00:00:00.000+02:00,2026-03-31T22:00:00Z,0.007,21
1944,Potencia instalada de generación autoconsumo eólica,2026-04-01T00:00:00.000+02:00,2026-03-31T22:00:00Z,18.11,19
1944,Potencia instalada de generación autoconsumo eólica,2026-04-01T00:00:00.000+02:00,2026-03-31T22:00:00Z,0.005,18
1944,Potencia instalada de generación autoconsumo eólica,2026-04-01T00:00:00.000+02:00,2026-03-31T22:00:00Z,0.012,15
1944,Potencia instalada de generación autoconsumo eólica,2026-04-01T00:00:00.000+02:00,2026-03-31T22:00:00Z,0.003,13
1944,Potencia instalada de generación autoconsumo eólica,2026-04-01T00:00:00.000+02:00,2026-03-31T22:00:00Z,0.11,10
1944,Potencia instalada de generación autoconsumo eólica,2026-04-01T00:00:00.000+02:00,2026-03-31T22:00:00Z,0.03,8
1944,Potencia instalada de generación autoconsumo eólica,2026-04-01T00:00:00.000+02:00,2026-03-31T22:00:00Z,0.01,7
1944,Potencia instalada de generación autoconsumo eólica,2026-04-01T00:00:00.000+02:00,2026-03-31T22:00:00Z,0.011,5
1944,Potencia instalada de generación autoconsumo eólica,2026-04-01T00:00:00.000+02:00,2026-03-31T22:00:00Z,0.089,4
1944,Potencia instalada de generación autoconsumo eólica,2026-04-01T00:00:00.000+02:00,2026-03-31T22:00:00Z,0.074,9
1944,Potencia instalada de generación autoconsumo eólica,2026-05-01T00:00:00.000+02:00,2026-04-30T22:00:00Z,0.003,13
1944,Potencia instalada de generación autoconsumo eólica,2026-05-01T00:00:00.000+02:00,2026-04-30T22:00:00Z,0.007,21
1944,Potencia instalada de generación autoconsumo eólica,2026-05-01T00:00:00.000+02:00,2026-04-30T22:00:00Z,18.11,19
1944,Potencia instalada de generación autoconsumo eólica,2026-05-01T00:00:00.000+02:00,2026-04-30T22:00:00Z,0.012,15
1944,Potencia instalada de generación autoconsumo eólica,2026-05-01T00:00:00.000+02:00,2026-04-30T22:00:00Z,0.11,10
1944,Potencia instalada de generación autoconsumo eólica,2026-05-01T00:00:00.000+02:00,2026-04-30T22:00:00Z,0.005,18
1944,Potencia instalada de generación autoconsumo eólica,2026-05-01T00:00:00.000+02:00,2026-04-30T22:00:00Z,0.03,8
1944,Potencia instalada de generación autoconsumo eólica,2026-05-01T00:00:00.000+02:00,2026-04-30T22:00:00Z,0.01,7
1944,Potencia instalada de generación autoconsumo eólica,2026-05-01T00:00:00.000+02:00,2026-04-30T22:00:00Z,0.074,9
1944,Potencia instalada de generación autoconsumo eólica,2026-05-01T00:00:00.000+02:00,2026-04-30T22:00:00Z,0.011,5
1944,Potencia instalada de generación autoconsumo eólica,2026-05-01T00:00:00.000+02:00,2026-04-30T22:00:00Z,0.089,4
1944,Potencia instalada de generación autoconsumo eólica,2026-06-01T00:00:00.000+02:00,2026-05-31T22:00:00Z,0.007,21
1944,Potencia instalada de generación autoconsumo eólica,2026-06-01T00:00:00.000+02:00,2026-05-31T22:00:00Z,18.11,19
1944,Potencia instalada de generación autoconsumo eólica,2026-06-01T00:00:00.000+02:00,2026-05-31T22:00:00Z,0.005,18
1944,Potencia instalada de generación autoconsumo eólica,2026-06-01T00:00:00.000+02:00,2026-05-31T22:00:00Z,0.012,15
1944,Potencia instalada de generación autoconsumo eólica,2026-06-01T00:00:00.000+02:00,2026-05-31T22:00:00Z,0.003,13
1944,Potencia instalada de generación autoconsumo eólica,2026-06-01T00:00:00.000+02:00,2026-05-31T22:00:00Z,0.11,10
1944,Potencia instalada de generación autoconsumo eólica,2026-06-01T00:00:00.000+02:00,2026-05-31T22:00:00Z,0.074,9
1944,Potencia instalada de generación autoconsumo eólica,2026-06-01T00:00:00.000+02:00,2026-05-31T22:00:00Z,0.03,8
1944,Potencia instalada de generación autoconsumo eólica,2026-06-01T00:00:00.000+02:00,2026-05-31T22:00:00Z,0.01,7
1944,Potencia instalada de generación autoconsumo eólica,2026-06-01T00:00:00.000+02:00,2026-05-31T22:00:00Z,0.011,5
1944,Potencia instalada de generación autoconsumo eólica,2026-06-01T00:00:00.000+02:00,2026-05-31T22:00:00Z,0.089,4
1944,Potencia instalada de generación autoconsumo eólica,2026-07-01T00:00:00.000+02:00,2026-06-30T22:00:00Z,18.11,19
1944,Potencia instalada de generación autoconsumo eólica,2026-07-01T00:00:00.000+02:00,2026-06-30T22:00:00Z,0.005,18
1944,Potencia instalada de generación autoconsumo eólica,2026-07-01T00:00:00.000+02:00,2026-06-30T22:00:00Z,0.011,21
1944,Potencia instalada de generación autoconsumo eólica,2026-07-01T00:00:00.000+02:00,2026-06-30T22:00:00Z,0.012,15
1944,Potencia instalada de generación autoconsumo eólica,2026-07-01T00:00:00.000+02:00,2026-06-30T22:00:00Z,0.003,13
1944,Potencia instalada de generación autoconsumo eólica,2026-07-01T00:00:00.000+02:00,2026-06-30T22:00:00Z,0.01,7
1944,Potencia instalada de generación autoconsumo eólica,2026-07-01T00:00:00.000+02:00,2026-06-30T22:00:00Z,0.074,9
1944,Potencia instalada de generación autoconsumo eólica,2026-07-01T00:00:00.000+02:00,2026-06-30T22:00:00Z,0.03,8
1944,Potencia instalada de generación autoconsumo eólica,2026-07-01T00:00:00.000+02:00,2026-06-30T22:00:00Z,0.011,5
1944,Potencia instalada de generación autoconsumo eólica,2026-07-01T00:00:00.000+02:00,2026-06-30T22:00:00Z,0.089,4
1944,Potencia instalada de generación autoconsumo eólica,2026-07-01T00:00:00.000+02:00,2026-06-30T22:00:00Z,0.11,10
1944,Potencia instalada de generación autoconsumo eólica,2026-08-01T00:00:00.000+02:00,2026-07-31T22:00:00Z,18.11,19
1944,Potencia instalada de generación autoconsumo eólica,2026-08-01T00:00:00.000+02:00,2026-07-31T22:00:00Z,0.089,4
1944,Potencia instalada de generación autoconsumo eólica,2026-08-01T00:00:00.000+02:00,2026-07-31T22:00:00Z,0.011,5
1944,Potencia instalada de generación autoconsumo eólica,2026-08-01T00:00:00.000+02:00,2026-07-31T22:00:00Z,0.01,7
1944,Potencia instalada de generación autoconsumo eólica,2026-08-01T00:00:00.000+02:00,2026-07-31T22:00:00Z,0.03,8
1944,Potencia instalada de generación autoconsumo eólica,2026-08-01T00:00:00.000+02:00,2026-07-31T22:00:00Z,0.074,9
1944,Potencia instalada de generación autoconsumo eólica,2026-08-01T00:00:00.000+02:00,2026-07-31T22:00:00Z,0.11,10
1944,Potencia instalada de generación autoconsumo eólica,2026-08-01T00:00:00.000+02:00,2026-07-31T22:00:00Z,0.003,13
1944,Potencia instalada de generación autoconsumo eólica,2026-08-01T00:00:00.000+02:00,2026-07-31T22:00:00Z,0.012,15
1944,Potencia instalada de generación autoconsumo eólica,2026-08-01T00:00:00.000+02:00,2026-07-31T22:00:00Z,0.005,18
1944,Potencia instalada de generación autoconsumo eólica,2026-08-01T00:00:00.000+02:00,2026-07-31T22:00:00Z,0.011,21
1945,Potencia instalada de generación autoconsumo solar fotovoltaica,2025-08-01T00:00:00.000+02:00,2025-07-31T22:00:00Z,1616.033,4
1945,Potencia instalada de generación autoconsumo solar fotovoltaica,2025-08-01T00:00:00.000+02:00,2025-07-31T22:00:00Z,3.58,8746
1945,Potencia instalada de generación autoconsumo solar fotovoltaica,2025-08-01T00:00:00.000+02:00,2025-07-31T22:00:00Z,524.211,21
1945,Potencia instalada de generación autoconsumo solar fotovoltaica,2025-08-01T00:00:00.000+02:00,2025-07-31T22:00:00Z,56.965,20
1945,Potencia instalada de generación autoconsumo solar fotovoltaica,2025-08-01T00:00:00.000+02:00,2025-07-31T22:00:00Z,145.099,19
1945,Potencia instalada de generación autoconsumo solar fotovoltaica,2025-08-01T00:00:00.000+02:00,2025-07-31T22:00:00Z,186.839,18
1945,Potencia instalada de generación autoconsumo solar fotovoltaica,2025-08-01T00:00:00.000+02:00,2025-07-31T22:00:00Z,224.745,16
1945,Potencia instalada de generación autoconsumo solar fotovoltaica,2025-08-01T00:00:00.000+02:00,2025-07-31T22:00:00Z,1180.848,15
1945,Potencia instalada de generación autoconsumo solar fotovoltaica,2025-08-01T00:00:00.000+02:00,2025-07-31T22:00:00Z,184.349,14
1945,Potencia instalada de generación autoconsumo solar fotovoltaica,2025-08-01T00:00:00.000+02:00,2025-07-31T22:00:00Z,230.314,17
1945,Potencia instalada de generación autoconsumo solar fotovoltaica,2025-08-01T00:00:00.000+02:00,2025-07-31T22:00:00Z,0.036,12
1945,Potencia instalada de generación autoconsumo solar fotovoltaica,2025-08-01T00:00:00.000+02:00,2025-07-31T22:00:00Z,765.391,13
1945,Potencia instalada de generación autoconsumo solar fotovoltaica,2025-08-01T00:00:00.000+02:00,2025-07-31T22:00:00Z,42.671,6
1945,Potencia instalada de generación autoconsumo solar fotovoltaica,2025-08-01T00:00:00.000+02:00,2025-07-31T22:00:00Z,671.627,7
1945,Potencia instalada de generación autoconsumo solar fotovoltaica,2025-08-01T00:00:00.000+02:00,2025-07-31T22:00:00Z,430.345,8
1945,Potencia instalada de generación autoconsumo solar fotovoltaica,2025-08-01T00:00:00.000+02:00,2025-07-31T22:00:00Z,283.729,5
1945,Potencia instalada de generación autoconsumo solar fotovoltaica,2025-08-01T00:00:00.000+02:00,2025-07-31T22:00:00Z,284.754,10
1945,Potencia instalada de generación autoconsumo solar fotovoltaica,2025-08-01T00:00:00.000+02:00,2025-07-31T22:00:00Z,65.892,11
1945,Potencia instalada de generación autoconsumo solar fotovoltaica,2025-08-01T00:00:00.000+02:00,2025-07-31T22:00:00Z,1334.452,9
1945,Potencia instalada de generación autoconsumo solar fotovoltaica,2025-09-01T00:00:00.000+02:00,2025-08-31T22:00:00Z,187.16,14
1945,Potencia instalada de generación autoconsumo solar fotovoltaica,2025-09-01T00:00:00.000+02:00,2025-08-31T22:00:00Z,3.617,8746
1945,Potencia instalada de generación autoconsumo solar fotovoltaica,2025-09-01T00:00:00.000+02:00,2025-08-31T22:00:00Z,534.013,21
1945,Potencia instalada de generación autoconsumo solar fotovoltaica,2025-09-01T00:00:00.000+02:00,2025-08-31T22:00:00Z,60.168,20
1945,Potencia instalada de generación autoconsumo solar fotovoltaica,2025-09-01T00:00:00.000+02:00,2025-08-31T22:00:00Z,148.078,19
1945,Potencia instalada de generación autoconsumo solar fotovoltaica,2025-09-01T00:00:00.000+02:00,2025-08-31T22:00:00Z,190.971,18
1945,Potencia instalada de generación autoconsumo solar fotovoltaica,2025-09-01T00:00:00.000+02:00,2025-08-31T22:00:00Z,229.074,16
1945,Potencia instalada de generación autoconsumo solar fotovoltaica,2025-09-01T00:00:00.000+02:00,2025-08-31T22:00:00Z,1191.762,15
1945,Potencia instalada de generación autoconsumo solar fotovoltaica,2025-09-01T00:00:00.000+02:00,2025-08-31T22:00:00Z,893.696,13
1945,Potencia instalada de generación autoconsumo solar fotovoltaica,2025-09-01T00:00:00.000+02:00,2025-08-31T22:00:00Z,232.53,17
1945,Potencia instalada de generación autoconsumo solar fotovoltaica,2025-09-01T00:00:00.000+02:00,2025-08-31T22:00:00Z,66.264,11
1945,Potencia instalada de generación autoconsumo solar fotovoltaica,2025-09-01T00:00:00.000+02:00,2025-08-31T22:00:00Z,285.718,5
1945,Potencia instalada de generación autoconsumo solar fotovoltaica,2025-09-01T00:00:00.000+02:00,2025-08-31T22:00:00Z,43.029,6
1945,Potencia instalada de generación autoconsumo solar fotovoltaica,2025-09-01T00:00:00.000+02:00,2025-08-31T22:00:00Z,677.324,7
1945,Potencia instalada de generación autoconsumo solar fotovoltaica,2025-09-01T00:00:00.000+02:00,2025-08-31T22:00:00Z,1635.293,4
1945,Potencia instalada de generación autoconsumo solar fotovoltaica,2025-09-01T00:00:00.000+02:00,2025-08-31T22:00:00Z,1345.909,9
1945,Potencia instalada de generación autoconsumo solar fotovoltaica,2025-09-01T00:00:00.000+02:00,2025-08-31T22:00:00Z,287.754,10
1945,Potencia instalada de generación autoconsumo solar fotovoltaica,2025-09-01T00:00:00.000+02:00,2025-08-31T22:00:00Z,434.014,8
1945,Potencia instalada de generación autoconsumo solar fotovoltaica,2025-09-01T00:00:00.000+02:00,2025-08-31T22:00:00Z,0.036,12
1945,Potencia instalada de generación autoconsumo solar fotovoltaica,2025-10-01T00:00:00.000+02:00,2025-09-30T22:00:00Z,3.647,8746
1945,Potencia instalada de generación autoconsumo solar fotovoltaica,2025-10-01T00:00:00.000+02:00,2025-09-30T22:00:00Z,189.771,14
1945,Potencia instalada de generación autoconsumo solar fotovoltaica,2025-10-01T00:00:00.000+02:00,2025-09-30T22:00:00Z,540.067,21
1945,Potencia instalada de generación autoconsumo solar fotovoltaica,2025-10-01T00:00:00.000+02:00,2025-09-30T22:00:00Z,60.533,20
1945,Potencia instalada de generación autoconsumo solar fotovoltaica,2025-10-01T00:00:00.000+02:00,2025-09-30T22:00:00Z,150.12,19
1945,Potencia instalada de generación autoconsumo solar fotovoltaica,2025-10-01T00:00:00.000+02:00,2025-09-30T22:00:00Z,194.756,18
1945,Potencia instalada de generación autoconsumo solar fotovoltaica,2025-10-01T00:00:00.000+02:00,2025-09-30T22:00:00Z,240.486,17
1945,Potencia instalada de generación autoconsumo solar fotovoltaica,2025-10-01T00:00:00.000+02:00,2025-09-30T22:00:00Z,232.427,16
1945,Potencia instalada de generación autoconsumo solar fotovoltaica,2025-10-01T00:00:00.000+02:00,2025-09-30T22:00:00Z,1204.065,15
1945,Potencia instalada de generación autoconsumo solar fotovoltaica,2025-10-01T00:00:00.000+02:00,2025-09-30T22:00:00Z,904.842,13
1945,Potencia instalada de generación autoconsumo solar fotovoltaica,2025-10-01T00:00:00.000+02:00,2025-09-30T22:00:00Z,66.731,11
1945,Potencia instalada de generación autoconsumo solar fotovoltaica,2025-10-01T00:00:00.000+02:00,2025-09-30T22:00:00Z,294.2,10
1945,Potencia instalada de generación autoconsumo solar fotovoltaica,2025-10-01T00:00:00.000+02:00,2025-09-30T22:00:00Z,1355.634,9
1945,Potencia instalada de generación autoconsumo solar fotovoltaica,2025-10-01T00:00:00.000+02:00,2025-09-30T22:00:00Z,441.139,8
1945,Potencia instalada de generación autoconsumo solar fotovoltaica,2025-10-01T00:00:00.000+02:00,2025-09-30T22:00:00Z,684.731,7
1945,Potencia instalada de generación autoconsumo solar fotovoltaica,2025-10-01T00:00:00.000+02:00,2025-09-30T22:00:00Z,43.502,6
1945,Potencia instalada de generación autoconsumo solar fotovoltaica,2025-10-01T00:00:00.000+02:00,2025-09-30T22:00:00Z,289.196,5
1945,Potencia instalada de generación autoconsumo solar fotovoltaica,2025-10-01T00:00:00.000+02:00,2025-09-30T22:00:00Z,1653.773,4
1945,Potencia instalada de generación autoconsumo solar fotovoltaica,2025-10-01T00:00:00.000+02:00,2025-09-30T22:00:00Z,0.036,12
1945,Potencia instalada de generación autoconsumo solar fotovoltaica,2025-11-01T00:00:00.000+01:00,2025-10-31T23:00:00Z,235.3,16
1945,Potencia instalada de generación autoconsumo solar fotovoltaica,2025-11-01T00:00:00.000+01:00,2025-10-31T23:00:00Z,241.66,17
1945,Potencia instalada de generación autoconsumo solar fotovoltaica,2025-11-01T00:00:00.000+01:00,2025-10-31T23:00:00Z,197.071,18
1945,Potencia instalada de generación autoconsumo solar fotovoltaica,2025-11-01T00:00:00.000+01:00,2025-10-31T23:00:00Z,1217.883,15
1945,Potencia instalada de generación autoconsumo solar fotovoltaica,2025-11-01T00:00:00.000+01:00,2025-10-31T23:00:00Z,61.46,20
1945,Potencia instalada de generación autoconsumo solar fotovoltaica,2025-11-01T00:00:00.000+01:00,2025-10-31T23:00:00Z,544.491,21
1945,Potencia instalada de generación autoconsumo solar fotovoltaica,2025-11-01T00:00:00.000+01:00,2025-10-31T23:00:00Z,3.654,8746
1945,Potencia instalada de generación autoconsumo solar fotovoltaica,2025-11-01T00:00:00.000+01:00,2025-10-31T23:00:00Z,152.369,19
1945,Potencia instalada de generación autoconsumo solar fotovoltaica,2025-11-01T00:00:00.000+01:00,2025-10-31T23:00:00Z,191.034,14
1945,Potencia instalada de generación autoconsumo solar fotovoltaica,2025-11-01T00:00:00.000+01:00,2025-10-31T23:00:00Z,447.085,8
1945,Potencia instalada de generación autoconsumo solar fotovoltaica,2025-11-01T00:00:00.000+01:00,2025-10-31T23:00:00Z,0.036,12
1945,Potencia instalada de generación autoconsumo solar fotovoltaica,2025-11-01T00:00:00.000+01:00,2025-10-31T23:00:00Z,293.097,5
1945,Potencia instalada de generación autoconsumo solar fotovoltaica,2025-11-01T00:00:00.000+01:00,2025-10-31T23:00:00Z,43.999,6
1945,Potencia instalada de generación autoconsumo solar fotovoltaica,2025-11-01T00:00:00.000+01:00,2025-10-31T23:00:00Z,688.823,7
1945,Potencia instalada de generación autoconsumo solar fotovoltaica,2025-11-01T00:00:00.000+01:00,2025-10-31T23:00:00Z,1670.098,4
1945,Potencia instalada de generación autoconsumo solar fotovoltaica,2025-11-01T00:00:00.000+01:00,2025-10-31T23:00:00Z,1365.842,9
1945,Potencia instalada de generación autoconsumo solar fotovoltaica,2025-11-01T00:00:00.000+01:00,2025-10-31T23:00:00Z,296.979,10
1945,Potencia instalada de generación autoconsumo solar fotovoltaica,2025-11-01T00:00:00.000+01:00,2025-10-31T23:00:00Z,68.085,11
1945,Potencia instalada de generación autoconsumo solar fotovoltaica,2025-11-01T00:00:00.000+01:00,2025-10-31T23:00:00Z,912.824,13
1945,Potencia instalada de generación autoconsumo solar fotovoltaica,2025-12-01T00:00:00.000+01:00,2025-11-30T23:00:00Z,202.27,14
1945,Potencia instalada de generación autoconsumo solar fotovoltaica,2025-12-01T00:00:00.000+01:00,2025-11-30T23:00:00Z,564.135,21
1945,Potencia instalada de generación autoconsumo solar fotovoltaica,2025-12-01T00:00:00.000+01:00,2025-11-30T23:00:00Z,62.095,20
1945,Potencia instalada de generación autoconsumo solar fotovoltaica,2025-12-01T00:00:00.000+01:00,2025-11-30T23:00:00Z,154.626,19
1945,Potencia instalada de generación autoconsumo solar fotovoltaica,2025-12-01T00:00:00.000+01:00,2025-11-30T23:00:00Z,199.389,18
1945,Potencia instalada de generación autoconsumo solar fotovoltaica,2025-12-01T00:00:00.000+01:00,2025-11-30T23:00:00Z,247.804,17
1945,Potencia instalada de generación autoconsumo solar fotovoltaica,2025-12-01T00:00:00.000+01:00,2025-11-30T23:00:00Z,239.527,16
1945,Potencia instalada de generación autoconsumo solar fotovoltaica,2025-12-01T00:00:00.000+01:00,2025-11-30T23:00:00Z,1251.42,15
1945,Potencia instalada de generación autoconsumo solar fotovoltaica,2025-12-01T00:00:00.000+01:00,2025-11-30T23:00:00Z,934.718,13
1945,Potencia instalada de generación autoconsumo solar fotovoltaica,2025-12-01T00:00:00.000+01:00,2025-11-30T23:00:00Z,3.686,8746
1945,Potencia instalada de generación autoconsumo solar fotovoltaica,2025-12-01T00:00:00.000+01:00,2025-11-30T23:00:00Z,69.31,11
1945,Potencia instalada de generación autoconsumo solar fotovoltaica,2025-12-01T00:00:00.000+01:00,2025-11-30T23:00:00Z,1702.646,4
1945,Potencia instalada de generación autoconsumo solar fotovoltaica,2025-12-01T00:00:00.000+01:00,2025-11-30T23:00:00Z,298.226,5
1945,Potencia instalada de generación autoconsumo solar fotovoltaica,2025-12-01T00:00:00.000+01:00,2025-11-30T23:00:00Z,44.278,6
1945,Potencia instalada de generación autoconsumo solar fotovoltaica,2025-12-01T00:00:00.000+01:00,2025-11-30T23:00:00Z,0.036,12
1945,Potencia instalada de generación autoconsumo solar fotovoltaica,2025-12-01T00:00:00.000+01:00,2025-11-30T23:00:00Z,463.97,8
1945,Potencia instalada de generación autoconsumo solar fotovoltaica,2025-12-01T00:00:00.000+01:00,2025-11-30T23:00:00Z,1391.338,9
1945,Potencia instalada de generación autoconsumo solar fotovoltaica,2025-12-01T00:00:00.000+01:00,2025-11-30T23:00:00Z,300.937,10
1945,Potencia instalada de generación autoconsumo solar fotovoltaica,2025-12-01T00:00:00.000+01:00,2025-11-30T23:00:00Z,700.515,7
1945,Potencia instalada de generación autoconsumo solar fotovoltaica,2026-01-01T00:00:00.000+01:00,2025-12-31T23:00:00Z,211.564,14
1945,Potencia instalada de generación autoconsumo solar fotovoltaica,2026-01-01T00:00:00.000+01:00,2025-12-31T23:00:00Z,569.431,21
1945,Potencia instalada de generación autoconsumo solar fotovoltaica,2026-01-01T00:00:00.000+01:00,2025-12-31T23:00:00Z,62.695,20
1945,Potencia instalada de generación autoconsumo solar fotovoltaica,2026-01-01T00:00:00.000+01:00,2025-12-31T23:00:00Z,156.395,19
1945,Potencia instalada de generación autoconsumo solar fotovoltaica,2026-01-01T00:00:00.000+01:00,2025-12-31T23:00:00Z,201.287,18
1945,Potencia instalada de generación autoconsumo solar fotovoltaica,2026-01-01T00:00:00.000+01:00,2025-12-31T23:00:00Z,251.481,17
1945,Potencia instalada de generación autoconsumo solar fotovoltaica,2026-01-01T00:00:00.000+01:00,2025-12-31T23:00:00Z,241.818,16
1945,Potencia instalada de generación autoconsumo solar fotovoltaica,2026-01-01T00:00:00.000+01:00,2025-12-31T23:00:00Z,1267.995,15
1945,Potencia instalada de generación autoconsumo solar fotovoltaica,2026-01-01T00:00:00.000+01:00,2025-12-31T23:00:00Z,3.686,8746
1945,Potencia instalada de generación autoconsumo solar fotovoltaica,2026-01-01T00:00:00.000+01:00,2025-12-31T23:00:00Z,943.54,13
1945,Potencia instalada de generación autoconsumo solar fotovoltaica,2026-01-01T00:00:00.000+01:00,2025-12-31T23:00:00Z,69.64,11
1945,Potencia instalada de generación autoconsumo solar fotovoltaica,2026-01-01T00:00:00.000+01:00,2025-12-31T23:00:00Z,303.35,10
1945,Potencia instalada de generación autoconsumo solar fotovoltaica,2026-01-01T00:00:00.000+01:00,2025-12-31T23:00:00Z,1399.178,9
1945,Potencia instalada de generación autoconsumo solar fotovoltaica,2026-01-01T00:00:00.000+01:00,2025-12-31T23:00:00Z,466.682,8
1945,Potencia instalada de generación autoconsumo solar fotovoltaica,2026-01-01T00:00:00.000+01:00,2025-12-31T23:00:00Z,710.944,7
1945,Potencia instalada de generación autoconsumo solar fotovoltaica,2026-01-01T00:00:00.000+01:00,2025-12-31T23:00:00Z,44.624,6
1945,Potencia instalada de generación autoconsumo solar fotovoltaica,2026-01-01T00:00:00.000+01:00,2025-12-31T23:00:00Z,299.103,5
1945,Potencia instalada de generación autoconsumo solar fotovoltaica,2026-01-01T00:00:00.000+01:00,2025-12-31T23:00:00Z,1718.792,4
1945,Potencia instalada de generación autoconsumo solar fotovoltaica,2026-01-01T00:00:00.000+01:00,2025-12-31T23:00:00Z,0.036,12
1945,Potencia instalada de generación autoconsumo solar fotovoltaica,2026-02-01T00:00:00.000+01:00,2026-01-31T23:00:00Z,243.951,16
1945,Potencia instalada de generación autoconsumo solar fotovoltaica,2026-02-01T00:00:00.000+01:00,2026-01-31T23:00:00Z,255.778,17
1945,Potencia instalada de generación autoconsumo solar fotovoltaica,2026-02-01T00:00:00.000+01:00,2026-01-31T23:00:00Z,203.479,18
1945,Potencia instalada de generación autoconsumo solar fotovoltaica,2026-02-01T00:00:00.000+01:00,2026-01-31T23:00:00Z,1277.565,15
1945,Potencia instalada de generación autoconsumo solar fotovoltaica,2026-02-01T00:00:00.000+01:00,2026-01-31T23:00:00Z,63.392,20
1945,Potencia instalada de generación autoconsumo solar fotovoltaica,2026-02-01T00:00:00.000+01:00,2026-01-31T23:00:00Z,573.801,21
1945,Potencia instalada de generación autoconsumo solar fotovoltaica,2026-02-01T00:00:00.000+01:00,2026-01-31T23:00:00Z,3.689,8746
1945,Potencia instalada de generación autoconsumo solar fotovoltaica,2026-02-01T00:00:00.000+01:00,2026-01-31T23:00:00Z,159.023,19
1945,Potencia instalada de generación autoconsumo solar fotovoltaica,2026-02-01T00:00:00.000+01:00,2026-01-31T23:00:00Z,212.54,14
1945,Potencia instalada de generación autoconsumo solar fotovoltaica,2026-02-01T00:00:00.000+01:00,2026-01-31T23:00:00Z,949.781,13
1945,Potencia instalada de generación autoconsumo solar fotovoltaica,2026-02-01T00:00:00.000+01:00,2026-01-31T23:00:00Z,0.036,12
1945,Potencia instalada de generación autoconsumo solar fotovoltaica,2026-02-01T00:00:00.000+01:00,2026-01-31T23:00:00Z,300.605,5
1945,Potencia instalada de generación autoconsumo solar fotovoltaica,2026-02-01T00:00:00.000+01:00,2026-01-31T23:00:00Z,44.96,6
1945,Potencia instalada de generación autoconsumo solar fotovoltaica,2026-02-01T00:00:00.000+01:00,2026-01-31T23:00:00Z,715.021,7
1945,Potencia instalada de generación autoconsumo solar fotovoltaica,2026-02-01T00:00:00.000+01:00,2026-01-31T23:00:00Z,1731.44,4
1945,Potencia instalada de generación autoconsumo solar fotovoltaica,2026-02-01T00:00:00.000+01:00,2026-01-31T23:00:00Z,1410.75,9
1945,Potencia instalada de generación autoconsumo solar fotovoltaica,2026-02-01T00:00:00.000+01:00,2026-01-31T23:00:00Z,306.029,10
1945,Potencia instalada de generación autoconsumo solar fotovoltaica,2026-02-01T00:00:00.000+01:00,2026-01-31T23:00:00Z,69.882,11
1945,Potencia instalada de generación autoconsumo solar fotovoltaica,2026-02-01T00:00:00.000+01:00,2026-01-31T23:00:00Z,473.72,8
1945,Potencia instalada de generación autoconsumo solar fotovoltaica,2026-03-01T00:00:00.000+01:00,2026-02-28T23:00:00Z,214.207,14
1945,Potencia instalada de generación autoconsumo solar fotovoltaica,2026-03-01T00:00:00.000+01:00,2026-02-28T23:00:00Z,580.152,21
1945,Potencia instalada de generación autoconsumo solar fotovoltaica,2026-03-01T00:00:00.000+01:00,2026-02-28T23:00:00Z,64.063,20
1945,Potencia instalada de generación autoconsumo solar fotovoltaica,2026-03-01T00:00:00.000+01:00,2026-02-28T23:00:00Z,161.058,19
1945,Potencia instalada de generación autoconsumo solar fotovoltaica,2026-03-01T00:00:00.000+01:00,2026-02-28T23:00:00Z,206.061,18
1945,Potencia instalada de generación autoconsumo solar fotovoltaica,2026-03-01T00:00:00.000+01:00,2026-02-28T23:00:00Z,257.869,17
1945,Potencia instalada de generación autoconsumo solar fotovoltaica,2026-03-01T00:00:00.000+01:00,2026-02-28T23:00:00Z,246.284,16
1945,Potencia instalada de generación autoconsumo solar fotovoltaica,2026-03-01T00:00:00.000+01:00,2026-02-28T23:00:00Z,1294.757,15
1945,Potencia instalada de generación autoconsumo solar fotovoltaica,2026-03-01T00:00:00.000+01:00,2026-02-28T23:00:00Z,958.216,13
1945,Potencia instalada de generación autoconsumo solar fotovoltaica,2026-03-01T00:00:00.000+01:00,2026-02-28T23:00:00Z,3.689,8746
1945,Potencia instalada de generación autoconsumo solar fotovoltaica,2026-03-01T00:00:00.000+01:00,2026-02-28T23:00:00Z,70.135,11
1945,Potencia instalada de generación autoconsumo solar fotovoltaica,2026-03-01T00:00:00.000+01:00,2026-02-28T23:00:00Z,1749.236,4
1945,Potencia instalada de generación autoconsumo solar fotovoltaica,2026-03-01T00:00:00.000+01:00,2026-02-28T23:00:00Z,301.605,5
1945,Potencia instalada de generación autoconsumo solar fotovoltaica,2026-03-01T00:00:00.000+01:00,2026-02-28T23:00:00Z,45.261,6
1945,Potencia instalada de generación autoconsumo solar fotovoltaica,2026-03-01T00:00:00.000+01:00,2026-02-28T23:00:00Z,0.036,12
1945,Potencia instalada de generación autoconsumo solar fotovoltaica,2026-03-01T00:00:00.000+01:00,2026-02-28T23:00:00Z,479.566,8
1945,Potencia instalada de generación autoconsumo solar fotovoltaica,2026-03-01T00:00:00.000+01:00,2026-02-28T23:00:00Z,1423.712,9
1945,Potencia instalada de generación autoconsumo solar fotovoltaica,2026-03-01T00:00:00.000+01:00,2026-02-28T23:00:00Z,309.248,10
1945,Potencia instalada de generación autoconsumo solar fotovoltaica,2026-03-01T00:00:00.000+01:00,2026-02-28T23:00:00Z,719.914,7
1945,Potencia instalada de generación autoconsumo solar fotovoltaica,2026-04-01T00:00:00.000+02:00,2026-03-31T22:00:00Z,215.502,14
1945,Potencia instalada de generación autoconsumo solar fotovoltaica,2026-04-01T00:00:00.000+02:00,2026-03-31T22:00:00Z,584.602,21
1945,Potencia instalada de generación autoconsumo solar fotovoltaica,2026-04-01T00:00:00.000+02:00,2026-03-31T22:00:00Z,64.338,20
1945,Potencia instalada de generación autoconsumo solar fotovoltaica,2026-04-01T00:00:00.000+02:00,2026-03-31T22:00:00Z,163.056,19
1945,Potencia instalada de generación autoconsumo solar fotovoltaica,2026-04-01T00:00:00.000+02:00,2026-03-31T22:00:00Z,209.307,18
1945,Potencia instalada de generación autoconsumo solar fotovoltaica,2026-04-01T00:00:00.000+02:00,2026-03-31T22:00:00Z,260.161,17
1945,Potencia instalada de generación autoconsumo solar fotovoltaica,2026-04-01T00:00:00.000+02:00,2026-03-31T22:00:00Z,248.486,16
1945,Potencia instalada de generación autoconsumo solar fotovoltaica,2026-04-01T00:00:00.000+02:00,2026-03-31T22:00:00Z,1304.019,15
1945,Potencia instalada de generación autoconsumo solar fotovoltaica,2026-04-01T00:00:00.000+02:00,2026-03-31T22:00:00Z,3.703,8746
1945,Potencia instalada de generación autoconsumo solar fotovoltaica,2026-04-01T00:00:00.000+02:00,2026-03-31T22:00:00Z,966.372,13
1945,Potencia instalada de generación autoconsumo solar fotovoltaica,2026-04-01T00:00:00.000+02:00,2026-03-31T22:00:00Z,70.289,11
1945,Potencia instalada de generación autoconsumo solar fotovoltaica,2026-04-01T00:00:00.000+02:00,2026-03-31T22:00:00Z,312.299,10
1945,Potencia instalada de generación autoconsumo solar fotovoltaica,2026-04-01T00:00:00.000+02:00,2026-03-31T22:00:00Z,1436.801,9
1945,Potencia instalada de generación autoconsumo solar fotovoltaica,2026-04-01T00:00:00.000+02:00,2026-03-31T22:00:00Z,482.923,8
1945,Potencia instalada de generación autoconsumo solar fotovoltaica,2026-04-01T00:00:00.000+02:00,2026-03-31T22:00:00Z,725.367,7
1945,Potencia instalada de generación autoconsumo solar fotovoltaica,2026-04-01T00:00:00.000+02:00,2026-03-31T22:00:00Z,45.594,6
1945,Potencia instalada de generación autoconsumo solar fotovoltaica,2026-04-01T00:00:00.000+02:00,2026-03-31T22:00:00Z,303.23,5
1945,Potencia instalada de generación autoconsumo solar fotovoltaica,2026-04-01T00:00:00.000+02:00,2026-03-31T22:00:00Z,1766.264,4
1945,Potencia instalada de generación autoconsumo solar fotovoltaica,2026-04-01T00:00:00.000+02:00,2026-03-31T22:00:00Z,0.036,12
1945,Potencia instalada de generación autoconsumo solar fotovoltaica,2026-05-01T00:00:00.000+02:00,2026-04-30T22:00:00Z,1315.922,15
1945,Potencia instalada de generación autoconsumo solar fotovoltaica,2026-05-01T00:00:00.000+02:00,2026-04-30T22:00:00Z,250.731,16
1945,Potencia instalada de generación autoconsumo solar fotovoltaica,2026-05-01T00:00:00.000+02:00,2026-04-30T22:00:00Z,262.795,17
1945,Potencia instalada de generación autoconsumo solar fotovoltaica,2026-05-01T00:00:00.000+02:00,2026-04-30T22:00:00Z,216.92,14
1945,Potencia instalada de generación autoconsumo solar fotovoltaica,2026-05-01T00:00:00.000+02:00,2026-04-30T22:00:00Z,64.65,20
1945,Potencia instalada de generación autoconsumo solar fotovoltaica,2026-05-01T00:00:00.000+02:00,2026-04-30T22:00:00Z,590.972,21
1945,Potencia instalada de generación autoconsumo solar fotovoltaica,2026-05-01T00:00:00.000+02:00,2026-04-30T22:00:00Z,3.731,8746
1945,Potencia instalada de generación autoconsumo solar fotovoltaica,2026-05-01T00:00:00.000+02:00,2026-04-30T22:00:00Z,164.494,19
1945,Potencia instalada de generación autoconsumo solar fotovoltaica,2026-05-01T00:00:00.000+02:00,2026-04-30T22:00:00Z,973.983,13
1945,Potencia instalada de generación autoconsumo solar fotovoltaica,2026-05-01T00:00:00.000+02:00,2026-04-30T22:00:00Z,211.098,18
1945,Potencia instalada de generación autoconsumo solar fotovoltaica,2026-05-01T00:00:00.000+02:00,2026-04-30T22:00:00Z,70.308,11
1945,Potencia instalada de generación autoconsumo solar fotovoltaica,2026-05-01T00:00:00.000+02:00,2026-04-30T22:00:00Z,303.97,5
1945,Potencia instalada de generación autoconsumo solar fotovoltaica,2026-05-01T00:00:00.000+02:00,2026-04-30T22:00:00Z,45.6,6
1945,Potencia instalada de generación autoconsumo solar fotovoltaica,2026-05-01T00:00:00.000+02:00,2026-04-30T22:00:00Z,733.581,7
1945,Potencia instalada de generación autoconsumo solar fotovoltaica,2026-05-01T00:00:00.000+02:00,2026-04-30T22:00:00Z,1774.652,4
1945,Potencia instalada de generación autoconsumo solar fotovoltaica,2026-05-01T00:00:00.000+02:00,2026-04-30T22:00:00Z,486.487,8
1945,Potencia instalada de generación autoconsumo solar fotovoltaica,2026-05-01T00:00:00.000+02:00,2026-04-30T22:00:00Z,1443.726,9
1945,Potencia instalada de generación autoconsumo solar fotovoltaica,2026-05-01T00:00:00.000+02:00,2026-04-30T22:00:00Z,316.352,10
1945,Potencia instalada de generación autoconsumo solar fotovoltaica,2026-05-01T00:00:00.000+02:00,2026-04-30T22:00:00Z,0.036,12
1945,Potencia instalada de generación autoconsumo solar fotovoltaica,2026-06-01T00:00:00.000+02:00,2026-05-31T22:00:00Z,1329.105,15
1945,Potencia instalada de generación autoconsumo solar fotovoltaica,2026-06-01T00:00:00.000+02:00,2026-05-31T22:00:00Z,3.731,8746
1945,Potencia instalada de generación autoconsumo solar fotovoltaica,2026-06-01T00:00:00.000+02:00,2026-05-31T22:00:00Z,681.129,21
1945,Potencia instalada de generación autoconsumo solar fotovoltaica,2026-06-01T00:00:00.000+02:00,2026-05-31T22:00:00Z,65.101,20
1945,Potencia instalada de generación autoconsumo solar fotovoltaica,2026-06-01T00:00:00.000+02:00,2026-05-31T22:00:00Z,166.118,19
1945,Potencia instalada de generación autoconsumo solar fotovoltaica,2026-06-01T00:00:00.000+02:00,2026-05-31T22:00:00Z,213.504,18
1945,Potencia instalada de generación autoconsumo solar fotovoltaica,2026-06-01T00:00:00.000+02:00,2026-05-31T22:00:00Z,264.783,17
1945,Potencia instalada de generación autoconsumo solar fotovoltaica,2026-06-01T00:00:00.000+02:00,2026-05-31T22:00:00Z,253.076,16
1945,Potencia instalada de generación autoconsumo solar fotovoltaica,2026-06-01T00:00:00.000+02:00,2026-05-31T22:00:00Z,225.57,14
1945,Potencia instalada de generación autoconsumo solar fotovoltaica,2026-06-01T00:00:00.000+02:00,2026-05-31T22:00:00Z,981.942,13
1945,Potencia instalada de generación autoconsumo solar fotovoltaica,2026-06-01T00:00:00.000+02:00,2026-05-31T22:00:00Z,0.036,12
1945,Potencia instalada de generación autoconsumo solar fotovoltaica,2026-06-01T00:00:00.000+02:00,2026-05-31T22:00:00Z,306.764,5
1945,Potencia instalada de generación autoconsumo solar fotovoltaica,2026-06-01T00:00:00.000+02:00,2026-05-31T22:00:00Z,45.679,6
1945,Potencia instalada de generación autoconsumo solar fotovoltaica,2026-06-01T00:00:00.000+02:00,2026-05-31T22:00:00Z,738.498,7
1945,Potencia instalada de generación autoconsumo solar fotovoltaica,2026-06-01T00:00:00.000+02:00,2026-05-31T22:00:00Z,1790.611,4
1945,Potencia instalada de generación autoconsumo solar fotovoltaica,2026-06-01T00:00:00.000+02:00,2026-05-31T22:00:00Z,1455.403,9
1945,Potencia instalada de generación autoconsumo solar fotovoltaica,2026-06-01T00:00:00.000+02:00,2026-05-31T22:00:00Z,319.616,10
1945,Potencia instalada de generación autoconsumo solar fotovoltaica,2026-06-01T00:00:00.000+02:00,2026-05-31T22:00:00Z,70.308,11
1945,Potencia instalada de generación autoconsumo solar fotovoltaica,2026-06-01T00:00:00.000+02:00,2026-05-31T22:00:00Z,490.363,8
1945,Potencia instalada de generación autoconsumo solar fotovoltaica,2026-07-01T00:00:00.000+02:00,2026-06-30T22:00:00Z,1340.723,15
1945,Potencia instalada de generación autoconsumo solar fotovoltaica,2026-07-01T00:00:00.000+02:00,2026-06-30T22:00:00Z,686.597,21
1945,Potencia instalada de generación autoconsumo solar fotovoltaica,2026-07-01T00:00:00.000+02:00,2026-06-30T22:00:00Z,65.843,20
1945,Potencia instalada de generación autoconsumo solar fotovoltaica,2026-07-01T00:00:00.000+02:00,2026-06-30T22:00:00Z,166.118,19
1945,Potencia instalada de generación autoconsumo solar fotovoltaica,2026-07-01T00:00:00.000+02:00,2026-06-30T22:00:00Z,213.504,18
1945,Potencia instalada de generación autoconsumo solar fotovoltaica,2026-07-01T00:00:00.000+02:00,2026-06-30T22:00:00Z,3.731,8746
1945,Potencia instalada de generación autoconsumo solar fotovoltaica,2026-07-01T00:00:00.000+02:00,2026-06-30T22:00:00Z,264.799,17
1945,Potencia instalada de generación autoconsumo solar fotovoltaica,2026-07-01T00:00:00.000+02:00,2026-06-30T22:00:00Z,253.988,16
1945,Potencia instalada de generación autoconsumo solar fotovoltaica,2026-07-01T00:00:00.000+02:00,2026-06-30T22:00:00Z,226.755,14
1945,Potencia instalada de generación autoconsumo solar fotovoltaica,2026-07-01T00:00:00.000+02:00,2026-06-30T22:00:00Z,497.405,8
1945,Potencia instalada de generación autoconsumo solar fotovoltaica,2026-07-01T00:00:00.000+02:00,2026-06-30T22:00:00Z,0.036,12
1945,Potencia instalada de generación autoconsumo solar fotovoltaica,2026-07-01T00:00:00.000+02:00,2026-06-30T22:00:00Z,70.308,11
1945,Potencia instalada de generación autoconsumo solar fotovoltaica,2026-07-01T00:00:00.000+02:00,2026-06-30T22:00:00Z,322.736,10
1945,Potencia instalada de generación autoconsumo solar fotovoltaica,2026-07-01T00:00:00.000+02:00,2026-06-30T22:00:00Z,1459.608,9
1945,Potencia instalada de generación autoconsumo solar fotovoltaica,2026-07-01T00:00:00.000+02:00,2026-06-30T22:00:00Z,741.017,7
1945,Potencia instalada de generación autoconsumo solar fotovoltaica,2026-07-01T00:00:00.000+02:00,2026-06-30T22:00:00Z,45.687,6
1945,Potencia instalada de generación autoconsumo solar fotovoltaica,2026-07-01T00:00:00.000+02:00,2026-06-30T22:00:00Z,306.664,5
1945,Potencia instalada de generación autoconsumo solar fotovoltaica,2026-07-01T00:00:00.000+02:00,2026-06-30T22:00:00Z,1790.095,4
1945,Potencia instalada de generación autoconsumo solar fotovoltaica,2026-07-01T00:00:00.000+02:00,2026-06-30T22:00:00Z,989.566,13
1945,Potencia instalada de generación autoconsumo solar fotovoltaica,2026-08-01T00:00:00.000+02:00,2026-07-31T22:00:00Z,1368.677,15
1945,Potencia instalada de generación autoconsumo solar fotovoltaica,2026-08-01T00:00:00.000+02:00,2026-07-31T22:00:00Z,269.792,16
1945,Potencia instalada de generación autoconsumo solar fotovoltaica,2026-08-01T00:00:00.000+02:00,2026-07-31T22:00:00Z,72.27,20
1945,Potencia instalada de generación autoconsumo solar fotovoltaica,2026-08-01T00:00:00.000+02:00,2026-07-31T22:00:00Z,214.845,18
1945,Potencia instalada de generación autoconsumo solar fotovoltaica,2026-08-01T00:00:00.000+02:00,2026-07-31T22:00:00Z,167.726,19
1945,Potencia instalada de generación autoconsumo solar fotovoltaica,2026-08-01T00:00:00.000+02:00,2026-07-31T22:00:00Z,269.013,14
1945,Potencia instalada de generación autoconsumo solar fotovoltaica,2026-08-01T00:00:00.000+02:00,2026-07-31T22:00:00Z,268.817,17
1945,Potencia instalada de generación autoconsumo solar fotovoltaica,2026-08-01T00:00:00.000+02:00,2026-07-31T22:00:00Z,1012.387,13
1945,Potencia instalada de generación autoconsumo solar fotovoltaica,2026-08-01T00:00:00.000+02:00,2026-07-31T22:00:00Z,570.705,8
1945,Potencia instalada de generación autoconsumo solar fotovoltaica,2026-08-01T00:00:00.000+02:00,2026-07-31T22:00:00Z,70.923,11
1945,Potencia instalada de generación autoconsumo solar fotovoltaica,2026-08-01T00:00:00.000+02:00,2026-07-31T22:00:00Z,327.464,10
1945,Potencia instalada de generación autoconsumo solar fotovoltaica,2026-08-01T00:00:00.000+02:00,2026-07-31T22:00:00Z,1480.292,9
1945,Potencia instalada de generación autoconsumo solar fotovoltaica,2026-08-01T00:00:00.000+02:00,2026-07-31T22:00:00Z,787.029,7
1945,Potencia instalada de generación autoconsumo solar fotovoltaica,2026-08-01T00:00:00.000+02:00,2026-07-31T22:00:00Z,47.194,6
1945,Potencia instalada de generación autoconsumo solar fotovoltaica,2026-08-01T00:00:00.000+02:00,2026-07-31T22:00:00Z,319.173,5
1945,Potencia instalada de generación autoconsumo solar fotovoltaica,2026-08-01T00:00:00.000+02:00,2026-07-31T22:00:00Z,1852.151,4
1945,Potencia instalada de generación autoconsumo solar fotovoltaica,2026-08-01T00:00:00.000+02:00,2026-07-31T22:00:00Z,693.689,21
1945,Potencia instalada de generación autoconsumo solar fotovoltaica,2026-08-01T00:00:00.000+02:00,2026-07-31T22:00:00Z,0.036,12
1945,Potencia instalada de generación autoconsumo solar fotovoltaica,2026-08-01T00:00:00.000+02:00,2026-07-31T22:00:00Z,3.763,8746
1946,Potencia instalada de generación autoconsumo cogeneración,2025-08-01T00:00:00.000+02:00,2025-07-31T22:00:00Z,267.475,4
1946,Potencia instalada de generación autoconsumo cogeneración,2025-08-01T00:00:00.000+02:00,2025-07-31T22:00:00Z,67.196,21
1946,Potencia instalada de generación autoconsumo cogeneración,2025-08-01T00:00:00.000+02:00,2025-07-31T22:00:00Z,0.384,20
1946,Potencia instalada de generación autoconsumo cogeneración,2025-08-01T00:00:00.000+02:00,2025-07-31T22:00:00Z,3.649,18
1946,Potencia instalada de generación autoconsumo cogeneración,2025-08-01T00:00:00.000+02:00,2025-07-31T22:00:00Z,74.432,17
1946,Potencia instalada de generación autoconsumo cogeneración,2025-08-01T00:00:00.000+02:00,2025-07-31T22:00:00Z,219.015,15
1946,Potencia instalada de generación autoconsumo cogeneración,2025-08-01T00:00:00.000+02:00,2025-07-31T22:00:00Z,13.834,14
1946,Potencia instalada de generación autoconsumo cogeneración,2025-08-01T00:00:00.000+02:00,2025-07-31T22:00:00Z,20.002,13
1946,Potencia instalada de generación autoconsumo cogeneración,2025-08-01T00:00:00.000+02:00,2025-07-31T22:00:00Z,3.848,16
1946,Potencia instalada de generación autoconsumo cogeneración,2025-08-01T00:00:00.000+02:00,2025-07-31T22:00:00Z,116.931,10
1946,Potencia instalada de generación autoconsumo cogeneración,2025-08-01T00:00:00.000+02:00,2025-07-31T22:00:00Z,329.729,9
1946,Potencia instalada de generación autoconsumo cogeneración,2025-08-01T00:00:00.000+02:00,2025-07-31T22:00:00Z,99.087,8
1946,Potencia instalada de generación autoconsumo cogeneración,2025-08-01T00:00:00.000+02:00,2025-07-31T22:00:00Z,114.837,7
1946,Potencia instalada de generación autoconsumo cogeneración,2025-08-01T00:00:00.000+02:00,2025-07-31T22:00:00Z,97.21,6
1946,Potencia instalada de generación autoconsumo cogeneración,2025-08-01T00:00:00.000+02:00,2025-07-31T22:00:00Z,137.071,5
1946,Potencia instalada de generación autoconsumo cogeneración,2025-08-01T00:00:00.000+02:00,2025-07-31T22:00:00Z,51.022,11
1946,Potencia instalada de generación autoconsumo cogeneración,2025-09-01T00:00:00.000+02:00,2025-08-31T22:00:00Z,13.834,14
1946,Potencia instalada de generación autoconsumo cogeneración,2025-09-01T00:00:00.000+02:00,2025-08-31T22:00:00Z,67.196,21
1946,Potencia instalada de generación autoconsumo cogeneración,2025-09-01T00:00:00.000+02:00,2025-08-31T22:00:00Z,0.384,20
1946,Potencia instalada de generación autoconsumo cogeneración,2025-09-01T00:00:00.000+02:00,2025-08-31T22:00:00Z,3.649,18
1946,Potencia instalada de generación autoconsumo cogeneración,2025-09-01T00:00:00.000+02:00,2025-08-31T22:00:00Z,74.432,17
1946,Potencia instalada de generación autoconsumo cogeneración,2025-09-01T00:00:00.000+02:00,2025-08-31T22:00:00Z,218.015,15
1946,Potencia instalada de generación autoconsumo cogeneración,2025-09-01T00:00:00.000+02:00,2025-08-31T22:00:00Z,20.002,13
1946,Potencia instalada de generación autoconsumo cogeneración,2025-09-01T00:00:00.000+02:00,2025-08-31T22:00:00Z,3.848,16
1946,Potencia instalada de generación autoconsumo cogeneración,2025-09-01T00:00:00.000+02:00,2025-08-31T22:00:00Z,116.931,10
1946,Potencia instalada de generación autoconsumo cogeneración,2025-09-01T00:00:00.000+02:00,2025-08-31T22:00:00Z,329.729,9
1946,Potencia instalada de generación autoconsumo cogeneración,2025-09-01T00:00:00.000+02:00,2025-08-31T22:00:00Z,99.099,8
1946,Potencia instalada de generación autoconsumo cogeneración,2025-09-01T00:00:00.000+02:00,2025-08-31T22:00:00Z,114.837,7
1946,Potencia instalada de generación autoconsumo cogeneración,2025-09-01T00:00:00.000+02:00,2025-08-31T22:00:00Z,97.21,6
1946,Potencia instalada de generación autoconsumo cogeneración,2025-09-01T00:00:00.000+02:00,2025-08-31T22:00:00Z,137.071,5
1946,Potencia instalada de generación autoconsumo cogeneración,2025-09-01T00:00:00.000+02:00,2025-08-31T22:00:00Z,267.475,4
1946,Potencia instalada de generación autoconsumo cogeneración,2025-09-01T00:00:00.000+02:00,2025-08-31T22:00:00Z,51.022,11
1946,Potencia instalada de generación autoconsumo cogeneración,2025-10-01T00:00:00.000+02:00,2025-09-30T22:00:00Z,67.196,21
1946,Potencia instalada de generación autoconsumo cogeneración,2025-10-01T00:00:00.000+02:00,2025-09-30T22:00:00Z,0.384,20
1946,Potencia instalada de generación autoconsumo cogeneración,2025-10-01T00:00:00.000+02:00,2025-09-30T22:00:00Z,3.649,18
1946,Potencia instalada de generación autoconsumo cogeneración,2025-10-01T00:00:00.000+02:00,2025-09-30T22:00:00Z,74.432,17
1946,Potencia instalada de generación autoconsumo cogeneración,2025-10-01T00:00:00.000+02:00,2025-09-30T22:00:00Z,3.848,16
1946,Potencia instalada de generación autoconsumo cogeneración,2025-10-01T00:00:00.000+02:00,2025-09-30T22:00:00Z,218.015,15
1946,Potencia instalada de generación autoconsumo cogeneración,2025-10-01T00:00:00.000+02:00,2025-09-30T22:00:00Z,13.834,14
1946,Potencia instalada de generación autoconsumo cogeneración,2025-10-01T00:00:00.000+02:00,2025-09-30T22:00:00Z,20.006,13
1946,Potencia instalada de generación autoconsumo cogeneración,2025-10-01T00:00:00.000+02:00,2025-09-30T22:00:00Z,51.022,11
1946,Potencia instalada de generación autoconsumo cogeneración,2025-10-01T00:00:00.000+02:00,2025-09-30T22:00:00Z,329.729,9
1946,Potencia instalada de generación autoconsumo cogeneración,2025-10-01T00:00:00.000+02:00,2025-09-30T22:00:00Z,99.099,8
1946,Potencia instalada de generación autoconsumo cogeneración,2025-10-01T00:00:00.000+02:00,2025-09-30T22:00:00Z,114.837,7
1946,Potencia instalada de generación autoconsumo cogeneración,2025-10-01T00:00:00.000+02:00,2025-09-30T22:00:00Z,97.21,6
1946,Potencia instalada de generación autoconsumo cogeneración,2025-10-01T00:00:00.000+02:00,2025-09-30T22:00:00Z,137.071,5
1946,Potencia instalada de generación autoconsumo cogeneración,2025-10-01T00:00:00.000+02:00,2025-09-30T22:00:00Z,267.475,4
1946,Potencia instalada de generación autoconsumo cogeneración,2025-10-01T00:00:00.000+02:00,2025-09-30T22:00:00Z,116.931,10
1946,Potencia instalada de generación autoconsumo cogeneración,2025-11-01T00:00:00.000+01:00,2025-10-31T23:00:00Z,20.044,14
1946,Potencia instalada de generación autoconsumo cogeneración,2025-11-01T00:00:00.000+01:00,2025-10-31T23:00:00Z,60.532,21
1946,Potencia instalada de generación autoconsumo cogeneración,2025-11-01T00:00:00.000+01:00,2025-10-31T23:00:00Z,0.384,20
1946,Potencia instalada de generación autoconsumo cogeneración,2025-11-01T00:00:00.000+01:00,2025-10-31T23:00:00Z,3.649,18
1946,Potencia instalada de generación autoconsumo cogeneración,2025-11-01T00:00:00.000+01:00,2025-10-31T23:00:00Z,74.432,17
1946,Potencia instalada de generación autoconsumo cogeneración,2025-11-01T00:00:00.000+01:00,2025-10-31T23:00:00Z,3.848,16
1946,Potencia instalada de generación autoconsumo cogeneración,2025-11-01T00:00:00.000+01:00,2025-10-31T23:00:00Z,217.02,15
1946,Potencia instalada de generación autoconsumo cogeneración,2025-11-01T00:00:00.000+01:00,2025-10-31T23:00:00Z,20.006,13
1946,Potencia instalada de generación autoconsumo cogeneración,2025-11-01T00:00:00.000+01:00,2025-10-31T23:00:00Z,114.837,7
1946,Potencia instalada de generación autoconsumo cogeneración,2025-11-01T00:00:00.000+01:00,2025-10-31T23:00:00Z,116.931,10
1946,Potencia instalada de generación autoconsumo cogeneración,2025-11-01T00:00:00.000+01:00,2025-10-31T23:00:00Z,329.729,9
1946,Potencia instalada de generación autoconsumo cogeneración,2025-11-01T00:00:00.000+01:00,2025-10-31T23:00:00Z,93.139,8
1946,Potencia instalada de generación autoconsumo cogeneración,2025-11-01T00:00:00.000+01:00,2025-10-31T23:00:00Z,51.022,11
1946,Potencia instalada de generación autoconsumo cogeneración,2025-11-01T00:00:00.000+01:00,2025-10-31T23:00:00Z,97.21,6
1946,Potencia instalada de generación autoconsumo cogeneración,2025-11-01T00:00:00.000+01:00,2025-10-31T23:00:00Z,137.071,5
1946,Potencia instalada de generación autoconsumo cogeneración,2025-11-01T00:00:00.000+01:00,2025-10-31T23:00:00Z,266.553,4
1946,Potencia instalada de generación autoconsumo cogeneración,2025-12-01T00:00:00.000+01:00,2025-11-30T23:00:00Z,60.532,21
1946,Potencia instalada de generación autoconsumo cogeneración,2025-12-01T00:00:00.000+01:00,2025-11-30T23:00:00Z,0.384,20
1946,Potencia instalada de generación autoconsumo cogeneración,2025-12-01T00:00:00.000+01:00,2025-11-30T23:00:00Z,3.649,18
1946,Potencia instalada de generación autoconsumo cogeneración,2025-12-01T00:00:00.000+01:00,2025-11-30T23:00:00Z,74.432,17
1946,Potencia instalada de generación autoconsumo cogeneración,2025-12-01T00:00:00.000+01:00,2025-11-30T23:00:00Z,3.848,16
1946,Potencia instalada de generación autoconsumo cogeneración,2025-12-01T00:00:00.000+01:00,2025-11-30T23:00:00Z,217.02,15
1946,Potencia instalada de generación autoconsumo cogeneración,2025-12-01T00:00:00.000+01:00,2025-11-30T23:00:00Z,20.044,14
1946,Potencia instalada de generación autoconsumo cogeneración,2025-12-01T00:00:00.000+01:00,2025-11-30T23:00:00Z,20.006,13
1946,Potencia instalada de generación autoconsumo cogeneración,2025-12-01T00:00:00.000+01:00,2025-11-30T23:00:00Z,116.931,10
1946,Potencia instalada de generación autoconsumo cogeneración,2025-12-01T00:00:00.000+01:00,2025-11-30T23:00:00Z,324.533,9
1946,Potencia instalada de generación autoconsumo cogeneración,2025-12-01T00:00:00.000+01:00,2025-11-30T23:00:00Z,93.139,8
1946,Potencia instalada de generación autoconsumo cogeneración,2025-12-01T00:00:00.000+01:00,2025-11-30T23:00:00Z,114.837,7
1946,Potencia instalada de generación autoconsumo cogeneración,2025-12-01T00:00:00.000+01:00,2025-11-30T23:00:00Z,97.21,6
1946,Potencia instalada de generación autoconsumo cogeneración,2025-12-01T00:00:00.000+01:00,2025-11-30T23:00:00Z,137.071,5
1946,Potencia instalada de generación autoconsumo cogeneración,2025-12-01T00:00:00.000+01:00,2025-11-30T23:00:00Z,266.553,4
1946,Potencia instalada de generación autoconsumo cogeneración,2025-12-01T00:00:00.000+01:00,2025-11-30T23:00:00Z,51.022,11
1946,Potencia instalada de generación autoconsumo cogeneración,2026-01-01T00:00:00.000+01:00,2025-12-31T23:00:00Z,20.044,14
1946,Potencia instalada de generación autoconsumo cogeneración,2026-01-01T00:00:00.000+01:00,2025-12-31T23:00:00Z,60.532,21
1946,Potencia instalada de generación autoconsumo cogeneración,2026-01-01T00:00:00.000+01:00,2025-12-31T23:00:00Z,0.384,20
1946,Potencia instalada de generación autoconsumo cogeneración,2026-01-01T00:00:00.000+01:00,2025-12-31T23:00:00Z,3.649,18
1946,Potencia instalada de generación autoconsumo cogeneración,2026-01-01T00:00:00.000+01:00,2025-12-31T23:00:00Z,74.432,17
1946,Potencia instalada de generación autoconsumo cogeneración,2026-01-01T00:00:00.000+01:00,2025-12-31T23:00:00Z,3.848,16
1946,Potencia instalada de generación autoconsumo cogeneración,2026-01-01T00:00:00.000+01:00,2025-12-31T23:00:00Z,217.02,15
1946,Potencia instalada de generación autoconsumo cogeneración,2026-01-01T00:00:00.000+01:00,2025-12-31T23:00:00Z,20.02,13
1946,Potencia instalada de generación autoconsumo cogeneración,2026-01-01T00:00:00.000+01:00,2025-12-31T23:00:00Z,266.553,4
1946,Potencia instalada de generación autoconsumo cogeneración,2026-01-01T00:00:00.000+01:00,2025-12-31T23:00:00Z,116.931,10
1946,Potencia instalada de generación autoconsumo cogeneración,2026-01-01T00:00:00.000+01:00,2025-12-31T23:00:00Z,408.103,9
1946,Potencia instalada de generación autoconsumo cogeneración,2026-01-01T00:00:00.000+01:00,2025-12-31T23:00:00Z,93.139,8
1946,Potencia instalada de generación autoconsumo cogeneración,2026-01-01T00:00:00.000+01:00,2025-12-31T23:00:00Z,114.858,7
1946,Potencia instalada de generación autoconsumo cogeneración,2026-01-01T00:00:00.000+01:00,2025-12-31T23:00:00Z,97.21,6
1946,Potencia instalada de generación autoconsumo cogeneración,2026-01-01T00:00:00.000+01:00,2025-12-31T23:00:00Z,137.571,5
1946,Potencia instalada de generación autoconsumo cogeneración,2026-01-01T00:00:00.000+01:00,2025-12-31T23:00:00Z,51.022,11
1946,Potencia instalada de generación autoconsumo cogeneración,2026-02-01T00:00:00.000+01:00,2026-01-31T23:00:00Z,20.044,14
1946,Potencia instalada de generación autoconsumo cogeneración,2026-02-01T00:00:00.000+01:00,2026-01-31T23:00:00Z,60.532,21
1946,Potencia instalada de generación autoconsumo cogeneración,2026-02-01T00:00:00.000+01:00,2026-01-31T23:00:00Z,0.384,20
1946,Potencia instalada de generación autoconsumo cogeneración,2026-02-01T00:00:00.000+01:00,2026-01-31T23:00:00Z,3.649,18
1946,Potencia instalada de generación autoconsumo cogeneración,2026-02-01T00:00:00.000+01:00,2026-01-31T23:00:00Z,74.432,17
1946,Potencia instalada de generación autoconsumo cogeneración,2026-02-01T00:00:00.000+01:00,2026-01-31T23:00:00Z,3.848,16
1946,Potencia instalada de generación autoconsumo cogeneración,2026-02-01T00:00:00.000+01:00,2026-01-31T23:00:00Z,217.02,15
1946,Potencia instalada de generación autoconsumo cogeneración,2026-02-01T00:00:00.000+01:00,2026-01-31T23:00:00Z,20.02,13
1946,Potencia instalada de generación autoconsumo cogeneración,2026-02-01T00:00:00.000+01:00,2026-01-31T23:00:00Z,51.022,11
1946,Potencia instalada de generación autoconsumo cogeneración,2026-02-01T00:00:00.000+01:00,2026-01-31T23:00:00Z,116.931,10
1946,Potencia instalada de generación autoconsumo cogeneración,2026-02-01T00:00:00.000+01:00,2026-01-31T23:00:00Z,407.108,9
1946,Potencia instalada de generación autoconsumo cogeneración,2026-02-01T00:00:00.000+01:00,2026-01-31T23:00:00Z,93.139,8
1946,Potencia instalada de generación autoconsumo cogeneración,2026-02-01T00:00:00.000+01:00,2026-01-31T23:00:00Z,114.858,7
1946,Potencia instalada de generación autoconsumo cogeneración,2026-02-01T00:00:00.000+01:00,2026-01-31T23:00:00Z,97.21,6
1946,Potencia instalada de generación autoconsumo cogeneración,2026-02-01T00:00:00.000+01:00,2026-01-31T23:00:00Z,162.316,5
1946,Potencia instalada de generación autoconsumo cogeneración,2026-02-01T00:00:00.000+01:00,2026-01-31T23:00:00Z,266.553,4
1946,Potencia instalada de generación autoconsumo cogeneración,2026-03-01T00:00:00.000+01:00,2026-02-28T23:00:00Z,0.384,20
1946,Potencia instalada de generación autoconsumo cogeneración,2026-03-01T00:00:00.000+01:00,2026-02-28T23:00:00Z,3.649,18
1946,Potencia instalada de generación autoconsumo cogeneración,2026-03-01T00:00:00.000+01:00,2026-02-28T23:00:00Z,73.445,17
1946,Potencia instalada de generación autoconsumo cogeneración,2026-03-01T00:00:00.000+01:00,2026-02-28T23:00:00Z,3.848,16
1946,Potencia instalada de generación autoconsumo cogeneración,2026-03-01T00:00:00.000+01:00,2026-02-28T23:00:00Z,212.907,15
1946,Potencia instalada de generación autoconsumo cogeneración,2026-03-01T00:00:00.000+01:00,2026-02-28T23:00:00Z,18.046,14
1946,Potencia instalada de generación autoconsumo cogeneración,2026-03-01T00:00:00.000+01:00,2026-02-28T23:00:00Z,18.568,13
1946,Potencia instalada de generación autoconsumo cogeneración,2026-03-01T00:00:00.000+01:00,2026-02-28T23:00:00Z,58.532,21
1946,Potencia instalada de generación autoconsumo cogeneración,2026-03-01T00:00:00.000+01:00,2026-02-28T23:00:00Z,116.931,10
1946,Potencia instalada de generación autoconsumo cogeneración,2026-03-01T00:00:00.000+01:00,2026-02-28T23:00:00Z,398.743,9
1946,Potencia instalada de generación autoconsumo cogeneración,2026-03-01T00:00:00.000+01:00,2026-02-28T23:00:00Z,93.139,8
1946,Potencia instalada de generación autoconsumo cogeneración,2026-03-01T00:00:00.000+01:00,2026-02-28T23:00:00Z,100.904,7
1946,Potencia instalada de generación autoconsumo cogeneración,2026-03-01T00:00:00.000+01:00,2026-02-28T23:00:00Z,97.21,6
1946,Potencia instalada de generación autoconsumo cogeneración,2026-03-01T00:00:00.000+01:00,2026-02-28T23:00:00Z,162.316,5
1946,Potencia instalada de generación autoconsumo cogeneración,2026-03-01T00:00:00.000+01:00,2026-02-28T23:00:00Z,232.953,4
1946,Potencia instalada de generación autoconsumo cogeneración,2026-03-01T00:00:00.000+01:00,2026-02-28T23:00:00Z,51.022,11
1946,Potencia instalada de generación autoconsumo cogeneración,2026-04-01T00:00:00.000+02:00,2026-03-31T22:00:00Z,58.532,21
1946,Potencia instalada de generación autoconsumo cogeneración,2026-04-01T00:00:00.000+02:00,2026-03-31T22:00:00Z,0.384,20
1946,Potencia instalada de generación autoconsumo cogeneración,2026-04-01T00:00:00.000+02:00,2026-03-31T22:00:00Z,3.649,18
1946,Potencia instalada de generación autoconsumo cogeneración,2026-04-01T00:00:00.000+02:00,2026-03-31T22:00:00Z,73.445,17
1946,Potencia instalada de generación autoconsumo cogeneración,2026-04-01T00:00:00.000+02:00,2026-03-31T22:00:00Z,3.848,16
1946,Potencia instalada de generación autoconsumo cogeneración,2026-04-01T00:00:00.000+02:00,2026-03-31T22:00:00Z,212.907,15
1946,Potencia instalada de generación autoconsumo cogeneración,2026-04-01T00:00:00.000+02:00,2026-03-31T22:00:00Z,18.046,14
1946,Potencia instalada de generación autoconsumo cogeneración,2026-04-01T00:00:00.000+02:00,2026-03-31T22:00:00Z,18.568,13
1946,Potencia instalada de generación autoconsumo cogeneración,2026-04-01T00:00:00.000+02:00,2026-03-31T22:00:00Z,51.022,11
1946,Potencia instalada de generación autoconsumo cogeneración,2026-04-01T00:00:00.000+02:00,2026-03-31T22:00:00Z,398.743,9
1946,Potencia instalada de generación autoconsumo cogeneración,2026-04-01T00:00:00.000+02:00,2026-03-31T22:00:00Z,93.139,8
1946,Potencia instalada de generación autoconsumo cogeneración,2026-04-01T00:00:00.000+02:00,2026-03-31T22:00:00Z,100.904,7
1946,Potencia instalada de generación autoconsumo cogeneración,2026-04-01T00:00:00.000+02:00,2026-03-31T22:00:00Z,97.21,6
1946,Potencia instalada de generación autoconsumo cogeneración,2026-04-01T00:00:00.000+02:00,2026-03-31T22:00:00Z,162.316,5
1946,Potencia instalada de generación autoconsumo cogeneración,2026-04-01T00:00:00.000+02:00,2026-03-31T22:00:00Z,232.953,4
1946,Potencia instalada de generación autoconsumo cogeneración,2026-04-01T00:00:00.000+02:00,2026-03-31T22:00:00Z,116.931,10
1946,Potencia instalada de generación autoconsumo cogeneración,2026-05-01T00:00:00.000+02:00,2026-04-30T22:00:00Z,18.046,14
1946,Potencia instalada de generación autoconsumo cogeneración,2026-05-01T00:00:00.000+02:00,2026-04-30T22:00:00Z,58.532,21
1946,Potencia instalada de generación autoconsumo cogeneración,2026-05-01T00:00:00.000+02:00,2026-04-30T22:00:00Z,0.384,20
1946,Potencia instalada de generación autoconsumo cogeneración,2026-05-01T00:00:00.000+02:00,2026-04-30T22:00:00Z,3.649,18
1946,Potencia instalada de generación autoconsumo cogeneración,2026-05-01T00:00:00.000+02:00,2026-04-30T22:00:00Z,3.848,16
1946,Potencia instalada de generación autoconsumo cogeneración,2026-05-01T00:00:00.000+02:00,2026-04-30T22:00:00Z,213.733,15
1946,Potencia instalada de generación autoconsumo cogeneración,2026-05-01T00:00:00.000+02:00,2026-04-30T22:00:00Z,18.568,13
1946,Potencia instalada de generación autoconsumo cogeneración,2026-05-01T00:00:00.000+02:00,2026-04-30T22:00:00Z,73.445,17
1946,Potencia instalada de generación autoconsumo cogeneración,2026-05-01T00:00:00.000+02:00,2026-04-30T22:00:00Z,116.931,10
1946,Potencia instalada de generación autoconsumo cogeneración,2026-05-01T00:00:00.000+02:00,2026-04-30T22:00:00Z,398.743,9
1946,Potencia instalada de generación autoconsumo cogeneración,2026-05-01T00:00:00.000+02:00,2026-04-30T22:00:00Z,93.139,8
1946,Potencia instalada de generación autoconsumo cogeneración,2026-05-01T00:00:00.000+02:00,2026-04-30T22:00:00Z,100.904,7
1946,Potencia instalada de generación autoconsumo cogeneración,2026-05-01T00:00:00.000+02:00,2026-04-30T22:00:00Z,51.022,11
1946,Potencia instalada de generación autoconsumo cogeneración,2026-05-01T00:00:00.000+02:00,2026-04-30T22:00:00Z,97.21,6
1946,Potencia instalada de generación autoconsumo cogeneración,2026-05-01T00:00:00.000+02:00,2026-04-30T22:00:00Z,162.316,5
1946,Potencia instalada de generación autoconsumo cogeneración,2026-05-01T00:00:00.000+02:00,2026-04-30T22:00:00Z,232.953,4
1946,Potencia instalada de generación autoconsumo cogeneración,2026-06-01T00:00:00.000+02:00,2026-05-31T22:00:00Z,58.532,21
1946,Potencia instalada de generación autoconsumo cogeneración,2026-06-01T00:00:00.000+02:00,2026-05-31T22:00:00Z,0.384,20
1946,Potencia instalada de generación autoconsumo cogeneración,2026-06-01T00:00:00.000+02:00,2026-05-31T22:00:00Z,3.649,18
1946,Potencia instalada de generación autoconsumo cogeneración,2026-06-01T00:00:00.000+02:00,2026-05-31T22:00:00Z,73.445,17
1946,Potencia instalada de generación autoconsumo cogeneración,2026-06-01T00:00:00.000+02:00,2026-05-31T22:00:00Z,3.848,16
1946,Potencia instalada de generación autoconsumo cogeneración,2026-06-01T00:00:00.000+02:00,2026-05-31T22:00:00Z,213.74,15
1946,Potencia instalada de generación autoconsumo cogeneración,2026-06-01T00:00:00.000+02:00,2026-05-31T22:00:00Z,18.046,14
1946,Potencia instalada de generación autoconsumo cogeneración,2026-06-01T00:00:00.000+02:00,2026-05-31T22:00:00Z,18.568,13
1946,Potencia instalada de generación autoconsumo cogeneración,2026-06-01T00:00:00.000+02:00,2026-05-31T22:00:00Z,51.022,11
1946,Potencia instalada de generación autoconsumo cogeneración,2026-06-01T00:00:00.000+02:00,2026-05-31T22:00:00Z,116.931,10
1946,Potencia instalada de generación autoconsumo cogeneración,2026-06-01T00:00:00.000+02:00,2026-05-31T22:00:00Z,394.283,9
1946,Potencia instalada de generación autoconsumo cogeneración,2026-06-01T00:00:00.000+02:00,2026-05-31T22:00:00Z,93.139,8
1946,Potencia instalada de generación autoconsumo cogeneración,2026-06-01T00:00:00.000+02:00,2026-05-31T22:00:00Z,96.984,7
1946,Potencia instalada de generación autoconsumo cogeneración,2026-06-01T00:00:00.000+02:00,2026-05-31T22:00:00Z,97.21,6
1946,Potencia instalada de generación autoconsumo cogeneración,2026-06-01T00:00:00.000+02:00,2026-05-31T22:00:00Z,162.316,5
1946,Potencia instalada de generación autoconsumo cogeneración,2026-06-01T00:00:00.000+02:00,2026-05-31T22:00:00Z,232.953,4
1946,Potencia instalada de generación autoconsumo cogeneración,2026-07-01T00:00:00.000+02:00,2026-06-30T22:00:00Z,0.384,20
1946,Potencia instalada de generación autoconsumo cogeneración,2026-07-01T00:00:00.000+02:00,2026-06-30T22:00:00Z,3.649,18
1946,Potencia instalada de generación autoconsumo cogeneración,2026-07-01T00:00:00.000+02:00,2026-06-30T22:00:00Z,73.445,17
1946,Potencia instalada de generación autoconsumo cogeneración,2026-07-01T00:00:00.000+02:00,2026-06-30T22:00:00Z,58.532,21
1946,Potencia instalada de generación autoconsumo cogeneración,2026-07-01T00:00:00.000+02:00,2026-06-30T22:00:00Z,3.848,16
1946,Potencia instalada de generación autoconsumo cogeneración,2026-07-01T00:00:00.000+02:00,2026-06-30T22:00:00Z,213.74,15
1946,Potencia instalada de generación autoconsumo cogeneración,2026-07-01T00:00:00.000+02:00,2026-06-30T22:00:00Z,18.046,14
1946,Potencia instalada de generación autoconsumo cogeneración,2026-07-01T00:00:00.000+02:00,2026-06-30T22:00:00Z,18.576,13
1946,Potencia instalada de generación autoconsumo cogeneración,2026-07-01T00:00:00.000+02:00,2026-06-30T22:00:00Z,96.994,7
1946,Potencia instalada de generación autoconsumo cogeneración,2026-07-01T00:00:00.000+02:00,2026-06-30T22:00:00Z,116.931,10
1946,Potencia instalada de generación autoconsumo cogeneración,2026-07-01T00:00:00.000+02:00,2026-06-30T22:00:00Z,388.893,9
1946,Potencia instalada de generación autoconsumo cogeneración,2026-07-01T00:00:00.000+02:00,2026-06-30T22:00:00Z,93.139,8
1946,Potencia instalada de generación autoconsumo cogeneración,2026-07-01T00:00:00.000+02:00,2026-06-30T22:00:00Z,97.21,6
1946,Potencia instalada de generación autoconsumo cogeneración,2026-07-01T00:00:00.000+02:00,2026-06-30T22:00:00Z,162.316,5
1946,Potencia instalada de generación autoconsumo cogeneración,2026-07-01T00:00:00.000+02:00,2026-06-30T22:00:00Z,232.953,4
1946,Potencia instalada de generación autoconsumo cogeneración,2026-07-01T00:00:00.000+02:00,2026-06-30T22:00:00Z,51.022,11
1946,Potencia instalada de generación autoconsumo cogeneración,2026-08-01T00:00:00.000+02:00,2026-07-31T22:00:00Z,3.649,18
1946,Potencia instalada de generación autoconsumo cogeneración,2026-08-01T00:00:00.000+02:00,2026-07-31T22:00:00Z,108.015,17
1946,Potencia instalada de generación autoconsumo cogeneración,2026-08-01T00:00:00.000+02:00,2026-07-31T22:00:00Z,3.848,16
1946,Potencia instalada de generación autoconsumo cogeneración,2026-08-01T00:00:00.000+02:00,2026-07-31T22:00:00Z,284.485,15
1946,Potencia instalada de generación autoconsumo cogeneración,2026-08-01T00:00:00.000+02:00,2026-07-31T22:00:00Z,25.506,14
1946,Potencia instalada de generación autoconsumo cogeneración,2026-08-01T00:00:00.000+02:00,2026-07-31T22:00:00Z,29.986,13
1946,Potencia instalada de generación autoconsumo cogeneración,2026-08-01T00:00:00.000+02:00,2026-07-31T22:00:00Z,51.022,11
1946,Potencia instalada de generación autoconsumo cogeneración,2026-08-01T00:00:00.000+02:00,2026-07-31T22:00:00Z,171.176,8
1946,Potencia instalada de generación autoconsumo cogeneración,2026-08-01T00:00:00.000+02:00,2026-07-31T22:00:00Z,487.021,9
1946,Potencia instalada de generación autoconsumo cogeneración,2026-08-01T00:00:00.000+02:00,2026-07-31T22:00:00Z,93.474,7
1946,Potencia instalada de generación autoconsumo cogeneración,2026-08-01T00:00:00.000+02:00,2026-07-31T22:00:00Z,188.93,6
1946,Potencia instalada de generación autoconsumo cogeneración,2026-08-01T00:00:00.000+02:00,2026-07-31T22:00:00Z,254.186,5
1946,Potencia instalada de generación autoconsumo cogeneración,2026-08-01T00:00:00.000+02:00,2026-07-31T22:00:00Z,335.251,4
1946,Potencia instalada de generación autoconsumo cogeneración,2026-08-01T00:00:00.000+02:00,2026-07-31T22:00:00Z,0.384,20
1946,Potencia instalada de generación autoconsumo cogeneración,2026-08-01T00:00:00.000+02:00,2026-07-31T22:00:00Z,116.931,10
1946,Potencia instalada de generación autoconsumo cogeneración,2026-08-01T00:00:00.000+02:00,2026-07-31T22:00:00Z,58.532,21
1947,Potencia instalada de generación autoconsumo otras renovables,2025-08-01T00:00:00.000+02:00,2025-07-31T22:00:00Z,121.495,4
1947,Potencia instalada de generación autoconsumo otras renovables,2025-08-01T00:00:00.000+02:00,2025-07-31T22:00:00Z,0.35,21
1947,Potencia instalada de generación autoconsumo otras renovables,2025-08-01T00:00:00.000+02:00,2025-07-31T22:00:00Z,2.287,20
1947,Potencia instalada de generación autoconsumo otras renovables,2025-08-01T00:00:00.000+02:00,2025-07-31T22:00:00Z,5.012,19
1947,Potencia instalada de generación autoconsumo otras renovables,2025-08-01T00:00:00.000+02:00,2025-07-31T22:00:00Z,6.076,18
1947,Potencia instalada de generación autoconsumo otras renovables,2025-08-01T00:00:00.000+02:00,2025-07-31T22:00:00Z,0.03,16
1947,Potencia instalada de generación autoconsumo otras renovables,2025-08-01T00:00:00.000+02:00,2025-07-31T22:00:00Z,1.256,15
1947,Potencia instalada de generación autoconsumo otras renovables,2025-08-01T00:00:00.000+02:00,2025-07-31T22:00:00Z,3.016,14
1947,Potencia instalada de generación autoconsumo otras renovables,2025-08-01T00:00:00.000+02:00,2025-07-31T22:00:00Z,6.7,17
1947,Potencia instalada de generación autoconsumo otras renovables,2025-08-01T00:00:00.000+02:00,2025-07-31T22:00:00Z,0.368,11
1947,Potencia instalada de generación autoconsumo otras renovables,2025-08-01T00:00:00.000+02:00,2025-07-31T22:00:00Z,6.245,10
1947,Potencia instalada de generación autoconsumo otras renovables,2025-08-01T00:00:00.000+02:00,2025-07-31T22:00:00Z,81.906,9
1947,Potencia instalada de generación autoconsumo otras renovables,2025-08-01T00:00:00.000+02:00,2025-07-31T22:00:00Z,21.691,8
1947,Potencia instalada de generación autoconsumo otras renovables,2025-08-01T00:00:00.000+02:00,2025-07-31T22:00:00Z,1.05,7
1947,Potencia instalada de generación autoconsumo otras renovables,2025-08-01T00:00:00.000+02:00,2025-07-31T22:00:00Z,51.457,5
1947,Potencia instalada de generación autoconsumo otras renovables,2025-08-01T00:00:00.000+02:00,2025-07-31T22:00:00Z,3.461,13
1947,Potencia instalada de generación autoconsumo otras renovables,2025-09-01T00:00:00.000+02:00,2025-08-31T22:00:00Z,1.256,15
1947,Potencia instalada de generación autoconsumo otras renovables,2025-09-01T00:00:00.000+02:00,2025-08-31T22:00:00Z,0.35,21
1947,Potencia instalada de generación autoconsumo otras renovables,2025-09-01T00:00:00.000+02:00,2025-08-31T22:00:00Z,2.287,20
1947,Potencia instalada de generación autoconsumo otras renovables,2025-09-01T00:00:00.000+02:00,2025-08-31T22:00:00Z,5.012,19
1947,Potencia instalada de generación autoconsumo otras renovables,2025-09-01T00:00:00.000+02:00,2025-08-31T22:00:00Z,6.076,18
1947,Potencia instalada de generación autoconsumo otras renovables,2025-09-01T00:00:00.000+02:00,2025-08-31T22:00:00Z,0.03,16
1947,Potencia instalada de generación autoconsumo otras renovables,2025-09-01T00:00:00.000+02:00,2025-08-31T22:00:00Z,3.016,14
1947,Potencia instalada de generación autoconsumo otras renovables,2025-09-01T00:00:00.000+02:00,2025-08-31T22:00:00Z,6.7,17
1947,Potencia instalada de generación autoconsumo otras renovables,2025-09-01T00:00:00.000+02:00,2025-08-31T22:00:00Z,0.368,11
1947,Potencia instalada de generación autoconsumo otras renovables,2025-09-01T00:00:00.000+02:00,2025-08-31T22:00:00Z,6.245,10
1947,Potencia instalada de generación autoconsumo otras renovables,2025-09-01T00:00:00.000+02:00,2025-08-31T22:00:00Z,81.906,9
1947,Potencia instalada de generación autoconsumo otras renovables,2025-09-01T00:00:00.000+02:00,2025-08-31T22:00:00Z,21.691,8
1947,Potencia instalada de generación autoconsumo otras renovables,2025-09-01T00:00:00.000+02:00,2025-08-31T22:00:00Z,1.05,7
1947,Potencia instalada de generación autoconsumo otras renovables,2025-09-01T00:00:00.000+02:00,2025-08-31T22:00:00Z,51.457,5
1947,Potencia instalada de generación autoconsumo otras renovables,2025-09-01T00:00:00.000+02:00,2025-08-31T22:00:00Z,121.495,4
1947,Potencia instalada de generación autoconsumo otras renovables,2025-09-01T00:00:00.000+02:00,2025-08-31T22:00:00Z,3.461,13
1947,Potencia instalada de generación autoconsumo otras renovables,2025-10-01T00:00:00.000+02:00,2025-09-30T22:00:00Z,0.35,21
1947,Potencia instalada de generación autoconsumo otras renovables,2025-10-01T00:00:00.000+02:00,2025-09-30T22:00:00Z,2.287,20
1947,Potencia instalada de generación autoconsumo otras renovables,2025-10-01T00:00:00.000+02:00,2025-09-30T22:00:00Z,5.012,19
1947,Potencia instalada de generación autoconsumo otras renovables,2025-10-01T00:00:00.000+02:00,2025-09-30T22:00:00Z,7.916,18
1947,Potencia instalada de generación autoconsumo otras renovables,2025-10-01T00:00:00.000+02:00,2025-09-30T22:00:00Z,6.7,17
1947,Potencia instalada de generación autoconsumo otras renovables,2025-10-01T00:00:00.000+02:00,2025-09-30T22:00:00Z,0.03,16
1947,Potencia instalada de generación autoconsumo otras renovables,2025-10-01T00:00:00.000+02:00,2025-09-30T22:00:00Z,1.356,15
1947,Potencia instalada de generación autoconsumo otras renovables,2025-10-01T00:00:00.000+02:00,2025-09-30T22:00:00Z,3.016,14
1947,Potencia instalada de generación autoconsumo otras renovables,2025-10-01T00:00:00.000+02:00,2025-09-30T22:00:00Z,3.461,13
1947,Potencia instalada de generación autoconsumo otras renovables,2025-10-01T00:00:00.000+02:00,2025-09-30T22:00:00Z,6.245,10
1947,Potencia instalada de generación autoconsumo otras renovables,2025-10-01T00:00:00.000+02:00,2025-09-30T22:00:00Z,81.906,9
1947,Potencia instalada de generación autoconsumo otras renovables,2025-10-01T00:00:00.000+02:00,2025-09-30T22:00:00Z,21.691,8
1947,Potencia instalada de generación autoconsumo otras renovables,2025-10-01T00:00:00.000+02:00,2025-09-30T22:00:00Z,1.05,7
1947,Potencia instalada de generación autoconsumo otras renovables,2025-10-01T00:00:00.000+02:00,2025-09-30T22:00:00Z,51.457,5
1947,Potencia instalada de generación autoconsumo otras renovables,2025-10-01T00:00:00.000+02:00,2025-09-30T22:00:00Z,121.495,4
1947,Potencia instalada de generación autoconsumo otras renovables,2025-10-01T00:00:00.000+02:00,2025-09-30T22:00:00Z,0.368,11
1947,Potencia instalada de generación autoconsumo otras renovables,2025-11-01T00:00:00.000+01:00,2025-10-31T23:00:00Z,1.356,15
1947,Potencia instalada de generación autoconsumo otras renovables,2025-11-01T00:00:00.000+01:00,2025-10-31T23:00:00Z,0.35,21
1947,Potencia instalada de generación autoconsumo otras renovables,2025-11-01T00:00:00.000+01:00,2025-10-31T23:00:00Z,2.287,20
1947,Potencia instalada de generación autoconsumo otras renovables,2025-11-01T00:00:00.000+01:00,2025-10-31T23:00:00Z,5.012,19
1947,Potencia instalada de generación autoconsumo otras renovables,2025-11-01T00:00:00.000+01:00,2025-10-31T23:00:00Z,7.916,18
1947,Potencia instalada de generación autoconsumo otras renovables,2025-11-01T00:00:00.000+01:00,2025-10-31T23:00:00Z,6.7,17
1947,Potencia instalada de generación autoconsumo otras renovables,2025-11-01T00:00:00.000+01:00,2025-10-31T23:00:00Z,0.03,16
1947,Potencia instalada de generación autoconsumo otras renovables,2025-11-01T00:00:00.000+01:00,2025-10-31T23:00:00Z,3.176,14
1947,Potencia instalada de generación autoconsumo otras renovables,2025-11-01T00:00:00.000+01:00,2025-10-31T23:00:00Z,21.691,8
1947,Potencia instalada de generación autoconsumo otras renovables,2025-11-01T00:00:00.000+01:00,2025-10-31T23:00:00Z,0.368,11
1947,Potencia instalada de generación autoconsumo otras renovables,2025-11-01T00:00:00.000+01:00,2025-10-31T23:00:00Z,6.245,10
1947,Potencia instalada de generación autoconsumo otras renovables,2025-11-01T00:00:00.000+01:00,2025-10-31T23:00:00Z,81.906,9
1947,Potencia instalada de generación autoconsumo otras renovables,2025-11-01T00:00:00.000+01:00,2025-10-31T23:00:00Z,3.461,13
1947,Potencia instalada de generación autoconsumo otras renovables,2025-11-01T00:00:00.000+01:00,2025-10-31T23:00:00Z,1.05,7
1947,Potencia instalada de generación autoconsumo otras renovables,2025-11-01T00:00:00.000+01:00,2025-10-31T23:00:00Z,51.457,5
1947,Potencia instalada de generación autoconsumo otras renovables,2025-11-01T00:00:00.000+01:00,2025-10-31T23:00:00Z,121.495,4
1947,Potencia instalada de generación autoconsumo otras renovables,2025-12-01T00:00:00.000+01:00,2025-11-30T23:00:00Z,0.35,21
1947,Potencia instalada de generación autoconsumo otras renovables,2025-12-01T00:00:00.000+01:00,2025-11-30T23:00:00Z,2.287,20
1947,Potencia instalada de generación autoconsumo otras renovables,2025-12-01T00:00:00.000+01:00,2025-11-30T23:00:00Z,5.012,19
1947,Potencia instalada de generación autoconsumo otras renovables,2025-12-01T00:00:00.000+01:00,2025-11-30T23:00:00Z,7.916,18
1947,Potencia instalada de generación autoconsumo otras renovables,2025-12-01T00:00:00.000+01:00,2025-11-30T23:00:00Z,6.7,17
1947,Potencia instalada de generación autoconsumo otras renovables,2025-12-01T00:00:00.000+01:00,2025-11-30T23:00:00Z,0.03,16
1947,Potencia instalada de generación autoconsumo otras renovables,2025-12-01T00:00:00.000+01:00,2025-11-30T23:00:00Z,1.356,15
1947,Potencia instalada de generación autoconsumo otras renovables,2025-12-01T00:00:00.000+01:00,2025-11-30T23:00:00Z,3.176,14
1947,Potencia instalada de generación autoconsumo otras renovables,2025-12-01T00:00:00.000+01:00,2025-11-30T23:00:00Z,0.368,11
1947,Potencia instalada de generación autoconsumo otras renovables,2025-12-01T00:00:00.000+01:00,2025-11-30T23:00:00Z,6.245,10
1947,Potencia instalada de generación autoconsumo otras renovables,2025-12-01T00:00:00.000+01:00,2025-11-30T23:00:00Z,81.906,9
1947,Potencia instalada de generación autoconsumo otras renovables,2025-12-01T00:00:00.000+01:00,2025-11-30T23:00:00Z,21.691,8
1947,Potencia instalada de generación autoconsumo otras renovables,2025-12-01T00:00:00.000+01:00,2025-11-30T23:00:00Z,1.05,7
1947,Potencia instalada de generación autoconsumo otras renovables,2025-12-01T00:00:00.000+01:00,2025-11-30T23:00:00Z,51.457,5
1947,Potencia instalada de generación autoconsumo otras renovables,2025-12-01T00:00:00.000+01:00,2025-11-30T23:00:00Z,121.495,4
1947,Potencia instalada de generación autoconsumo otras renovables,2025-12-01T00:00:00.000+01:00,2025-11-30T23:00:00Z,3.461,13
1947,Potencia instalada de generación autoconsumo otras renovables,2026-01-01T00:00:00.000+01:00,2025-12-31T23:00:00Z,1.356,15
1947,Potencia instalada de generación autoconsumo otras renovables,2026-01-01T00:00:00.000+01:00,2025-12-31T23:00:00Z,0.35,21
1947,Potencia instalada de generación autoconsumo otras renovables,2026-01-01T00:00:00.000+01:00,2025-12-31T23:00:00Z,2.287,20
1947,Potencia instalada de generación autoconsumo otras renovables,2026-01-01T00:00:00.000+01:00,2025-12-31T23:00:00Z,5.012,19
1947,Potencia instalada de generación autoconsumo otras renovables,2026-01-01T00:00:00.000+01:00,2025-12-31T23:00:00Z,7.916,18
1947,Potencia instalada de generación autoconsumo otras renovables,2026-01-01T00:00:00.000+01:00,2025-12-31T23:00:00Z,6.7,17
1947,Potencia instalada de generación autoconsumo otras renovables,2026-01-01T00:00:00.000+01:00,2025-12-31T23:00:00Z,0.03,16
1947,Potencia instalada de generación autoconsumo otras renovables,2026-01-01T00:00:00.000+01:00,2025-12-31T23:00:00Z,3.176,14
1947,Potencia instalada de generación autoconsumo otras renovables,2026-01-01T00:00:00.000+01:00,2025-12-31T23:00:00Z,121.495,4
1947,Potencia instalada de generación autoconsumo otras renovables,2026-01-01T00:00:00.000+01:00,2025-12-31T23:00:00Z,0.368,11
1947,Potencia instalada de generación autoconsumo otras renovables,2026-01-01T00:00:00.000+01:00,2025-12-31T23:00:00Z,6.245,10
1947,Potencia instalada de generación autoconsumo otras renovables,2026-01-01T00:00:00.000+01:00,2025-12-31T23:00:00Z,81.906,9
1947,Potencia instalada de generación autoconsumo otras renovables,2026-01-01T00:00:00.000+01:00,2025-12-31T23:00:00Z,21.691,8
1947,Potencia instalada de generación autoconsumo otras renovables,2026-01-01T00:00:00.000+01:00,2025-12-31T23:00:00Z,1.05,7
1947,Potencia instalada de generación autoconsumo otras renovables,2026-01-01T00:00:00.000+01:00,2025-12-31T23:00:00Z,51.457,5
1947,Potencia instalada de generación autoconsumo otras renovables,2026-01-01T00:00:00.000+01:00,2025-12-31T23:00:00Z,3.461,13
1947,Potencia instalada de generación autoconsumo otras renovables,2026-02-01T00:00:00.000+01:00,2026-01-31T23:00:00Z,1.356,15
1947,Potencia instalada de generación autoconsumo otras renovables,2026-02-01T00:00:00.000+01:00,2026-01-31T23:00:00Z,0.35,21
1947,Potencia instalada de generación autoconsumo otras renovables,2026-02-01T00:00:00.000+01:00,2026-01-31T23:00:00Z,2.287,20
1947,Potencia instalada de generación autoconsumo otras renovables,2026-02-01T00:00:00.000+01:00,2026-01-31T23:00:00Z,5.012,19
1947,Potencia instalada de generación autoconsumo otras renovables,2026-02-01T00:00:00.000+01:00,2026-01-31T23:00:00Z,7.916,18
1947,Potencia instalada de generación autoconsumo otras renovables,2026-02-01T00:00:00.000+01:00,2026-01-31T23:00:00Z,6.7,17
1947,Potencia instalada de generación autoconsumo otras renovables,2026-02-01T00:00:00.000+01:00,2026-01-31T23:00:00Z,0.03,16
1947,Potencia instalada de generación autoconsumo otras renovables,2026-02-01T00:00:00.000+01:00,2026-01-31T23:00:00Z,3.176,14
1947,Potencia instalada de generación autoconsumo otras renovables,2026-02-01T00:00:00.000+01:00,2026-01-31T23:00:00Z,3.461,13
1947,Potencia instalada de generación autoconsumo otras renovables,2026-02-01T00:00:00.000+01:00,2026-01-31T23:00:00Z,0.368,11
1947,Potencia instalada de generación autoconsumo otras renovables,2026-02-01T00:00:00.000+01:00,2026-01-31T23:00:00Z,6.245,10
1947,Potencia instalada de generación autoconsumo otras renovables,2026-02-01T00:00:00.000+01:00,2026-01-31T23:00:00Z,81.906,9
1947,Potencia instalada de generación autoconsumo otras renovables,2026-02-01T00:00:00.000+01:00,2026-01-31T23:00:00Z,21.691,8
1947,Potencia instalada de generación autoconsumo otras renovables,2026-02-01T00:00:00.000+01:00,2026-01-31T23:00:00Z,1.05,7
1947,Potencia instalada de generación autoconsumo otras renovables,2026-02-01T00:00:00.000+01:00,2026-01-31T23:00:00Z,51.457,5
1947,Potencia instalada de generación autoconsumo otras renovables,2026-02-01T00:00:00.000+01:00,2026-01-31T23:00:00Z,121.495,4
1947,Potencia instalada de generación autoconsumo otras renovables,2026-03-01T00:00:00.000+01:00,2026-02-28T23:00:00Z,2.287,20
1947,Potencia instalada de generación autoconsumo otras renovables,2026-03-01T00:00:00.000+01:00,2026-02-28T23:00:00Z,5.012,19
1947,Potencia instalada de generación autoconsumo otras renovables,2026-03-01T00:00:00.000+01:00,2026-02-28T23:00:00Z,7.916,18
1947,Potencia instalada de generación autoconsumo otras renovables,2026-03-01T00:00:00.000+01:00,2026-02-28T23:00:00Z,6.7,17
1947,Potencia instalada de generación autoconsumo otras renovables,2026-03-01T00:00:00.000+01:00,2026-02-28T23:00:00Z,0.03,16
1947,Potencia instalada de generación autoconsumo otras renovables,2026-03-01T00:00:00.000+01:00,2026-02-28T23:00:00Z,1.356,15
1947,Potencia instalada de generación autoconsumo otras renovables,2026-03-01T00:00:00.000+01:00,2026-02-28T23:00:00Z,3.176,14
1947,Potencia instalada de generación autoconsumo otras renovables,2026-03-01T00:00:00.000+01:00,2026-02-28T23:00:00Z,0.35,21
1947,Potencia instalada de generación autoconsumo otras renovables,2026-03-01T00:00:00.000+01:00,2026-02-28T23:00:00Z,0.368,11
1947,Potencia instalada de generación autoconsumo otras renovables,2026-03-01T00:00:00.000+01:00,2026-02-28T23:00:00Z,6.245,10
1947,Potencia instalada de generación autoconsumo otras renovables,2026-03-01T00:00:00.000+01:00,2026-02-28T23:00:00Z,81.906,9
1947,Potencia instalada de generación autoconsumo otras renovables,2026-03-01T00:00:00.000+01:00,2026-02-28T23:00:00Z,21.691,8
1947,Potencia instalada de generación autoconsumo otras renovables,2026-03-01T00:00:00.000+01:00,2026-02-28T23:00:00Z,1.05,7
1947,Potencia instalada de generación autoconsumo otras renovables,2026-03-01T00:00:00.000+01:00,2026-02-28T23:00:00Z,51.457,5
1947,Potencia instalada de generación autoconsumo otras renovables,2026-03-01T00:00:00.000+01:00,2026-02-28T23:00:00Z,121.495,4
1947,Potencia instalada de generación autoconsumo otras renovables,2026-03-01T00:00:00.000+01:00,2026-02-28T23:00:00Z,3.461,13
1947,Potencia instalada de generación autoconsumo otras renovables,2026-04-01T00:00:00.000+02:00,2026-03-31T22:00:00Z,0.51,21
1947,Potencia instalada de generación autoconsumo otras renovables,2026-04-01T00:00:00.000+02:00,2026-03-31T22:00:00Z,2.287,20
1947,Potencia instalada de generación autoconsumo otras renovables,2026-04-01T00:00:00.000+02:00,2026-03-31T22:00:00Z,5.012,19
1947,Potencia instalada de generación autoconsumo otras renovables,2026-04-01T00:00:00.000+02:00,2026-03-31T22:00:00Z,7.916,18
1947,Potencia instalada de generación autoconsumo otras renovables,2026-04-01T00:00:00.000+02:00,2026-03-31T22:00:00Z,6.7,17
1947,Potencia instalada de generación autoconsumo otras renovables,2026-04-01T00:00:00.000+02:00,2026-03-31T22:00:00Z,0.03,16
1947,Potencia instalada de generación autoconsumo otras renovables,2026-04-01T00:00:00.000+02:00,2026-03-31T22:00:00Z,1.356,15
1947,Potencia instalada de generación autoconsumo otras renovables,2026-04-01T00:00:00.000+02:00,2026-03-31T22:00:00Z,3.176,14
1947,Potencia instalada de generación autoconsumo otras renovables,2026-04-01T00:00:00.000+02:00,2026-03-31T22:00:00Z,3.461,13
1947,Potencia instalada de generación autoconsumo otras renovables,2026-04-01T00:00:00.000+02:00,2026-03-31T22:00:00Z,6.245,10
1947,Potencia instalada de generación autoconsumo otras renovables,2026-04-01T00:00:00.000+02:00,2026-03-31T22:00:00Z,81.906,9
1947,Potencia instalada de generación autoconsumo otras renovables,2026-04-01T00:00:00.000+02:00,2026-03-31T22:00:00Z,21.691,8
1947,Potencia instalada de generación autoconsumo otras renovables,2026-04-01T00:00:00.000+02:00,2026-03-31T22:00:00Z,1.05,7
1947,Potencia instalada de generación autoconsumo otras renovables,2026-04-01T00:00:00.000+02:00,2026-03-31T22:00:00Z,51.457,5
1947,Potencia instalada de generación autoconsumo otras renovables,2026-04-01T00:00:00.000+02:00,2026-03-31T22:00:00Z,121.495,4
1947,Potencia instalada de generación autoconsumo otras renovables,2026-04-01T00:00:00.000+02:00,2026-03-31T22:00:00Z,0.368,11
1947,Potencia instalada de generación autoconsumo otras renovables,2026-05-01T00:00:00.000+02:00,2026-04-30T22:00:00Z,1.356,15
1947,Potencia instalada de generación autoconsumo otras renovables,2026-05-01T00:00:00.000+02:00,2026-04-30T22:00:00Z,0.51,21
1947,Potencia instalada de generación autoconsumo otras renovables,2026-05-01T00:00:00.000+02:00,2026-04-30T22:00:00Z,2.287,20
1947,Potencia instalada de generación autoconsumo otras renovables,2026-05-01T00:00:00.000+02:00,2026-04-30T22:00:00Z,5.012,19
1947,Potencia instalada de generación autoconsumo otras renovables,2026-05-01T00:00:00.000+02:00,2026-04-30T22:00:00Z,6.7,17
1947,Potencia instalada de generación autoconsumo otras renovables,2026-05-01T00:00:00.000+02:00,2026-04-30T22:00:00Z,0.03,16
1947,Potencia instalada de generación autoconsumo otras renovables,2026-05-01T00:00:00.000+02:00,2026-04-30T22:00:00Z,3.176,14
1947,Potencia instalada de generación autoconsumo otras renovables,2026-05-01T00:00:00.000+02:00,2026-04-30T22:00:00Z,7.916,18
1947,Potencia instalada de generación autoconsumo otras renovables,2026-05-01T00:00:00.000+02:00,2026-04-30T22:00:00Z,0.368,11
1947,Potencia instalada de generación autoconsumo otras renovables,2026-05-01T00:00:00.000+02:00,2026-04-30T22:00:00Z,6.245,10
1947,Potencia instalada de generación autoconsumo otras renovables,2026-05-01T00:00:00.000+02:00,2026-04-30T22:00:00Z,81.906,9
1947,Potencia instalada de generación autoconsumo otras renovables,2026-05-01T00:00:00.000+02:00,2026-04-30T22:00:00Z,21.691,8
1947,Potencia instalada de generación autoconsumo otras renovables,2026-05-01T00:00:00.000+02:00,2026-04-30T22:00:00Z,3.461,13
1947,Potencia instalada de generación autoconsumo otras renovables,2026-05-01T00:00:00.000+02:00,2026-04-30T22:00:00Z,1.05,7
1947,Potencia instalada de generación autoconsumo otras renovables,2026-05-01T00:00:00.000+02:00,2026-04-30T22:00:00Z,51.457,5
1947,Potencia instalada de generación autoconsumo otras renovables,2026-05-01T00:00:00.000+02:00,2026-04-30T22:00:00Z,121.495,4
1947,Potencia instalada de generación autoconsumo otras renovables,2026-06-01T00:00:00.000+02:00,2026-05-31T22:00:00Z,0.51,21
1947,Potencia instalada de generación autoconsumo otras renovables,2026-06-01T00:00:00.000+02:00,2026-05-31T22:00:00Z,2.287,20
1947,Potencia instalada de generación autoconsumo otras renovables,2026-06-01T00:00:00.000+02:00,2026-05-31T22:00:00Z,5.012,19
1947,Potencia instalada de generación autoconsumo otras renovables,2026-06-01T00:00:00.000+02:00,2026-05-31T22:00:00Z,7.916,18
1947,Potencia instalada de generación autoconsumo otras renovables,2026-06-01T00:00:00.000+02:00,2026-05-31T22:00:00Z,6.7,17
1947,Potencia instalada de generación autoconsumo otras renovables,2026-06-01T00:00:00.000+02:00,2026-05-31T22:00:00Z,0.03,16
1947,Potencia instalada de generación autoconsumo otras renovables,2026-06-01T00:00:00.000+02:00,2026-05-31T22:00:00Z,1.356,15
1947,Potencia instalada de generación autoconsumo otras renovables,2026-06-01T00:00:00.000+02:00,2026-05-31T22:00:00Z,3.176,14
1947,Potencia instalada de generación autoconsumo otras renovables,2026-06-01T00:00:00.000+02:00,2026-05-31T22:00:00Z,3.461,13
1947,Potencia instalada de generación autoconsumo otras renovables,2026-06-01T00:00:00.000+02:00,2026-05-31T22:00:00Z,0.368,11
1947,Potencia instalada de generación autoconsumo otras renovables,2026-06-01T00:00:00.000+02:00,2026-05-31T22:00:00Z,6.245,10
1947,Potencia instalada de generación autoconsumo otras renovables,2026-06-01T00:00:00.000+02:00,2026-05-31T22:00:00Z,81.906,9
1947,Potencia instalada de generación autoconsumo otras renovables,2026-06-01T00:00:00.000+02:00,2026-05-31T22:00:00Z,21.691,8
1947,Potencia instalada de generación autoconsumo otras renovables,2026-06-01T00:00:00.000+02:00,2026-05-31T22:00:00Z,1.05,7
1947,Potencia instalada de generación autoconsumo otras renovables,2026-06-01T00:00:00.000+02:00,2026-05-31T22:00:00Z,51.457,5
1947,Potencia instalada de generación autoconsumo otras renovables,2026-06-01T00:00:00.000+02:00,2026-05-31T22:00:00Z,121.495,4
1947,Potencia instalada de generación autoconsumo otras renovables,2026-07-01T00:00:00.000+02:00,2026-06-30T22:00:00Z,2.287,20
1947,Potencia instalada de generación autoconsumo otras renovables,2026-07-01T00:00:00.000+02:00,2026-06-30T22:00:00Z,5.012,19
1947,Potencia instalada de generación autoconsumo otras renovables,2026-07-01T00:00:00.000+02:00,2026-06-30T22:00:00Z,7.916,18
1947,Potencia instalada de generación autoconsumo otras renovables,2026-07-01T00:00:00.000+02:00,2026-06-30T22:00:00Z,0.51,21
1947,Potencia instalada de generación autoconsumo otras renovables,2026-07-01T00:00:00.000+02:00,2026-06-30T22:00:00Z,6.7,17
1947,Potencia instalada de generación autoconsumo otras renovables,2026-07-01T00:00:00.000+02:00,2026-06-30T22:00:00Z,0.03,16
1947,Potencia instalada de generación autoconsumo otras renovables,2026-07-01T00:00:00.000+02:00,2026-06-30T22:00:00Z,1.356,15
1947,Potencia instalada de generación autoconsumo otras renovables,2026-07-01T00:00:00.000+02:00,2026-06-30T22:00:00Z,3.176,14
1947,Potencia instalada de generación autoconsumo otras renovables,2026-07-01T00:00:00.000+02:00,2026-06-30T22:00:00Z,21.691,8
1947,Potencia instalada de generación autoconsumo otras renovables,2026-07-01T00:00:00.000+02:00,2026-06-30T22:00:00Z,0.368,11
1947,Potencia instalada de generación autoconsumo otras renovables,2026-07-01T00:00:00.000+02:00,2026-06-30T22:00:00Z,6.265,10
1947,Potencia instalada de generación autoconsumo otras renovables,2026-07-01T00:00:00.000+02:00,2026-06-30T22:00:00Z,81.906,9
1947,Potencia instalada de generación autoconsumo otras renovables,2026-07-01T00:00:00.000+02:00,2026-06-30T22:00:00Z,1.05,7
1947,Potencia instalada de generación autoconsumo otras renovables,2026-07-01T00:00:00.000+02:00,2026-06-30T22:00:00Z,51.457,5
1947,Potencia instalada de generación autoconsumo otras renovables,2026-07-01T00:00:00.000+02:00,2026-06-30T22:00:00Z,121.495,4
1947,Potencia instalada de generación autoconsumo otras renovables,2026-07-01T00:00:00.000+02:00,2026-06-30T22:00:00Z,3.461,13
1947,Potencia instalada de generación autoconsumo otras renovables,2026-08-01T00:00:00.000+02:00,2026-07-31T22:00:00Z,5.012,19
1947,Potencia instalada de generación autoconsumo otras renovables,2026-08-01T00:00:00.000+02:00,2026-07-31T22:00:00Z,11.9,18
1947,Potencia instalada de generación autoconsumo otras renovables,2026-08-01T00:00:00.000+02:00,2026-07-31T22:00:00Z,6.7,17
1947,Potencia instalada de generación autoconsumo otras renovables,2026-08-01T00:00:00.000+02:00,2026-07-31T22:00:00Z,0.03,16
1947,Potencia instalada de generación autoconsumo otras renovables,2026-08-01T00:00:00.000+02:00,2026-07-31T22:00:00Z,1.356,15
1947,Potencia instalada de generación autoconsumo otras renovables,2026-08-01T00:00:00.000+02:00,2026-07-31T22:00:00Z,5.376,14
1947,Potencia instalada de generación autoconsumo otras renovables,2026-08-01T00:00:00.000+02:00,2026-07-31T22:00:00Z,6.922,13
1947,Potencia instalada de generación autoconsumo otras renovables,2026-08-01T00:00:00.000+02:00,2026-07-31T22:00:00Z,104.858,9
1947,Potencia instalada de generación autoconsumo otras renovables,2026-08-01T00:00:00.000+02:00,2026-07-31T22:00:00Z,6.265,10
1947,Potencia instalada de generación autoconsumo otras renovables,2026-08-01T00:00:00.000+02:00,2026-07-31T22:00:00Z,42.415,8
1947,Potencia instalada de generación autoconsumo otras renovables,2026-08-01T00:00:00.000+02:00,2026-07-31T22:00:00Z,1.05,7
1947,Potencia instalada de generación autoconsumo otras renovables,2026-08-01T00:00:00.000+02:00,2026-07-31T22:00:00Z,66.097,5
1947,Potencia instalada de generación autoconsumo otras renovables,2026-08-01T00:00:00.000+02:00,2026-07-31T22:00:00Z,134.395,4
1947,Potencia instalada de generación autoconsumo otras renovables,2026-08-01T00:00:00.000+02:00,2026-07-31T22:00:00Z,2.287,20
1947,Potencia instalada de generación autoconsumo otras renovables,2026-08-01T00:00:00.000+02:00,2026-07-31T22:00:00Z,0.368,11
1947,Potencia instalada de generación autoconsumo otras renovables,2026-08-01T00:00:00.000+02:00,2026-07-31T22:00:00Z,0.51,21
1948,Potencia instalada de generación autoconsumo residuos renovables,2025-08-01T00:00:00.000+02:00,2025-07-31T22:00:00Z,0.003,4
1948,Potencia instalada de generación autoconsumo residuos renovables,2025-08-01T00:00:00.000+02:00,2025-07-31T22:00:00Z,4.965,6
1948,Potencia instalada de generación autoconsumo residuos renovables,2025-08-01T00:00:00.000+02:00,2025-07-31T22:00:00Z,27.175,9
1948,Potencia instalada de generación autoconsumo residuos renovables,2025-09-01T00:00:00.000+02:00,2025-08-31T22:00:00Z,0.003,4
1948,Potencia instalada de generación autoconsumo residuos renovables,2025-09-01T00:00:00.000+02:00,2025-08-31T22:00:00Z,4.965,6
1948,Potencia instalada de generación autoconsumo residuos renovables,2025-09-01T00:00:00.000+02:00,2025-08-31T22:00:00Z,27.175,9
1948,Potencia instalada de generación autoconsumo residuos renovables,2025-10-01T00:00:00.000+02:00,2025-09-30T22:00:00Z,0.003,4
1948,Potencia instalada de generación autoconsumo residuos renovables,2025-10-01T00:00:00.000+02:00,2025-09-30T22:00:00Z,4.965,6
1948,Potencia instalada de generación autoconsumo residuos renovables,2025-10-01T00:00:00.000+02:00,2025-09-30T22:00:00Z,27.175,9
1948,Potencia instalada de generación autoconsumo residuos renovables,2025-11-01T00:00:00.000+01:00,2025-10-31T23:00:00Z,27.175,9
1948,Potencia instalada de generación autoconsumo residuos renovables,2025-11-01T00:00:00.000+01:00,2025-10-31T23:00:00Z,0.003,4
1948,Potencia instalada de generación autoconsumo residuos renovables,2025-11-01T00:00:00.000+01:00,2025-10-31T23:00:00Z,4.965,6
1948,Potencia instalada de generación autoconsumo residuos renovables,2025-12-01T00:00:00.000+01:00,2025-11-30T23:00:00Z,0.003,4
1948,Potencia instalada de generación autoconsumo residuos renovables,2025-12-01T00:00:00.000+01:00,2025-11-30T23:00:00Z,4.965,6
1948,Potencia instalada de generación autoconsumo residuos renovables,2025-12-01T00:00:00.000+01:00,2025-11-30T23:00:00Z,27.175,9
1948,Potencia instalada de generación autoconsumo residuos renovables,2026-01-01T00:00:00.000+01:00,2025-12-31T23:00:00Z,27.175,9
1948,Potencia instalada de generación autoconsumo residuos renovables,2026-01-01T00:00:00.000+01:00,2025-12-31T23:00:00Z,0.003,4
1948,Potencia instalada de generación autoconsumo residuos renovables,2026-01-01T00:00:00.000+01:00,2025-12-31T23:00:00Z,4.965,6
1948,Potencia instalada de generación autoconsumo residuos renovables,2026-02-01T00:00:00.000+01:00,2026-01-31T23:00:00Z,27.175,9
1948,Potencia instalada de generación autoconsumo residuos renovables,2026-02-01T00:00:00.000+01:00,2026-01-31T23:00:00Z,4.965,6
1948,Potencia instalada de generación autoconsumo residuos renovables,2026-02-01T00:00:00.000+01:00,2026-01-31T23:00:00Z,0.003,4
1948,Potencia instalada de generación autoconsumo residuos renovables,2026-03-01T00:00:00.000+01:00,2026-02-28T23:00:00Z,0.003,4
1948,Potencia instalada de generación autoconsumo residuos renovables,2026-03-01T00:00:00.000+01:00,2026-02-28T23:00:00Z,4.965,6
1948,Potencia instalada de generación autoconsumo residuos renovables,2026-03-01T00:00:00.000+01:00,2026-02-28T23:00:00Z,27.175,9
1948,Potencia instalada de generación autoconsumo residuos renovables,2026-04-01T00:00:00.000+02:00,2026-03-31T22:00:00Z,0.003,4
1948,Potencia instalada de generación autoconsumo residuos renovables,2026-04-01T00:00:00.000+02:00,2026-03-31T22:00:00Z,4.965,6
1948,Potencia instalada de generación autoconsumo residuos renovables,2026-04-01T00:00:00.000+02:00,2026-03-31T22:00:00Z,27.175,9
1948,Potencia instalada de generación autoconsumo residuos renovables,2026-05-01T00:00:00.000+02:00,2026-04-30T22:00:00Z,4.965,6
1948,Potencia instalada de generación autoconsumo residuos renovables,2026-05-01T00:00:00.000+02:00,2026-04-30T22:00:00Z,27.175,9
1948,Potencia instalada de generación autoconsumo residuos renovables,2026-05-01T00:00:00.000+02:00,2026-04-30T22:00:00Z,0.003,4
1948,Potencia instalada de generación autoconsumo residuos renovables,2026-06-01T00:00:00.000+02:00,2026-05-31T22:00:00Z,0.003,4
1948,Potencia instalada de generación autoconsumo residuos renovables,2026-06-01T00:00:00.000+02:00,2026-05-31T22:00:00Z,4.965,6
1948,Potencia instalada de generación autoconsumo residuos renovables,2026-06-01T00:00:00.000+02:00,2026-05-31T22:00:00Z,27.175,9
1948,Potencia instalada de generación autoconsumo residuos renovables,2026-07-01T00:00:00.000+02:00,2026-06-30T22:00:00Z,0.003,4
1948,Potencia instalada de generación autoconsumo residuos renovables,2026-07-01T00:00:00.000+02:00,2026-06-30T22:00:00Z,4.965,6
1948,Potencia instalada de generación autoconsumo residuos renovables,2026-07-01T00:00:00.000+02:00,2026-06-30T22:00:00Z,27.175,9
1948,Potencia instalada de generación autoconsumo residuos renovables,2026-08-01T00:00:00.000+02:00,2026-07-31T22:00:00Z,4.965,6
1948,Potencia instalada de generación autoconsumo residuos renovables,2026-08-01T00:00:00.000+02:00,2026-07-31T22:00:00Z,0.003,4
1948,Potencia instalada de generación autoconsumo residuos renovables,2026-08-01T00:00:00.000+02:00,2026-07-31T22:00:00Z,43.055,9
2017,Potencia instalada de generación autoconsumo solar térmica,2025-08-01T00:00:00.000+02:00,2025-07-31T22:00:00Z,0.233,4
2017,Potencia instalada de generación autoconsumo solar térmica,2025-08-01T00:00:00.000+02:00,2025-07-31T22:00:00Z,0.039,21
2017,Potencia instalada de generación autoconsumo solar térmica,2025-08-01T00:00:00.000+02:00,2025-07-31T22:00:00Z,0.043,19
2017,Potencia instalada de generación autoconsumo solar térmica,2025-08-01T00:00:00.000+02:00,2025-07-31T22:00:00Z,0.005,18
2017,Potencia instalada de generación autoconsumo solar térmica,2025-08-01T00:00:00.000+02:00,2025-07-31T22:00:00Z,0.004,17
2017,Potencia instalada de generación autoconsumo solar térmica,2025-08-01T00:00:00.000+02:00,2025-07-31T22:00:00Z,0.036,15
2017,Potencia instalada de generación autoconsumo solar térmica,2025-08-01T00:00:00.000+02:00,2025-07-31T22:00:00Z,0.28,14
2017,Potencia instalada de generación autoconsumo solar térmica,2025-08-01T00:00:00.000+02:00,2025-07-31T22:00:00Z,0.026,16
2017,Potencia instalada de generación autoconsumo solar térmica,2025-08-01T00:00:00.000+02:00,2025-07-31T22:00:00Z,0.02,10
2017,Potencia instalada de generación autoconsumo solar térmica,2025-08-01T00:00:00.000+02:00,2025-07-31T22:00:00Z,0.125,9
2017,Potencia instalada de generación autoconsumo solar térmica,2025-08-01T00:00:00.000+02:00,2025-07-31T22:00:00Z,0.008,8
2017,Potencia instalada de generación autoconsumo solar térmica,2025-08-01T00:00:00.000+02:00,2025-07-31T22:00:00Z,0.156,7
2017,Potencia instalada de generación autoconsumo solar térmica,2025-08-01T00:00:00.000+02:00,2025-07-31T22:00:00Z,0.01,5
2017,Potencia instalada de generación autoconsumo solar térmica,2025-08-01T00:00:00.000+02:00,2025-07-31T22:00:00Z,0.178,13
2017,Potencia instalada de generación autoconsumo solar térmica,2025-09-01T00:00:00.000+02:00,2025-08-31T22:00:00Z,0.041,15
2017,Potencia instalada de generación autoconsumo solar térmica,2025-09-01T00:00:00.000+02:00,2025-08-31T22:00:00Z,0.039,21
2017,Potencia instalada de generación autoconsumo solar térmica,2025-09-01T00:00:00.000+02:00,2025-08-31T22:00:00Z,0.053,19
2017,Potencia instalada de generación autoconsumo solar térmica,2025-09-01T00:00:00.000+02:00,2025-08-31T22:00:00Z,0.005,18
2017,Potencia instalada de generación autoconsumo solar térmica,2025-09-01T00:00:00.000+02:00,2025-08-31T22:00:00Z,0.026,16
2017,Potencia instalada de generación autoconsumo solar térmica,2025-09-01T00:00:00.000+02:00,2025-08-31T22:00:00Z,0.28,14
2017,Potencia instalada de generación autoconsumo solar térmica,2025-09-01T00:00:00.000+02:00,2025-08-31T22:00:00Z,0.004,17
2017,Potencia instalada de generación autoconsumo solar térmica,2025-09-01T00:00:00.000+02:00,2025-08-31T22:00:00Z,0.02,10
2017,Potencia instalada de generación autoconsumo solar térmica,2025-09-01T00:00:00.000+02:00,2025-08-31T22:00:00Z,0.125,9
2017,Potencia instalada de generación autoconsumo solar térmica,2025-09-01T00:00:00.000+02:00,2025-08-31T22:00:00Z,0.008,8
2017,Potencia instalada de generación autoconsumo solar térmica,2025-09-01T00:00:00.000+02:00,2025-08-31T22:00:00Z,0.156,7
2017,Potencia instalada de generación autoconsumo solar térmica,2025-09-01T00:00:00.000+02:00,2025-08-31T22:00:00Z,0.01,5
2017,Potencia instalada de generación autoconsumo solar térmica,2025-09-01T00:00:00.000+02:00,2025-08-31T22:00:00Z,0.233,4
2017,Potencia instalada de generación autoconsumo solar térmica,2025-09-01T00:00:00.000+02:00,2025-08-31T22:00:00Z,0.178,13
2017,Potencia instalada de generación autoconsumo solar térmica,2025-10-01T00:00:00.000+02:00,2025-09-30T22:00:00Z,0.039,21
2017,Potencia instalada de generación autoconsumo solar térmica,2025-10-01T00:00:00.000+02:00,2025-09-30T22:00:00Z,0.053,19
2017,Potencia instalada de generación autoconsumo solar térmica,2025-10-01T00:00:00.000+02:00,2025-09-30T22:00:00Z,0.005,18
2017,Potencia instalada de generación autoconsumo solar térmica,2025-10-01T00:00:00.000+02:00,2025-09-30T22:00:00Z,0.004,17
2017,Potencia instalada de generación autoconsumo solar térmica,2025-10-01T00:00:00.000+02:00,2025-09-30T22:00:00Z,0.026,16
2017,Potencia instalada de generación autoconsumo solar térmica,2025-10-01T00:00:00.000+02:00,2025-09-30T22:00:00Z,0.041,15
2017,Potencia instalada de generación autoconsumo solar térmica,2025-10-01T00:00:00.000+02:00,2025-09-30T22:00:00Z,0.286,14
2017,Potencia instalada de generación autoconsumo solar térmica,2025-10-01T00:00:00.000+02:00,2025-09-30T22:00:00Z,0.178,13
2017,Potencia instalada de generación autoconsumo solar térmica,2025-10-01T00:00:00.000+02:00,2025-09-30T22:00:00Z,0.125,9
2017,Potencia instalada de generación autoconsumo solar térmica,2025-10-01T00:00:00.000+02:00,2025-09-30T22:00:00Z,0.008,8
2017,Potencia instalada de generación autoconsumo solar térmica,2025-10-01T00:00:00.000+02:00,2025-09-30T22:00:00Z,0.156,7
2017,Potencia instalada de generación autoconsumo solar térmica,2025-10-01T00:00:00.000+02:00,2025-09-30T22:00:00Z,0.014,5
2017,Potencia instalada de generación autoconsumo solar térmica,2025-10-01T00:00:00.000+02:00,2025-09-30T22:00:00Z,0.233,4
2017,Potencia instalada de generación autoconsumo solar térmica,2025-10-01T00:00:00.000+02:00,2025-09-30T22:00:00Z,0.02,10
2017,Potencia instalada de generación autoconsumo solar térmica,2025-11-01T00:00:00.000+01:00,2025-10-31T23:00:00Z,0.045,15
2017,Potencia instalada de generación autoconsumo solar térmica,2025-11-01T00:00:00.000+01:00,2025-10-31T23:00:00Z,0.039,21
2017,Potencia instalada de generación autoconsumo solar térmica,2025-11-01T00:00:00.000+01:00,2025-10-31T23:00:00Z,0.053,19
2017,Potencia instalada de generación autoconsumo solar térmica,2025-11-01T00:00:00.000+01:00,2025-10-31T23:00:00Z,0.005,18
2017,Potencia instalada de generación autoconsumo solar térmica,2025-11-01T00:00:00.000+01:00,2025-10-31T23:00:00Z,0.004,17
2017,Potencia instalada de generación autoconsumo solar térmica,2025-11-01T00:00:00.000+01:00,2025-10-31T23:00:00Z,0.026,16
2017,Potencia instalada de generación autoconsumo solar térmica,2025-11-01T00:00:00.000+01:00,2025-10-31T23:00:00Z,0.296,14
2017,Potencia instalada de generación autoconsumo solar térmica,2025-11-01T00:00:00.000+01:00,2025-10-31T23:00:00Z,0.008,8
2017,Potencia instalada de generación autoconsumo solar térmica,2025-11-01T00:00:00.000+01:00,2025-10-31T23:00:00Z,0.02,10
2017,Potencia instalada de generación autoconsumo solar térmica,2025-11-01T00:00:00.000+01:00,2025-10-31T23:00:00Z,0.125,9
2017,Potencia instalada de generación autoconsumo solar térmica,2025-11-01T00:00:00.000+01:00,2025-10-31T23:00:00Z,0.178,13
2017,Potencia instalada de generación autoconsumo solar térmica,2025-11-01T00:00:00.000+01:00,2025-10-31T23:00:00Z,0.156,7
2017,Potencia instalada de generación autoconsumo solar térmica,2025-11-01T00:00:00.000+01:00,2025-10-31T23:00:00Z,0.014,5
2017,Potencia instalada de generación autoconsumo solar térmica,2025-11-01T00:00:00.000+01:00,2025-10-31T23:00:00Z,0.233,4
2017,Potencia instalada de generación autoconsumo solar térmica,2025-12-01T00:00:00.000+01:00,2025-11-30T23:00:00Z,0.063,21
2017,Potencia instalada de generación autoconsumo solar térmica,2025-12-01T00:00:00.000+01:00,2025-11-30T23:00:00Z,0.073,19
2017,Potencia instalada de generación autoconsumo solar térmica,2025-12-01T00:00:00.000+01:00,2025-11-30T23:00:00Z,0.005,18
2017,Potencia instalada de generación autoconsumo solar térmica,2025-12-01T00:00:00.000+01:00,2025-11-30T23:00:00Z,0.004,17
2017,Potencia instalada de generación autoconsumo solar térmica,2025-12-01T00:00:00.000+01:00,2025-11-30T23:00:00Z,0.032,16
2017,Potencia instalada de generación autoconsumo solar térmica,2025-12-01T00:00:00.000+01:00,2025-11-30T23:00:00Z,0.045,15
2017,Potencia instalada de generación autoconsumo solar térmica,2025-12-01T00:00:00.000+01:00,2025-11-30T23:00:00Z,0.302,14
2017,Potencia instalada de generación autoconsumo solar térmica,2025-12-01T00:00:00.000+01:00,2025-11-30T23:00:00Z,0.02,10
2017,Potencia instalada de generación autoconsumo solar térmica,2025-12-01T00:00:00.000+01:00,2025-11-30T23:00:00Z,0.125,9
2017,Potencia instalada de generación autoconsumo solar térmica,2025-12-01T00:00:00.000+01:00,2025-11-30T23:00:00Z,0.008,8
2017,Potencia instalada de generación autoconsumo solar térmica,2025-12-01T00:00:00.000+01:00,2025-11-30T23:00:00Z,0.156,7
2017,Potencia instalada de generación autoconsumo solar térmica,2025-12-01T00:00:00.000+01:00,2025-11-30T23:00:00Z,0.014,5
2017,Potencia instalada de generación autoconsumo solar térmica,2025-12-01T00:00:00.000+01:00,2025-11-30T23:00:00Z,0.233,4
2017,Potencia instalada de generación autoconsumo solar térmica,2025-12-01T00:00:00.000+01:00,2025-11-30T23:00:00Z,0.184,13
2017,Potencia instalada de generación autoconsumo solar térmica,2026-01-01T00:00:00.000+01:00,2025-12-31T23:00:00Z,0.045,15
2017,Potencia instalada de generación autoconsumo solar térmica,2026-01-01T00:00:00.000+01:00,2025-12-31T23:00:00Z,0.063,21
2017,Potencia instalada de generación autoconsumo solar térmica,2026-01-01T00:00:00.000+01:00,2025-12-31T23:00:00Z,0.073,19
2017,Potencia instalada de generación autoconsumo solar térmica,2026-01-01T00:00:00.000+01:00,2025-12-31T23:00:00Z,0.005,18
2017,Potencia instalada de generación autoconsumo solar térmica,2026-01-01T00:00:00.000+01:00,2025-12-31T23:00:00Z,0.004,17
2017,Potencia instalada de generación autoconsumo solar térmica,2026-01-01T00:00:00.000+01:00,2025-12-31T23:00:00Z,0.032,16
2017,Potencia instalada de generación autoconsumo solar térmica,2026-01-01T00:00:00.000+01:00,2025-12-31T23:00:00Z,0.312,14
2017,Potencia instalada de generación autoconsumo solar térmica,2026-01-01T00:00:00.000+01:00,2025-12-31T23:00:00Z,0.233,4
2017,Potencia instalada de generación autoconsumo solar térmica,2026-01-01T00:00:00.000+01:00,2025-12-31T23:00:00Z,0.02,10
2017,Potencia instalada de generación autoconsumo solar térmica,2026-01-01T00:00:00.000+01:00,2025-12-31T23:00:00Z,0.125,9
2017,Potencia instalada de generación autoconsumo solar térmica,2026-01-01T00:00:00.000+01:00,2025-12-31T23:00:00Z,0.008,8
2017,Potencia instalada de generación autoconsumo solar térmica,2026-01-01T00:00:00.000+01:00,2025-12-31T23:00:00Z,0.156,7
2017,Potencia instalada de generación autoconsumo solar térmica,2026-01-01T00:00:00.000+01:00,2025-12-31T23:00:00Z,0.014,5
2017,Potencia instalada de generación autoconsumo solar térmica,2026-01-01T00:00:00.000+01:00,2025-12-31T23:00:00Z,0.19,13
2017,Potencia instalada de generación autoconsumo solar térmica,2026-02-01T00:00:00.000+01:00,2026-01-31T23:00:00Z,0.05,15
2017,Potencia instalada de generación autoconsumo solar térmica,2026-02-01T00:00:00.000+01:00,2026-01-31T23:00:00Z,0.063,21
2017,Potencia instalada de generación autoconsumo solar térmica,2026-02-01T00:00:00.000+01:00,2026-01-31T23:00:00Z,0.073,19
2017,Potencia instalada de generación autoconsumo solar térmica,2026-02-01T00:00:00.000+01:00,2026-01-31T23:00:00Z,0.005,18
2017,Potencia instalada de generación autoconsumo solar térmica,2026-02-01T00:00:00.000+01:00,2026-01-31T23:00:00Z,0.004,17
2017,Potencia instalada de generación autoconsumo solar térmica,2026-02-01T00:00:00.000+01:00,2026-01-31T23:00:00Z,0.032,16
2017,Potencia instalada de generación autoconsumo solar térmica,2026-02-01T00:00:00.000+01:00,2026-01-31T23:00:00Z,0.321,14
2017,Potencia instalada de generación autoconsumo solar térmica,2026-02-01T00:00:00.000+01:00,2026-01-31T23:00:00Z,0.19,13
2017,Potencia instalada de generación autoconsumo solar térmica,2026-02-01T00:00:00.000+01:00,2026-01-31T23:00:00Z,0.02,10
2017,Potencia instalada de generación autoconsumo solar térmica,2026-02-01T00:00:00.000+01:00,2026-01-31T23:00:00Z,0.125,9
2017,Potencia instalada de generación autoconsumo solar térmica,2026-02-01T00:00:00.000+01:00,2026-01-31T23:00:00Z,0.008,8
2017,Potencia instalada de generación autoconsumo solar térmica,2026-02-01T00:00:00.000+01:00,2026-01-31T23:00:00Z,0.156,7
2017,Potencia instalada de generación autoconsumo solar térmica,2026-02-01T00:00:00.000+01:00,2026-01-31T23:00:00Z,0.014,5
2017,Potencia instalada de generación autoconsumo solar térmica,2026-02-01T00:00:00.000+01:00,2026-01-31T23:00:00Z,0.233,4
2017,Potencia instalada de generación autoconsumo solar térmica,2026-03-01T00:00:00.000+01:00,2026-02-28T23:00:00Z,0.073,19
2017,Potencia instalada de generación autoconsumo solar térmica,2026-03-01T00:00:00.000+01:00,2026-02-28T23:00:00Z,0.005,18
2017,Potencia instalada de generación autoconsumo solar térmica,2026-03-01T00:00:00.000+01:00,2026-02-28T23:00:00Z,0.004,17
2017,Potencia instalada de generación autoconsumo solar térmica,2026-03-01T00:00:00.000+01:00,2026-02-28T23:00:00Z,0.032,16
2017,Potencia instalada de generación autoconsumo solar térmica,2026-03-01T00:00:00.000+01:00,2026-02-28T23:00:00Z,0.05,15
2017,Potencia instalada de generación autoconsumo solar térmica,2026-03-01T00:00:00.000+01:00,2026-02-28T23:00:00Z,0.327,14
2017,Potencia instalada de generación autoconsumo solar térmica,2026-03-01T00:00:00.000+01:00,2026-02-28T23:00:00Z,0.063,21
2017,Potencia instalada de generación autoconsumo solar térmica,2026-03-01T00:00:00.000+01:00,2026-02-28T23:00:00Z,0.02,10
2017,Potencia instalada de generación autoconsumo solar térmica,2026-03-01T00:00:00.000+01:00,2026-02-28T23:00:00Z,0.125,9
2017,Potencia instalada de generación autoconsumo solar térmica,2026-03-01T00:00:00.000+01:00,2026-02-28T23:00:00Z,0.008,8
2017,Potencia instalada de generación autoconsumo solar térmica,2026-03-01T00:00:00.000+01:00,2026-02-28T23:00:00Z,0.156,7
2017,Potencia instalada de generación autoconsumo solar térmica,2026-03-01T00:00:00.000+01:00,2026-02-28T23:00:00Z,0.014,5
2017,Potencia instalada de generación autoconsumo solar térmica,2026-03-01T00:00:00.000+01:00,2026-02-28T23:00:00Z,0.233,4
2017,Potencia instalada de generación autoconsumo solar térmica,2026-03-01T00:00:00.000+01:00,2026-02-28T23:00:00Z,0.19,13
2017,Potencia instalada de generación autoconsumo solar térmica,2026-04-01T00:00:00.000+02:00,2026-03-31T22:00:00Z,0.063,21
2017,Potencia instalada de generación autoconsumo solar térmica,2026-04-01T00:00:00.000+02:00,2026-03-31T22:00:00Z,0.073,19
2017,Potencia instalada de generación autoconsumo solar térmica,2026-04-01T00:00:00.000+02:00,2026-03-31T22:00:00Z,0.005,18
2017,Potencia instalada de generación autoconsumo solar térmica,2026-04-01T00:00:00.000+02:00,2026-03-31T22:00:00Z,0.004,17
2017,Potencia instalada de generación autoconsumo solar térmica,2026-04-01T00:00:00.000+02:00,2026-03-31T22:00:00Z,0.032,16
2017,Potencia instalada de generación autoconsumo solar térmica,2026-04-01T00:00:00.000+02:00,2026-03-31T22:00:00Z,0.05,15
2017,Potencia instalada de generación autoconsumo solar térmica,2026-04-01T00:00:00.000+02:00,2026-03-31T22:00:00Z,0.339,14
2017,Potencia instalada de generación autoconsumo solar térmica,2026-04-01T00:00:00.000+02:00,2026-03-31T22:00:00Z,0.19,13
2017,Potencia instalada de generación autoconsumo solar térmica,2026-04-01T00:00:00.000+02:00,2026-03-31T22:00:00Z,0.125,9
2017,Potencia instalada de generación autoconsumo solar térmica,2026-04-01T00:00:00.000+02:00,2026-03-31T22:00:00Z,0.008,8
2017,Potencia instalada de generación autoconsumo solar térmica,2026-04-01T00:00:00.000+02:00,2026-03-31T22:00:00Z,0.156,7
2017,Potencia instalada de generación autoconsumo solar térmica,2026-04-01T00:00:00.000+02:00,2026-03-31T22:00:00Z,0.014,5
2017,Potencia instalada de generación autoconsumo solar térmica,2026-04-01T00:00:00.000+02:00,2026-03-31T22:00:00Z,0.233,4
2017,Potencia instalada de generación autoconsumo solar térmica,2026-04-01T00:00:00.000+02:00,2026-03-31T22:00:00Z,0.02,10
2017,Potencia instalada de generación autoconsumo solar térmica,2026-05-01T00:00:00.000+02:00,2026-04-30T22:00:00Z,0.05,15
2017,Potencia instalada de generación autoconsumo solar térmica,2026-05-01T00:00:00.000+02:00,2026-04-30T22:00:00Z,0.063,21
2017,Potencia instalada de generación autoconsumo solar térmica,2026-05-01T00:00:00.000+02:00,2026-04-30T22:00:00Z,0.073,19
2017,Potencia instalada de generación autoconsumo solar térmica,2026-05-01T00:00:00.000+02:00,2026-04-30T22:00:00Z,0.005,18
2017,Potencia instalada de generación autoconsumo solar térmica,2026-05-01T00:00:00.000+02:00,2026-04-30T22:00:00Z,0.032,16
2017,Potencia instalada de generación autoconsumo solar térmica,2026-05-01T00:00:00.000+02:00,2026-04-30T22:00:00Z,0.339,14
2017,Potencia instalada de generación autoconsumo solar térmica,2026-05-01T00:00:00.000+02:00,2026-04-30T22:00:00Z,0.004,17
2017,Potencia instalada de generación autoconsumo solar térmica,2026-05-01T00:00:00.000+02:00,2026-04-30T22:00:00Z,0.02,10
2017,Potencia instalada de generación autoconsumo solar térmica,2026-05-01T00:00:00.000+02:00,2026-04-30T22:00:00Z,0.125,9
2017,Potencia instalada de generación autoconsumo solar térmica,2026-05-01T00:00:00.000+02:00,2026-04-30T22:00:00Z,0.008,8
2017,Potencia instalada de generación autoconsumo solar térmica,2026-05-01T00:00:00.000+02:00,2026-04-30T22:00:00Z,0.194,13
2017,Potencia instalada de generación autoconsumo solar térmica,2026-05-01T00:00:00.000+02:00,2026-04-30T22:00:00Z,0.156,7
2017,Potencia instalada de generación autoconsumo solar térmica,2026-05-01T00:00:00.000+02:00,2026-04-30T22:00:00Z,0.014,5
2017,Potencia instalada de generación autoconsumo solar térmica,2026-05-01T00:00:00.000+02:00,2026-04-30T22:00:00Z,0.233,4
2017,Potencia instalada de generación autoconsumo solar térmica,2026-06-01T00:00:00.000+02:00,2026-05-31T22:00:00Z,0.063,21
2017,Potencia instalada de generación autoconsumo solar térmica,2026-06-01T00:00:00.000+02:00,2026-05-31T22:00:00Z,0.073,19
2017,Potencia instalada de generación autoconsumo solar térmica,2026-06-01T00:00:00.000+02:00,2026-05-31T22:00:00Z,0.005,18
2017,Potencia instalada de generación autoconsumo solar térmica,2026-06-01T00:00:00.000+02:00,2026-05-31T22:00:00Z,0.004,17
2017,Potencia instalada de generación autoconsumo solar térmica,2026-06-01T00:00:00.000+02:00,2026-05-31T22:00:00Z,0.032,16
2017,Potencia instalada de generación autoconsumo solar térmica,2026-06-01T00:00:00.000+02:00,2026-05-31T22:00:00Z,0.05,15
2017,Potencia instalada de generación autoconsumo solar térmica,2026-06-01T00:00:00.000+02:00,2026-05-31T22:00:00Z,0.351,14
2017,Potencia instalada de generación autoconsumo solar térmica,2026-06-01T00:00:00.000+02:00,2026-05-31T22:00:00Z,0.194,13
2017,Potencia instalada de generación autoconsumo solar térmica,2026-06-01T00:00:00.000+02:00,2026-05-31T22:00:00Z,0.02,10
2017,Potencia instalada de generación autoconsumo solar térmica,2026-06-01T00:00:00.000+02:00,2026-05-31T22:00:00Z,0.125,9
2017,Potencia instalada de generación autoconsumo solar térmica,2026-06-01T00:00:00.000+02:00,2026-05-31T22:00:00Z,0.008,8
2017,Potencia instalada de generación autoconsumo solar térmica,2026-06-01T00:00:00.000+02:00,2026-05-31T22:00:00Z,0.156,7
2017,Potencia instalada de generación autoconsumo solar térmica,2026-06-01T00:00:00.000+02:00,2026-05-31T22:00:00Z,0.014,5
2017,Potencia instalada de generación autoconsumo solar térmica,2026-06-01T00:00:00.000+02:00,2026-05-31T22:00:00Z,0.233,4
2017,Potencia instalada de generación autoconsumo solar térmica,2026-07-01T00:00:00.000+02:00,2026-06-30T22:00:00Z,0.073,19
2017,Potencia instalada de generación autoconsumo solar térmica,2026-07-01T00:00:00.000+02:00,2026-06-30T22:00:00Z,0.005,18
2017,Potencia instalada de generación autoconsumo solar térmica,2026-07-01T00:00:00.000+02:00,2026-06-30T22:00:00Z,0.004,17
2017,Potencia instalada de generación autoconsumo solar térmica,2026-07-01T00:00:00.000+02:00,2026-06-30T22:00:00Z,0.063,21
2017,Potencia instalada de generación autoconsumo solar térmica,2026-07-01T00:00:00.000+02:00,2026-06-30T22:00:00Z,0.032,16
2017,Potencia instalada de generación autoconsumo solar térmica,2026-07-01T00:00:00.000+02:00,2026-06-30T22:00:00Z,0.06,15
2017,Potencia instalada de generación autoconsumo solar térmica,2026-07-01T00:00:00.000+02:00,2026-06-30T22:00:00Z,0.359,14
2017,Potencia instalada de generación autoconsumo solar térmica,2026-07-01T00:00:00.000+02:00,2026-06-30T22:00:00Z,0.008,8
2017,Potencia instalada de generación autoconsumo solar térmica,2026-07-01T00:00:00.000+02:00,2026-06-30T22:00:00Z,0.02,10
2017,Potencia instalada de generación autoconsumo solar térmica,2026-07-01T00:00:00.000+02:00,2026-06-30T22:00:00Z,0.125,9
2017,Potencia instalada de generación autoconsumo solar térmica,2026-07-01T00:00:00.000+02:00,2026-06-30T22:00:00Z,0.161,7
2017,Potencia instalada de generación autoconsumo solar térmica,2026-07-01T00:00:00.000+02:00,2026-06-30T22:00:00Z,0.014,5
2017,Potencia instalada de generación autoconsumo solar térmica,2026-07-01T00:00:00.000+02:00,2026-06-30T22:00:00Z,0.233,4
2017,Potencia instalada de generación autoconsumo solar térmica,2026-07-01T00:00:00.000+02:00,2026-06-30T22:00:00Z,0.2,13
2017,Potencia instalada de generación autoconsumo solar térmica,2026-08-01T00:00:00.000+02:00,2026-07-31T22:00:00Z,0.005,18
2017,Potencia instalada de generación autoconsumo solar térmica,2026-08-01T00:00:00.000+02:00,2026-07-31T22:00:00Z,0.004,17
2017,Potencia instalada de generación autoconsumo solar térmica,2026-08-01T00:00:00.000+02:00,2026-07-31T22:00:00Z,0.032,16
2017,Potencia instalada de generación autoconsumo solar térmica,2026-08-01T00:00:00.000+02:00,2026-07-31T22:00:00Z,0.066,15
2017,Potencia instalada de generación autoconsumo solar térmica,2026-08-01T00:00:00.000+02:00,2026-07-31T22:00:00Z,0.367,14
2017,Potencia instalada de generación autoconsumo solar térmica,2026-08-01T00:00:00.000+02:00,2026-07-31T22:00:00Z,0.2,13
2017,Potencia instalada de generación autoconsumo solar térmica,2026-08-01T00:00:00.000+02:00,2026-07-31T22:00:00Z,0.008,8
2017,Potencia instalada de generación autoconsumo solar térmica,2026-08-01T00:00:00.000+02:00,2026-07-31T22:00:00Z,0.125,9
2017,Potencia instalada de generación autoconsumo solar térmica,2026-08-01T00:00:00.000+02:00,2026-07-31T22:00:00Z,0.161,7
2017,Potencia instalada de generación autoconsumo solar térmica,2026-08-01T00:00:00.000+02:00,2026-07-31T22:00:00Z,0.014,5
2017,Potencia instalada de generación autoconsumo solar térmica,2026-08-01T00:00:00.000+02:00,2026-07-31T22:00:00Z,0.233,4
2017,Potencia instalada de generación autoconsumo solar térmica,2026-08-01T00:00:00.000+02:00,2026-07-31T22:00:00Z,0.073,19
2017,Potencia instalada de generación autoconsumo solar térmica,2026-08-01T00:00:00.000+02:00,2026-07-31T22:00:00Z,0.02,10
2017,Potencia instalada de generación autoconsumo solar térmica,2026-08-01T00:00:00.000+02:00,2026-07-31T22:00:00Z,0.063,21
2018,Potencia instalada de generación autoconsumo residuos no renovables,2025-08-01T00:00:00.000+02:00,2025-07-31T22:00:00Z,0.011,4
2018,Potencia instalada de generación autoconsumo residuos no renovables,2025-08-01T00:00:00.000+02:00,2025-07-31T22:00:00Z,4.965,6
2018,Potencia instalada de generación autoconsumo residuos no renovables,2025-08-01T00:00:00.000+02:00,2025-07-31T22:00:00Z,32.375,9
2018,Potencia instalada de generación autoconsumo residuos no renovables,2025-08-01T00:00:00.000+02:00,2025-07-31T22:00:00Z,12.2,10
2018,Potencia instalada de generación autoconsumo residuos no renovables,2025-08-01T00:00:00.000+02:00,2025-07-31T22:00:00Z,54.15,15
2018,Potencia instalada de generación autoconsumo residuos no renovables,2025-08-01T00:00:00.000+02:00,2025-07-31T22:00:00Z,0.1,21
2018,Potencia instalada de generación autoconsumo residuos no renovables,2025-09-01T00:00:00.000+02:00,2025-08-31T22:00:00Z,0.1,21
2018,Potencia instalada de generación autoconsumo residuos no renovables,2025-09-01T00:00:00.000+02:00,2025-08-31T22:00:00Z,12.2,10
2018,Potencia instalada de generación autoconsumo residuos no renovables,2025-09-01T00:00:00.000+02:00,2025-08-31T22:00:00Z,54.15,15
2018,Potencia instalada de generación autoconsumo residuos no renovables,2025-09-01T00:00:00.000+02:00,2025-08-31T22:00:00Z,4.965,6
2018,Potencia instalada de generación autoconsumo residuos no renovables,2025-09-01T00:00:00.000+02:00,2025-08-31T22:00:00Z,0.011,4
2018,Potencia instalada de generación autoconsumo residuos no renovables,2025-09-01T00:00:00.000+02:00,2025-08-31T22:00:00Z,32.375,9
2018,Potencia instalada de generación autoconsumo residuos no renovables,2025-10-01T00:00:00.000+02:00,2025-09-30T22:00:00Z,0.011,4
2018,Potencia instalada de generación autoconsumo residuos no renovables,2025-10-01T00:00:00.000+02:00,2025-09-30T22:00:00Z,4.965,6
2018,Potencia instalada de generación autoconsumo residuos no renovables,2025-10-01T00:00:00.000+02:00,2025-09-30T22:00:00Z,32.375,9
2018,Potencia instalada de generación autoconsumo residuos no renovables,2025-10-01T00:00:00.000+02:00,2025-09-30T22:00:00Z,12.2,10
2018,Potencia instalada de generación autoconsumo residuos no renovables,2025-10-01T00:00:00.000+02:00,2025-09-30T22:00:00Z,54.15,15
2018,Potencia instalada de generación autoconsumo residuos no renovables,2025-10-01T00:00:00.000+02:00,2025-09-30T22:00:00Z,0.1,21
2018,Potencia instalada de generación autoconsumo residuos no renovables,2025-11-01T00:00:00.000+01:00,2025-10-31T23:00:00Z,54.15,15
2018,Potencia instalada de generación autoconsumo residuos no renovables,2025-11-01T00:00:00.000+01:00,2025-10-31T23:00:00Z,0.1,21
2018,Potencia instalada de generación autoconsumo residuos no renovables,2025-11-01T00:00:00.000+01:00,2025-10-31T23:00:00Z,12.2,10
2018,Potencia instalada de generación autoconsumo residuos no renovables,2025-11-01T00:00:00.000+01:00,2025-10-31T23:00:00Z,0.011,4
2018,Potencia instalada de generación autoconsumo residuos no renovables,2025-11-01T00:00:00.000+01:00,2025-10-31T23:00:00Z,4.965,6
2018,Potencia instalada de generación autoconsumo residuos no renovables,2025-11-01T00:00:00.000+01:00,2025-10-31T23:00:00Z,32.375,9
2018,Potencia instalada de generación autoconsumo residuos no renovables,2025-12-01T00:00:00.000+01:00,2025-11-30T23:00:00Z,0.011,4
2018,Potencia instalada de generación autoconsumo residuos no renovables,2025-12-01T00:00:00.000+01:00,2025-11-30T23:00:00Z,4.965,6
2018,Potencia instalada de generación autoconsumo residuos no renovables,2025-12-01T00:00:00.000+01:00,2025-11-30T23:00:00Z,32.375,9
2018,Potencia instalada de generación autoconsumo residuos no renovables,2025-12-01T00:00:00.000+01:00,2025-11-30T23:00:00Z,12.2,10
2018,Potencia instalada de generación autoconsumo residuos no renovables,2025-12-01T00:00:00.000+01:00,2025-11-30T23:00:00Z,54.15,15
2018,Potencia instalada de generación autoconsumo residuos no renovables,2025-12-01T00:00:00.000+01:00,2025-11-30T23:00:00Z,0.1,21
2018,Potencia instalada de generación autoconsumo residuos no renovables,2026-01-01T00:00:00.000+01:00,2025-12-31T23:00:00Z,0.011,4
2018,Potencia instalada de generación autoconsumo residuos no renovables,2026-01-01T00:00:00.000+01:00,2025-12-31T23:00:00Z,4.965,6
2018,Potencia instalada de generación autoconsumo residuos no renovables,2026-01-01T00:00:00.000+01:00,2025-12-31T23:00:00Z,32.375,9
2018,Potencia instalada de generación autoconsumo residuos no renovables,2026-01-01T00:00:00.000+01:00,2025-12-31T23:00:00Z,12.2,10
2018,Potencia instalada de generación autoconsumo residuos no renovables,2026-01-01T00:00:00.000+01:00,2025-12-31T23:00:00Z,54.15,15
2018,Potencia instalada de generación autoconsumo residuos no renovables,2026-01-01T00:00:00.000+01:00,2025-12-31T23:00:00Z,0.1,21
2018,Potencia instalada de generación autoconsumo residuos no renovables,2026-02-01T00:00:00.000+01:00,2026-01-31T23:00:00Z,0.1,21
2018,Potencia instalada de generación autoconsumo residuos no renovables,2026-02-01T00:00:00.000+01:00,2026-01-31T23:00:00Z,54.15,15
2018,Potencia instalada de generación autoconsumo residuos no renovables,2026-02-01T00:00:00.000+01:00,2026-01-31T23:00:00Z,12.2,10
2018,Potencia instalada de generación autoconsumo residuos no renovables,2026-02-01T00:00:00.000+01:00,2026-01-31T23:00:00Z,4.965,6
2018,Potencia instalada de generación autoconsumo residuos no renovables,2026-02-01T00:00:00.000+01:00,2026-01-31T23:00:00Z,0.011,4
2018,Potencia instalada de generación autoconsumo residuos no renovables,2026-02-01T00:00:00.000+01:00,2026-01-31T23:00:00Z,32.375,9
2018,Potencia instalada de generación autoconsumo residuos no renovables,2026-03-01T00:00:00.000+01:00,2026-02-28T23:00:00Z,0.1,21
2018,Potencia instalada de generación autoconsumo residuos no renovables,2026-03-01T00:00:00.000+01:00,2026-02-28T23:00:00Z,0.011,4
2018,Potencia instalada de generación autoconsumo residuos no renovables,2026-03-01T00:00:00.000+01:00,2026-02-28T23:00:00Z,4.965,6
2018,Potencia instalada de generación autoconsumo residuos no renovables,2026-03-01T00:00:00.000+01:00,2026-02-28T23:00:00Z,32.375,9
2018,Potencia instalada de generación autoconsumo residuos no renovables,2026-03-01T00:00:00.000+01:00,2026-02-28T23:00:00Z,12.2,10
2018,Potencia instalada de generación autoconsumo residuos no renovables,2026-03-01T00:00:00.000+01:00,2026-02-28T23:00:00Z,54.15,15
2018,Potencia instalada de generación autoconsumo residuos no renovables,2026-04-01T00:00:00.000+02:00,2026-03-31T22:00:00Z,0.011,4
2018,Potencia instalada de generación autoconsumo residuos no renovables,2026-04-01T00:00:00.000+02:00,2026-03-31T22:00:00Z,4.965,6
2018,Potencia instalada de generación autoconsumo residuos no renovables,2026-04-01T00:00:00.000+02:00,2026-03-31T22:00:00Z,32.375,9
2018,Potencia instalada de generación autoconsumo residuos no renovables,2026-04-01T00:00:00.000+02:00,2026-03-31T22:00:00Z,12.2,10
2018,Potencia instalada de generación autoconsumo residuos no renovables,2026-04-01T00:00:00.000+02:00,2026-03-31T22:00:00Z,54.15,15
2018,Potencia instalada de generación autoconsumo residuos no renovables,2026-04-01T00:00:00.000+02:00,2026-03-31T22:00:00Z,0.1,21
2018,Potencia instalada de generación autoconsumo residuos no renovables,2026-05-01T00:00:00.000+02:00,2026-04-30T22:00:00Z,0.1,21
2018,Potencia instalada de generación autoconsumo residuos no renovables,2026-05-01T00:00:00.000+02:00,2026-04-30T22:00:00Z,54.15,15
2018,Potencia instalada de generación autoconsumo residuos no renovables,2026-05-01T00:00:00.000+02:00,2026-04-30T22:00:00Z,12.2,10
2018,Potencia instalada de generación autoconsumo residuos no renovables,2026-05-01T00:00:00.000+02:00,2026-04-30T22:00:00Z,32.375,9
2018,Potencia instalada de generación autoconsumo residuos no renovables,2026-05-01T00:00:00.000+02:00,2026-04-30T22:00:00Z,4.965,6
2018,Potencia instalada de generación autoconsumo residuos no renovables,2026-05-01T00:00:00.000+02:00,2026-04-30T22:00:00Z,0.011,4
2018,Potencia instalada de generación autoconsumo residuos no renovables,2026-06-01T00:00:00.000+02:00,2026-05-31T22:00:00Z,0.011,4
2018,Potencia instalada de generación autoconsumo residuos no renovables,2026-06-01T00:00:00.000+02:00,2026-05-31T22:00:00Z,4.965,6
2018,Potencia instalada de generación autoconsumo residuos no renovables,2026-06-01T00:00:00.000+02:00,2026-05-31T22:00:00Z,32.375,9
2018,Potencia instalada de generación autoconsumo residuos no renovables,2026-06-01T00:00:00.000+02:00,2026-05-31T22:00:00Z,12.2,10
2018,Potencia instalada de generación autoconsumo residuos no renovables,2026-06-01T00:00:00.000+02:00,2026-05-31T22:00:00Z,54.15,15
2018,Potencia instalada de generación autoconsumo residuos no renovables,2026-06-01T00:00:00.000+02:00,2026-05-31T22:00:00Z,0.1,21
2018,Potencia instalada de generación autoconsumo residuos no renovables,2026-07-01T00:00:00.000+02:00,2026-06-30T22:00:00Z,0.1,21
2018,Potencia instalada de generación autoconsumo residuos no renovables,2026-07-01T00:00:00.000+02:00,2026-06-30T22:00:00Z,54.15,15
2018,Potencia instalada de generación autoconsumo residuos no renovables,2026-07-01T00:00:00.000+02:00,2026-06-30T22:00:00Z,0.006,14
2018,Potencia instalada de generación autoconsumo residuos no renovables,2026-07-01T00:00:00.000+02:00,2026-06-30T22:00:00Z,0.011,4
2018,Potencia instalada de generación autoconsumo residuos no renovables,2026-07-01T00:00:00.000+02:00,2026-06-30T22:00:00Z,32.375,9
2018,Potencia instalada de generación autoconsumo residuos no renovables,2026-07-01T00:00:00.000+02:00,2026-06-30T22:00:00Z,4.965,6
2018,Potencia instalada de generación autoconsumo residuos no renovables,2026-07-01T00:00:00.000+02:00,2026-06-30T22:00:00Z,12.2,10
2018,Potencia instalada de generación autoconsumo residuos no renovables,2026-08-01T00:00:00.000+02:00,2026-07-31T22:00:00Z,0.006,14
2018,Potencia instalada de generación autoconsumo residuos no renovables,2026-08-01T00:00:00.000+02:00,2026-07-31T22:00:00Z,12.2,10
2018,Potencia instalada de generación autoconsumo residuos no renovables,2026-08-01T00:00:00.000+02:00,2026-07-31T22:00:00Z,108.3,15
2018,Potencia instalada de generación autoconsumo residuos no renovables,2026-08-01T00:00:00.000+02:00,2026-07-31T22:00:00Z,4.965,6
2018,Potencia instalada de generación autoconsumo residuos no renovables,2026-08-01T00:00:00.000+02:00,2026-07-31T22:00:00Z,0.011,4
2018,Potencia instalada de generación autoconsumo residuos no renovables,2026-08-01T00:00:00.000+02:00,2026-07-31T22:00:00Z,48.255,9
2018,Potencia instalada de generación autoconsumo residuos no renovables,2026-08-01T00:00:00.000+02:00,2026-07-31T22:00:00Z,0.1,21
2267,Potencia instalada híbrida renovable,2025-08-01T00:00:00.000+02:00,2025-07-31T22:00:00Z,39.735,5
2267,Potencia instalada híbrida renovable,2025-08-01T00:00:00.000+02:00,2025-07-31T22:00:00Z,243.767,7
2267,Potencia instalada híbrida renovable,2025-08-01T00:00:00.000+02:00,2025-07-31T22:00:00Z,199.492,8
2267,Potencia instalada híbrida renovable,2025-09-01T00:00:00.000+02:00,2025-08-31T22:00:00Z,39.735,5
2267,Potencia instalada híbrida renovable,2025-09-01T00:00:00.000+02:00,2025-08-31T22:00:00Z,243.767,7
2267,Potencia instalada híbrida renovable,2025-09-01T00:00:00.000+02:00,2025-08-31T22:00:00Z,204.042,8
2267,Potencia instalada híbrida renovable,2025-10-01T00:00:00.000+02:00,2025-09-30T22:00:00Z,39.735,5
2267,Potencia instalada híbrida renovable,2025-10-01T00:00:00.000+02:00,2025-09-30T22:00:00Z,243.767,7
2267,Potencia instalada híbrida renovable,2025-10-01T00:00:00.000+02:00,2025-09-30T22:00:00Z,204.042,8
2267,Potencia instalada híbrida renovable,2025-11-01T00:00:00.000+01:00,2025-10-31T23:00:00Z,204.042,8
2267,Potencia instalada híbrida renovable,2025-11-01T00:00:00.000+01:00,2025-10-31T23:00:00Z,243.767,7
2267,Potencia instalada híbrida renovable,2025-11-01T00:00:00.000+01:00,2025-10-31T23:00:00Z,148.635,5
2267,Potencia instalada híbrida renovable,2025-12-01T00:00:00.000+01:00,2025-11-30T23:00:00Z,148.635,5
2267,Potencia instalada híbrida renovable,2025-12-01T00:00:00.000+01:00,2025-11-30T23:00:00Z,243.767,7
2267,Potencia instalada híbrida renovable,2025-12-01T00:00:00.000+01:00,2025-11-30T23:00:00Z,204.042,8
2267,Potencia instalada híbrida renovable,2026-01-01T00:00:00.000+01:00,2025-12-31T23:00:00Z,255.375,5
2267,Potencia instalada híbrida renovable,2026-01-01T00:00:00.000+01:00,2025-12-31T23:00:00Z,243.767,7
2267,Potencia instalada híbrida renovable,2026-01-01T00:00:00.000+01:00,2025-12-31T23:00:00Z,204.042,8
2267,Potencia instalada híbrida renovable,2026-02-01T00:00:00.000+01:00,2026-01-31T23:00:00Z,287.775,5
2267,Potencia instalada híbrida renovable,2026-02-01T00:00:00.000+01:00,2026-01-31T23:00:00Z,243.767,7
2267,Potencia instalada híbrida renovable,2026-02-01T00:00:00.000+01:00,2026-01-31T23:00:00Z,204.042,8
2267,Potencia instalada híbrida renovable,2026-03-01T00:00:00.000+01:00,2026-02-28T23:00:00Z,16.03,14
2267,Potencia instalada híbrida renovable,2026-03-01T00:00:00.000+01:00,2026-02-28T23:00:00Z,204.042,8
2267,Potencia instalada híbrida renovable,2026-03-01T00:00:00.000+01:00,2026-02-28T23:00:00Z,491.935,5
2267,Potencia instalada híbrida renovable,2026-03-01T00:00:00.000+01:00,2026-02-28T23:00:00Z,243.767,7
2267,Potencia instalada híbrida renovable,2026-04-01T00:00:00.000+02:00,2026-03-31T22:00:00Z,491.935,5
2267,Potencia instalada híbrida renovable,2026-04-01T00:00:00.000+02:00,2026-03-31T22:00:00Z,243.767,7
2267,Potencia instalada híbrida renovable,2026-04-01T00:00:00.000+02:00,2026-03-31T22:00:00Z,204.042,8
2267,Potencia instalada híbrida renovable,2026-04-01T00:00:00.000+02:00,2026-03-31T22:00:00Z,16.03,14
2267,Potencia instalada híbrida renovable,2026-05-01T00:00:00.000+02:00,2026-04-30T22:00:00Z,16.03,14
2267,Potencia instalada híbrida renovable,2026-05-01T00:00:00.000+02:00,2026-04-30T22:00:00Z,491.935,5
2267,Potencia instalada híbrida renovable,2026-05-01T00:00:00.000+02:00,2026-04-30T22:00:00Z,243.767,7
2267,Potencia instalada híbrida renovable,2026-05-01T00:00:00.000+02:00,2026-04-30T22:00:00Z,204.042,8
2267,Potencia instalada híbrida renovable,2026-06-01T00:00:00.000+02:00,2026-05-31T22:00:00Z,16.03,14
2267,Potencia instalada híbrida renovable,2026-06-01T00:00:00.000+02:00,2026-05-31T22:00:00Z,204.042,8
2267,Potencia instalada híbrida renovable,2026-06-01T00:00:00.000+02:00,2026-05-31T22:00:00Z,243.767,7
2267,Potencia instalada híbrida renovable,2026-06-01T00:00:00.000+02:00,2026-05-31T22:00:00Z,491.935,5
2267,Potencia instalada híbrida renovable,2026-07-01T00:00:00.000+02:00,2026-06-30T22:00:00Z,23.2,17
2267,Potencia instalada híbrida renovable,2026-07-01T00:00:00.000+02:00,2026-06-30T22:00:00Z,491.935,5
2267,Potencia instalada híbrida renovable,2026-07-01T00:00:00.000+02:00,2026-06-30T22:00:00Z,243.767,7
2267,Potencia instalada híbrida renovable,2026-07-01T00:00:00.000+02:00,2026-06-30T22:00:00Z,204.042,8
2267,Potencia instalada híbrida renovable,2026-07-01T00:00:00.000+02:00,2026-06-30T22:00:00Z,16.03,14
2267,Potencia instalada híbrida renovable,2026-08-01T00:00:00.000+02:00,2026-07-31T22:00:00Z,204.042,8
2267,Potencia instalada híbrida renovable,2026-08-01T00:00:00.000+02:00,2026-07-31T22:00:00Z,16.03,14
2267,Potencia instalada híbrida renovable,2026-08-01T00:00:00.000+02:00,2026-07-31T22:00:00Z,491.935,5
2267,Potencia instalada híbrida renovable,2026-08-01T00:00:00.000+02:00,2026-07-31T22:00:00Z,279.407,7
2267,Potencia instalada híbrida renovable,2026-08-01T00:00:00.000+02:00,2026-07-31T22:00:00Z,23.2,17
2268,Potencia instalada híbrida renovable-térmica no renovable,2025-08-01T00:00:00.000+02:00,2025-07-31T22:00:00Z,13.459,4
2268,Potencia instalada híbrida renovable-térmica no renovable,2025-08-01T00:00:00.000+02:00,2025-07-31T22:00:00Z,11.793,16
2268,Potencia instalada híbrida renovable-térmica no renovable,2025-08-01T00:00:00.000+02:00,2025-07-31T22:00:00Z,4.095,17
2268,Potencia instalada híbrida renovable-térmica no renovable,2025-09-01T00:00:00.000+02:00,2025-08-31T22:00:00Z,13.459,4
2268,Potencia instalada híbrida renovable-térmica no renovable,2025-09-01T00:00:00.000+02:00,2025-08-31T22:00:00Z,11.793,16
2268,Potencia instalada híbrida renovable-térmica no renovable,2025-09-01T00:00:00.000+02:00,2025-08-31T22:00:00Z,4.095,17
2268,Potencia instalada híbrida renovable-térmica no renovable,2025-10-01T00:00:00.000+02:00,2025-09-30T22:00:00Z,13.459,4
2268,Potencia instalada híbrida renovable-térmica no renovable,2025-10-01T00:00:00.000+02:00,2025-09-30T22:00:00Z,11.793,16
2268,Potencia instalada híbrida renovable-térmica no renovable,2025-10-01T00:00:00.000+02:00,2025-09-30T22:00:00Z,6.545,17
2268,Potencia instalada híbrida renovable-térmica no renovable,2025-11-01T00:00:00.000+01:00,2025-10-31T23:00:00Z,6.545,17
2268,Potencia instalada híbrida renovable-térmica no renovable,2025-11-01T00:00:00.000+01:00,2025-10-31T23:00:00Z,11.793,16
2268,Potencia instalada híbrida renovable-térmica no renovable,2025-11-01T00:00:00.000+01:00,2025-10-31T23:00:00Z,13.459,4
2268,Potencia instalada híbrida renovable-térmica no renovable,2025-12-01T00:00:00.000+01:00,2025-11-30T23:00:00Z,13.459,4
2268,Potencia instalada híbrida renovable-térmica no renovable,2025-12-01T00:00:00.000+01:00,2025-11-30T23:00:00Z,11.793,16
2268,Potencia instalada híbrida renovable-térmica no renovable,2025-12-01T00:00:00.000+01:00,2025-11-30T23:00:00Z,6.545,17
2268,Potencia instalada híbrida renovable-térmica no renovable,2026-01-01T00:00:00.000+01:00,2025-12-31T23:00:00Z,13.459,4
2268,Potencia instalada híbrida renovable-térmica no renovable,2026-01-01T00:00:00.000+01:00,2025-12-31T23:00:00Z,11.793,16
2268,Potencia instalada híbrida renovable-térmica no renovable,2026-01-01T00:00:00.000+01:00,2025-12-31T23:00:00Z,6.545,17
2268,Potencia instalada híbrida renovable-térmica no renovable,2026-02-01T00:00:00.000+01:00,2026-01-31T23:00:00Z,13.459,4
2268,Potencia instalada híbrida renovable-térmica no renovable,2026-02-01T00:00:00.000+01:00,2026-01-31T23:00:00Z,11.793,16
2268,Potencia instalada híbrida renovable-térmica no renovable,2026-02-01T00:00:00.000+01:00,2026-01-31T23:00:00Z,6.545,17
2268,Potencia instalada híbrida renovable-térmica no renovable,2026-03-01T00:00:00.000+01:00,2026-02-28T23:00:00Z,6.545,17
2268,Potencia instalada híbrida renovable-térmica no renovable,2026-03-01T00:00:00.000+01:00,2026-02-28T23:00:00Z,13.459,4
2268,Potencia instalada híbrida renovable-térmica no renovable,2026-03-01T00:00:00.000+01:00,2026-02-28T23:00:00Z,11.793,16
2268,Potencia instalada híbrida renovable-térmica no renovable,2026-04-01T00:00:00.000+02:00,2026-03-31T22:00:00Z,13.459,4
2268,Potencia instalada híbrida renovable-térmica no renovable,2026-04-01T00:00:00.000+02:00,2026-03-31T22:00:00Z,11.793,16
2268,Potencia instalada híbrida renovable-térmica no renovable,2026-04-01T00:00:00.000+02:00,2026-03-31T22:00:00Z,6.545,17
2268,Potencia instalada híbrida renovable-térmica no renovable,2026-05-01T00:00:00.000+02:00,2026-04-30T22:00:00Z,13.459,4
2268,Potencia instalada híbrida renovable-térmica no renovable,2026-05-01T00:00:00.000+02:00,2026-04-30T22:00:00Z,33.45,8
2268,Potencia instalada híbrida renovable-térmica no renovable,2026-05-01T00:00:00.000+02:00,2026-04-30T22:00:00Z,11.793,16
2268,Potencia instalada híbrida renovable-térmica no renovable,2026-05-01T00:00:00.000+02:00,2026-04-30T22:00:00Z,6.545,17
2268,Potencia instalada híbrida renovable-térmica no renovable,2026-06-01T00:00:00.000+02:00,2026-05-31T22:00:00Z,33.45,8
2268,Potencia instalada híbrida renovable-térmica no renovable,2026-06-01T00:00:00.000+02:00,2026-05-31T22:00:00Z,6.545,17
2268,Potencia instalada híbrida renovable-térmica no renovable,2026-06-01T00:00:00.000+02:00,2026-05-31T22:00:00Z,13.459,4
2268,Potencia instalada híbrida renovable-térmica no renovable,2026-06-01T00:00:00.000+02:00,2026-05-31T22:00:00Z,11.793,16
2268,Potencia instalada híbrida renovable-térmica no renovable,2026-07-01T00:00:00.000+02:00,2026-06-30T22:00:00Z,6.545,17
2268,Potencia instalada híbrida renovable-térmica no renovable,2026-07-01T00:00:00.000+02:00,2026-06-30T22:00:00Z,13.459,4
2268,Potencia instalada híbrida renovable-térmica no renovable,2026-07-01T00:00:00.000+02:00,2026-06-30T22:00:00Z,33.45,8
2268,Potencia instalada híbrida renovable-térmica no renovable,2026-07-01T00:00:00.000+02:00,2026-06-30T22:00:00Z,11.793,16
2268,Potencia instalada híbrida renovable-térmica no renovable,2026-08-01T00:00:00.000+02:00,2026-07-31T22:00:00Z,44.41,8
2268,Potencia instalada híbrida renovable-térmica no renovable,2026-08-01T00:00:00.000+02:00,2026-07-31T22:00:00Z,11.793,16
2268,Potencia instalada híbrida renovable-térmica no renovable,2026-08-01T00:00:00.000+02:00,2026-07-31T22:00:00Z,13.459,4
2268,Potencia instalada híbrida renovable-térmica no renovable,2026-08-01T00:00:00.000+02:00,2026-07-31T22:00:00Z,6.545,17
2269,Potencia instalada híbrida renovable-almacenamiento,2025-08-01T00:00:00.000+02:00,2025-07-31T22:00:00Z,94.91,7
2269,Potencia instalada híbrida renovable-almacenamiento,2025-08-01T00:00:00.000+02:00,2025-07-31T22:00:00Z,37.83,10
2269,Potencia instalada híbrida renovable-almacenamiento,2025-08-01T00:00:00.000+02:00,2025-07-31T22:00:00Z,35.74,16
2269,Potencia instalada híbrida renovable-almacenamiento,2025-08-01T00:00:00.000+02:00,2025-07-31T22:00:00Z,3.975,18
2269,Potencia instalada híbrida renovable-almacenamiento,2025-09-01T00:00:00.000+02:00,2025-08-31T22:00:00Z,94.91,7
2269,Potencia instalada híbrida renovable-almacenamiento,2025-09-01T00:00:00.000+02:00,2025-08-31T22:00:00Z,37.83,10
2269,Potencia instalada híbrida renovable-almacenamiento,2025-09-01T00:00:00.000+02:00,2025-08-31T22:00:00Z,62.905,16
2269,Potencia instalada híbrida renovable-almacenamiento,2025-09-01T00:00:00.000+02:00,2025-08-31T22:00:00Z,3.975,18
2269,Potencia instalada híbrida renovable-almacenamiento,2025-10-01T00:00:00.000+02:00,2025-09-30T22:00:00Z,94.91,7
2269,Potencia instalada híbrida renovable-almacenamiento,2025-10-01T00:00:00.000+02:00,2025-09-30T22:00:00Z,37.83,10
2269,Potencia instalada híbrida renovable-almacenamiento,2025-10-01T00:00:00.000+02:00,2025-09-30T22:00:00Z,62.905,16
2269,Potencia instalada híbrida renovable-almacenamiento,2025-10-01T00:00:00.000+02:00,2025-09-30T22:00:00Z,3.975,18
2269,Potencia instalada híbrida renovable-almacenamiento,2025-11-01T00:00:00.000+01:00,2025-10-31T23:00:00Z,62.905,16
2269,Potencia instalada híbrida renovable-almacenamiento,2025-11-01T00:00:00.000+01:00,2025-10-31T23:00:00Z,3.975,18
2269,Potencia instalada híbrida renovable-almacenamiento,2025-11-01T00:00:00.000+01:00,2025-10-31T23:00:00Z,94.91,7
2269,Potencia instalada híbrida renovable-almacenamiento,2025-11-01T00:00:00.000+01:00,2025-10-31T23:00:00Z,37.83,10
2269,Potencia instalada híbrida renovable-almacenamiento,2025-12-01T00:00:00.000+01:00,2025-11-30T23:00:00Z,94.91,7
2269,Potencia instalada híbrida renovable-almacenamiento,2025-12-01T00:00:00.000+01:00,2025-11-30T23:00:00Z,37.83,10
2269,Potencia instalada híbrida renovable-almacenamiento,2025-12-01T00:00:00.000+01:00,2025-11-30T23:00:00Z,62.905,16
2269,Potencia instalada híbrida renovable-almacenamiento,2025-12-01T00:00:00.000+01:00,2025-11-30T23:00:00Z,3.975,18
2269,Potencia instalada híbrida renovable-almacenamiento,2026-01-01T00:00:00.000+01:00,2025-12-31T23:00:00Z,3.975,18
2269,Potencia instalada híbrida renovable-almacenamiento,2026-01-01T00:00:00.000+01:00,2025-12-31T23:00:00Z,62.905,16
2269,Potencia instalada híbrida renovable-almacenamiento,2026-01-01T00:00:00.000+01:00,2025-12-31T23:00:00Z,94.91,7
2269,Potencia instalada híbrida renovable-almacenamiento,2026-01-01T00:00:00.000+01:00,2025-12-31T23:00:00Z,37.83,10
2269,Potencia instalada híbrida renovable-almacenamiento,2026-02-01T00:00:00.000+01:00,2026-01-31T23:00:00Z,236.47,7
2269,Potencia instalada híbrida renovable-almacenamiento,2026-02-01T00:00:00.000+01:00,2026-01-31T23:00:00Z,72.979,8
2269,Potencia instalada híbrida renovable-almacenamiento,2026-02-01T00:00:00.000+01:00,2026-01-31T23:00:00Z,37.83,10
2269,Potencia instalada híbrida renovable-almacenamiento,2026-02-01T00:00:00.000+01:00,2026-01-31T23:00:00Z,62.905,16
2269,Potencia instalada híbrida renovable-almacenamiento,2026-02-01T00:00:00.000+01:00,2026-01-31T23:00:00Z,3.975,18
2269,Potencia instalada híbrida renovable-almacenamiento,2026-02-01T00:00:00.000+01:00,2026-01-31T23:00:00Z,13.33,19
2269,Potencia instalada híbrida renovable-almacenamiento,2026-03-01T00:00:00.000+01:00,2026-02-28T23:00:00Z,13.33,19
2269,Potencia instalada híbrida renovable-almacenamiento,2026-03-01T00:00:00.000+01:00,2026-02-28T23:00:00Z,62.905,16
2269,Potencia instalada híbrida renovable-almacenamiento,2026-03-01T00:00:00.000+01:00,2026-02-28T23:00:00Z,3.975,18
2269,Potencia instalada híbrida renovable-almacenamiento,2026-03-01T00:00:00.000+01:00,2026-02-28T23:00:00Z,72.979,8
2269,Potencia instalada híbrida renovable-almacenamiento,2026-03-01T00:00:00.000+01:00,2026-02-28T23:00:00Z,236.47,7
2269,Potencia instalada híbrida renovable-almacenamiento,2026-03-01T00:00:00.000+01:00,2026-02-28T23:00:00Z,37.83,10
2269,Potencia instalada híbrida renovable-almacenamiento,2026-04-01T00:00:00.000+02:00,2026-03-31T22:00:00Z,236.47,7
2269,Potencia instalada híbrida renovable-almacenamiento,2026-04-01T00:00:00.000+02:00,2026-03-31T22:00:00Z,110.579,8
2269,Potencia instalada híbrida renovable-almacenamiento,2026-04-01T00:00:00.000+02:00,2026-03-31T22:00:00Z,37.83,10
2269,Potencia instalada híbrida renovable-almacenamiento,2026-04-01T00:00:00.000+02:00,2026-03-31T22:00:00Z,62.905,16
2269,Potencia instalada híbrida renovable-almacenamiento,2026-04-01T00:00:00.000+02:00,2026-03-31T22:00:00Z,3.975,18
2269,Potencia instalada híbrida renovable-almacenamiento,2026-04-01T00:00:00.000+02:00,2026-03-31T22:00:00Z,13.33,19
2269,Potencia instalada híbrida renovable-almacenamiento,2026-05-01T00:00:00.000+02:00,2026-04-30T22:00:00Z,236.47,7
2269,Potencia instalada híbrida renovable-almacenamiento,2026-05-01T00:00:00.000+02:00,2026-04-30T22:00:00Z,110.579,8
2269,Potencia instalada híbrida renovable-almacenamiento,2026-05-01T00:00:00.000+02:00,2026-04-30T22:00:00Z,37.83,10
2269,Potencia instalada híbrida renovable-almacenamiento,2026-05-01T00:00:00.000+02:00,2026-04-30T22:00:00Z,205.745,16
2269,Potencia instalada híbrida renovable-almacenamiento,2026-05-01T00:00:00.000+02:00,2026-04-30T22:00:00Z,3.975,18
2269,Potencia instalada híbrida renovable-almacenamiento,2026-05-01T00:00:00.000+02:00,2026-04-30T22:00:00Z,13.33,19
2269,Potencia instalada híbrida renovable-almacenamiento,2026-05-01T00:00:00.000+02:00,2026-04-30T22:00:00Z,71.342,4
2269,Potencia instalada híbrida renovable-almacenamiento,2026-06-01T00:00:00.000+02:00,2026-05-31T22:00:00Z,205.745,16
2269,Potencia instalada híbrida renovable-almacenamiento,2026-06-01T00:00:00.000+02:00,2026-05-31T22:00:00Z,3.975,18
2269,Potencia instalada híbrida renovable-almacenamiento,2026-06-01T00:00:00.000+02:00,2026-05-31T22:00:00Z,13.33,19
2269,Potencia instalada híbrida renovable-almacenamiento,2026-06-01T00:00:00.000+02:00,2026-05-31T22:00:00Z,110.579,8
2269,Potencia instalada híbrida renovable-almacenamiento,2026-06-01T00:00:00.000+02:00,2026-05-31T22:00:00Z,236.47,7
2269,Potencia instalada híbrida renovable-almacenamiento,2026-06-01T00:00:00.000+02:00,2026-05-31T22:00:00Z,71.342,4
2269,Potencia instalada híbrida renovable-almacenamiento,2026-06-01T00:00:00.000+02:00,2026-05-31T22:00:00Z,37.83,10
2269,Potencia instalada híbrida renovable-almacenamiento,2026-07-01T00:00:00.000+02:00,2026-06-30T22:00:00Z,13.33,19
2269,Potencia instalada híbrida renovable-almacenamiento,2026-07-01T00:00:00.000+02:00,2026-06-30T22:00:00Z,205.745,16
2269,Potencia instalada híbrida renovable-almacenamiento,2026-07-01T00:00:00.000+02:00,2026-06-30T22:00:00Z,37.83,10
2269,Potencia instalada híbrida renovable-almacenamiento,2026-07-01T00:00:00.000+02:00,2026-06-30T22:00:00Z,3.975,18
2269,Potencia instalada híbrida renovable-almacenamiento,2026-07-01T00:00:00.000+02:00,2026-06-30T22:00:00Z,236.47,7
2269,Potencia instalada híbrida renovable-almacenamiento,2026-07-01T00:00:00.000+02:00,2026-06-30T22:00:00Z,71.342,4
2269,Potencia instalada híbrida renovable-almacenamiento,2026-07-01T00:00:00.000+02:00,2026-06-30T22:00:00Z,110.579,8
2269,Potencia instalada híbrida renovable-almacenamiento,2026-08-01T00:00:00.000+02:00,2026-07-31T22:00:00Z,3.975,18
2269,Potencia instalada híbrida renovable-almacenamiento,2026-08-01T00:00:00.000+02:00,2026-07-31T22:00:00Z,71.342,4
2269,Potencia instalada híbrida renovable-almacenamiento,2026-08-01T00:00:00.000+02:00,2026-07-31T22:00:00Z,236.47,7
2269,Potencia instalada híbrida renovable-almacenamiento,2026-08-01T00:00:00.000+02:00,2026-07-31T22:00:00Z,110.579,8
2269,Potencia instalada híbrida renovable-almacenamiento,2026-08-01T00:00:00.000+02:00,2026-07-31T22:00:00Z,37.83,10
2269,Potencia instalada híbrida renovable-almacenamiento,2026-08-01T00:00:00.000+02:00,2026-07-31T22:00:00Z,205.745,16
2269,Potencia instalada híbrida renovable-almacenamiento,2026-08-01T00:00:00.000+02:00,2026-07-31T22:00:00Z,13.33,19
2272,Potencia instalada de generación solar fotovoltaica híbridada,2025-08-01T00:00:00.000+02:00,2025-07-31T22:00:00Z,5.972,4
2272,Potencia instalada de generación solar fotovoltaica híbridada,2025-08-01T00:00:00.000+02:00,2025-07-31T22:00:00Z,8.385,5
2272,Potencia instalada de generación solar fotovoltaica híbridada,2025-08-01T00:00:00.000+02:00,2025-07-31T22:00:00Z,196.677,7
2272,Potencia instalada de generación solar fotovoltaica híbridada,2025-08-01T00:00:00.000+02:00,2025-07-31T22:00:00Z,96.542,8
2272,Potencia instalada de generación solar fotovoltaica híbridada,2025-08-01T00:00:00.000+02:00,2025-07-31T22:00:00Z,36.205,16
2272,Potencia instalada de generación solar fotovoltaica híbridada,2025-08-01T00:00:00.000+02:00,2025-07-31T22:00:00Z,2.775,18
2272,Potencia instalada de generación solar fotovoltaica híbridada,2025-09-01T00:00:00.000+02:00,2025-08-31T22:00:00Z,2.775,18
2272,Potencia instalada de generación solar fotovoltaica híbridada,2025-09-01T00:00:00.000+02:00,2025-08-31T22:00:00Z,97.942,8
2272,Potencia instalada de generación solar fotovoltaica híbridada,2025-09-01T00:00:00.000+02:00,2025-08-31T22:00:00Z,61.192,16
2272,Potencia instalada de generación solar fotovoltaica híbridada,2025-09-01T00:00:00.000+02:00,2025-08-31T22:00:00Z,8.385,5
2272,Potencia instalada de generación solar fotovoltaica híbridada,2025-09-01T00:00:00.000+02:00,2025-08-31T22:00:00Z,5.972,4
2272,Potencia instalada de generación solar fotovoltaica híbridada,2025-09-01T00:00:00.000+02:00,2025-08-31T22:00:00Z,196.677,7
2272,Potencia instalada de generación solar fotovoltaica híbridada,2025-10-01T00:00:00.000+02:00,2025-09-30T22:00:00Z,5.972,4
2272,Potencia instalada de generación solar fotovoltaica híbridada,2025-10-01T00:00:00.000+02:00,2025-09-30T22:00:00Z,8.385,5
2272,Potencia instalada de generación solar fotovoltaica híbridada,2025-10-01T00:00:00.000+02:00,2025-09-30T22:00:00Z,196.677,7
2272,Potencia instalada de generación solar fotovoltaica híbridada,2025-10-01T00:00:00.000+02:00,2025-09-30T22:00:00Z,97.942,8
2272,Potencia instalada de generación solar fotovoltaica híbridada,2025-10-01T00:00:00.000+02:00,2025-09-30T22:00:00Z,61.192,16
2272,Potencia instalada de generación solar fotovoltaica híbridada,2025-10-01T00:00:00.000+02:00,2025-09-30T22:00:00Z,2.45,17
2272,Potencia instalada de generación solar fotovoltaica híbridada,2025-10-01T00:00:00.000+02:00,2025-09-30T22:00:00Z,2.775,18
2272,Potencia instalada de generación solar fotovoltaica híbridada,2025-11-01T00:00:00.000+01:00,2025-10-31T23:00:00Z,61.192,16
2272,Potencia instalada de generación solar fotovoltaica híbridada,2025-11-01T00:00:00.000+01:00,2025-10-31T23:00:00Z,2.45,17
2272,Potencia instalada de generación solar fotovoltaica híbridada,2025-11-01T00:00:00.000+01:00,2025-10-31T23:00:00Z,97.942,8
2272,Potencia instalada de generación solar fotovoltaica híbridada,2025-11-01T00:00:00.000+01:00,2025-10-31T23:00:00Z,2.775,18
2272,Potencia instalada de generación solar fotovoltaica híbridada,2025-11-01T00:00:00.000+01:00,2025-10-31T23:00:00Z,40.085,5
2272,Potencia instalada de generación solar fotovoltaica híbridada,2025-11-01T00:00:00.000+01:00,2025-10-31T23:00:00Z,5.972,4
2272,Potencia instalada de generación solar fotovoltaica híbridada,2025-11-01T00:00:00.000+01:00,2025-10-31T23:00:00Z,196.677,7
2272,Potencia instalada de generación solar fotovoltaica híbridada,2025-12-01T00:00:00.000+01:00,2025-11-30T23:00:00Z,5.972,4
2272,Potencia instalada de generación solar fotovoltaica híbridada,2025-12-01T00:00:00.000+01:00,2025-11-30T23:00:00Z,40.085,5
2272,Potencia instalada de generación solar fotovoltaica híbridada,2025-12-01T00:00:00.000+01:00,2025-11-30T23:00:00Z,196.677,7
2272,Potencia instalada de generación solar fotovoltaica híbridada,2025-12-01T00:00:00.000+01:00,2025-11-30T23:00:00Z,97.942,8
2272,Potencia instalada de generación solar fotovoltaica híbridada,2025-12-01T00:00:00.000+01:00,2025-11-30T23:00:00Z,61.192,16
2272,Potencia instalada de generación solar fotovoltaica híbridada,2025-12-01T00:00:00.000+01:00,2025-11-30T23:00:00Z,2.45,17
2272,Potencia instalada de generación solar fotovoltaica híbridada,2025-12-01T00:00:00.000+01:00,2025-11-30T23:00:00Z,2.775,18
2272,Potencia instalada de generación solar fotovoltaica híbridada,2026-01-01T00:00:00.000+01:00,2025-12-31T23:00:00Z,2.775,18
2272,Potencia instalada de generación solar fotovoltaica híbridada,2026-01-01T00:00:00.000+01:00,2025-12-31T23:00:00Z,2.45,17
2272,Potencia instalada de generación solar fotovoltaica híbridada,2026-01-01T00:00:00.000+01:00,2025-12-31T23:00:00Z,97.942,8
2272,Potencia instalada de generación solar fotovoltaica híbridada,2026-01-01T00:00:00.000+01:00,2025-12-31T23:00:00Z,61.192,16
2272,Potencia instalada de generación solar fotovoltaica híbridada,2026-01-01T00:00:00.000+01:00,2025-12-31T23:00:00Z,74.585,5
2272,Potencia instalada de generación solar fotovoltaica híbridada,2026-01-01T00:00:00.000+01:00,2025-12-31T23:00:00Z,5.972,4
2272,Potencia instalada de generación solar fotovoltaica híbridada,2026-01-01T00:00:00.000+01:00,2025-12-31T23:00:00Z,196.677,7
2272,Potencia instalada de generación solar fotovoltaica híbridada,2026-02-01T00:00:00.000+01:00,2026-01-31T23:00:00Z,5.972,4
2272,Potencia instalada de generación solar fotovoltaica híbridada,2026-02-01T00:00:00.000+01:00,2026-01-31T23:00:00Z,87.485,5
2272,Potencia instalada de generación solar fotovoltaica híbridada,2026-02-01T00:00:00.000+01:00,2026-01-31T23:00:00Z,280.677,7
2272,Potencia instalada de generación solar fotovoltaica híbridada,2026-02-01T00:00:00.000+01:00,2026-01-31T23:00:00Z,142.141,8
2272,Potencia instalada de generación solar fotovoltaica híbridada,2026-02-01T00:00:00.000+01:00,2026-01-31T23:00:00Z,61.192,16
2272,Potencia instalada de generación solar fotovoltaica híbridada,2026-02-01T00:00:00.000+01:00,2026-01-31T23:00:00Z,2.45,17
2272,Potencia instalada de generación solar fotovoltaica híbridada,2026-02-01T00:00:00.000+01:00,2026-01-31T23:00:00Z,2.775,18
2272,Potencia instalada de generación solar fotovoltaica híbridada,2026-02-01T00:00:00.000+01:00,2026-01-31T23:00:00Z,8.25,19
2272,Potencia instalada de generación solar fotovoltaica híbridada,2026-03-01T00:00:00.000+01:00,2026-02-28T23:00:00Z,2.45,17
2272,Potencia instalada de generación solar fotovoltaica híbridada,2026-03-01T00:00:00.000+01:00,2026-02-28T23:00:00Z,8.25,19
2272,Potencia instalada de generación solar fotovoltaica híbridada,2026-03-01T00:00:00.000+01:00,2026-02-28T23:00:00Z,2.775,18
2272,Potencia instalada de generación solar fotovoltaica híbridada,2026-03-01T00:00:00.000+01:00,2026-02-28T23:00:00Z,61.192,16
2272,Potencia instalada de generación solar fotovoltaica híbridada,2026-03-01T00:00:00.000+01:00,2026-02-28T23:00:00Z,280.677,7
2272,Potencia instalada de generación solar fotovoltaica híbridada,2026-03-01T00:00:00.000+01:00,2026-02-28T23:00:00Z,142.141,8
2272,Potencia instalada de generación solar fotovoltaica híbridada,2026-03-01T00:00:00.000+01:00,2026-02-28T23:00:00Z,7.75,14
2272,Potencia instalada de generación solar fotovoltaica híbridada,2026-03-01T00:00:00.000+01:00,2026-02-28T23:00:00Z,124.445,5
2272,Potencia instalada de generación solar fotovoltaica híbridada,2026-03-01T00:00:00.000+01:00,2026-02-28T23:00:00Z,5.972,4
2272,Potencia instalada de generación solar fotovoltaica híbridada,2026-04-01T00:00:00.000+02:00,2026-03-31T22:00:00Z,2.775,18
2272,Potencia instalada de generación solar fotovoltaica híbridada,2026-04-01T00:00:00.000+02:00,2026-03-31T22:00:00Z,2.45,17
2272,Potencia instalada de generación solar fotovoltaica híbridada,2026-04-01T00:00:00.000+02:00,2026-03-31T22:00:00Z,61.192,16
2272,Potencia instalada de generación solar fotovoltaica híbridada,2026-04-01T00:00:00.000+02:00,2026-03-31T22:00:00Z,7.75,14
2272,Potencia instalada de generación solar fotovoltaica híbridada,2026-04-01T00:00:00.000+02:00,2026-03-31T22:00:00Z,8.25,19
2272,Potencia instalada de generación solar fotovoltaica híbridada,2026-04-01T00:00:00.000+02:00,2026-03-31T22:00:00Z,280.677,7
2272,Potencia instalada de generación solar fotovoltaica híbridada,2026-04-01T00:00:00.000+02:00,2026-03-31T22:00:00Z,124.445,5
2272,Potencia instalada de generación solar fotovoltaica híbridada,2026-04-01T00:00:00.000+02:00,2026-03-31T22:00:00Z,5.972,4
2272,Potencia instalada de generación solar fotovoltaica híbridada,2026-04-01T00:00:00.000+02:00,2026-03-31T22:00:00Z,168.741,8
2272,Potencia instalada de generación solar fotovoltaica híbridada,2026-05-01T00:00:00.000+02:00,2026-04-30T22:00:00Z,8.25,19
2272,Potencia instalada de generación solar fotovoltaica híbridada,2026-05-01T00:00:00.000+02:00,2026-04-30T22:00:00Z,2.775,18
2272,Potencia instalada de generación solar fotovoltaica híbridada,2026-05-01T00:00:00.000+02:00,2026-04-30T22:00:00Z,2.45,17
2272,Potencia instalada de generación solar fotovoltaica híbridada,2026-05-01T00:00:00.000+02:00,2026-04-30T22:00:00Z,146.472,16
2272,Potencia instalada de generación solar fotovoltaica híbridada,2026-05-01T00:00:00.000+02:00,2026-04-30T22:00:00Z,7.75,14
2272,Potencia instalada de generación solar fotovoltaica híbridada,2026-05-01T00:00:00.000+02:00,2026-04-30T22:00:00Z,280.677,7
2272,Potencia instalada de generación solar fotovoltaica híbridada,2026-05-01T00:00:00.000+02:00,2026-04-30T22:00:00Z,124.445,5
2272,Potencia instalada de generación solar fotovoltaica híbridada,2026-05-01T00:00:00.000+02:00,2026-04-30T22:00:00Z,48.534,4
2272,Potencia instalada de generación solar fotovoltaica híbridada,2026-05-01T00:00:00.000+02:00,2026-04-30T22:00:00Z,177.441,8
2272,Potencia instalada de generación solar fotovoltaica híbridada,2026-06-01T00:00:00.000+02:00,2026-05-31T22:00:00Z,8.25,19
2272,Potencia instalada de generación solar fotovoltaica híbridada,2026-06-01T00:00:00.000+02:00,2026-05-31T22:00:00Z,2.775,18
2272,Potencia instalada de generación solar fotovoltaica híbridada,2026-06-01T00:00:00.000+02:00,2026-05-31T22:00:00Z,2.45,17
2272,Potencia instalada de generación solar fotovoltaica híbridada,2026-06-01T00:00:00.000+02:00,2026-05-31T22:00:00Z,146.472,16
2272,Potencia instalada de generación solar fotovoltaica híbridada,2026-06-01T00:00:00.000+02:00,2026-05-31T22:00:00Z,280.677,7
2272,Potencia instalada de generación solar fotovoltaica híbridada,2026-06-01T00:00:00.000+02:00,2026-05-31T22:00:00Z,177.441,8
2272,Potencia instalada de generación solar fotovoltaica híbridada,2026-06-01T00:00:00.000+02:00,2026-05-31T22:00:00Z,124.445,5
2272,Potencia instalada de generación solar fotovoltaica híbridada,2026-06-01T00:00:00.000+02:00,2026-05-31T22:00:00Z,48.534,4
2272,Potencia instalada de generación solar fotovoltaica híbridada,2026-06-01T00:00:00.000+02:00,2026-05-31T22:00:00Z,7.75,14
2272,Potencia instalada de generación solar fotovoltaica híbridada,2026-07-01T00:00:00.000+02:00,2026-06-30T22:00:00Z,8.25,19
2272,Potencia instalada de generación solar fotovoltaica híbridada,2026-07-01T00:00:00.000+02:00,2026-06-30T22:00:00Z,2.775,18
2272,Potencia instalada de generación solar fotovoltaica híbridada,2026-07-01T00:00:00.000+02:00,2026-06-30T22:00:00Z,146.472,16
2272,Potencia instalada de generación solar fotovoltaica híbridada,2026-07-01T00:00:00.000+02:00,2026-06-30T22:00:00Z,7.75,14
2272,Potencia instalada de generación solar fotovoltaica híbridada,2026-07-01T00:00:00.000+02:00,2026-06-30T22:00:00Z,5.65,17
2272,Potencia instalada de generación solar fotovoltaica híbridada,2026-07-01T00:00:00.000+02:00,2026-06-30T22:00:00Z,280.677,7
2272,Potencia instalada de generación solar fotovoltaica híbridada,2026-07-01T00:00:00.000+02:00,2026-06-30T22:00:00Z,124.445,5
2272,Potencia instalada de generación solar fotovoltaica híbridada,2026-07-01T00:00:00.000+02:00,2026-06-30T22:00:00Z,48.534,4
2272,Potencia instalada de generación solar fotovoltaica híbridada,2026-07-01T00:00:00.000+02:00,2026-06-30T22:00:00Z,177.441,8
2272,Potencia instalada de generación solar fotovoltaica híbridada,2026-08-01T00:00:00.000+02:00,2026-07-31T22:00:00Z,2.775,18
2272,Potencia instalada de generación solar fotovoltaica híbridada,2026-08-01T00:00:00.000+02:00,2026-07-31T22:00:00Z,48.534,4
2272,Potencia instalada de generación solar fotovoltaica híbridada,2026-08-01T00:00:00.000+02:00,2026-07-31T22:00:00Z,124.445,5
2272,Potencia instalada de generación solar fotovoltaica híbridada,2026-08-01T00:00:00.000+02:00,2026-07-31T22:00:00Z,280.677,7
2272,Potencia instalada de generación solar fotovoltaica híbridada,2026-08-01T00:00:00.000+02:00,2026-07-31T22:00:00Z,182.241,8
2272,Potencia instalada de generación solar fotovoltaica híbridada,2026-08-01T00:00:00.000+02:00,2026-07-31T22:00:00Z,7.75,14
2272,Potencia instalada de generación solar fotovoltaica híbridada,2026-08-01T00:00:00.000+02:00,2026-07-31T22:00:00Z,146.472,16
2272,Potencia instalada de generación solar fotovoltaica híbridada,2026-08-01T00:00:00.000+02:00,2026-07-31T22:00:00Z,5.65,17
2272,Potencia instalada de generación solar fotovoltaica híbridada,2026-08-01T00:00:00.000+02:00,2026-07-31T22:00:00Z,8.25,19
2273,Potencia instalada de generación eólica híbridada,2025-08-01T00:00:00.000+02:00,2025-07-31T22:00:00Z,31.35,5
2273,Potencia instalada de generación eólica híbridada,2025-08-01T00:00:00.000+02:00,2025-07-31T22:00:00Z,137.0,7
2273,Potencia instalada de generación eólica híbridada,2025-08-01T00:00:00.000+02:00,2025-07-31T22:00:00Z,98.34,8
2273,Potencia instalada de generación eólica híbridada,2025-08-01T00:00:00.000+02:00,2025-07-31T22:00:00Z,32.3,10
2273,Potencia instalada de generación eólica híbridada,2025-09-01T00:00:00.000+02:00,2025-08-31T22:00:00Z,31.35,5
2273,Potencia instalada de generación eólica híbridada,2025-09-01T00:00:00.000+02:00,2025-08-31T22:00:00Z,137.0,7
2273,Potencia instalada de generación eólica híbridada,2025-09-01T00:00:00.000+02:00,2025-08-31T22:00:00Z,98.34,8
2273,Potencia instalada de generación eólica híbridada,2025-09-01T00:00:00.000+02:00,2025-08-31T22:00:00Z,32.3,10
2273,Potencia instalada de generación eólica híbridada,2025-10-01T00:00:00.000+02:00,2025-09-30T22:00:00Z,31.35,5
2273,Potencia instalada de generación eólica híbridada,2025-10-01T00:00:00.000+02:00,2025-09-30T22:00:00Z,137.0,7
2273,Potencia instalada de generación eólica híbridada,2025-10-01T00:00:00.000+02:00,2025-09-30T22:00:00Z,98.34,8
2273,Potencia instalada de generación eólica híbridada,2025-10-01T00:00:00.000+02:00,2025-09-30T22:00:00Z,32.3,10
2273,Potencia instalada de generación eólica híbridada,2025-11-01T00:00:00.000+01:00,2025-10-31T23:00:00Z,32.3,10
2273,Potencia instalada de generación eólica híbridada,2025-11-01T00:00:00.000+01:00,2025-10-31T23:00:00Z,98.34,8
2273,Potencia instalada de generación eólica híbridada,2025-11-01T00:00:00.000+01:00,2025-10-31T23:00:00Z,108.55,5
2273,Potencia instalada de generación eólica híbridada,2025-11-01T00:00:00.000+01:00,2025-10-31T23:00:00Z,137.0,7
2273,Potencia instalada de generación eólica híbridada,2025-12-01T00:00:00.000+01:00,2025-11-30T23:00:00Z,108.55,5
2273,Potencia instalada de generación eólica híbridada,2025-12-01T00:00:00.000+01:00,2025-11-30T23:00:00Z,137.0,7
2273,Potencia instalada de generación eólica híbridada,2025-12-01T00:00:00.000+01:00,2025-11-30T23:00:00Z,98.34,8
2273,Potencia instalada de generación eólica híbridada,2025-12-01T00:00:00.000+01:00,2025-11-30T23:00:00Z,32.3,10
2273,Potencia instalada de generación eólica híbridada,2026-01-01T00:00:00.000+01:00,2025-12-31T23:00:00Z,32.3,10
2273,Potencia instalada de generación eólica híbridada,2026-01-01T00:00:00.000+01:00,2025-12-31T23:00:00Z,180.79,5
2273,Potencia instalada de generación eólica híbridada,2026-01-01T00:00:00.000+01:00,2025-12-31T23:00:00Z,137.0,7
2273,Potencia instalada de generación eólica híbridada,2026-01-01T00:00:00.000+01:00,2025-12-31T23:00:00Z,98.34,8
2273,Potencia instalada de generación eólica híbridada,2026-02-01T00:00:00.000+01:00,2026-01-31T23:00:00Z,32.3,10
2273,Potencia instalada de generación eólica híbridada,2026-02-01T00:00:00.000+01:00,2026-01-31T23:00:00Z,98.34,8
2273,Potencia instalada de generación eólica híbridada,2026-02-01T00:00:00.000+01:00,2026-01-31T23:00:00Z,200.29,5
2273,Potencia instalada de generación eólica híbridada,2026-02-01T00:00:00.000+01:00,2026-01-31T23:00:00Z,137.0,7
2273,Potencia instalada de generación eólica híbridada,2026-03-01T00:00:00.000+01:00,2026-02-28T23:00:00Z,367.49,5
2273,Potencia instalada de generación eólica híbridada,2026-03-01T00:00:00.000+01:00,2026-02-28T23:00:00Z,137.0,7
2273,Potencia instalada de generación eólica híbridada,2026-03-01T00:00:00.000+01:00,2026-02-28T23:00:00Z,98.34,8
2273,Potencia instalada de generación eólica híbridada,2026-03-01T00:00:00.000+01:00,2026-02-28T23:00:00Z,32.3,10
2273,Potencia instalada de generación eólica híbridada,2026-04-01T00:00:00.000+02:00,2026-03-31T22:00:00Z,367.49,5
2273,Potencia instalada de generación eólica híbridada,2026-04-01T00:00:00.000+02:00,2026-03-31T22:00:00Z,137.0,7
2273,Potencia instalada de generación eólica híbridada,2026-04-01T00:00:00.000+02:00,2026-03-31T22:00:00Z,98.34,8
2273,Potencia instalada de generación eólica híbridada,2026-04-01T00:00:00.000+02:00,2026-03-31T22:00:00Z,32.3,10
2273,Potencia instalada de generación eólica híbridada,2026-05-01T00:00:00.000+02:00,2026-04-30T22:00:00Z,32.3,10
2273,Potencia instalada de generación eólica híbridada,2026-05-01T00:00:00.000+02:00,2026-04-30T22:00:00Z,98.34,8
2273,Potencia instalada de generación eólica híbridada,2026-05-01T00:00:00.000+02:00,2026-04-30T22:00:00Z,137.0,7
2273,Potencia instalada de generación eólica híbridada,2026-05-01T00:00:00.000+02:00,2026-04-30T22:00:00Z,367.49,5
2273,Potencia instalada de generación eólica híbridada,2026-06-01T00:00:00.000+02:00,2026-05-31T22:00:00Z,367.49,5
2273,Potencia instalada de generación eólica híbridada,2026-06-01T00:00:00.000+02:00,2026-05-31T22:00:00Z,137.0,7
2273,Potencia instalada de generación eólica híbridada,2026-06-01T00:00:00.000+02:00,2026-05-31T22:00:00Z,98.34,8
2273,Potencia instalada de generación eólica híbridada,2026-06-01T00:00:00.000+02:00,2026-05-31T22:00:00Z,32.3,10
2273,Potencia instalada de generación eólica híbridada,2026-07-01T00:00:00.000+02:00,2026-06-30T22:00:00Z,367.49,5
2273,Potencia instalada de generación eólica híbridada,2026-07-01T00:00:00.000+02:00,2026-06-30T22:00:00Z,137.0,7
2273,Potencia instalada de generación eólica híbridada,2026-07-01T00:00:00.000+02:00,2026-06-30T22:00:00Z,98.34,8
2273,Potencia instalada de generación eólica híbridada,2026-07-01T00:00:00.000+02:00,2026-06-30T22:00:00Z,32.3,10
2273,Potencia instalada de generación eólica híbridada,2026-07-01T00:00:00.000+02:00,2026-06-30T22:00:00Z,20.0,17
2273,Potencia instalada de generación eólica híbridada,2026-08-01T00:00:00.000+02:00,2026-07-31T22:00:00Z,98.34,8
2273,Potencia instalada de generación eólica híbridada,2026-08-01T00:00:00.000+02:00,2026-07-31T22:00:00Z,32.3,10
2273,Potencia instalada de generación eólica híbridada,2026-08-01T00:00:00.000+02:00,2026-07-31T22:00:00Z,367.49,5
2273,Potencia instalada de generación eólica híbridada,2026-08-01T00:00:00.000+02:00,2026-07-31T22:00:00Z,137.0,7
2273,Potencia instalada de generación eólica híbridada,2026-08-01T00:00:00.000+02:00,2026-07-31T22:00:00Z,20.0,17
2274,Potencia instalada de generación cogeneración híbridada,2025-08-01T00:00:00.000+02:00,2025-07-31T22:00:00Z,7.487,4
2274,Potencia instalada de generación cogeneración híbridada,2025-08-01T00:00:00.000+02:00,2025-07-31T22:00:00Z,8.328,16
2274,Potencia instalada de generación cogeneración híbridada,2025-08-01T00:00:00.000+02:00,2025-07-31T22:00:00Z,4.095,17
2274,Potencia instalada de generación cogeneración híbridada,2025-09-01T00:00:00.000+02:00,2025-08-31T22:00:00Z,7.487,4
2274,Potencia instalada de generación cogeneración híbridada,2025-09-01T00:00:00.000+02:00,2025-08-31T22:00:00Z,8.328,16
2274,Potencia instalada de generación cogeneración híbridada,2025-09-01T00:00:00.000+02:00,2025-08-31T22:00:00Z,4.095,17
2274,Potencia instalada de generación cogeneración híbridada,2025-10-01T00:00:00.000+02:00,2025-09-30T22:00:00Z,7.487,4
2274,Potencia instalada de generación cogeneración híbridada,2025-10-01T00:00:00.000+02:00,2025-09-30T22:00:00Z,8.328,16
2274,Potencia instalada de generación cogeneración híbridada,2025-10-01T00:00:00.000+02:00,2025-09-30T22:00:00Z,4.095,17
2274,Potencia instalada de generación cogeneración híbridada,2025-11-01T00:00:00.000+01:00,2025-10-31T23:00:00Z,4.095,17
2274,Potencia instalada de generación cogeneración híbridada,2025-11-01T00:00:00.000+01:00,2025-10-31T23:00:00Z,8.328,16
2274,Potencia instalada de generación cogeneración híbridada,2025-11-01T00:00:00.000+01:00,2025-10-31T23:00:00Z,7.487,4
2274,Potencia instalada de generación cogeneración híbridada,2025-12-01T00:00:00.000+01:00,2025-11-30T23:00:00Z,7.487,4
2274,Potencia instalada de generación cogeneración híbridada,2025-12-01T00:00:00.000+01:00,2025-11-30T23:00:00Z,8.328,16
2274,Potencia instalada de generación cogeneración híbridada,2025-12-01T00:00:00.000+01:00,2025-11-30T23:00:00Z,4.095,17
2274,Potencia instalada de generación cogeneración híbridada,2026-01-01T00:00:00.000+01:00,2025-12-31T23:00:00Z,7.487,4
2274,Potencia instalada de generación cogeneración híbridada,2026-01-01T00:00:00.000+01:00,2025-12-31T23:00:00Z,8.328,16
2274,Potencia instalada de generación cogeneración híbridada,2026-01-01T00:00:00.000+01:00,2025-12-31T23:00:00Z,4.095,17
2274,Potencia instalada de generación cogeneración híbridada,2026-02-01T00:00:00.000+01:00,2026-01-31T23:00:00Z,7.487,4
2274,Potencia instalada de generación cogeneración híbridada,2026-02-01T00:00:00.000+01:00,2026-01-31T23:00:00Z,8.328,16
2274,Potencia instalada de generación cogeneración híbridada,2026-02-01T00:00:00.000+01:00,2026-01-31T23:00:00Z,4.095,17
2274,Potencia instalada de generación cogeneración híbridada,2026-03-01T00:00:00.000+01:00,2026-02-28T23:00:00Z,8.328,16
2274,Potencia instalada de generación cogeneración híbridada,2026-03-01T00:00:00.000+01:00,2026-02-28T23:00:00Z,4.095,17
2274,Potencia instalada de generación cogeneración híbridada,2026-03-01T00:00:00.000+01:00,2026-02-28T23:00:00Z,7.487,4
2274,Potencia instalada de generación cogeneración híbridada,2026-03-01T00:00:00.000+01:00,2026-02-28T23:00:00Z,8.28,14
2274,Potencia instalada de generación cogeneración híbridada,2026-04-01T00:00:00.000+02:00,2026-03-31T22:00:00Z,7.487,4
2274,Potencia instalada de generación cogeneración híbridada,2026-04-01T00:00:00.000+02:00,2026-03-31T22:00:00Z,8.28,14
2274,Potencia instalada de generación cogeneración híbridada,2026-04-01T00:00:00.000+02:00,2026-03-31T22:00:00Z,8.328,16
2274,Potencia instalada de generación cogeneración híbridada,2026-04-01T00:00:00.000+02:00,2026-03-31T22:00:00Z,4.095,17
2274,Potencia instalada de generación cogeneración híbridada,2026-05-01T00:00:00.000+02:00,2026-04-30T22:00:00Z,7.487,4
2274,Potencia instalada de generación cogeneración híbridada,2026-05-01T00:00:00.000+02:00,2026-04-30T22:00:00Z,24.75,8
2274,Potencia instalada de generación cogeneración híbridada,2026-05-01T00:00:00.000+02:00,2026-04-30T22:00:00Z,8.28,14
2274,Potencia instalada de generación cogeneración híbridada,2026-05-01T00:00:00.000+02:00,2026-04-30T22:00:00Z,8.328,16
2274,Potencia instalada de generación cogeneración híbridada,2026-05-01T00:00:00.000+02:00,2026-04-30T22:00:00Z,4.095,17
2274,Potencia instalada de generación cogeneración híbridada,2026-06-01T00:00:00.000+02:00,2026-05-31T22:00:00Z,4.095,17
2274,Potencia instalada de generación cogeneración híbridada,2026-06-01T00:00:00.000+02:00,2026-05-31T22:00:00Z,8.328,16
2274,Potencia instalada de generación cogeneración híbridada,2026-06-01T00:00:00.000+02:00,2026-05-31T22:00:00Z,24.75,8
2274,Potencia instalada de generación cogeneración híbridada,2026-06-01T00:00:00.000+02:00,2026-05-31T22:00:00Z,7.487,4
2274,Potencia instalada de generación cogeneración híbridada,2026-06-01T00:00:00.000+02:00,2026-05-31T22:00:00Z,8.28,14
2274,Potencia instalada de generación cogeneración híbridada,2026-07-01T00:00:00.000+02:00,2026-06-30T22:00:00Z,7.487,4
2274,Potencia instalada de generación cogeneración híbridada,2026-07-01T00:00:00.000+02:00,2026-06-30T22:00:00Z,24.75,8
2274,Potencia instalada de generación cogeneración híbridada,2026-07-01T00:00:00.000+02:00,2026-06-30T22:00:00Z,8.28,14
2274,Potencia instalada de generación cogeneración híbridada,2026-07-01T00:00:00.000+02:00,2026-06-30T22:00:00Z,8.328,16
2274,Potencia instalada de generación cogeneración híbridada,2026-07-01T00:00:00.000+02:00,2026-06-30T22:00:00Z,4.095,17
2274,Potencia instalada de generación cogeneración híbridada,2026-08-01T00:00:00.000+02:00,2026-07-31T22:00:00Z,8.328,16
2274,Potencia instalada de generación cogeneración híbridada,2026-08-01T00:00:00.000+02:00,2026-07-31T22:00:00Z,7.487,4
2274,Potencia instalada de generación cogeneración híbridada,2026-08-01T00:00:00.000+02:00,2026-07-31T22:00:00Z,30.91,8
2274,Potencia instalada de generación cogeneración híbridada,2026-08-01T00:00:00.000+02:00,2026-07-31T22:00:00Z,8.28,14
2274,Potencia instalada de generación cogeneración híbridada,2026-08-01T00:00:00.000+02:00,2026-07-31T22:00:00Z,4.095,17
2275,Potencia instalada de baterías híbridada,2025-08-01T00:00:00.000+02:00,2025-07-31T22:00:00Z,5.0,7
2275,Potencia instalada de baterías híbridada,2025-08-01T00:00:00.000+02:00,2025-07-31T22:00:00Z,5.53,10
2275,Potencia instalada de baterías híbridada,2025-08-01T00:00:00.000+02:00,2025-07-31T22:00:00Z,3.0,16
2275,Potencia instalada de baterías híbridada,2025-08-01T00:00:00.000+02:00,2025-07-31T22:00:00Z,1.2,18
2275,Potencia instalada de baterías híbridada,2025-09-01T00:00:00.000+02:00,2025-08-31T22:00:00Z,5.0,7
2275,Potencia instalada de baterías híbridada,2025-09-01T00:00:00.000+02:00,2025-08-31T22:00:00Z,5.53,10
2275,Potencia instalada de baterías híbridada,2025-09-01T00:00:00.000+02:00,2025-08-31T22:00:00Z,5.178,16
2275,Potencia instalada de baterías híbridada,2025-09-01T00:00:00.000+02:00,2025-08-31T22:00:00Z,1.2,18
2275,Potencia instalada de baterías híbridada,2025-10-01T00:00:00.000+02:00,2025-09-30T22:00:00Z,5.0,7
2275,Potencia instalada de baterías híbridada,2025-10-01T00:00:00.000+02:00,2025-09-30T22:00:00Z,5.53,10
2275,Potencia instalada de baterías híbridada,2025-10-01T00:00:00.000+02:00,2025-09-30T22:00:00Z,5.178,16
2275,Potencia instalada de baterías híbridada,2025-10-01T00:00:00.000+02:00,2025-09-30T22:00:00Z,1.2,18
2275,Potencia instalada de baterías híbridada,2025-11-01T00:00:00.000+01:00,2025-10-31T23:00:00Z,5.178,16
2275,Potencia instalada de baterías híbridada,2025-11-01T00:00:00.000+01:00,2025-10-31T23:00:00Z,1.2,18
2275,Potencia instalada de baterías híbridada,2025-11-01T00:00:00.000+01:00,2025-10-31T23:00:00Z,5.0,7
2275,Potencia instalada de baterías híbridada,2025-11-01T00:00:00.000+01:00,2025-10-31T23:00:00Z,5.53,10
2275,Potencia instalada de baterías híbridada,2025-12-01T00:00:00.000+01:00,2025-11-30T23:00:00Z,5.0,7
2275,Potencia instalada de baterías híbridada,2025-12-01T00:00:00.000+01:00,2025-11-30T23:00:00Z,5.53,10
2275,Potencia instalada de baterías híbridada,2025-12-01T00:00:00.000+01:00,2025-11-30T23:00:00Z,5.178,16
2275,Potencia instalada de baterías híbridada,2025-12-01T00:00:00.000+01:00,2025-11-30T23:00:00Z,1.2,18
2275,Potencia instalada de baterías híbridada,2026-01-01T00:00:00.000+01:00,2025-12-31T23:00:00Z,1.2,18
2275,Potencia instalada de baterías híbridada,2026-01-01T00:00:00.000+01:00,2025-12-31T23:00:00Z,5.178,16
2275,Potencia instalada de baterías híbridada,2026-01-01T00:00:00.000+01:00,2025-12-31T23:00:00Z,5.0,7
2275,Potencia instalada de baterías híbridada,2026-01-01T00:00:00.000+01:00,2025-12-31T23:00:00Z,5.53,10
2275,Potencia instalada de baterías híbridada,2026-02-01T00:00:00.000+01:00,2026-01-31T23:00:00Z,62.56,7
2275,Potencia instalada de baterías híbridada,2026-02-01T00:00:00.000+01:00,2026-01-31T23:00:00Z,28.78,8
2275,Potencia instalada de baterías híbridada,2026-02-01T00:00:00.000+01:00,2026-01-31T23:00:00Z,5.53,10
2275,Potencia instalada de baterías híbridada,2026-02-01T00:00:00.000+01:00,2026-01-31T23:00:00Z,5.178,16
2275,Potencia instalada de baterías híbridada,2026-02-01T00:00:00.000+01:00,2026-01-31T23:00:00Z,1.2,18
2275,Potencia instalada de baterías híbridada,2026-02-01T00:00:00.000+01:00,2026-01-31T23:00:00Z,5.08,19
2275,Potencia instalada de baterías híbridada,2026-03-01T00:00:00.000+01:00,2026-02-28T23:00:00Z,5.08,19
2275,Potencia instalada de baterías híbridada,2026-03-01T00:00:00.000+01:00,2026-02-28T23:00:00Z,5.178,16
2275,Potencia instalada de baterías híbridada,2026-03-01T00:00:00.000+01:00,2026-02-28T23:00:00Z,1.2,18
2275,Potencia instalada de baterías híbridada,2026-03-01T00:00:00.000+01:00,2026-02-28T23:00:00Z,28.78,8
2275,Potencia instalada de baterías híbridada,2026-03-01T00:00:00.000+01:00,2026-02-28T23:00:00Z,62.56,7
2275,Potencia instalada de baterías híbridada,2026-03-01T00:00:00.000+01:00,2026-02-28T23:00:00Z,5.53,10
2275,Potencia instalada de baterías híbridada,2026-04-01T00:00:00.000+02:00,2026-03-31T22:00:00Z,62.56,7
2275,Potencia instalada de baterías híbridada,2026-04-01T00:00:00.000+02:00,2026-03-31T22:00:00Z,39.78,8
2275,Potencia instalada de baterías híbridada,2026-04-01T00:00:00.000+02:00,2026-03-31T22:00:00Z,5.53,10
2275,Potencia instalada de baterías híbridada,2026-04-01T00:00:00.000+02:00,2026-03-31T22:00:00Z,5.178,16
2275,Potencia instalada de baterías híbridada,2026-04-01T00:00:00.000+02:00,2026-03-31T22:00:00Z,1.2,18
2275,Potencia instalada de baterías híbridada,2026-04-01T00:00:00.000+02:00,2026-03-31T22:00:00Z,5.08,19
2275,Potencia instalada de baterías híbridada,2026-05-01T00:00:00.000+02:00,2026-04-30T22:00:00Z,62.56,7
2275,Potencia instalada de baterías híbridada,2026-05-01T00:00:00.000+02:00,2026-04-30T22:00:00Z,39.78,8
2275,Potencia instalada de baterías híbridada,2026-05-01T00:00:00.000+02:00,2026-04-30T22:00:00Z,5.53,10
2275,Potencia instalada de baterías híbridada,2026-05-01T00:00:00.000+02:00,2026-04-30T22:00:00Z,62.738,16
2275,Potencia instalada de baterías híbridada,2026-05-01T00:00:00.000+02:00,2026-04-30T22:00:00Z,1.2,18
2275,Potencia instalada de baterías híbridada,2026-05-01T00:00:00.000+02:00,2026-04-30T22:00:00Z,5.08,19
2275,Potencia instalada de baterías híbridada,2026-05-01T00:00:00.000+02:00,2026-04-30T22:00:00Z,28.78,4
2275,Potencia instalada de baterías híbridada,2026-06-01T00:00:00.000+02:00,2026-05-31T22:00:00Z,62.738,16
2275,Potencia instalada de baterías híbridada,2026-06-01T00:00:00.000+02:00,2026-05-31T22:00:00Z,1.2,18
2275,Potencia instalada de baterías híbridada,2026-06-01T00:00:00.000+02:00,2026-05-31T22:00:00Z,5.08,19
2275,Potencia instalada de baterías híbridada,2026-06-01T00:00:00.000+02:00,2026-05-31T22:00:00Z,39.78,8
2275,Potencia instalada de baterías híbridada,2026-06-01T00:00:00.000+02:00,2026-05-31T22:00:00Z,62.56,7
2275,Potencia instalada de baterías híbridada,2026-06-01T00:00:00.000+02:00,2026-05-31T22:00:00Z,28.78,4
2275,Potencia instalada de baterías híbridada,2026-06-01T00:00:00.000+02:00,2026-05-31T22:00:00Z,5.53,10
2275,Potencia instalada de baterías híbridada,2026-07-01T00:00:00.000+02:00,2026-06-30T22:00:00Z,5.08,19
2275,Potencia instalada de baterías híbridada,2026-07-01T00:00:00.000+02:00,2026-06-30T22:00:00Z,62.738,16
2275,Potencia instalada de baterías híbridada,2026-07-01T00:00:00.000+02:00,2026-06-30T22:00:00Z,5.53,10
2275,Potencia instalada de baterías híbridada,2026-07-01T00:00:00.000+02:00,2026-06-30T22:00:00Z,1.2,18
2275,Potencia instalada de baterías híbridada,2026-07-01T00:00:00.000+02:00,2026-06-30T22:00:00Z,62.56,7
2275,Potencia instalada de baterías híbridada,2026-07-01T00:00:00.000+02:00,2026-06-30T22:00:00Z,28.78,4
2275,Potencia instalada de baterías híbridada,2026-07-01T00:00:00.000+02:00,2026-06-30T22:00:00Z,39.78,8
2275,Potencia instalada de baterías híbridada,2026-08-01T00:00:00.000+02:00,2026-07-31T22:00:00Z,1.2,18
2275,Potencia instalada de baterías híbridada,2026-08-01T00:00:00.000+02:00,2026-07-31T22:00:00Z,28.78,4
2275,Potencia instalada de baterías híbridada,2026-08-01T00:00:00.000+02:00,2026-07-31T22:00:00Z,98.2,7
2275,Potencia instalada de baterías híbridada,2026-08-01T00:00:00.000+02:00,2026-07-31T22:00:00Z,39.78,8
2275,Potencia instalada de baterías híbridada,2026-08-01T00:00:00.000+02:00,2026-07-31T22:00:00Z,5.53,10
2275,Potencia instalada de baterías híbridada,2026-08-01T00:00:00.000+02:00,2026-07-31T22:00:00Z,62.738,16
2275,Potencia instalada de baterías híbridada,2026-08-01T00:00:00.000+02:00,2026-07-31T22:00:00Z,5.08,19
2358,Potencia instalada de híbrida hidráulica,2025-08-01T00:00:00.000+02:00,2025-07-31T22:00:00Z,4.61,8
2358,Potencia instalada de híbrida hidráulica,2025-09-01T00:00:00.000+02:00,2025-08-31T22:00:00Z,7.76,8
2358,Potencia instalada de híbrida hidráulica,2025-10-01T00:00:00.000+02:00,2025-09-30T22:00:00Z,7.76,8
2358,Potencia instalada de híbrida hidráulica,2025-11-01T00:00:00.000+01:00,2025-10-31T23:00:00Z,7.76,8
2358,Potencia instalada de híbrida hidráulica,2025-12-01T00:00:00.000+01:00,2025-11-30T23:00:00Z,7.76,8
2358,Potencia instalada de híbrida hidráulica,2026-01-01T00:00:00.000+01:00,2025-12-31T23:00:00Z,7.76,8
2358,Potencia instalada de híbrida hidráulica,2026-02-01T00:00:00.000+01:00,2026-01-31T23:00:00Z,7.76,8
2358,Potencia instalada de híbrida hidráulica,2026-03-01T00:00:00.000+01:00,2026-02-28T23:00:00Z,7.76,8
2358,Potencia instalada de híbrida hidráulica,2026-04-01T00:00:00.000+02:00,2026-03-31T22:00:00Z,7.76,8
2358,Potencia instalada de híbrida hidráulica,2026-05-01T00:00:00.000+02:00,2026-04-30T22:00:00Z,7.76,8
2358,Potencia instalada de híbrida hidráulica,2026-06-01T00:00:00.000+02:00,2026-05-31T22:00:00Z,7.76,8
2358,Potencia instalada de híbrida hidráulica,2026-07-01T00:00:00.000+02:00,2026-06-30T22:00:00Z,7.76,8
2358,Potencia instalada de híbrida hidráulica,2026-08-01T00:00:00.000+02:00,2026-07-31T22:00:00Z,7.76,8
2366,Potencia instalada de autoconsumo baterías,2025-08-01T00:00:00.000+02:00,2025-07-31T22:00:00Z,5.0,7
2366,Potencia instalada de autoconsumo baterías,2025-09-01T00:00:00.000+02:00,2025-08-31T22:00:00Z,5.0,7
2366,Potencia instalada de autoconsumo baterías,2025-10-01T00:00:00.000+02:00,2025-09-30T22:00:00Z,5.0,7
2366,Potencia instalada de autoconsumo baterías,2025-11-01T00:00:00.000+01:00,2025-10-31T23:00:00Z,5.0,7
2366,Potencia instalada de autoconsumo baterías,2025-12-01T00:00:00.000+01:00,2025-11-30T23:00:00Z,5.0,7
2366,Potencia instalada de autoconsumo baterías,2026-01-01T00:00:00.000+01:00,2025-12-31T23:00:00Z,5.0,7
2366,Potencia instalada de autoconsumo baterías,2026-02-01T00:00:00.000+01:00,2026-01-31T23:00:00Z,5.0,7
2366,Potencia instalada de autoconsumo baterías,2026-03-01T00:00:00.000+01:00,2026-02-28T23:00:00Z,5.0,7
2366,Potencia instalada de autoconsumo baterías,2026-04-01T00:00:00.000+02:00,2026-03-31T22:00:00Z,5.0,7
2366,Potencia instalada de autoconsumo baterías,2026-05-01T00:00:00.000+02:00,2026-04-30T22:00:00Z,5.0,7
2366,Potencia instalada de autoconsumo baterías,2026-06-01T00:00:00.000+02:00,2026-05-31T22:00:00Z,5.0,7
2366,Potencia instalada de autoconsumo baterías,2026-07-01T00:00:00.000+02:00,2026-06-30T22:00:00Z,5.0,7
2366,Potencia instalada de autoconsumo baterías,2026-08-01T00:00:00.000+02:00,2026-07-31T22:00:00Z,5.0,7
10489,Porcentaje de energía renovable no integrable por Balance SNP,2025-07-01T00:00:00.000+02:00,2025-06-30T22:00:00Z,0.0,8800
10489,Porcentaje de energía renovable no integrable por Balance SNP,2025-07-01T00:00:00.000+02:00,2025-06-30T22:00:00Z,0.0,8795
10489,Porcentaje de energía renovable no integrable por Balance SNP,2025-07-01T00:00:00.000+02:00,2025-06-30T22:00:00Z,0.0,8799
10489,Porcentaje de energía renovable no integrable por Balance SNP,2025-07-01T00:00:00.000+02:00,2025-06-30T22:00:00Z,0.0,8796
10489,Porcentaje de energía renovable no integrable por Balance SNP,2025-07-01T00:00:00.000+02:00,2025-06-30T22:00:00Z,0.0,8798
10489,Porcentaje de energía renovable no integrable por Balance SNP,2025-07-01T00:00:00.000+02:00,2025-06-30T22:00:00Z,0.0,8797
10489,Porcentaje de energía renovable no integrable por Balance SNP,2025-08-01T00:00:00.000+02:00,2025-07-31T22:00:00Z,5.78272592684296,8797
10489,Porcentaje de energía renovable no integrable por Balance SNP,2025-08-01T00:00:00.000+02:00,2025-07-31T22:00:00Z,9.48085972269249,8796
10489,Porcentaje de energía renovable no integrable por Balance SNP,2025-08-01T00:00:00.000+02:00,2025-07-31T22:00:00Z,0.6956505323567168,8798
10489,Porcentaje de energía renovable no integrable por Balance SNP,2025-08-01T00:00:00.000+02:00,2025-07-31T22:00:00Z,17.79517377020116,8795
10489,Porcentaje de energía renovable no integrable por Balance SNP,2025-08-01T00:00:00.000+02:00,2025-07-31T22:00:00Z,22.19480761107017,8800
10489,Porcentaje de energía renovable no integrable por Balance SNP,2025-08-01T00:00:00.000+02:00,2025-07-31T22:00:00Z,61.81813767900294,8799
10489,Porcentaje de energía renovable no integrable por Balance SNP,2025-09-01T00:00:00.000+02:00,2025-08-31T22:00:00Z,15.79980038462475,8800
10489,Porcentaje de energía renovable no integrable por Balance SNP,2025-09-01T00:00:00.000+02:00,2025-08-31T22:00:00Z,18.95364330480586,8795
10489,Porcentaje de energía renovable no integrable por Balance SNP,2025-09-01T00:00:00.000+02:00,2025-08-31T22:00:00Z,68.46368602951999,8799
10489,Porcentaje de energía renovable no integrable por Balance SNP,2025-09-01T00:00:00.000+02:00,2025-08-31T22:00:00Z,16.916998063248283,8796
10489,Porcentaje de energía renovable no integrable por Balance SNP,2025-09-01T00:00:00.000+02:00,2025-08-31T22:00:00Z,1.09572557634983,8798
10489,Porcentaje de energía renovable no integrable por Balance SNP,2025-09-01T00:00:00.000+02:00,2025-08-31T22:00:00Z,6.2623131856606085,8797
10489,Porcentaje de energía renovable no integrable por Balance SNP,2025-10-01T00:00:00.000+02:00,2025-09-30T22:00:00Z,0.8331260880378013,8798
10489,Porcentaje de energía renovable no integrable por Balance SNP,2025-10-01T00:00:00.000+02:00,2025-09-30T22:00:00Z,6.453760625434421,8797
10489,Porcentaje de energía renovable no integrable por Balance SNP,2025-10-01T00:00:00.000+02:00,2025-09-30T22:00:00Z,5.469705065416158,8796
10489,Porcentaje de energía renovable no integrable por Balance SNP,2025-10-01T00:00:00.000+02:00,2025-09-30T22:00:00Z,23.174350076639264,8800
10489,Porcentaje de energía renovable no integrable por Balance SNP,2025-10-01T00:00:00.000+02:00,2025-09-30T22:00:00Z,19.01086554758565,8795
10489,Porcentaje de energía renovable no integrable por Balance SNP,2025-10-01T00:00:00.000+02:00,2025-09-30T22:00:00Z,49.815743344295214,8799
10489,Porcentaje de energía renovable no integrable por Balance SNP,2025-11-01T00:00:00.000+01:00,2025-10-31T23:00:00Z,18.858133699157722,8800
10489,Porcentaje de energía renovable no integrable por Balance SNP,2025-11-01T00:00:00.000+01:00,2025-10-31T23:00:00Z,14.555885105948466,8795
10489,Porcentaje de energía renovable no integrable por Balance SNP,2025-11-01T00:00:00.000+01:00,2025-10-31T23:00:00Z,55.75796438252353,8799
10489,Porcentaje de energía renovable no integrable por Balance SNP,2025-11-01T00:00:00.000+01:00,2025-10-31T23:00:00Z,7.963716524226642,8796
10489,Porcentaje de energía renovable no integrable por Balance SNP,2025-11-01T00:00:00.000+01:00,2025-10-31T23:00:00Z,6.936061760415515,8798
10489,Porcentaje de energía renovable no integrable por Balance SNP,2025-11-01T00:00:00.000+01:00,2025-10-31T23:00:00Z,4.037372214080967,8797
10489,Porcentaje de energía renovable no integrable por Balance SNP,2025-12-01T00:00:00.000+01:00,2025-11-30T23:00:00Z,23.168184656460607,8800
10489,Porcentaje de energía renovable no integrable por Balance SNP,2025-12-01T00:00:00.000+01:00,2025-11-30T23:00:00Z,8.879660197820495,8795
10489,Porcentaje de energía renovable no integrable por Balance SNP,2025-12-01T00:00:00.000+01:00,2025-11-30T23:00:00Z,51.80150437720676,8799
10489,Porcentaje de energía renovable no integrable por Balance SNP,2025-12-01T00:00:00.000+01:00,2025-11-30T23:00:00Z,13.727945393519859,8796
10489,Porcentaje de energía renovable no integrable por Balance SNP,2025-12-01T00:00:00.000+01:00,2025-11-30T23:00:00Z,4.287171160110496,8798
10489,Porcentaje de energía renovable no integrable por Balance SNP,2025-12-01T00:00:00.000+01:00,2025-11-30T23:00:00Z,5.770616869859762,8797
10489,Porcentaje de energía renovable no integrable por Balance SNP,2026-01-01T00:00:00.000+01:00,2025-12-31T23:00:00Z,6.490311421418982,8797
10489,Porcentaje de energía renovable no integrable por Balance SNP,2026-01-01T00:00:00.000+01:00,2025-12-31T23:00:00Z,7.467041910110174,8798
10489,Porcentaje de energía renovable no integrable por Balance SNP,2026-01-01T00:00:00.000+01:00,2025-12-31T23:00:00Z,14.308964926142322,8796
10489,Porcentaje de energía renovable no integrable por Balance SNP,2026-01-01T00:00:00.000+01:00,2025-12-31T23:00:00Z,11.68005634617192,8795
10489,Porcentaje de energía renovable no integrable por Balance SNP,2026-01-01T00:00:00.000+01:00,2025-12-31T23:00:00Z,27.235163078297564,8800
10489,Porcentaje de energía renovable no integrable por Balance SNP,2026-01-01T00:00:00.000+01:00,2025-12-31T23:00:00Z,58.054371251874066,8799
10489,Porcentaje de energía renovable no integrable por Balance SNP,2026-02-01T00:00:00.000+01:00,2026-01-31T23:00:00Z,9.198502041869622,8797
10489,Porcentaje de energía renovable no integrable por Balance SNP,2026-02-01T00:00:00.000+01:00,2026-01-31T23:00:00Z,24.347716102919918,8800
10489,Porcentaje de energía renovable no integrable por Balance SNP,2026-02-01T00:00:00.000+01:00,2026-01-31T23:00:00Z,19.89934561831976,8795
10489,Porcentaje de energía renovable no integrable por Balance SNP,2026-02-01T00:00:00.000+01:00,2026-01-31T23:00:00Z,68.55136335948977,8799
10489,Porcentaje de energía renovable no integrable por Balance SNP,2026-02-01T00:00:00.000+01:00,2026-01-31T23:00:00Z,20.518448481986685,8796
10489,Porcentaje de energía renovable no integrable por Balance SNP,2026-02-01T00:00:00.000+01:00,2026-01-31T23:00:00Z,3.240545621182625,8798
10489,Porcentaje de energía renovable no integrable por Balance SNP,2026-03-01T00:00:00.000+01:00,2026-02-28T23:00:00Z,25.60330614686529,8800
10489,Porcentaje de energía renovable no integrable por Balance SNP,2026-03-01T00:00:00.000+01:00,2026-02-28T23:00:00Z,22.228477018242224,8795
10489,Porcentaje de energía renovable no integrable por Balance SNP,2026-03-01T00:00:00.000+01:00,2026-02-28T23:00:00Z,71.19431643625192,8799
10489,Porcentaje de energía renovable no integrable por Balance SNP,2026-03-01T00:00:00.000+01:00,2026-02-28T23:00:00Z,19.601426477027626,8796
10489,Porcentaje de energía renovable no integrable por Balance SNP,2026-03-01T00:00:00.000+01:00,2026-02-28T23:00:00Z,6.945342155053879,8798
10489,Porcentaje de energía renovable no integrable por Balance SNP,2026-03-01T00:00:00.000+01:00,2026-02-28T23:00:00Z,11.615477334302804,8797
10489,Porcentaje de energía renovable no integrable por Balance SNP,2026-04-01T00:00:00.000+02:00,2026-03-31T22:00:00Z,9.539765447915638,8798
10489,Porcentaje de energía renovable no integrable por Balance SNP,2026-04-01T00:00:00.000+02:00,2026-03-31T22:00:00Z,4.872887790724682,8797
10489,Porcentaje de energía renovable no integrable por Balance SNP,2026-04-01T00:00:00.000+02:00,2026-03-31T22:00:00Z,15.384958154080485,8796
10489,Porcentaje de energía renovable no integrable por Balance SNP,2026-04-01T00:00:00.000+02:00,2026-03-31T22:00:00Z,64.42256706425009,8799
10489,Porcentaje de energía renovable no integrable por Balance SNP,2026-04-01T00:00:00.000+02:00,2026-03-31T22:00:00Z,12.472191446896641,8795
10489,Porcentaje de energía renovable no integrable por Balance SNP,2026-04-01T00:00:00.000+02:00,2026-03-31T22:00:00Z,24.196827137440707,8800
10489,Porcentaje de energía renovable no integrable por Balance SNP,2026-05-01T00:00:00.000+02:00,2026-04-30T22:00:00Z,23.846153846153847,8800
10489,Porcentaje de energía renovable no integrable por Balance SNP,2026-05-01T00:00:00.000+02:00,2026-04-30T22:00:00Z,14.121261269222343,8795
10489,Porcentaje de energía renovable no integrable por Balance SNP,2026-05-01T00:00:00.000+02:00,2026-04-30T22:00:00Z,67.7820961680532,8799
10489,Porcentaje de energía renovable no integrable por Balance SNP,2026-05-01T00:00:00.000+02:00,2026-04-30T22:00:00Z,17.315673335834052,8796
10489,Porcentaje de energía renovable no integrable por Balance SNP,2026-05-01T00:00:00.000+02:00,2026-04-30T22:00:00Z,6.287954493043277,8798
10489,Porcentaje de energía renovable no integrable por Balance SNP,2026-05-01T00:00:00.000+02:00,2026-04-30T22:00:00Z,7.872893983847878,8797
10489,Porcentaje de energía renovable no integrable por Balance SNP,2026-06-01T00:00:00.000+02:00,2026-05-31T22:00:00Z,23.485995772936814,8800
10489,Porcentaje de energía renovable no integrable por Balance SNP,2026-06-01T00:00:00.000+02:00,2026-05-31T22:00:00Z,19.563381278725267,8795
10489,Porcentaje de energía renovable no integrable por Balance SNP,2026-06-01T00:00:00.000+02:00,2026-05-31T22:00:00Z,72.00217112954405,8799
10489,Porcentaje de energía renovable no integrable por Balance SNP,2026-06-01T00:00:00.000+02:00,2026-05-31T22:00:00Z,20.398436639565784,8796
10489,Porcentaje de energía renovable no integrable por Balance SNP,2026-06-01T00:00:00.000+02:00,2026-05-31T22:00:00Z,3.5427584536869086,8798
10489,Porcentaje de energía renovable no integrable por Balance SNP,2026-06-01T00:00:00.000+02:00,2026-05-31T22:00:00Z,10.973999361841907,8797
10489,Porcentaje de energía renovable no integrable por Balance SNP,2026-07-01T00:00:00.000+02:00,2026-06-30T22:00:00Z,0.7497253030772126,8798
10489,Porcentaje de energía renovable no integrable por Balance SNP,2026-07-01T00:00:00.000+02:00,2026-06-30T22:00:00Z,13.228492765774238,8796
10489,Porcentaje de energía renovable no integrable por Balance SNP,2026-07-01T00:00:00.000+02:00,2026-06-30T22:00:00Z,0.0,8797
10489,Porcentaje de energía renovable no integrable por Balance SNP,2026-07-01T00:00:00.000+02:00,2026-06-30T22:00:00Z,15.589257214747297,8795
10489,Porcentaje de energía renovable no integrable por Balance SNP,2026-07-01T00:00:00.000+02:00,2026-06-30T22:00:00Z,10.91970412305439,8800
10489,Porcentaje de energía renovable no integrable por Balance SNP,2026-07-01T00:00:00.000+02:00,2026-06-30T22:00:00Z,0.0,8799
10489,Porcentaje de energía renovable no integrable por Balance SNP,2026-07-01T00:00:00.000+02:00,2026-06-30T22:00:00Z,6.296536091415024,8831
