indicador,nombre,datetime,datetime_utc,value,geo_id
462,Potencia indisponible de generación en PBF,2025-09-01T00:00:00.000+02:00,2025-08-31T22:00:00Z,15025.69228395062,8741
462,Potencia indisponible de generación en PBF,2025-10-01T00:00:00.000+02:00,2025-09-30T22:00:00Z,15267.44604026846,8741
462,Potencia indisponible de generación en PBF,2025-11-01T00:00:00.000+01:00,2025-10-31T23:00:00Z,13959.87333333333,8741
462,Potencia indisponible de generación en PBF,2025-12-01T00:00:00.000+01:00,2025-11-30T23:00:00Z,10170.73252688172,8741
462,Potencia indisponible de generación en PBF,2026-01-01T00:00:00.000+01:00,2025-12-31T23:00:00Z,9849.6934139785,8741
462,Potencia indisponible de generación en PBF,2026-02-01T00:00:00.000+01:00,2026-01-31T23:00:00Z,14350.51145833333,8741
462,Potencia indisponible de generación en PBF,2026-03-01T00:00:00.000+01:00,2026-02-28T23:00:00Z,14330.8467025572,8741
462,Potencia indisponible de generación en PBF,2026-04-01T00:00:00.000+02:00,2026-03-31T22:00:00Z,12758.72430555556,8741
462,Potencia indisponible de generación en PBF,2026-05-01T00:00:00.000+02:00,2026-04-30T22:00:00Z,13857.94489247312,8741
462,Potencia indisponible de generación en PBF,2026-06-01T00:00:00.000+02:00,2026-05-31T22:00:00Z,12858.89083333333,8741
462,Potencia indisponible de generación en PBF,2026-07-01T00:00:00.000+02:00,2026-06-30T22:00:00Z,11678.89112903226,8741
462,Potencia indisponible de generación en PBF,2026-08-01T00:00:00.000+02:00,2026-07-31T22:00:00Z,12470.1997311828,8741
462,Potencia indisponible de generación en PBF,2026-09-01T00:00:00.000+02:00,2026-08-31T22:00:00Z,15664.76930555556,8741
462,Potencia indisponible de generación en PBF,2026-10-01T00:00:00.000+02:00,2026-09-30T22:00:00Z,17253.79074074074,8741
463,Potencia indisponible de generación en el cierre,2025-09-01T00:00:00.000+02:00,2025-08-31T22:00:00Z,15393.14274691358,8741
463,Potencia indisponible de generación en el cierre,2025-10-01T00:00:00.000+02:00,2025-09-30T22:00:00Z,15551.12483221477,8741
463,Potencia indisponible de generación en el cierre,2025-11-01T00:00:00.000+01:00,2025-10-31T23:00:00Z,14395.40819444445,8741
463,Potencia indisponible de generación en el cierre,2025-12-01T00:00:00.000+01:00,2025-11-30T23:00:00Z,10651.09099462366,8741
463,Potencia indisponible de generación en el cierre,2026-01-01T00:00:00.000+01:00,2025-12-31T23:00:00Z,10282.60940860215,8741
463,Potencia indisponible de generación en el cierre,2026-02-01T00:00:00.000+01:00,2026-01-31T23:00:00Z,14980.3849702381,8741
463,Potencia indisponible de generación en el cierre,2026-03-01T00:00:00.000+01:00,2026-02-28T23:00:00Z,14866.3397039031,8741
463,Potencia indisponible de generación en el cierre,2026-04-01T00:00:00.000+02:00,2026-03-31T22:00:00Z,13232.39375,8741
463,Potencia indisponible de generación en el cierre,2026-05-01T00:00:00.000+02:00,2026-04-30T22:00:00Z,14376.42365591398,8741
463,Potencia indisponible de generación en el cierre,2026-06-01T00:00:00.000+02:00,2026-05-31T22:00:00Z,13451.66361111111,8741
463,Potencia indisponible de generación en el cierre,2026-07-01T00:00:00.000+02:00,2026-06-30T22:00:00Z,12748.84072580645,8741
463,Potencia indisponible de generación en el cierre,2026-08-01T00:00:00.000+02:00,2026-07-31T22:00:00Z,13779.95551075269,8741
463,Potencia indisponible de generación en el cierre,2026-09-01T00:00:00.000+02:00,2026-08-31T22:00:00Z,16865.17597222222,8741
463,Potencia indisponible de generación en el cierre,2026-10-01T00:00:00.000+02:00,2026-09-30T22:00:00Z,18403.6890625,8741
464,Potencia instalada de generación convencional Hidráulica UGH,2025-09-01T00:00:00.000+02:00,2025-08-31T22:00:00Z,592.0,28
464,Potencia instalada de generación convencional Hidráulica UGH,2025-09-01T00:00:00.000+02:00,2025-08-31T22:00:00Z,4.7,72
464,Potencia instalada de generación convencional Hidráulica UGH,2025-09-01T00:00:00.000+02:00,2025-08-31T22:00:00Z,539.4,71
464,Potencia instalada de generación convencional Hidráulica UGH,2025-09-01T00:00:00.000+02:00,2025-08-31T22:00:00Z,191.3,70
464,Potencia instalada de generación convencional Hidráulica UGH,2025-09-01T00:00:00.000+02:00,2025-08-31T22:00:00Z,4.3,69
464,Potencia instalada de generación convencional Hidráulica UGH,2025-09-01T00:00:00.000+02:00,2025-08-31T22:00:00Z,11.2,64
464,Potencia instalada de generación convencional Hidráulica UGH,2025-09-01T00:00:00.000+02:00,2025-08-31T22:00:00Z,389.5,62
464,Potencia instalada de generación convencional Hidráulica UGH,2025-09-01T00:00:00.000+02:00,2025-08-31T22:00:00Z,12.1,57
464,Potencia instalada de generación convencional Hidráulica UGH,2025-09-01T00:00:00.000+02:00,2025-08-31T22:00:00Z,423.9,56
464,Potencia instalada de generación convencional Hidráulica UGH,2025-09-01T00:00:00.000+02:00,2025-08-31T22:00:00Z,150.8,52
464,Potencia instalada de generación convencional Hidráulica UGH,2025-09-01T00:00:00.000+02:00,2025-08-31T22:00:00Z,386.0,50
464,Potencia instalada de generación convencional Hidráulica UGH,2025-09-01T00:00:00.000+02:00,2025-08-31T22:00:00Z,3534.6,48
464,Potencia instalada de generación convencional Hidráulica UGH,2025-09-01T00:00:00.000+02:00,2025-08-31T22:00:00Z,2.0,59
464,Potencia instalada de generación convencional Hidráulica UGH,2025-09-01T00:00:00.000+02:00,2025-08-31T22:00:00Z,945.8,43
464,Potencia instalada de generación convencional Hidráulica UGH,2025-09-01T00:00:00.000+02:00,2025-08-31T22:00:00Z,2182.5,44
464,Potencia instalada de generación convencional Hidráulica UGH,2025-09-01T00:00:00.000+02:00,2025-08-31T22:00:00Z,19.0,32
464,Potencia instalada de generación convencional Hidráulica UGH,2025-09-01T00:00:00.000+02:00,2025-08-31T22:00:00Z,0.6,33
464,Potencia instalada de generación convencional Hidráulica UGH,2025-09-01T00:00:00.000+02:00,2025-08-31T22:00:00Z,16.5,34
464,Potencia instalada de generación convencional Hidráulica UGH,2025-09-01T00:00:00.000+02:00,2025-08-31T22:00:00Z,723.0,35
464,Potencia instalada de generación convencional Hidráulica UGH,2025-09-01T00:00:00.000+02:00,2025-08-31T22:00:00Z,332.8,30
464,Potencia instalada de generación convencional Hidráulica UGH,2025-09-01T00:00:00.000+02:00,2025-08-31T22:00:00Z,1870.7,39
464,Potencia instalada de generación convencional Hidráulica UGH,2025-09-01T00:00:00.000+02:00,2025-08-31T22:00:00Z,3.3,40
464,Potencia instalada de generación convencional Hidráulica UGH,2025-09-01T00:00:00.000+02:00,2025-08-31T22:00:00Z,0.3,41
464,Potencia instalada de generación convencional Hidráulica UGH,2025-09-01T00:00:00.000+02:00,2025-08-31T22:00:00Z,2451.3,37
464,Potencia instalada de generación convencional Hidráulica UGH,2025-10-01T00:00:00.000+02:00,2025-09-30T22:00:00Z,386.0,50
464,Potencia instalada de generación convencional Hidráulica UGH,2025-10-01T00:00:00.000+02:00,2025-09-30T22:00:00Z,4.7,72
464,Potencia instalada de generación convencional Hidráulica UGH,2025-10-01T00:00:00.000+02:00,2025-09-30T22:00:00Z,539.4,71
464,Potencia instalada de generación convencional Hidráulica UGH,2025-10-01T00:00:00.000+02:00,2025-09-30T22:00:00Z,191.3,70
464,Potencia instalada de generación convencional Hidráulica UGH,2025-10-01T00:00:00.000+02:00,2025-09-30T22:00:00Z,4.3,69
464,Potencia instalada de generación convencional Hidráulica UGH,2025-10-01T00:00:00.000+02:00,2025-09-30T22:00:00Z,11.2,64
464,Potencia instalada de generación convencional Hidráulica UGH,2025-10-01T00:00:00.000+02:00,2025-09-30T22:00:00Z,389.5,62
464,Potencia instalada de generación convencional Hidráulica UGH,2025-10-01T00:00:00.000+02:00,2025-09-30T22:00:00Z,12.1,57
464,Potencia instalada de generación convencional Hidráulica UGH,2025-10-01T00:00:00.000+02:00,2025-09-30T22:00:00Z,423.9,56
464,Potencia instalada de generación convencional Hidráulica UGH,2025-10-01T00:00:00.000+02:00,2025-09-30T22:00:00Z,150.8,52
464,Potencia instalada de generación convencional Hidráulica UGH,2025-10-01T00:00:00.000+02:00,2025-09-30T22:00:00Z,3534.6,48
464,Potencia instalada de generación convencional Hidráulica UGH,2025-10-01T00:00:00.000+02:00,2025-09-30T22:00:00Z,2.0,59
464,Potencia instalada de generación convencional Hidráulica UGH,2025-10-01T00:00:00.000+02:00,2025-09-30T22:00:00Z,945.8,43
464,Potencia instalada de generación convencional Hidráulica UGH,2025-10-01T00:00:00.000+02:00,2025-09-30T22:00:00Z,332.8,30
464,Potencia instalada de generación convencional Hidráulica UGH,2025-10-01T00:00:00.000+02:00,2025-09-30T22:00:00Z,19.0,32
464,Potencia instalada de generación convencional Hidráulica UGH,2025-10-01T00:00:00.000+02:00,2025-09-30T22:00:00Z,0.6,33
464,Potencia instalada de generación convencional Hidráulica UGH,2025-10-01T00:00:00.000+02:00,2025-09-30T22:00:00Z,16.5,34
464,Potencia instalada de generación convencional Hidráulica UGH,2025-10-01T00:00:00.000+02:00,2025-09-30T22:00:00Z,723.0,35
464,Potencia instalada de generación convencional Hidráulica UGH,2025-10-01T00:00:00.000+02:00,2025-09-30T22:00:00Z,592.0,28
464,Potencia instalada de generación convencional Hidráulica UGH,2025-10-01T00:00:00.000+02:00,2025-09-30T22:00:00Z,2451.3,37
464,Potencia instalada de generación convencional Hidráulica UGH,2025-10-01T00:00:00.000+02:00,2025-09-30T22:00:00Z,0.3,41
464,Potencia instalada de generación convencional Hidráulica UGH,2025-10-01T00:00:00.000+02:00,2025-09-30T22:00:00Z,2182.5,44
464,Potencia instalada de generación convencional Hidráulica UGH,2025-10-01T00:00:00.000+02:00,2025-09-30T22:00:00Z,1870.7,39
464,Potencia instalada de generación convencional Hidráulica UGH,2025-10-01T00:00:00.000+02:00,2025-09-30T22:00:00Z,3.3,40
464,Potencia instalada de generación convencional Hidráulica UGH,2025-11-01T00:00:00.000+01:00,2025-10-31T23:00:00Z,3534.6,48
464,Potencia instalada de generación convencional Hidráulica UGH,2025-11-01T00:00:00.000+01:00,2025-10-31T23:00:00Z,539.4,71
464,Potencia instalada de generación convencional Hidráulica UGH,2025-11-01T00:00:00.000+01:00,2025-10-31T23:00:00Z,191.3,70
464,Potencia instalada de generación convencional Hidráulica UGH,2025-11-01T00:00:00.000+01:00,2025-10-31T23:00:00Z,4.3,69
464,Potencia instalada de generación convencional Hidráulica UGH,2025-11-01T00:00:00.000+01:00,2025-10-31T23:00:00Z,4.7,72
464,Potencia instalada de generación convencional Hidráulica UGH,2025-11-01T00:00:00.000+01:00,2025-10-31T23:00:00Z,389.5,62
464,Potencia instalada de generación convencional Hidráulica UGH,2025-11-01T00:00:00.000+01:00,2025-10-31T23:00:00Z,2.0,59
464,Potencia instalada de generación convencional Hidráulica UGH,2025-11-01T00:00:00.000+01:00,2025-10-31T23:00:00Z,12.1,57
464,Potencia instalada de generación convencional Hidráulica UGH,2025-11-01T00:00:00.000+01:00,2025-10-31T23:00:00Z,423.9,56
464,Potencia instalada de generación convencional Hidráulica UGH,2025-11-01T00:00:00.000+01:00,2025-10-31T23:00:00Z,150.8,52
464,Potencia instalada de generación convencional Hidráulica UGH,2025-11-01T00:00:00.000+01:00,2025-10-31T23:00:00Z,386.0,50
464,Potencia instalada de generación convencional Hidráulica UGH,2025-11-01T00:00:00.000+01:00,2025-10-31T23:00:00Z,11.2,64
464,Potencia instalada de generación convencional Hidráulica UGH,2025-11-01T00:00:00.000+01:00,2025-10-31T23:00:00Z,2182.5,44
464,Potencia instalada de generación convencional Hidráulica UGH,2025-11-01T00:00:00.000+01:00,2025-10-31T23:00:00Z,0.3,41
464,Potencia instalada de generación convencional Hidráulica UGH,2025-11-01T00:00:00.000+01:00,2025-10-31T23:00:00Z,3.3,40
464,Potencia instalada de generación convencional Hidráulica UGH,2025-11-01T00:00:00.000+01:00,2025-10-31T23:00:00Z,1870.7,39
464,Potencia instalada de generación convencional Hidráulica UGH,2025-11-01T00:00:00.000+01:00,2025-10-31T23:00:00Z,2451.3,37
464,Potencia instalada de generación convencional Hidráulica UGH,2025-11-01T00:00:00.000+01:00,2025-10-31T23:00:00Z,723.0,35
464,Potencia instalada de generación convencional Hidráulica UGH,2025-11-01T00:00:00.000+01:00,2025-10-31T23:00:00Z,16.5,34
464,Potencia instalada de generación convencional Hidráulica UGH,2025-11-01T00:00:00.000+01:00,2025-10-31T23:00:00Z,0.6,33
464,Potencia instalada de generación convencional Hidráulica UGH,2025-11-01T00:00:00.000+01:00,2025-10-31T23:00:00Z,19.0,32
464,Potencia instalada de generación convencional Hidráulica UGH,2025-11-01T00:00:00.000+01:00,2025-10-31T23:00:00Z,332.8,30
464,Potencia instalada de generación convencional Hidráulica UGH,2025-11-01T00:00:00.000+01:00,2025-10-31T23:00:00Z,592.0,28
464,Potencia instalada de generación convencional Hidráulica UGH,2025-11-01T00:00:00.000+01:00,2025-10-31T23:00:00Z,945.8,43
464,Potencia instalada de generación convencional Hidráulica UGH,2025-12-01T00:00:00.000+01:00,2025-11-30T23:00:00Z,150.8,52
464,Potencia instalada de generación convencional Hidráulica UGH,2025-12-01T00:00:00.000+01:00,2025-11-30T23:00:00Z,423.9,56
464,Potencia instalada de generación convencional Hidráulica UGH,2025-12-01T00:00:00.000+01:00,2025-11-30T23:00:00Z,12.1,57
464,Potencia instalada de generación convencional Hidráulica UGH,2025-12-01T00:00:00.000+01:00,2025-11-30T23:00:00Z,2.0,59
464,Potencia instalada de generación convencional Hidráulica UGH,2025-12-01T00:00:00.000+01:00,2025-11-30T23:00:00Z,389.5,62
464,Potencia instalada de generación convencional Hidráulica UGH,2025-12-01T00:00:00.000+01:00,2025-11-30T23:00:00Z,4.7,72
464,Potencia instalada de generación convencional Hidráulica UGH,2025-12-01T00:00:00.000+01:00,2025-11-30T23:00:00Z,4.3,69
464,Potencia instalada de generación convencional Hidráulica UGH,2025-12-01T00:00:00.000+01:00,2025-11-30T23:00:00Z,191.3,70
464,Potencia instalada de generación convencional Hidráulica UGH,2025-12-01T00:00:00.000+01:00,2025-11-30T23:00:00Z,539.4,71
464,Potencia instalada de generación convencional Hidráulica UGH,2025-12-01T00:00:00.000+01:00,2025-11-30T23:00:00Z,386.0,50
464,Potencia instalada de generación convencional Hidráulica UGH,2025-12-01T00:00:00.000+01:00,2025-11-30T23:00:00Z,11.2,64
464,Potencia instalada de generación convencional Hidráulica UGH,2025-12-01T00:00:00.000+01:00,2025-11-30T23:00:00Z,3534.6,48
464,Potencia instalada de generación convencional Hidráulica UGH,2025-12-01T00:00:00.000+01:00,2025-11-30T23:00:00Z,723.0,35
464,Potencia instalada de generación convencional Hidráulica UGH,2025-12-01T00:00:00.000+01:00,2025-11-30T23:00:00Z,945.8,43
464,Potencia instalada de generación convencional Hidráulica UGH,2025-12-01T00:00:00.000+01:00,2025-11-30T23:00:00Z,332.8,30
464,Potencia instalada de generación convencional Hidráulica UGH,2025-12-01T00:00:00.000+01:00,2025-11-30T23:00:00Z,19.0,32
464,Potencia instalada de generación convencional Hidráulica UGH,2025-12-01T00:00:00.000+01:00,2025-11-30T23:00:00Z,0.6,33
464,Potencia instalada de generación convencional Hidráulica UGH,2025-12-01T00:00:00.000+01:00,2025-11-30T23:00:00Z,16.5,34
464,Potencia instalada de generación convencional Hidráulica UGH,2025-12-01T00:00:00.000+01:00,2025-11-30T23:00:00Z,592.0,28
464,Potencia instalada de generación convencional Hidráulica UGH,2025-12-01T00:00:00.000+01:00,2025-11-30T23:00:00Z,2451.3,37
464,Potencia instalada de generación convencional Hidráulica UGH,2025-12-01T00:00:00.000+01:00,2025-11-30T23:00:00Z,1857.7,39
464,Potencia instalada de generación convencional Hidráulica UGH,2025-12-01T00:00:00.000+01:00,2025-11-30T23:00:00Z,3.3,40
464,Potencia instalada de generación convencional Hidráulica UGH,2025-12-01T00:00:00.000+01:00,2025-11-30T23:00:00Z,13.3,41
464,Potencia instalada de generación convencional Hidráulica UGH,2025-12-01T00:00:00.000+01:00,2025-11-30T23:00:00Z,2182.5,44
464,Potencia instalada de generación convencional Hidráulica UGH,2026-01-01T00:00:00.000+01:00,2025-12-31T23:00:00Z,386.0,50
464,Potencia instalada de generación convencional Hidráulica UGH,2026-01-01T00:00:00.000+01:00,2025-12-31T23:00:00Z,539.4,71
464,Potencia instalada de generación convencional Hidráulica UGH,2026-01-01T00:00:00.000+01:00,2025-12-31T23:00:00Z,190.2935483871,70
464,Potencia instalada de generación convencional Hidráulica UGH,2026-01-01T00:00:00.000+01:00,2025-12-31T23:00:00Z,4.3,69
464,Potencia instalada de generación convencional Hidráulica UGH,2026-01-01T00:00:00.000+01:00,2025-12-31T23:00:00Z,11.8,64
464,Potencia instalada de generación convencional Hidráulica UGH,2026-01-01T00:00:00.000+01:00,2025-12-31T23:00:00Z,389.5,62
464,Potencia instalada de generación convencional Hidráulica UGH,2026-01-01T00:00:00.000+01:00,2025-12-31T23:00:00Z,2.0,59
464,Potencia instalada de generación convencional Hidráulica UGH,2026-01-01T00:00:00.000+01:00,2025-12-31T23:00:00Z,12.1,57
464,Potencia instalada de generación convencional Hidráulica UGH,2026-01-01T00:00:00.000+01:00,2025-12-31T23:00:00Z,423.9,56
464,Potencia instalada de generación convencional Hidráulica UGH,2026-01-01T00:00:00.000+01:00,2025-12-31T23:00:00Z,150.8,52
464,Potencia instalada de generación convencional Hidráulica UGH,2026-01-01T00:00:00.000+01:00,2025-12-31T23:00:00Z,3534.0,48
464,Potencia instalada de generación convencional Hidráulica UGH,2026-01-01T00:00:00.000+01:00,2025-12-31T23:00:00Z,4.7,72
464,Potencia instalada de generación convencional Hidráulica UGH,2026-01-01T00:00:00.000+01:00,2025-12-31T23:00:00Z,945.8,43
464,Potencia instalada de generación convencional Hidráulica UGH,2026-01-01T00:00:00.000+01:00,2025-12-31T23:00:00Z,592.0,28
464,Potencia instalada de generación convencional Hidráulica UGH,2026-01-01T00:00:00.000+01:00,2025-12-31T23:00:00Z,332.8,30
464,Potencia instalada de generación convencional Hidráulica UGH,2026-01-01T00:00:00.000+01:00,2025-12-31T23:00:00Z,20.0064516129,32
464,Potencia instalada de generación convencional Hidráulica UGH,2026-01-01T00:00:00.000+01:00,2025-12-31T23:00:00Z,0.6,33
464,Potencia instalada de generación convencional Hidráulica UGH,2026-01-01T00:00:00.000+01:00,2025-12-31T23:00:00Z,16.5,34
464,Potencia instalada de generación convencional Hidráulica UGH,2026-01-01T00:00:00.000+01:00,2025-12-31T23:00:00Z,2182.5,44
464,Potencia instalada de generación convencional Hidráulica UGH,2026-01-01T00:00:00.000+01:00,2025-12-31T23:00:00Z,2451.3,37
464,Potencia instalada de generación convencional Hidráulica UGH,2026-01-01T00:00:00.000+01:00,2025-12-31T23:00:00Z,1857.7,39
464,Potencia instalada de generación convencional Hidráulica UGH,2026-01-01T00:00:00.000+01:00,2025-12-31T23:00:00Z,3.3,40
464,Potencia instalada de generación convencional Hidráulica UGH,2026-01-01T00:00:00.000+01:00,2025-12-31T23:00:00Z,13.3,41
464,Potencia instalada de generación convencional Hidráulica UGH,2026-01-01T00:00:00.000+01:00,2025-12-31T23:00:00Z,723.0,35
464,Potencia instalada de generación convencional Hidráulica UGH,2026-02-01T00:00:00.000+01:00,2026-01-31T23:00:00Z,386.0,50
464,Potencia instalada de generación convencional Hidráulica UGH,2026-02-01T00:00:00.000+01:00,2026-01-31T23:00:00Z,150.8,52
464,Potencia instalada de generación convencional Hidráulica UGH,2026-02-01T00:00:00.000+01:00,2026-01-31T23:00:00Z,423.9,56
464,Potencia instalada de generación convencional Hidráulica UGH,2026-02-01T00:00:00.000+01:00,2026-01-31T23:00:00Z,12.1,57
464,Potencia instalada de generación convencional Hidráulica UGH,2026-02-01T00:00:00.000+01:00,2026-01-31T23:00:00Z,2.0,59
464,Potencia instalada de generación convencional Hidráulica UGH,2026-02-01T00:00:00.000+01:00,2026-01-31T23:00:00Z,11.8,64
464,Potencia instalada de generación convencional Hidráulica UGH,2026-02-01T00:00:00.000+01:00,2026-01-31T23:00:00Z,4.3,69
464,Potencia instalada de generación convencional Hidráulica UGH,2026-02-01T00:00:00.000+01:00,2026-01-31T23:00:00Z,188.2,70
464,Potencia instalada de generación convencional Hidráulica UGH,2026-02-01T00:00:00.000+01:00,2026-01-31T23:00:00Z,539.4,71
464,Potencia instalada de generación convencional Hidráulica UGH,2026-02-01T00:00:00.000+01:00,2026-01-31T23:00:00Z,3534.0,48
464,Potencia instalada de generación convencional Hidráulica UGH,2026-02-01T00:00:00.000+01:00,2026-01-31T23:00:00Z,389.5,62
464,Potencia instalada de generación convencional Hidráulica UGH,2026-02-01T00:00:00.000+01:00,2026-01-31T23:00:00Z,4.7,72
464,Potencia instalada de generación convencional Hidráulica UGH,2026-02-01T00:00:00.000+01:00,2026-01-31T23:00:00Z,2182.5,44
464,Potencia instalada de generación convencional Hidráulica UGH,2026-02-01T00:00:00.000+01:00,2026-01-31T23:00:00Z,13.3,41
464,Potencia instalada de generación convencional Hidráulica UGH,2026-02-01T00:00:00.000+01:00,2026-01-31T23:00:00Z,3.3,40
464,Potencia instalada de generación convencional Hidráulica UGH,2026-02-01T00:00:00.000+01:00,2026-01-31T23:00:00Z,1857.7,39
464,Potencia instalada de generación convencional Hidráulica UGH,2026-02-01T00:00:00.000+01:00,2026-01-31T23:00:00Z,2451.3,37
464,Potencia instalada de generación convencional Hidráulica UGH,2026-02-01T00:00:00.000+01:00,2026-01-31T23:00:00Z,723.0,35
464,Potencia instalada de generación convencional Hidráulica UGH,2026-02-01T00:00:00.000+01:00,2026-01-31T23:00:00Z,16.5,34
464,Potencia instalada de generación convencional Hidráulica UGH,2026-02-01T00:00:00.000+01:00,2026-01-31T23:00:00Z,0.6,33
464,Potencia instalada de generación convencional Hidráulica UGH,2026-02-01T00:00:00.000+01:00,2026-01-31T23:00:00Z,22.1,32
464,Potencia instalada de generación convencional Hidráulica UGH,2026-02-01T00:00:00.000+01:00,2026-01-31T23:00:00Z,332.8,30
464,Potencia instalada de generación convencional Hidráulica UGH,2026-02-01T00:00:00.000+01:00,2026-01-31T23:00:00Z,592.0,28
464,Potencia instalada de generación convencional Hidráulica UGH,2026-02-01T00:00:00.000+01:00,2026-01-31T23:00:00Z,945.8,43
464,Potencia instalada de generación convencional Hidráulica UGH,2026-03-01T00:00:00.000+01:00,2026-02-28T23:00:00Z,150.8,52
464,Potencia instalada de generación convencional Hidráulica UGH,2026-03-01T00:00:00.000+01:00,2026-02-28T23:00:00Z,423.9,56
464,Potencia instalada de generación convencional Hidráulica UGH,2026-03-01T00:00:00.000+01:00,2026-02-28T23:00:00Z,12.1,57
464,Potencia instalada de generación convencional Hidráulica UGH,2026-03-01T00:00:00.000+01:00,2026-02-28T23:00:00Z,2.0,59
464,Potencia instalada de generación convencional Hidráulica UGH,2026-03-01T00:00:00.000+01:00,2026-02-28T23:00:00Z,386.0,50
464,Potencia instalada de generación convencional Hidráulica UGH,2026-03-01T00:00:00.000+01:00,2026-02-28T23:00:00Z,11.8,64
464,Potencia instalada de generación convencional Hidráulica UGH,2026-03-01T00:00:00.000+01:00,2026-02-28T23:00:00Z,4.3,69
464,Potencia instalada de generación convencional Hidráulica UGH,2026-03-01T00:00:00.000+01:00,2026-02-28T23:00:00Z,188.2,70
464,Potencia instalada de generación convencional Hidráulica UGH,2026-03-01T00:00:00.000+01:00,2026-02-28T23:00:00Z,539.4,71
464,Potencia instalada de generación convencional Hidráulica UGH,2026-03-01T00:00:00.000+01:00,2026-02-28T23:00:00Z,389.5,62
464,Potencia instalada de generación convencional Hidráulica UGH,2026-03-01T00:00:00.000+01:00,2026-02-28T23:00:00Z,3534.0,48
464,Potencia instalada de generación convencional Hidráulica UGH,2026-03-01T00:00:00.000+01:00,2026-02-28T23:00:00Z,4.7,72
464,Potencia instalada de generación convencional Hidráulica UGH,2026-03-01T00:00:00.000+01:00,2026-02-28T23:00:00Z,945.8,43
464,Potencia instalada de generación convencional Hidráulica UGH,2026-03-01T00:00:00.000+01:00,2026-02-28T23:00:00Z,592.0,28
464,Potencia instalada de generación convencional Hidráulica UGH,2026-03-01T00:00:00.000+01:00,2026-02-28T23:00:00Z,332.8,30
464,Potencia instalada de generación convencional Hidráulica UGH,2026-03-01T00:00:00.000+01:00,2026-02-28T23:00:00Z,22.1,32
464,Potencia instalada de generación convencional Hidráulica UGH,2026-03-01T00:00:00.000+01:00,2026-02-28T23:00:00Z,0.6,33
464,Potencia instalada de generación convencional Hidráulica UGH,2026-03-01T00:00:00.000+01:00,2026-02-28T23:00:00Z,16.5,34
464,Potencia instalada de generación convencional Hidráulica UGH,2026-03-01T00:00:00.000+01:00,2026-02-28T23:00:00Z,2182.5,44
464,Potencia instalada de generación convencional Hidráulica UGH,2026-03-01T00:00:00.000+01:00,2026-02-28T23:00:00Z,2451.3,37
464,Potencia instalada de generación convencional Hidráulica UGH,2026-03-01T00:00:00.000+01:00,2026-02-28T23:00:00Z,1857.7,39
464,Potencia instalada de generación convencional Hidráulica UGH,2026-03-01T00:00:00.000+01:00,2026-02-28T23:00:00Z,3.3,40
464,Potencia instalada de generación convencional Hidráulica UGH,2026-03-01T00:00:00.000+01:00,2026-02-28T23:00:00Z,13.3,41
464,Potencia instalada de generación convencional Hidráulica UGH,2026-03-01T00:00:00.000+01:00,2026-02-28T23:00:00Z,723.0,35
464,Potencia instalada de generación convencional Hidráulica UGH,2026-04-01T00:00:00.000+02:00,2026-03-31T22:00:00Z,150.8,52
464,Potencia instalada de generación convencional Hidráulica UGH,2026-04-01T00:00:00.000+02:00,2026-03-31T22:00:00Z,423.9,56
464,Potencia instalada de generación convencional Hidráulica UGH,2026-04-01T00:00:00.000+02:00,2026-03-31T22:00:00Z,12.1,57
464,Potencia instalada de generación convencional Hidráulica UGH,2026-04-01T00:00:00.000+02:00,2026-03-31T22:00:00Z,2.0,59
464,Potencia instalada de generación convencional Hidráulica UGH,2026-04-01T00:00:00.000+02:00,2026-03-31T22:00:00Z,389.5,62
464,Potencia instalada de generación convencional Hidráulica UGH,2026-04-01T00:00:00.000+02:00,2026-03-31T22:00:00Z,4.3,69
464,Potencia instalada de generación convencional Hidráulica UGH,2026-04-01T00:00:00.000+02:00,2026-03-31T22:00:00Z,188.2,70
464,Potencia instalada de generación convencional Hidráulica UGH,2026-04-01T00:00:00.000+02:00,2026-03-31T22:00:00Z,539.4,71
464,Potencia instalada de generación convencional Hidráulica UGH,2026-04-01T00:00:00.000+02:00,2026-03-31T22:00:00Z,4.7,72
464,Potencia instalada de generación convencional Hidráulica UGH,2026-04-01T00:00:00.000+02:00,2026-03-31T22:00:00Z,386.0,50
464,Potencia instalada de generación convencional Hidráulica UGH,2026-04-01T00:00:00.000+02:00,2026-03-31T22:00:00Z,11.8,64
464,Potencia instalada de generación convencional Hidráulica UGH,2026-04-01T00:00:00.000+02:00,2026-03-31T22:00:00Z,3534.0,48
464,Potencia instalada de generación convencional Hidráulica UGH,2026-04-01T00:00:00.000+02:00,2026-03-31T22:00:00Z,2182.5,44
464,Potencia instalada de generación convencional Hidráulica UGH,2026-04-01T00:00:00.000+02:00,2026-03-31T22:00:00Z,945.8,43
464,Potencia instalada de generación convencional Hidráulica UGH,2026-04-01T00:00:00.000+02:00,2026-03-31T22:00:00Z,13.3,41
464,Potencia instalada de generación convencional Hidráulica UGH,2026-04-01T00:00:00.000+02:00,2026-03-31T22:00:00Z,3.3,40
464,Potencia instalada de generación convencional Hidráulica UGH,2026-04-01T00:00:00.000+02:00,2026-03-31T22:00:00Z,1857.7,39
464,Potencia instalada de generación convencional Hidráulica UGH,2026-04-01T00:00:00.000+02:00,2026-03-31T22:00:00Z,2451.3,37
464,Potencia instalada de generación convencional Hidráulica UGH,2026-04-01T00:00:00.000+02:00,2026-03-31T22:00:00Z,706.2,35
464,Potencia instalada de generación convencional Hidráulica UGH,2026-04-01T00:00:00.000+02:00,2026-03-31T22:00:00Z,33.3,34
464,Potencia instalada de generación convencional Hidráulica UGH,2026-04-01T00:00:00.000+02:00,2026-03-31T22:00:00Z,0.6,33
464,Potencia instalada de generación convencional Hidráulica UGH,2026-04-01T00:00:00.000+02:00,2026-03-31T22:00:00Z,22.1,32
464,Potencia instalada de generación convencional Hidráulica UGH,2026-04-01T00:00:00.000+02:00,2026-03-31T22:00:00Z,332.8,30
464,Potencia instalada de generación convencional Hidráulica UGH,2026-04-01T00:00:00.000+02:00,2026-03-31T22:00:00Z,592.0,28
464,Potencia instalada de generación convencional Hidráulica UGH,2026-05-01T00:00:00.000+02:00,2026-04-30T22:00:00Z,150.8,52
464,Potencia instalada de generación convencional Hidráulica UGH,2026-05-01T00:00:00.000+02:00,2026-04-30T22:00:00Z,423.9,56
464,Potencia instalada de generación convencional Hidráulica UGH,2026-05-01T00:00:00.000+02:00,2026-04-30T22:00:00Z,12.1,57
464,Potencia instalada de generación convencional Hidráulica UGH,2026-05-01T00:00:00.000+02:00,2026-04-30T22:00:00Z,2.0,59
464,Potencia instalada de generación convencional Hidráulica UGH,2026-05-01T00:00:00.000+02:00,2026-04-30T22:00:00Z,389.5,62
464,Potencia instalada de generación convencional Hidráulica UGH,2026-05-01T00:00:00.000+02:00,2026-04-30T22:00:00Z,4.7,72
464,Potencia instalada de generación convencional Hidráulica UGH,2026-05-01T00:00:00.000+02:00,2026-04-30T22:00:00Z,4.3,69
464,Potencia instalada de generación convencional Hidráulica UGH,2026-05-01T00:00:00.000+02:00,2026-04-30T22:00:00Z,188.2,70
464,Potencia instalada de generación convencional Hidráulica UGH,2026-05-01T00:00:00.000+02:00,2026-04-30T22:00:00Z,539.4,71
464,Potencia instalada de generación convencional Hidráulica UGH,2026-05-01T00:00:00.000+02:00,2026-04-30T22:00:00Z,386.0,50
464,Potencia instalada de generación convencional Hidráulica UGH,2026-05-01T00:00:00.000+02:00,2026-04-30T22:00:00Z,11.8,64
464,Potencia instalada de generación convencional Hidráulica UGH,2026-05-01T00:00:00.000+02:00,2026-04-30T22:00:00Z,3534.0,48
464,Potencia instalada de generación convencional Hidráulica UGH,2026-05-01T00:00:00.000+02:00,2026-04-30T22:00:00Z,2182.5,44
464,Potencia instalada de generación convencional Hidráulica UGH,2026-05-01T00:00:00.000+02:00,2026-04-30T22:00:00Z,945.8,43
464,Potencia instalada de generación convencional Hidráulica UGH,2026-05-01T00:00:00.000+02:00,2026-04-30T22:00:00Z,332.8,30
464,Potencia instalada de generación convencional Hidráulica UGH,2026-05-01T00:00:00.000+02:00,2026-04-30T22:00:00Z,22.1,32
464,Potencia instalada de generación convencional Hidráulica UGH,2026-05-01T00:00:00.000+02:00,2026-04-30T22:00:00Z,0.6,33
464,Potencia instalada de generación convencional Hidráulica UGH,2026-05-01T00:00:00.000+02:00,2026-04-30T22:00:00Z,33.3,34
464,Potencia instalada de generación convencional Hidráulica UGH,2026-05-01T00:00:00.000+02:00,2026-04-30T22:00:00Z,592.0,28
464,Potencia instalada de generación convencional Hidráulica UGH,2026-05-01T00:00:00.000+02:00,2026-04-30T22:00:00Z,2451.3,37
464,Potencia instalada de generación convencional Hidráulica UGH,2026-05-01T00:00:00.000+02:00,2026-04-30T22:00:00Z,1857.7,39
464,Potencia instalada de generación convencional Hidráulica UGH,2026-05-01T00:00:00.000+02:00,2026-04-30T22:00:00Z,3.3,40
464,Potencia instalada de generación convencional Hidráulica UGH,2026-05-01T00:00:00.000+02:00,2026-04-30T22:00:00Z,13.3,41
464,Potencia instalada de generación convencional Hidráulica UGH,2026-05-01T00:00:00.000+02:00,2026-04-30T22:00:00Z,706.2,35
464,Potencia instalada de generación convencional Hidráulica UGH,2026-06-01T00:00:00.000+02:00,2026-05-31T22:00:00Z,150.8,52
464,Potencia instalada de generación convencional Hidráulica UGH,2026-06-01T00:00:00.000+02:00,2026-05-31T22:00:00Z,4.7,72
464,Potencia instalada de generación convencional Hidráulica UGH,2026-06-01T00:00:00.000+02:00,2026-05-31T22:00:00Z,539.4,71
464,Potencia instalada de generación convencional Hidráulica UGH,2026-06-01T00:00:00.000+02:00,2026-05-31T22:00:00Z,188.2,70
464,Potencia instalada de generación convencional Hidráulica UGH,2026-06-01T00:00:00.000+02:00,2026-05-31T22:00:00Z,4.3,69
464,Potencia instalada de generación convencional Hidráulica UGH,2026-06-01T00:00:00.000+02:00,2026-05-31T22:00:00Z,11.8,64
464,Potencia instalada de generación convencional Hidráulica UGH,2026-06-01T00:00:00.000+02:00,2026-05-31T22:00:00Z,389.5,62
464,Potencia instalada de generación convencional Hidráulica UGH,2026-06-01T00:00:00.000+02:00,2026-05-31T22:00:00Z,2.0,59
464,Potencia instalada de generación convencional Hidráulica UGH,2026-06-01T00:00:00.000+02:00,2026-05-31T22:00:00Z,12.1,57
464,Potencia instalada de generación convencional Hidráulica UGH,2026-06-01T00:00:00.000+02:00,2026-05-31T22:00:00Z,423.9,56
464,Potencia instalada de generación convencional Hidráulica UGH,2026-06-01T00:00:00.000+02:00,2026-05-31T22:00:00Z,386.0,50
464,Potencia instalada de generación convencional Hidráulica UGH,2026-06-01T00:00:00.000+02:00,2026-05-31T22:00:00Z,3534.0,48
464,Potencia instalada de generación convencional Hidráulica UGH,2026-06-01T00:00:00.000+02:00,2026-05-31T22:00:00Z,592.0,28
464,Potencia instalada de generación convencional Hidráulica UGH,2026-06-01T00:00:00.000+02:00,2026-05-31T22:00:00Z,2182.5,44
464,Potencia instalada de generación convencional Hidráulica UGH,2026-06-01T00:00:00.000+02:00,2026-05-31T22:00:00Z,332.8,30
464,Potencia instalada de generación convencional Hidráulica UGH,2026-06-01T00:00:00.000+02:00,2026-05-31T22:00:00Z,22.1,32
464,Potencia instalada de generación convencional Hidráulica UGH,2026-06-01T00:00:00.000+02:00,2026-05-31T22:00:00Z,33.3,34
464,Potencia instalada de generación convencional Hidráulica UGH,2026-06-01T00:00:00.000+02:00,2026-05-31T22:00:00Z,706.2,35
464,Potencia instalada de generación convencional Hidráulica UGH,2026-06-01T00:00:00.000+02:00,2026-05-31T22:00:00Z,0.6,33
464,Potencia instalada de generación convencional Hidráulica UGH,2026-06-01T00:00:00.000+02:00,2026-05-31T22:00:00Z,1857.7,39
464,Potencia instalada de generación convencional Hidráulica UGH,2026-06-01T00:00:00.000+02:00,2026-05-31T22:00:00Z,3.3,40
464,Potencia instalada de generación convencional Hidráulica UGH,2026-06-01T00:00:00.000+02:00,2026-05-31T22:00:00Z,13.3,41
464,Potencia instalada de generación convencional Hidráulica UGH,2026-06-01T00:00:00.000+02:00,2026-05-31T22:00:00Z,945.8,43
464,Potencia instalada de generación convencional Hidráulica UGH,2026-06-01T00:00:00.000+02:00,2026-05-31T22:00:00Z,2451.3,37
464,Potencia instalada de generación convencional Hidráulica UGH,2026-07-01T00:00:00.000+02:00,2026-06-30T22:00:00Z,2.0,59
464,Potencia instalada de generación convencional Hidráulica UGH,2026-07-01T00:00:00.000+02:00,2026-06-30T22:00:00Z,150.8,52
464,Potencia instalada de generación convencional Hidráulica UGH,2026-07-01T00:00:00.000+02:00,2026-06-30T22:00:00Z,423.9,56
464,Potencia instalada de generación convencional Hidráulica UGH,2026-07-01T00:00:00.000+02:00,2026-06-30T22:00:00Z,12.1,57
464,Potencia instalada de generación convencional Hidráulica UGH,2026-07-01T00:00:00.000+02:00,2026-06-30T22:00:00Z,4.7,72
464,Potencia instalada de generación convencional Hidráulica UGH,2026-07-01T00:00:00.000+02:00,2026-06-30T22:00:00Z,386.0,50
464,Potencia instalada de generación convencional Hidráulica UGH,2026-07-01T00:00:00.000+02:00,2026-06-30T22:00:00Z,11.8,64
464,Potencia instalada de generación convencional Hidráulica UGH,2026-07-01T00:00:00.000+02:00,2026-06-30T22:00:00Z,4.3,69
464,Potencia instalada de generación convencional Hidráulica UGH,2026-07-01T00:00:00.000+02:00,2026-06-30T22:00:00Z,188.2,70
464,Potencia instalada de generación convencional Hidráulica UGH,2026-07-01T00:00:00.000+02:00,2026-06-30T22:00:00Z,539.4,71
464,Potencia instalada de generación convencional Hidráulica UGH,2026-07-01T00:00:00.000+02:00,2026-06-30T22:00:00Z,389.5,62
464,Potencia instalada de generación convencional Hidráulica UGH,2026-07-01T00:00:00.000+02:00,2026-06-30T22:00:00Z,3534.0,48
464,Potencia instalada de generación convencional Hidráulica UGH,2026-07-01T00:00:00.000+02:00,2026-06-30T22:00:00Z,706.2,35
464,Potencia instalada de generación convencional Hidráulica UGH,2026-07-01T00:00:00.000+02:00,2026-06-30T22:00:00Z,945.8,43
464,Potencia instalada de generación convencional Hidráulica UGH,2026-07-01T00:00:00.000+02:00,2026-06-30T22:00:00Z,592.0,28
464,Potencia instalada de generación convencional Hidráulica UGH,2026-07-01T00:00:00.000+02:00,2026-06-30T22:00:00Z,332.8,30
464,Potencia instalada de generación convencional Hidráulica UGH,2026-07-01T00:00:00.000+02:00,2026-06-30T22:00:00Z,22.1,32
464,Potencia instalada de generación convencional Hidráulica UGH,2026-07-01T00:00:00.000+02:00,2026-06-30T22:00:00Z,0.6,33
464,Potencia instalada de generación convencional Hidráulica UGH,2026-07-01T00:00:00.000+02:00,2026-06-30T22:00:00Z,2182.5,44
464,Potencia instalada de generación convencional Hidráulica UGH,2026-07-01T00:00:00.000+02:00,2026-06-30T22:00:00Z,2451.3,37
464,Potencia instalada de generación convencional Hidráulica UGH,2026-07-01T00:00:00.000+02:00,2026-06-30T22:00:00Z,1857.7,39
464,Potencia instalada de generación convencional Hidráulica UGH,2026-07-01T00:00:00.000+02:00,2026-06-30T22:00:00Z,3.3,40
464,Potencia instalada de generación convencional Hidráulica UGH,2026-07-01T00:00:00.000+02:00,2026-06-30T22:00:00Z,13.3,41
464,Potencia instalada de generación convencional Hidráulica UGH,2026-07-01T00:00:00.000+02:00,2026-06-30T22:00:00Z,33.3,34
464,Potencia instalada de generación convencional Hidráulica UGH,2026-08-01T00:00:00.000+02:00,2026-07-31T22:00:00Z,150.8,52
464,Potencia instalada de generación convencional Hidráulica UGH,2026-08-01T00:00:00.000+02:00,2026-07-31T22:00:00Z,4.7,72
464,Potencia instalada de generación convencional Hidráulica UGH,2026-08-01T00:00:00.000+02:00,2026-07-31T22:00:00Z,539.4,71
464,Potencia instalada de generación convencional Hidráulica UGH,2026-08-01T00:00:00.000+02:00,2026-07-31T22:00:00Z,188.2,70
464,Potencia instalada de generación convencional Hidráulica UGH,2026-08-01T00:00:00.000+02:00,2026-07-31T22:00:00Z,4.3,69
464,Potencia instalada de generación convencional Hidráulica UGH,2026-08-01T00:00:00.000+02:00,2026-07-31T22:00:00Z,11.8,64
464,Potencia instalada de generación convencional Hidráulica UGH,2026-08-01T00:00:00.000+02:00,2026-07-31T22:00:00Z,389.5,62
464,Potencia instalada de generación convencional Hidráulica UGH,2026-08-01T00:00:00.000+02:00,2026-07-31T22:00:00Z,2.0,59
464,Potencia instalada de generación convencional Hidráulica UGH,2026-08-01T00:00:00.000+02:00,2026-07-31T22:00:00Z,12.1,57
464,Potencia instalada de generación convencional Hidráulica UGH,2026-08-01T00:00:00.000+02:00,2026-07-31T22:00:00Z,423.9,56
464,Potencia instalada de generación convencional Hidráulica UGH,2026-08-01T00:00:00.000+02:00,2026-07-31T22:00:00Z,386.0,50
464,Potencia instalada de generación convencional Hidráulica UGH,2026-08-01T00:00:00.000+02:00,2026-07-31T22:00:00Z,3534.0,48
464,Potencia instalada de generación convencional Hidráulica UGH,2026-08-01T00:00:00.000+02:00,2026-07-31T22:00:00Z,592.0,28
464,Potencia instalada de generación convencional Hidráulica UGH,2026-08-01T00:00:00.000+02:00,2026-07-31T22:00:00Z,2182.5,44
464,Potencia instalada de generación convencional Hidráulica UGH,2026-08-01T00:00:00.000+02:00,2026-07-31T22:00:00Z,332.8,30
464,Potencia instalada de generación convencional Hidráulica UGH,2026-08-01T00:00:00.000+02:00,2026-07-31T22:00:00Z,22.1,32
464,Potencia instalada de generación convencional Hidráulica UGH,2026-08-01T00:00:00.000+02:00,2026-07-31T22:00:00Z,33.3,34
464,Potencia instalada de generación convencional Hidráulica UGH,2026-08-01T00:00:00.000+02:00,2026-07-31T22:00:00Z,706.2,35
464,Potencia instalada de generación convencional Hidráulica UGH,2026-08-01T00:00:00.000+02:00,2026-07-31T22:00:00Z,0.6,33
464,Potencia instalada de generación convencional Hidráulica UGH,2026-08-01T00:00:00.000+02:00,2026-07-31T22:00:00Z,1857.7,39
464,Potencia instalada de generación convencional Hidráulica UGH,2026-08-01T00:00:00.000+02:00,2026-07-31T22:00:00Z,3.3,40
464,Potencia instalada de generación convencional Hidráulica UGH,2026-08-01T00:00:00.000+02:00,2026-07-31T22:00:00Z,13.3,41
464,Potencia instalada de generación convencional Hidráulica UGH,2026-08-01T00:00:00.000+02:00,2026-07-31T22:00:00Z,945.8,43
464,Potencia instalada de generación convencional Hidráulica UGH,2026-08-01T00:00:00.000+02:00,2026-07-31T22:00:00Z,2451.3,37
464,Potencia instalada de generación convencional Hidráulica UGH,2026-09-01T00:00:00.000+02:00,2026-08-31T22:00:00Z,4.7,72
464,Potencia instalada de generación convencional Hidráulica UGH,2026-09-01T00:00:00.000+02:00,2026-08-31T22:00:00Z,150.8,52
464,Potencia instalada de generación convencional Hidráulica UGH,2026-09-01T00:00:00.000+02:00,2026-08-31T22:00:00Z,423.9,56
464,Potencia instalada de generación convencional Hidráulica UGH,2026-09-01T00:00:00.000+02:00,2026-08-31T22:00:00Z,12.1,57
464,Potencia instalada de generación convencional Hidráulica UGH,2026-09-01T00:00:00.000+02:00,2026-08-31T22:00:00Z,2.0,59
464,Potencia instalada de generación convencional Hidráulica UGH,2026-09-01T00:00:00.000+02:00,2026-08-31T22:00:00Z,386.0,50
464,Potencia instalada de generación convencional Hidráulica UGH,2026-09-01T00:00:00.000+02:00,2026-08-31T22:00:00Z,11.8,64
464,Potencia instalada de generación convencional Hidráulica UGH,2026-09-01T00:00:00.000+02:00,2026-08-31T22:00:00Z,4.3,69
464,Potencia instalada de generación convencional Hidráulica UGH,2026-09-01T00:00:00.000+02:00,2026-08-31T22:00:00Z,188.2,70
464,Potencia instalada de generación convencional Hidráulica UGH,2026-09-01T00:00:00.000+02:00,2026-08-31T22:00:00Z,539.4,71
464,Potencia instalada de generación convencional Hidráulica UGH,2026-09-01T00:00:00.000+02:00,2026-08-31T22:00:00Z,389.5,62
464,Potencia instalada de generación convencional Hidráulica UGH,2026-09-01T00:00:00.000+02:00,2026-08-31T22:00:00Z,3534.0,48
464,Potencia instalada de generación convencional Hidráulica UGH,2026-09-01T00:00:00.000+02:00,2026-08-31T22:00:00Z,2451.3,37
464,Potencia instalada de generación convencional Hidráulica UGH,2026-09-01T00:00:00.000+02:00,2026-08-31T22:00:00Z,945.8,43
464,Potencia instalada de generación convencional Hidráulica UGH,2026-09-01T00:00:00.000+02:00,2026-08-31T22:00:00Z,13.3,41
464,Potencia instalada de generación convencional Hidráulica UGH,2026-09-01T00:00:00.000+02:00,2026-08-31T22:00:00Z,3.3,40
464,Potencia instalada de generación convencional Hidráulica UGH,2026-09-01T00:00:00.000+02:00,2026-08-31T22:00:00Z,1857.7,39
464,Potencia instalada de generación convencional Hidráulica UGH,2026-09-01T00:00:00.000+02:00,2026-08-31T22:00:00Z,706.2,35
464,Potencia instalada de generación convencional Hidráulica UGH,2026-09-01T00:00:00.000+02:00,2026-08-31T22:00:00Z,33.3,34
464,Potencia instalada de generación convencional Hidráulica UGH,2026-09-01T00:00:00.000+02:00,2026-08-31T22:00:00Z,0.6,33
464,Potencia instalada de generación convencional Hidráulica UGH,2026-09-01T00:00:00.000+02:00,2026-08-31T22:00:00Z,22.1,32
464,Potencia instalada de generación convencional Hidráulica UGH,2026-09-01T00:00:00.000+02:00,2026-08-31T22:00:00Z,332.8,30
464,Potencia instalada de generación convencional Hidráulica UGH,2026-09-01T00:00:00.000+02:00,2026-08-31T22:00:00Z,592.0,28
464,Potencia instalada de generación convencional Hidráulica UGH,2026-09-01T00:00:00.000+02:00,2026-08-31T22:00:00Z,2182.5,44
464,Potencia instalada de generación convencional Hidráulica UGH,2026-10-01T00:00:00.000+02:00,2026-09-30T22:00:00Z,386.0,50
464,Potencia instalada de generación convencional Hidráulica UGH,2026-10-01T00:00:00.000+02:00,2026-09-30T22:00:00Z,150.8,52
464,Potencia instalada de generación convencional Hidráulica UGH,2026-10-01T00:00:00.000+02:00,2026-09-30T22:00:00Z,423.9,56
464,Potencia instalada de generación convencional Hidráulica UGH,2026-10-01T00:00:00.000+02:00,2026-09-30T22:00:00Z,12.1,57
464,Potencia instalada de generación convencional Hidráulica UGH,2026-10-01T00:00:00.000+02:00,2026-09-30T22:00:00Z,188.2,70
464,Potencia instalada de generación convencional Hidráulica UGH,2026-10-01T00:00:00.000+02:00,2026-09-30T22:00:00Z,389.5,62
464,Potencia instalada de generación convencional Hidráulica UGH,2026-10-01T00:00:00.000+02:00,2026-09-30T22:00:00Z,11.8,64
464,Potencia instalada de generación convencional Hidráulica UGH,2026-10-01T00:00:00.000+02:00,2026-09-30T22:00:00Z,4.3,69
464,Potencia instalada de generación convencional Hidráulica UGH,2026-10-01T00:00:00.000+02:00,2026-09-30T22:00:00Z,3534.0,48
464,Potencia instalada de generación convencional Hidráulica UGH,2026-10-01T00:00:00.000+02:00,2026-09-30T22:00:00Z,2.0,59
464,Potencia instalada de generación convencional Hidráulica UGH,2026-10-01T00:00:00.000+02:00,2026-09-30T22:00:00Z,2182.5,44
464,Potencia instalada de generación convencional Hidráulica UGH,2026-10-01T00:00:00.000+02:00,2026-09-30T22:00:00Z,2451.3,37
464,Potencia instalada de generación convencional Hidráulica UGH,2026-10-01T00:00:00.000+02:00,2026-09-30T22:00:00Z,13.3,41
464,Potencia instalada de generación convencional Hidráulica UGH,2026-10-01T00:00:00.000+02:00,2026-09-30T22:00:00Z,3.3,40
464,Potencia instalada de generación convencional Hidráulica UGH,2026-10-01T00:00:00.000+02:00,2026-09-30T22:00:00Z,1857.7,39
464,Potencia instalada de generación convencional Hidráulica UGH,2026-10-01T00:00:00.000+02:00,2026-09-30T22:00:00Z,706.2,35
464,Potencia instalada de generación convencional Hidráulica UGH,2026-10-01T00:00:00.000+02:00,2026-09-30T22:00:00Z,33.3,34
464,Potencia instalada de generación convencional Hidráulica UGH,2026-10-01T00:00:00.000+02:00,2026-09-30T22:00:00Z,0.6,33
464,Potencia instalada de generación convencional Hidráulica UGH,2026-10-01T00:00:00.000+02:00,2026-09-30T22:00:00Z,22.1,32
464,Potencia instalada de generación convencional Hidráulica UGH,2026-10-01T00:00:00.000+02:00,2026-09-30T22:00:00Z,332.8,30
464,Potencia instalada de generación convencional Hidráulica UGH,2026-10-01T00:00:00.000+02:00,2026-09-30T22:00:00Z,592.0,28
464,Potencia instalada de generación convencional Hidráulica UGH,2026-10-01T00:00:00.000+02:00,2026-09-30T22:00:00Z,539.4,71
464,Potencia instalada de generación convencional Hidráulica UGH,2026-10-01T00:00:00.000+02:00,2026-09-30T22:00:00Z,945.8,43
464,Potencia instalada de generación convencional Hidráulica UGH,2026-10-01T00:00:00.000+02:00,2026-09-30T22:00:00Z,4.7,72
465,Potencia instalada de generación convencional Turbinación bombeo,2025-09-01T00:00:00.000+02:00,2025-08-31T22:00:00Z,206.7,27
465,Potencia instalada de generación convencional Turbinación bombeo,2025-09-01T00:00:00.000+02:00,2025-08-31T22:00:00Z,307.8,28
465,Potencia instalada de generación convencional Turbinación bombeo,2025-09-01T00:00:00.000+02:00,2025-08-31T22:00:00Z,1511.7,35
465,Potencia instalada de generación convencional Turbinación bombeo,2025-09-01T00:00:00.000+02:00,2025-08-31T22:00:00Z,360.4,40
465,Potencia instalada de generación convencional Turbinación bombeo,2025-09-01T00:00:00.000+02:00,2025-08-31T22:00:00Z,439.2,41
465,Potencia instalada de generación convencional Turbinación bombeo,2025-09-01T00:00:00.000+02:00,2025-08-31T22:00:00Z,376.7,56
465,Potencia instalada de generación convencional Turbinación bombeo,2025-09-01T00:00:00.000+02:00,2025-08-31T22:00:00Z,215.0,60
465,Potencia instalada de generación convencional Turbinación bombeo,2025-10-01T00:00:00.000+02:00,2025-09-30T22:00:00Z,215.0,60
465,Potencia instalada de generación convencional Turbinación bombeo,2025-10-01T00:00:00.000+02:00,2025-09-30T22:00:00Z,376.7,56
465,Potencia instalada de generación convencional Turbinación bombeo,2025-10-01T00:00:00.000+02:00,2025-09-30T22:00:00Z,360.4,40
465,Potencia instalada de generación convencional Turbinación bombeo,2025-10-01T00:00:00.000+02:00,2025-09-30T22:00:00Z,439.2,41
465,Potencia instalada de generación convencional Turbinación bombeo,2025-10-01T00:00:00.000+02:00,2025-09-30T22:00:00Z,307.8,28
465,Potencia instalada de generación convencional Turbinación bombeo,2025-10-01T00:00:00.000+02:00,2025-09-30T22:00:00Z,206.7,27
465,Potencia instalada de generación convencional Turbinación bombeo,2025-10-01T00:00:00.000+02:00,2025-09-30T22:00:00Z,1511.7,35
465,Potencia instalada de generación convencional Turbinación bombeo,2025-11-01T00:00:00.000+01:00,2025-10-31T23:00:00Z,206.7,27
465,Potencia instalada de generación convencional Turbinación bombeo,2025-11-01T00:00:00.000+01:00,2025-10-31T23:00:00Z,307.8,28
465,Potencia instalada de generación convencional Turbinación bombeo,2025-11-01T00:00:00.000+01:00,2025-10-31T23:00:00Z,1511.7,35
465,Potencia instalada de generación convencional Turbinación bombeo,2025-11-01T00:00:00.000+01:00,2025-10-31T23:00:00Z,360.4,40
465,Potencia instalada de generación convencional Turbinación bombeo,2025-11-01T00:00:00.000+01:00,2025-10-31T23:00:00Z,439.2,41
465,Potencia instalada de generación convencional Turbinación bombeo,2025-11-01T00:00:00.000+01:00,2025-10-31T23:00:00Z,376.7,56
465,Potencia instalada de generación convencional Turbinación bombeo,2025-11-01T00:00:00.000+01:00,2025-10-31T23:00:00Z,215.0,60
465,Potencia instalada de generación convencional Turbinación bombeo,2025-12-01T00:00:00.000+01:00,2025-11-30T23:00:00Z,376.7,56
465,Potencia instalada de generación convencional Turbinación bombeo,2025-12-01T00:00:00.000+01:00,2025-11-30T23:00:00Z,215.0,60
465,Potencia instalada de generación convencional Turbinación bombeo,2025-12-01T00:00:00.000+01:00,2025-11-30T23:00:00Z,439.2,41
465,Potencia instalada de generación convencional Turbinación bombeo,2025-12-01T00:00:00.000+01:00,2025-11-30T23:00:00Z,307.8,28
465,Potencia instalada de generación convencional Turbinación bombeo,2025-12-01T00:00:00.000+01:00,2025-11-30T23:00:00Z,1511.7,35
465,Potencia instalada de generación convencional Turbinación bombeo,2025-12-01T00:00:00.000+01:00,2025-11-30T23:00:00Z,360.4,40
465,Potencia instalada de generación convencional Turbinación bombeo,2025-12-01T00:00:00.000+01:00,2025-11-30T23:00:00Z,206.7,27
465,Potencia instalada de generación convencional Turbinación bombeo,2026-01-01T00:00:00.000+01:00,2025-12-31T23:00:00Z,376.7,56
465,Potencia instalada de generación convencional Turbinación bombeo,2026-01-01T00:00:00.000+01:00,2025-12-31T23:00:00Z,439.2,41
465,Potencia instalada de generación convencional Turbinación bombeo,2026-01-01T00:00:00.000+01:00,2025-12-31T23:00:00Z,360.4,40
465,Potencia instalada de generación convencional Turbinación bombeo,2026-01-01T00:00:00.000+01:00,2025-12-31T23:00:00Z,215.0,60
465,Potencia instalada de generación convencional Turbinación bombeo,2026-01-01T00:00:00.000+01:00,2025-12-31T23:00:00Z,307.8,28
465,Potencia instalada de generación convencional Turbinación bombeo,2026-01-01T00:00:00.000+01:00,2025-12-31T23:00:00Z,206.7,27
465,Potencia instalada de generación convencional Turbinación bombeo,2026-01-01T00:00:00.000+01:00,2025-12-31T23:00:00Z,1511.7,35
465,Potencia instalada de generación convencional Turbinación bombeo,2026-02-01T00:00:00.000+01:00,2026-01-31T23:00:00Z,206.7,27
465,Potencia instalada de generación convencional Turbinación bombeo,2026-02-01T00:00:00.000+01:00,2026-01-31T23:00:00Z,307.8,28
465,Potencia instalada de generación convencional Turbinación bombeo,2026-02-01T00:00:00.000+01:00,2026-01-31T23:00:00Z,1511.7,35
465,Potencia instalada de generación convencional Turbinación bombeo,2026-02-01T00:00:00.000+01:00,2026-01-31T23:00:00Z,360.4,40
465,Potencia instalada de generación convencional Turbinación bombeo,2026-02-01T00:00:00.000+01:00,2026-01-31T23:00:00Z,439.2,41
465,Potencia instalada de generación convencional Turbinación bombeo,2026-02-01T00:00:00.000+01:00,2026-01-31T23:00:00Z,376.7,56
465,Potencia instalada de generación convencional Turbinación bombeo,2026-02-01T00:00:00.000+01:00,2026-01-31T23:00:00Z,215.0,60
465,Potencia instalada de generación convencional Turbinación bombeo,2026-03-01T00:00:00.000+01:00,2026-02-28T23:00:00Z,439.2,41
465,Potencia instalada de generación convencional Turbinación bombeo,2026-03-01T00:00:00.000+01:00,2026-02-28T23:00:00Z,376.7,56
465,Potencia instalada de generación convencional Turbinación bombeo,2026-03-01T00:00:00.000+01:00,2026-02-28T23:00:00Z,360.4,40
465,Potencia instalada de generación convencional Turbinación bombeo,2026-03-01T00:00:00.000+01:00,2026-02-28T23:00:00Z,215.0,60
465,Potencia instalada de generación convencional Turbinación bombeo,2026-03-01T00:00:00.000+01:00,2026-02-28T23:00:00Z,307.75814266487,28
465,Potencia instalada de generación convencional Turbinación bombeo,2026-03-01T00:00:00.000+01:00,2026-02-28T23:00:00Z,206.7,27
465,Potencia instalada de generación convencional Turbinación bombeo,2026-03-01T00:00:00.000+01:00,2026-02-28T23:00:00Z,1511.7,35
465,Potencia instalada de generación convencional Turbinación bombeo,2026-04-01T00:00:00.000+02:00,2026-03-31T22:00:00Z,206.7,27
465,Potencia instalada de generación convencional Turbinación bombeo,2026-04-01T00:00:00.000+02:00,2026-03-31T22:00:00Z,307.72333333333,28
465,Potencia instalada de generación convencional Turbinación bombeo,2026-04-01T00:00:00.000+02:00,2026-03-31T22:00:00Z,1511.7,35
465,Potencia instalada de generación convencional Turbinación bombeo,2026-04-01T00:00:00.000+02:00,2026-03-31T22:00:00Z,360.4,40
465,Potencia instalada de generación convencional Turbinación bombeo,2026-04-01T00:00:00.000+02:00,2026-03-31T22:00:00Z,439.2,41
465,Potencia instalada de generación convencional Turbinación bombeo,2026-04-01T00:00:00.000+02:00,2026-03-31T22:00:00Z,376.7,56
465,Potencia instalada de generación convencional Turbinación bombeo,2026-04-01T00:00:00.000+02:00,2026-03-31T22:00:00Z,215.0,60
465,Potencia instalada de generación convencional Turbinación bombeo,2026-05-01T00:00:00.000+02:00,2026-04-30T22:00:00Z,215.0,60
465,Potencia instalada de generación convencional Turbinación bombeo,2026-05-01T00:00:00.000+02:00,2026-04-30T22:00:00Z,376.7,56
465,Potencia instalada de generación convencional Turbinación bombeo,2026-05-01T00:00:00.000+02:00,2026-04-30T22:00:00Z,439.2,41
465,Potencia instalada de generación convencional Turbinación bombeo,2026-05-01T00:00:00.000+02:00,2026-04-30T22:00:00Z,360.4,40
465,Potencia instalada de generación convencional Turbinación bombeo,2026-05-01T00:00:00.000+02:00,2026-04-30T22:00:00Z,307.8,28
465,Potencia instalada de generación convencional Turbinación bombeo,2026-05-01T00:00:00.000+02:00,2026-04-30T22:00:00Z,206.7,27
465,Potencia instalada de generación convencional Turbinación bombeo,2026-05-01T00:00:00.000+02:00,2026-04-30T22:00:00Z,1511.7,35
465,Potencia instalada de generación convencional Turbinación bombeo,2026-06-01T00:00:00.000+02:00,2026-05-31T22:00:00Z,206.7,27
465,Potencia instalada de generación convencional Turbinación bombeo,2026-06-01T00:00:00.000+02:00,2026-05-31T22:00:00Z,307.8,28
465,Potencia instalada de generación convencional Turbinación bombeo,2026-06-01T00:00:00.000+02:00,2026-05-31T22:00:00Z,1511.7,35
465,Potencia instalada de generación convencional Turbinación bombeo,2026-06-01T00:00:00.000+02:00,2026-05-31T22:00:00Z,360.4,40
465,Potencia instalada de generación convencional Turbinación bombeo,2026-06-01T00:00:00.000+02:00,2026-05-31T22:00:00Z,439.2,41
465,Potencia instalada de generación convencional Turbinación bombeo,2026-06-01T00:00:00.000+02:00,2026-05-31T22:00:00Z,376.7,56
465,Potencia instalada de generación convencional Turbinación bombeo,2026-06-01T00:00:00.000+02:00,2026-05-31T22:00:00Z,215.0,60
465,Potencia instalada de generación convencional Turbinación bombeo,2026-07-01T00:00:00.000+02:00,2026-06-30T22:00:00Z,215.0,60
465,Potencia instalada de generación convencional Turbinación bombeo,2026-07-01T00:00:00.000+02:00,2026-06-30T22:00:00Z,376.7,56
465,Potencia instalada de generación convencional Turbinación bombeo,2026-07-01T00:00:00.000+02:00,2026-06-30T22:00:00Z,439.2,41
465,Potencia instalada de generación convencional Turbinación bombeo,2026-07-01T00:00:00.000+02:00,2026-06-30T22:00:00Z,307.8,28
465,Potencia instalada de generación convencional Turbinación bombeo,2026-07-01T00:00:00.000+02:00,2026-06-30T22:00:00Z,1511.7,35
465,Potencia instalada de generación convencional Turbinación bombeo,2026-07-01T00:00:00.000+02:00,2026-06-30T22:00:00Z,206.7,27
465,Potencia instalada de generación convencional Turbinación bombeo,2026-07-01T00:00:00.000+02:00,2026-06-30T22:00:00Z,360.4,40
465,Potencia instalada de generación convencional Turbinación bombeo,2026-08-01T00:00:00.000+02:00,2026-07-31T22:00:00Z,206.7,27
465,Potencia instalada de generación convencional Turbinación bombeo,2026-08-01T00:00:00.000+02:00,2026-07-31T22:00:00Z,307.8,28
465,Potencia instalada de generación convencional Turbinación bombeo,2026-08-01T00:00:00.000+02:00,2026-07-31T22:00:00Z,1511.7,35
465,Potencia instalada de generación convencional Turbinación bombeo,2026-08-01T00:00:00.000+02:00,2026-07-31T22:00:00Z,360.4,40
465,Potencia instalada de generación convencional Turbinación bombeo,2026-08-01T00:00:00.000+02:00,2026-07-31T22:00:00Z,439.2,41
465,Potencia instalada de generación convencional Turbinación bombeo,2026-08-01T00:00:00.000+02:00,2026-07-31T22:00:00Z,376.7,56
465,Potencia instalada de generación convencional Turbinación bombeo,2026-08-01T00:00:00.000+02:00,2026-07-31T22:00:00Z,215.0,60
465,Potencia instalada de generación convencional Turbinación bombeo,2026-09-01T00:00:00.000+02:00,2026-08-31T22:00:00Z,215.0,60
465,Potencia instalada de generación convencional Turbinación bombeo,2026-09-01T00:00:00.000+02:00,2026-08-31T22:00:00Z,376.7,56
465,Potencia instalada de generación convencional Turbinación bombeo,2026-09-01T00:00:00.000+02:00,2026-08-31T22:00:00Z,439.2,41
465,Potencia instalada de generación convencional Turbinación bombeo,2026-09-01T00:00:00.000+02:00,2026-08-31T22:00:00Z,307.8,28
465,Potencia instalada de generación convencional Turbinación bombeo,2026-09-01T00:00:00.000+02:00,2026-08-31T22:00:00Z,1511.7,35
465,Potencia instalada de generación convencional Turbinación bombeo,2026-09-01T00:00:00.000+02:00,2026-08-31T22:00:00Z,206.7,27
465,Potencia instalada de generación convencional Turbinación bombeo,2026-09-01T00:00:00.000+02:00,2026-08-31T22:00:00Z,360.4,40
465,Potencia instalada de generación convencional Turbinación bombeo,2026-10-01T00:00:00.000+02:00,2026-09-30T22:00:00Z,376.7,56
465,Potencia instalada de generación convencional Turbinación bombeo,2026-10-01T00:00:00.000+02:00,2026-09-30T22:00:00Z,206.7,27
465,Potencia instalada de generación convencional Turbinación bombeo,2026-10-01T00:00:00.000+02:00,2026-09-30T22:00:00Z,307.8,28
465,Potencia instalada de generación convencional Turbinación bombeo,2026-10-01T00:00:00.000+02:00,2026-09-30T22:00:00Z,1511.7,35
465,Potencia instalada de generación convencional Turbinación bombeo,2026-10-01T00:00:00.000+02:00,2026-09-30T22:00:00Z,360.4,40
465,Potencia instalada de generación convencional Turbinación bombeo,2026-10-01T00:00:00.000+02:00,2026-09-30T22:00:00Z,439.2,41
465,Potencia instalada de generación convencional Turbinación bombeo,2026-10-01T00:00:00.000+02:00,2026-09-30T22:00:00Z,215.0,60
466,Potencia instalada de generación convencional Nuclear,2025-09-01T00:00:00.000+02:00,2025-08-31T22:00:00Z,1063.9,35
466,Potencia instalada de generación convencional Nuclear,2025-09-01T00:00:00.000+02:00,2025-08-31T22:00:00Z,2017.1,37
466,Potencia instalada de generación convencional Nuclear,2025-09-01T00:00:00.000+02:00,2025-08-31T22:00:00Z,3032.8,42
466,Potencia instalada de generación convencional Nuclear,2025-09-01T00:00:00.000+02:00,2025-08-31T22:00:00Z,1003.4,60
466,Potencia instalada de generación convencional Nuclear,2025-10-01T00:00:00.000+02:00,2025-09-30T22:00:00Z,1063.9,35
466,Potencia instalada de generación convencional Nuclear,2025-10-01T00:00:00.000+02:00,2025-09-30T22:00:00Z,2017.1,37
466,Potencia instalada de generación convencional Nuclear,2025-10-01T00:00:00.000+02:00,2025-09-30T22:00:00Z,3032.8,42
466,Potencia instalada de generación convencional Nuclear,2025-10-01T00:00:00.000+02:00,2025-09-30T22:00:00Z,1003.4,60
466,Potencia instalada de generación convencional Nuclear,2025-11-01T00:00:00.000+01:00,2025-10-31T23:00:00Z,1063.9,35
466,Potencia instalada de generación convencional Nuclear,2025-11-01T00:00:00.000+01:00,2025-10-31T23:00:00Z,2017.1,37
466,Potencia instalada de generación convencional Nuclear,2025-11-01T00:00:00.000+01:00,2025-10-31T23:00:00Z,3032.8,42
466,Potencia instalada de generación convencional Nuclear,2025-11-01T00:00:00.000+01:00,2025-10-31T23:00:00Z,1003.4,60
466,Potencia instalada de generación convencional Nuclear,2025-12-01T00:00:00.000+01:00,2025-11-30T23:00:00Z,1003.4,60
466,Potencia instalada de generación convencional Nuclear,2025-12-01T00:00:00.000+01:00,2025-11-30T23:00:00Z,3032.8,42
466,Potencia instalada de generación convencional Nuclear,2025-12-01T00:00:00.000+01:00,2025-11-30T23:00:00Z,1063.9,35
466,Potencia instalada de generación convencional Nuclear,2025-12-01T00:00:00.000+01:00,2025-11-30T23:00:00Z,2017.1,37
466,Potencia instalada de generación convencional Nuclear,2026-01-01T00:00:00.000+01:00,2025-12-31T23:00:00Z,1063.9,35
466,Potencia instalada de generación convencional Nuclear,2026-01-01T00:00:00.000+01:00,2025-12-31T23:00:00Z,2017.1,37
466,Potencia instalada de generación convencional Nuclear,2026-01-01T00:00:00.000+01:00,2025-12-31T23:00:00Z,3032.8,42
466,Potencia instalada de generación convencional Nuclear,2026-01-01T00:00:00.000+01:00,2025-12-31T23:00:00Z,1003.4,60
466,Potencia instalada de generación convencional Nuclear,2026-02-01T00:00:00.000+01:00,2026-01-31T23:00:00Z,1003.4,60
466,Potencia instalada de generación convencional Nuclear,2026-02-01T00:00:00.000+01:00,2026-01-31T23:00:00Z,1063.9,35
466,Potencia instalada de generación convencional Nuclear,2026-02-01T00:00:00.000+01:00,2026-01-31T23:00:00Z,2017.1,37
466,Potencia instalada de generación convencional Nuclear,2026-02-01T00:00:00.000+01:00,2026-01-31T23:00:00Z,3032.8,42
466,Potencia instalada de generación convencional Nuclear,2026-03-01T00:00:00.000+01:00,2026-02-28T23:00:00Z,3032.8,42
466,Potencia instalada de generación convencional Nuclear,2026-03-01T00:00:00.000+01:00,2026-02-28T23:00:00Z,1003.4,60
466,Potencia instalada de generación convencional Nuclear,2026-03-01T00:00:00.000+01:00,2026-02-28T23:00:00Z,1063.9,35
466,Potencia instalada de generación convencional Nuclear,2026-03-01T00:00:00.000+01:00,2026-02-28T23:00:00Z,2017.1,37
466,Potencia instalada de generación convencional Nuclear,2026-04-01T00:00:00.000+02:00,2026-03-31T22:00:00Z,1063.9,35
466,Potencia instalada de generación convencional Nuclear,2026-04-01T00:00:00.000+02:00,2026-03-31T22:00:00Z,2017.1,37
466,Potencia instalada de generación convencional Nuclear,2026-04-01T00:00:00.000+02:00,2026-03-31T22:00:00Z,3032.8,42
466,Potencia instalada de generación convencional Nuclear,2026-04-01T00:00:00.000+02:00,2026-03-31T22:00:00Z,1003.4,60
466,Potencia instalada de generación convencional Nuclear,2026-05-01T00:00:00.000+02:00,2026-04-30T22:00:00Z,1063.9,35
466,Potencia instalada de generación convencional Nuclear,2026-05-01T00:00:00.000+02:00,2026-04-30T22:00:00Z,2017.1,37
466,Potencia instalada de generación convencional Nuclear,2026-05-01T00:00:00.000+02:00,2026-04-30T22:00:00Z,3032.8,42
466,Potencia instalada de generación convencional Nuclear,2026-05-01T00:00:00.000+02:00,2026-04-30T22:00:00Z,1003.4,60
466,Potencia instalada de generación convencional Nuclear,2026-06-01T00:00:00.000+02:00,2026-05-31T22:00:00Z,1063.9,35
466,Potencia instalada de generación convencional Nuclear,2026-06-01T00:00:00.000+02:00,2026-05-31T22:00:00Z,2017.1,37
466,Potencia instalada de generación convencional Nuclear,2026-06-01T00:00:00.000+02:00,2026-05-31T22:00:00Z,3032.8,42
466,Potencia instalada de generación convencional Nuclear,2026-06-01T00:00:00.000+02:00,2026-05-31T22:00:00Z,1003.4,60
466,Potencia instalada de generación convencional Nuclear,2026-07-01T00:00:00.000+02:00,2026-06-30T22:00:00Z,1003.4,60
466,Potencia instalada de generación convencional Nuclear,2026-07-01T00:00:00.000+02:00,2026-06-30T22:00:00Z,3032.8,42
466,Potencia instalada de generación convencional Nuclear,2026-07-01T00:00:00.000+02:00,2026-06-30T22:00:00Z,1063.9,35
466,Potencia instalada de generación convencional Nuclear,2026-07-01T00:00:00.000+02:00,2026-06-30T22:00:00Z,2017.1,37
466,Potencia instalada de generación convencional Nuclear,2026-08-01T00:00:00.000+02:00,2026-07-31T22:00:00Z,1063.9,35
466,Potencia instalada de generación convencional Nuclear,2026-08-01T00:00:00.000+02:00,2026-07-31T22:00:00Z,2017.1,37
466,Potencia instalada de generación convencional Nuclear,2026-08-01T00:00:00.000+02:00,2026-07-31T22:00:00Z,3032.8,42
466,Potencia instalada de generación convencional Nuclear,2026-08-01T00:00:00.000+02:00,2026-07-31T22:00:00Z,1003.4,60
466,Potencia instalada de generación convencional Nuclear,2026-09-01T00:00:00.000+02:00,2026-08-31T22:00:00Z,1063.9,35
466,Potencia instalada de generación convencional Nuclear,2026-09-01T00:00:00.000+02:00,2026-08-31T22:00:00Z,2017.1,37
466,Potencia instalada de generación convencional Nuclear,2026-09-01T00:00:00.000+02:00,2026-08-31T22:00:00Z,3032.8,42
466,Potencia instalada de generación convencional Nuclear,2026-09-01T00:00:00.000+02:00,2026-08-31T22:00:00Z,1003.4,60
466,Potencia instalada de generación convencional Nuclear,2026-10-01T00:00:00.000+02:00,2026-09-30T22:00:00Z,3032.8,42
466,Potencia instalada de generación convencional Nuclear,2026-10-01T00:00:00.000+02:00,2026-09-30T22:00:00Z,1063.9,35
466,Potencia instalada de generación convencional Nuclear,2026-10-01T00:00:00.000+02:00,2026-09-30T22:00:00Z,2017.1,37
466,Potencia instalada de generación convencional Nuclear,2026-10-01T00:00:00.000+02:00,2026-09-30T22:00:00Z,1003.4,60
467,Potencia instalada de generación convencional Hulla antracita,2025-09-01T00:00:00.000+02:00,2025-08-31T22:00:00Z,687.9,71
467,Potencia instalada de generación convencional Hulla antracita,2025-10-01T00:00:00.000+02:00,2025-09-30T22:00:00Z,687.9,71
467,Potencia instalada de generación convencional Hulla antracita,2025-11-01T00:00:00.000+01:00,2025-10-31T23:00:00Z,687.9,71
467,Potencia instalada de generación convencional Hulla antracita,2025-12-01T00:00:00.000+01:00,2025-11-30T23:00:00Z,687.9,71
467,Potencia instalada de generación convencional Hulla antracita,2026-01-01T00:00:00.000+01:00,2025-12-31T23:00:00Z,687.9,71
467,Potencia instalada de generación convencional Hulla antracita,2026-02-01T00:00:00.000+01:00,2026-01-31T23:00:00Z,687.9,71
467,Potencia instalada de generación convencional Hulla antracita,2026-03-01T00:00:00.000+01:00,2026-02-28T23:00:00Z,687.9,71
467,Potencia instalada de generación convencional Hulla antracita,2026-04-01T00:00:00.000+02:00,2026-03-31T22:00:00Z,687.9,71
467,Potencia instalada de generación convencional Hulla antracita,2026-05-01T00:00:00.000+02:00,2026-04-30T22:00:00Z,687.9,71
467,Potencia instalada de generación convencional Hulla antracita,2026-06-01T00:00:00.000+02:00,2026-05-31T22:00:00Z,687.9,71
467,Potencia instalada de generación convencional Hulla antracita,2026-07-01T00:00:00.000+02:00,2026-06-30T22:00:00Z,687.9,71
467,Potencia instalada de generación convencional Hulla antracita,2026-08-01T00:00:00.000+02:00,2026-07-31T22:00:00Z,687.9,71
467,Potencia instalada de generación convencional Hulla antracita,2026-09-01T00:00:00.000+02:00,2026-08-31T22:00:00Z,687.9,71
467,Potencia instalada de generación convencional Hulla antracita,2026-10-01T00:00:00.000+02:00,2026-09-30T22:00:00Z,687.9,71
468,Potencia instalada de generación convencional Hulla sub-bituminosa,2025-09-01T00:00:00.000+02:00,2025-08-31T22:00:00Z,570.0,23
468,Potencia instalada de generación convencional Hulla sub-bituminosa,2025-10-01T00:00:00.000+02:00,2025-09-30T22:00:00Z,570.0,23
468,Potencia instalada de generación convencional Hulla sub-bituminosa,2025-11-01T00:00:00.000+01:00,2025-10-31T23:00:00Z,570.0,23
468,Potencia instalada de generación convencional Hulla sub-bituminosa,2025-12-01T00:00:00.000+01:00,2025-11-30T23:00:00Z,570.0,23
468,Potencia instalada de generación convencional Hulla sub-bituminosa,2026-01-01T00:00:00.000+01:00,2025-12-31T23:00:00Z,570.0,23
468,Potencia instalada de generación convencional Hulla sub-bituminosa,2026-02-01T00:00:00.000+01:00,2026-01-31T23:00:00Z,570.0,23
468,Potencia instalada de generación convencional Hulla sub-bituminosa,2026-03-01T00:00:00.000+01:00,2026-02-28T23:00:00Z,570.0,23
468,Potencia instalada de generación convencional Hulla sub-bituminosa,2026-04-01T00:00:00.000+02:00,2026-03-31T22:00:00Z,570.0,23
468,Potencia instalada de generación convencional Hulla sub-bituminosa,2026-05-01T00:00:00.000+02:00,2026-04-30T22:00:00Z,570.0,23
468,Potencia instalada de generación convencional Hulla sub-bituminosa,2026-06-01T00:00:00.000+02:00,2026-05-31T22:00:00Z,570.0,23
468,Potencia instalada de generación convencional Hulla sub-bituminosa,2026-07-01T00:00:00.000+02:00,2026-06-30T22:00:00Z,570.0,23
468,Potencia instalada de generación convencional Hulla sub-bituminosa,2026-08-01T00:00:00.000+02:00,2026-07-31T22:00:00Z,570.0,23
468,Potencia instalada de generación convencional Hulla sub-bituminosa,2026-09-01T00:00:00.000+02:00,2026-08-31T22:00:00Z,570.0,23
468,Potencia instalada de generación convencional Hulla sub-bituminosa,2026-10-01T00:00:00.000+02:00,2026-09-30T22:00:00Z,570.0,23
469,Potencia instalada de generación convencional Ciclo combinado,2025-09-01T00:00:00.000+02:00,2025-08-31T22:00:00Z,3977.8,23
469,Potencia instalada de generación convencional Ciclo combinado,2025-09-01T00:00:00.000+02:00,2025-08-31T22:00:00Z,3263.4,72
469,Potencia instalada de generación convencional Ciclo combinado,2025-09-01T00:00:00.000+02:00,2025-08-31T22:00:00Z,854.1,71
469,Potencia instalada de generación convencional Ciclo combinado,2025-09-01T00:00:00.000+02:00,2025-08-31T22:00:00Z,1968.1,70
469,Potencia instalada de generación convencional Ciclo combinado,2025-09-01T00:00:00.000+02:00,2025-08-31T22:00:00Z,784.6,68
469,Potencia instalada de generación convencional Ciclo combinado,2025-09-01T00:00:00.000+02:00,2025-08-31T22:00:00Z,758.6,61
469,Potencia instalada de generación convencional Ciclo combinado,2025-09-01T00:00:00.000+02:00,2025-08-31T22:00:00Z,415.5,56
469,Potencia instalada de generación convencional Ciclo combinado,2025-09-01T00:00:00.000+02:00,2025-08-31T22:00:00Z,1246.9,50
469,Potencia instalada de generación convencional Ciclo combinado,2025-09-01T00:00:00.000+02:00,2025-08-31T22:00:00Z,2536.8,67
469,Potencia instalada de generación convencional Ciclo combinado,2025-09-01T00:00:00.000+02:00,2025-08-31T22:00:00Z,1078.9,39
469,Potencia instalada de generación convencional Ciclo combinado,2025-09-01T00:00:00.000+02:00,2025-08-31T22:00:00Z,790.6,38
469,Potencia instalada de generación convencional Ciclo combinado,2025-09-01T00:00:00.000+02:00,2025-08-31T22:00:00Z,1232.1,35
469,Potencia instalada de generación convencional Ciclo combinado,2025-09-01T00:00:00.000+02:00,2025-08-31T22:00:00Z,1621.3,34
469,Potencia instalada de generación convencional Ciclo combinado,2025-09-01T00:00:00.000+02:00,2025-08-31T22:00:00Z,1222.2,32
469,Potencia instalada de generación convencional Ciclo combinado,2025-09-01T00:00:00.000+02:00,2025-08-31T22:00:00Z,1557.7,26
469,Potencia instalada de generación convencional Ciclo combinado,2025-09-01T00:00:00.000+02:00,2025-08-31T22:00:00Z,1251.0,42
469,Potencia instalada de generación convencional Ciclo combinado,2025-10-01T00:00:00.000+02:00,2025-09-30T22:00:00Z,415.5,56
469,Potencia instalada de generación convencional Ciclo combinado,2025-10-01T00:00:00.000+02:00,2025-09-30T22:00:00Z,3263.4,72
469,Potencia instalada de generación convencional Ciclo combinado,2025-10-01T00:00:00.000+02:00,2025-09-30T22:00:00Z,854.1,71
469,Potencia instalada de generación convencional Ciclo combinado,2025-10-01T00:00:00.000+02:00,2025-09-30T22:00:00Z,1968.1,70
469,Potencia instalada de generación convencional Ciclo combinado,2025-10-01T00:00:00.000+02:00,2025-09-30T22:00:00Z,784.6,68
469,Potencia instalada de generación convencional Ciclo combinado,2025-10-01T00:00:00.000+02:00,2025-09-30T22:00:00Z,758.6,61
469,Potencia instalada de generación convencional Ciclo combinado,2025-10-01T00:00:00.000+02:00,2025-09-30T22:00:00Z,1246.9,50
469,Potencia instalada de generación convencional Ciclo combinado,2025-10-01T00:00:00.000+02:00,2025-09-30T22:00:00Z,2536.8,67
469,Potencia instalada de generación convencional Ciclo combinado,2025-10-01T00:00:00.000+02:00,2025-09-30T22:00:00Z,1078.9,39
469,Potencia instalada de generación convencional Ciclo combinado,2025-10-01T00:00:00.000+02:00,2025-09-30T22:00:00Z,790.6,38
469,Potencia instalada de generación convencional Ciclo combinado,2025-10-01T00:00:00.000+02:00,2025-09-30T22:00:00Z,1232.1,35
469,Potencia instalada de generación convencional Ciclo combinado,2025-10-01T00:00:00.000+02:00,2025-09-30T22:00:00Z,1621.3,34
469,Potencia instalada de generación convencional Ciclo combinado,2025-10-01T00:00:00.000+02:00,2025-09-30T22:00:00Z,1222.2,32
469,Potencia instalada de generación convencional Ciclo combinado,2025-10-01T00:00:00.000+02:00,2025-09-30T22:00:00Z,1557.7,26
469,Potencia instalada de generación convencional Ciclo combinado,2025-10-01T00:00:00.000+02:00,2025-09-30T22:00:00Z,3977.8,23
469,Potencia instalada de generación convencional Ciclo combinado,2025-10-01T00:00:00.000+02:00,2025-09-30T22:00:00Z,1251.0,42
469,Potencia instalada de generación convencional Ciclo combinado,2025-11-01T00:00:00.000+01:00,2025-10-31T23:00:00Z,3263.4,72
469,Potencia instalada de generación convencional Ciclo combinado,2025-11-01T00:00:00.000+01:00,2025-10-31T23:00:00Z,854.1,71
469,Potencia instalada de generación convencional Ciclo combinado,2025-11-01T00:00:00.000+01:00,2025-10-31T23:00:00Z,1968.1,70
469,Potencia instalada de generación convencional Ciclo combinado,2025-11-01T00:00:00.000+01:00,2025-10-31T23:00:00Z,784.6,68
469,Potencia instalada de generación convencional Ciclo combinado,2025-11-01T00:00:00.000+01:00,2025-10-31T23:00:00Z,2536.8,67
469,Potencia instalada de generación convencional Ciclo combinado,2025-11-01T00:00:00.000+01:00,2025-10-31T23:00:00Z,758.6,61
469,Potencia instalada de generación convencional Ciclo combinado,2025-11-01T00:00:00.000+01:00,2025-10-31T23:00:00Z,415.5,56
469,Potencia instalada de generación convencional Ciclo combinado,2025-11-01T00:00:00.000+01:00,2025-10-31T23:00:00Z,1246.9,50
469,Potencia instalada de generación convencional Ciclo combinado,2025-11-01T00:00:00.000+01:00,2025-10-31T23:00:00Z,1251.0,42
469,Potencia instalada de generación convencional Ciclo combinado,2025-11-01T00:00:00.000+01:00,2025-10-31T23:00:00Z,790.6,38
469,Potencia instalada de generación convencional Ciclo combinado,2025-11-01T00:00:00.000+01:00,2025-10-31T23:00:00Z,1232.1,35
469,Potencia instalada de generación convencional Ciclo combinado,2025-11-01T00:00:00.000+01:00,2025-10-31T23:00:00Z,1621.3,34
469,Potencia instalada de generación convencional Ciclo combinado,2025-11-01T00:00:00.000+01:00,2025-10-31T23:00:00Z,1222.2,32
469,Potencia instalada de generación convencional Ciclo combinado,2025-11-01T00:00:00.000+01:00,2025-10-31T23:00:00Z,1557.7,26
469,Potencia instalada de generación convencional Ciclo combinado,2025-11-01T00:00:00.000+01:00,2025-10-31T23:00:00Z,3977.8,23
469,Potencia instalada de generación convencional Ciclo combinado,2025-11-01T00:00:00.000+01:00,2025-10-31T23:00:00Z,1078.9,39
469,Potencia instalada de generación convencional Ciclo combinado,2025-12-01T00:00:00.000+01:00,2025-11-30T23:00:00Z,415.5,56
469,Potencia instalada de generación convencional Ciclo combinado,2025-12-01T00:00:00.000+01:00,2025-11-30T23:00:00Z,3263.4,72
469,Potencia instalada de generación convencional Ciclo combinado,2025-12-01T00:00:00.000+01:00,2025-11-30T23:00:00Z,854.1,71
469,Potencia instalada de generación convencional Ciclo combinado,2025-12-01T00:00:00.000+01:00,2025-11-30T23:00:00Z,1968.1,70
469,Potencia instalada de generación convencional Ciclo combinado,2025-12-01T00:00:00.000+01:00,2025-11-30T23:00:00Z,784.6,68
469,Potencia instalada de generación convencional Ciclo combinado,2025-12-01T00:00:00.000+01:00,2025-11-30T23:00:00Z,2536.8,67
469,Potencia instalada de generación convencional Ciclo combinado,2025-12-01T00:00:00.000+01:00,2025-11-30T23:00:00Z,758.6,61
469,Potencia instalada de generación convencional Ciclo combinado,2025-12-01T00:00:00.000+01:00,2025-11-30T23:00:00Z,1246.9,50
469,Potencia instalada de generación convencional Ciclo combinado,2025-12-01T00:00:00.000+01:00,2025-11-30T23:00:00Z,1621.3,34
469,Potencia instalada de generación convencional Ciclo combinado,2025-12-01T00:00:00.000+01:00,2025-11-30T23:00:00Z,1078.9,39
469,Potencia instalada de generación convencional Ciclo combinado,2025-12-01T00:00:00.000+01:00,2025-11-30T23:00:00Z,790.6,38
469,Potencia instalada de generación convencional Ciclo combinado,2025-12-01T00:00:00.000+01:00,2025-11-30T23:00:00Z,1232.1,35
469,Potencia instalada de generación convencional Ciclo combinado,2025-12-01T00:00:00.000+01:00,2025-11-30T23:00:00Z,1251.0,42
469,Potencia instalada de generación convencional Ciclo combinado,2025-12-01T00:00:00.000+01:00,2025-11-30T23:00:00Z,1222.2,32
469,Potencia instalada de generación convencional Ciclo combinado,2025-12-01T00:00:00.000+01:00,2025-11-30T23:00:00Z,1557.7,26
469,Potencia instalada de generación convencional Ciclo combinado,2025-12-01T00:00:00.000+01:00,2025-11-30T23:00:00Z,3977.8,23
469,Potencia instalada de generación convencional Ciclo combinado,2026-01-01T00:00:00.000+01:00,2025-12-31T23:00:00Z,854.1,71
469,Potencia instalada de generación convencional Ciclo combinado,2026-01-01T00:00:00.000+01:00,2025-12-31T23:00:00Z,1968.1,70
469,Potencia instalada de generación convencional Ciclo combinado,2026-01-01T00:00:00.000+01:00,2025-12-31T23:00:00Z,784.6,68
469,Potencia instalada de generación convencional Ciclo combinado,2026-01-01T00:00:00.000+01:00,2025-12-31T23:00:00Z,2536.8,67
469,Potencia instalada de generación convencional Ciclo combinado,2026-01-01T00:00:00.000+01:00,2025-12-31T23:00:00Z,758.6,61
469,Potencia instalada de generación convencional Ciclo combinado,2026-01-01T00:00:00.000+01:00,2025-12-31T23:00:00Z,415.5,56
469,Potencia instalada de generación convencional Ciclo combinado,2026-01-01T00:00:00.000+01:00,2025-12-31T23:00:00Z,1246.9,50
469,Potencia instalada de generación convencional Ciclo combinado,2026-01-01T00:00:00.000+01:00,2025-12-31T23:00:00Z,3263.4,72
469,Potencia instalada de generación convencional Ciclo combinado,2026-01-01T00:00:00.000+01:00,2025-12-31T23:00:00Z,1078.9,39
469,Potencia instalada de generación convencional Ciclo combinado,2026-01-01T00:00:00.000+01:00,2025-12-31T23:00:00Z,790.6,38
469,Potencia instalada de generación convencional Ciclo combinado,2026-01-01T00:00:00.000+01:00,2025-12-31T23:00:00Z,1232.1,35
469,Potencia instalada de generación convencional Ciclo combinado,2026-01-01T00:00:00.000+01:00,2025-12-31T23:00:00Z,1621.3,34
469,Potencia instalada de generación convencional Ciclo combinado,2026-01-01T00:00:00.000+01:00,2025-12-31T23:00:00Z,1222.2,32
469,Potencia instalada de generación convencional Ciclo combinado,2026-01-01T00:00:00.000+01:00,2025-12-31T23:00:00Z,1557.7,26
469,Potencia instalada de generación convencional Ciclo combinado,2026-01-01T00:00:00.000+01:00,2025-12-31T23:00:00Z,3977.8,23
469,Potencia instalada de generación convencional Ciclo combinado,2026-01-01T00:00:00.000+01:00,2025-12-31T23:00:00Z,1251.0,42
469,Potencia instalada de generación convencional Ciclo combinado,2026-02-01T00:00:00.000+01:00,2026-01-31T23:00:00Z,3263.4,72
469,Potencia instalada de generación convencional Ciclo combinado,2026-02-01T00:00:00.000+01:00,2026-01-31T23:00:00Z,854.1,71
469,Potencia instalada de generación convencional Ciclo combinado,2026-02-01T00:00:00.000+01:00,2026-01-31T23:00:00Z,1968.1,70
469,Potencia instalada de generación convencional Ciclo combinado,2026-02-01T00:00:00.000+01:00,2026-01-31T23:00:00Z,784.6,68
469,Potencia instalada de generación convencional Ciclo combinado,2026-02-01T00:00:00.000+01:00,2026-01-31T23:00:00Z,2536.8,67
469,Potencia instalada de generación convencional Ciclo combinado,2026-02-01T00:00:00.000+01:00,2026-01-31T23:00:00Z,758.6,61
469,Potencia instalada de generación convencional Ciclo combinado,2026-02-01T00:00:00.000+01:00,2026-01-31T23:00:00Z,415.5,56
469,Potencia instalada de generación convencional Ciclo combinado,2026-02-01T00:00:00.000+01:00,2026-01-31T23:00:00Z,1246.9,50
469,Potencia instalada de generación convencional Ciclo combinado,2026-02-01T00:00:00.000+01:00,2026-01-31T23:00:00Z,1251.0,42
469,Potencia instalada de generación convencional Ciclo combinado,2026-02-01T00:00:00.000+01:00,2026-01-31T23:00:00Z,790.6,38
469,Potencia instalada de generación convencional Ciclo combinado,2026-02-01T00:00:00.000+01:00,2026-01-31T23:00:00Z,1232.1,35
469,Potencia instalada de generación convencional Ciclo combinado,2026-02-01T00:00:00.000+01:00,2026-01-31T23:00:00Z,1621.3,34
469,Potencia instalada de generación convencional Ciclo combinado,2026-02-01T00:00:00.000+01:00,2026-01-31T23:00:00Z,1222.2,32
469,Potencia instalada de generación convencional Ciclo combinado,2026-02-01T00:00:00.000+01:00,2026-01-31T23:00:00Z,1557.7,26
469,Potencia instalada de generación convencional Ciclo combinado,2026-02-01T00:00:00.000+01:00,2026-01-31T23:00:00Z,3977.8,23
469,Potencia instalada de generación convencional Ciclo combinado,2026-02-01T00:00:00.000+01:00,2026-01-31T23:00:00Z,1078.9,39
469,Potencia instalada de generación convencional Ciclo combinado,2026-03-01T00:00:00.000+01:00,2026-02-28T23:00:00Z,415.5,56
469,Potencia instalada de generación convencional Ciclo combinado,2026-03-01T00:00:00.000+01:00,2026-02-28T23:00:00Z,854.1,71
469,Potencia instalada de generación convencional Ciclo combinado,2026-03-01T00:00:00.000+01:00,2026-02-28T23:00:00Z,1968.1,70
469,Potencia instalada de generación convencional Ciclo combinado,2026-03-01T00:00:00.000+01:00,2026-02-28T23:00:00Z,784.6,68
469,Potencia instalada de generación convencional Ciclo combinado,2026-03-01T00:00:00.000+01:00,2026-02-28T23:00:00Z,2536.8,67
469,Potencia instalada de generación convencional Ciclo combinado,2026-03-01T00:00:00.000+01:00,2026-02-28T23:00:00Z,758.6,61
469,Potencia instalada de generación convencional Ciclo combinado,2026-03-01T00:00:00.000+01:00,2026-02-28T23:00:00Z,1246.9,50
469,Potencia instalada de generación convencional Ciclo combinado,2026-03-01T00:00:00.000+01:00,2026-02-28T23:00:00Z,3263.4,72
469,Potencia instalada de generación convencional Ciclo combinado,2026-03-01T00:00:00.000+01:00,2026-02-28T23:00:00Z,1078.9,39
469,Potencia instalada de generación convencional Ciclo combinado,2026-03-01T00:00:00.000+01:00,2026-02-28T23:00:00Z,790.6,38
469,Potencia instalada de generación convencional Ciclo combinado,2026-03-01T00:00:00.000+01:00,2026-02-28T23:00:00Z,1232.1,35
469,Potencia instalada de generación convencional Ciclo combinado,2026-03-01T00:00:00.000+01:00,2026-02-28T23:00:00Z,1621.3,34
469,Potencia instalada de generación convencional Ciclo combinado,2026-03-01T00:00:00.000+01:00,2026-02-28T23:00:00Z,1222.2,32
469,Potencia instalada de generación convencional Ciclo combinado,2026-03-01T00:00:00.000+01:00,2026-02-28T23:00:00Z,1557.7,26
469,Potencia instalada de generación convencional Ciclo combinado,2026-03-01T00:00:00.000+01:00,2026-02-28T23:00:00Z,3977.8,23
469,Potencia instalada de generación convencional Ciclo combinado,2026-03-01T00:00:00.000+01:00,2026-02-28T23:00:00Z,1251.0,42
469,Potencia instalada de generación convencional Ciclo combinado,2026-04-01T00:00:00.000+02:00,2026-03-31T22:00:00Z,3263.4,72
469,Potencia instalada de generación convencional Ciclo combinado,2026-04-01T00:00:00.000+02:00,2026-03-31T22:00:00Z,854.1,71
469,Potencia instalada de generación convencional Ciclo combinado,2026-04-01T00:00:00.000+02:00,2026-03-31T22:00:00Z,1968.1,70
469,Potencia instalada de generación convencional Ciclo combinado,2026-04-01T00:00:00.000+02:00,2026-03-31T22:00:00Z,784.6,68
469,Potencia instalada de generación convencional Ciclo combinado,2026-04-01T00:00:00.000+02:00,2026-03-31T22:00:00Z,2536.8,67
469,Potencia instalada de generación convencional Ciclo combinado,2026-04-01T00:00:00.000+02:00,2026-03-31T22:00:00Z,758.6,61
469,Potencia instalada de generación convencional Ciclo combinado,2026-04-01T00:00:00.000+02:00,2026-03-31T22:00:00Z,415.5,56
469,Potencia instalada de generación convencional Ciclo combinado,2026-04-01T00:00:00.000+02:00,2026-03-31T22:00:00Z,1246.9,50
469,Potencia instalada de generación convencional Ciclo combinado,2026-04-01T00:00:00.000+02:00,2026-03-31T22:00:00Z,1251.0,42
469,Potencia instalada de generación convencional Ciclo combinado,2026-04-01T00:00:00.000+02:00,2026-03-31T22:00:00Z,1078.9,39
469,Potencia instalada de generación convencional Ciclo combinado,2026-04-01T00:00:00.000+02:00,2026-03-31T22:00:00Z,790.6,38
469,Potencia instalada de generación convencional Ciclo combinado,2026-04-01T00:00:00.000+02:00,2026-03-31T22:00:00Z,1232.1,35
469,Potencia instalada de generación convencional Ciclo combinado,2026-04-01T00:00:00.000+02:00,2026-03-31T22:00:00Z,1621.3,34
469,Potencia instalada de generación convencional Ciclo combinado,2026-04-01T00:00:00.000+02:00,2026-03-31T22:00:00Z,1222.2,32
469,Potencia instalada de generación convencional Ciclo combinado,2026-04-01T00:00:00.000+02:00,2026-03-31T22:00:00Z,1557.7,26
469,Potencia instalada de generación convencional Ciclo combinado,2026-04-01T00:00:00.000+02:00,2026-03-31T22:00:00Z,3977.8,23
469,Potencia instalada de generación convencional Ciclo combinado,2026-05-01T00:00:00.000+02:00,2026-04-30T22:00:00Z,3263.4,72
469,Potencia instalada de generación convencional Ciclo combinado,2026-05-01T00:00:00.000+02:00,2026-04-30T22:00:00Z,854.1,71
469,Potencia instalada de generación convencional Ciclo combinado,2026-05-01T00:00:00.000+02:00,2026-04-30T22:00:00Z,1968.1,70
469,Potencia instalada de generación convencional Ciclo combinado,2026-05-01T00:00:00.000+02:00,2026-04-30T22:00:00Z,784.6,68
469,Potencia instalada de generación convencional Ciclo combinado,2026-05-01T00:00:00.000+02:00,2026-04-30T22:00:00Z,2536.8,67
469,Potencia instalada de generación convencional Ciclo combinado,2026-05-01T00:00:00.000+02:00,2026-04-30T22:00:00Z,758.6,61
469,Potencia instalada de generación convencional Ciclo combinado,2026-05-01T00:00:00.000+02:00,2026-04-30T22:00:00Z,415.5,56
469,Potencia instalada de generación convencional Ciclo combinado,2026-05-01T00:00:00.000+02:00,2026-04-30T22:00:00Z,1246.9,50
469,Potencia instalada de generación convencional Ciclo combinado,2026-05-01T00:00:00.000+02:00,2026-04-30T22:00:00Z,1251.0,42
469,Potencia instalada de generación convencional Ciclo combinado,2026-05-01T00:00:00.000+02:00,2026-04-30T22:00:00Z,1078.9,39
469,Potencia instalada de generación convencional Ciclo combinado,2026-05-01T00:00:00.000+02:00,2026-04-30T22:00:00Z,790.6,38
469,Potencia instalada de generación convencional Ciclo combinado,2026-05-01T00:00:00.000+02:00,2026-04-30T22:00:00Z,1232.1,35
469,Potencia instalada de generación convencional Ciclo combinado,2026-05-01T00:00:00.000+02:00,2026-04-30T22:00:00Z,1621.3,34
469,Potencia instalada de generación convencional Ciclo combinado,2026-05-01T00:00:00.000+02:00,2026-04-30T22:00:00Z,1222.2,32
469,Potencia instalada de generación convencional Ciclo combinado,2026-05-01T00:00:00.000+02:00,2026-04-30T22:00:00Z,1557.7,26
469,Potencia instalada de generación convencional Ciclo combinado,2026-05-01T00:00:00.000+02:00,2026-04-30T22:00:00Z,3977.8,23
469,Potencia instalada de generación convencional Ciclo combinado,2026-06-01T00:00:00.000+02:00,2026-05-31T22:00:00Z,3263.4,72
469,Potencia instalada de generación convencional Ciclo combinado,2026-06-01T00:00:00.000+02:00,2026-05-31T22:00:00Z,854.1,71
469,Potencia instalada de generación convencional Ciclo combinado,2026-06-01T00:00:00.000+02:00,2026-05-31T22:00:00Z,1968.1,70
469,Potencia instalada de generación convencional Ciclo combinado,2026-06-01T00:00:00.000+02:00,2026-05-31T22:00:00Z,784.6,68
469,Potencia instalada de generación convencional Ciclo combinado,2026-06-01T00:00:00.000+02:00,2026-05-31T22:00:00Z,2536.8,67
469,Potencia instalada de generación convencional Ciclo combinado,2026-06-01T00:00:00.000+02:00,2026-05-31T22:00:00Z,758.6,61
469,Potencia instalada de generación convencional Ciclo combinado,2026-06-01T00:00:00.000+02:00,2026-05-31T22:00:00Z,415.5,56
469,Potencia instalada de generación convencional Ciclo combinado,2026-06-01T00:00:00.000+02:00,2026-05-31T22:00:00Z,1246.9,50
469,Potencia instalada de generación convencional Ciclo combinado,2026-06-01T00:00:00.000+02:00,2026-05-31T22:00:00Z,1078.9,39
469,Potencia instalada de generación convencional Ciclo combinado,2026-06-01T00:00:00.000+02:00,2026-05-31T22:00:00Z,790.6,38
469,Potencia instalada de generación convencional Ciclo combinado,2026-06-01T00:00:00.000+02:00,2026-05-31T22:00:00Z,1232.1,35
469,Potencia instalada de generación convencional Ciclo combinado,2026-06-01T00:00:00.000+02:00,2026-05-31T22:00:00Z,1621.3,34
469,Potencia instalada de generación convencional Ciclo combinado,2026-06-01T00:00:00.000+02:00,2026-05-31T22:00:00Z,1222.2,32
469,Potencia instalada de generación convencional Ciclo combinado,2026-06-01T00:00:00.000+02:00,2026-05-31T22:00:00Z,1557.7,26
469,Potencia instalada de generación convencional Ciclo combinado,2026-06-01T00:00:00.000+02:00,2026-05-31T22:00:00Z,3977.8,23
469,Potencia instalada de generación convencional Ciclo combinado,2026-06-01T00:00:00.000+02:00,2026-05-31T22:00:00Z,1251.0,42
469,Potencia instalada de generación convencional Ciclo combinado,2026-07-01T00:00:00.000+02:00,2026-06-30T22:00:00Z,415.5,56
469,Potencia instalada de generación convencional Ciclo combinado,2026-07-01T00:00:00.000+02:00,2026-06-30T22:00:00Z,854.1,71
469,Potencia instalada de generación convencional Ciclo combinado,2026-07-01T00:00:00.000+02:00,2026-06-30T22:00:00Z,1968.1,70
469,Potencia instalada de generación convencional Ciclo combinado,2026-07-01T00:00:00.000+02:00,2026-06-30T22:00:00Z,784.6,68
469,Potencia instalada de generación convencional Ciclo combinado,2026-07-01T00:00:00.000+02:00,2026-06-30T22:00:00Z,3263.4,72
469,Potencia instalada de generación convencional Ciclo combinado,2026-07-01T00:00:00.000+02:00,2026-06-30T22:00:00Z,2536.8,67
469,Potencia instalada de generación convencional Ciclo combinado,2026-07-01T00:00:00.000+02:00,2026-06-30T22:00:00Z,758.6,61
469,Potencia instalada de generación convencional Ciclo combinado,2026-07-01T00:00:00.000+02:00,2026-06-30T22:00:00Z,1246.9,50
469,Potencia instalada de generación convencional Ciclo combinado,2026-07-01T00:00:00.000+02:00,2026-06-30T22:00:00Z,1621.3,34
469,Potencia instalada de generación convencional Ciclo combinado,2026-07-01T00:00:00.000+02:00,2026-06-30T22:00:00Z,1078.9,39
469,Potencia instalada de generación convencional Ciclo combinado,2026-07-01T00:00:00.000+02:00,2026-06-30T22:00:00Z,790.6,38
469,Potencia instalada de generación convencional Ciclo combinado,2026-07-01T00:00:00.000+02:00,2026-06-30T22:00:00Z,1232.1,35
469,Potencia instalada de generación convencional Ciclo combinado,2026-07-01T00:00:00.000+02:00,2026-06-30T22:00:00Z,1222.2,32
469,Potencia instalada de generación convencional Ciclo combinado,2026-07-01T00:00:00.000+02:00,2026-06-30T22:00:00Z,1557.7,26
469,Potencia instalada de generación convencional Ciclo combinado,2026-07-01T00:00:00.000+02:00,2026-06-30T22:00:00Z,3977.8,23
469,Potencia instalada de generación convencional Ciclo combinado,2026-07-01T00:00:00.000+02:00,2026-06-30T22:00:00Z,1251.0,42
469,Potencia instalada de generación convencional Ciclo combinado,2026-08-01T00:00:00.000+02:00,2026-07-31T22:00:00Z,3263.4,72
469,Potencia instalada de generación convencional Ciclo combinado,2026-08-01T00:00:00.000+02:00,2026-07-31T22:00:00Z,854.1,71
469,Potencia instalada de generación convencional Ciclo combinado,2026-08-01T00:00:00.000+02:00,2026-07-31T22:00:00Z,1968.1,70
469,Potencia instalada de generación convencional Ciclo combinado,2026-08-01T00:00:00.000+02:00,2026-07-31T22:00:00Z,784.6,68
469,Potencia instalada de generación convencional Ciclo combinado,2026-08-01T00:00:00.000+02:00,2026-07-31T22:00:00Z,2536.8,67
469,Potencia instalada de generación convencional Ciclo combinado,2026-08-01T00:00:00.000+02:00,2026-07-31T22:00:00Z,758.6,61
469,Potencia instalada de generación convencional Ciclo combinado,2026-08-01T00:00:00.000+02:00,2026-07-31T22:00:00Z,415.5,56
469,Potencia instalada de generación convencional Ciclo combinado,2026-08-01T00:00:00.000+02:00,2026-07-31T22:00:00Z,1246.9,50
469,Potencia instalada de generación convencional Ciclo combinado,2026-08-01T00:00:00.000+02:00,2026-07-31T22:00:00Z,1078.9,39
469,Potencia instalada de generación convencional Ciclo combinado,2026-08-01T00:00:00.000+02:00,2026-07-31T22:00:00Z,790.6,38
469,Potencia instalada de generación convencional Ciclo combinado,2026-08-01T00:00:00.000+02:00,2026-07-31T22:00:00Z,1232.1,35
469,Potencia instalada de generación convencional Ciclo combinado,2026-08-01T00:00:00.000+02:00,2026-07-31T22:00:00Z,1621.3,34
469,Potencia instalada de generación convencional Ciclo combinado,2026-08-01T00:00:00.000+02:00,2026-07-31T22:00:00Z,1222.2,32
469,Potencia instalada de generación convencional Ciclo combinado,2026-08-01T00:00:00.000+02:00,2026-07-31T22:00:00Z,1557.7,26
469,Potencia instalada de generación convencional Ciclo combinado,2026-08-01T00:00:00.000+02:00,2026-07-31T22:00:00Z,3977.8,23
469,Potencia instalada de generación convencional Ciclo combinado,2026-08-01T00:00:00.000+02:00,2026-07-31T22:00:00Z,1251.0,42
469,Potencia instalada de generación convencional Ciclo combinado,2026-09-01T00:00:00.000+02:00,2026-08-31T22:00:00Z,415.5,56
469,Potencia instalada de generación convencional Ciclo combinado,2026-09-01T00:00:00.000+02:00,2026-08-31T22:00:00Z,854.1,71
469,Potencia instalada de generación convencional Ciclo combinado,2026-09-01T00:00:00.000+02:00,2026-08-31T22:00:00Z,1968.1,70
469,Potencia instalada de generación convencional Ciclo combinado,2026-09-01T00:00:00.000+02:00,2026-08-31T22:00:00Z,784.6,68
469,Potencia instalada de generación convencional Ciclo combinado,2026-09-01T00:00:00.000+02:00,2026-08-31T22:00:00Z,2536.8,67
469,Potencia instalada de generación convencional Ciclo combinado,2026-09-01T00:00:00.000+02:00,2026-08-31T22:00:00Z,3263.4,72
469,Potencia instalada de generación convencional Ciclo combinado,2026-09-01T00:00:00.000+02:00,2026-08-31T22:00:00Z,758.6,61
469,Potencia instalada de generación convencional Ciclo combinado,2026-09-01T00:00:00.000+02:00,2026-08-31T22:00:00Z,1246.9,50
469,Potencia instalada de generación convencional Ciclo combinado,2026-09-01T00:00:00.000+02:00,2026-08-31T22:00:00Z,1232.1,35
469,Potencia instalada de generación convencional Ciclo combinado,2026-09-01T00:00:00.000+02:00,2026-08-31T22:00:00Z,1078.9,39
469,Potencia instalada de generación convencional Ciclo combinado,2026-09-01T00:00:00.000+02:00,2026-08-31T22:00:00Z,790.6,38
469,Potencia instalada de generación convencional Ciclo combinado,2026-09-01T00:00:00.000+02:00,2026-08-31T22:00:00Z,1621.3,34
469,Potencia instalada de generación convencional Ciclo combinado,2026-09-01T00:00:00.000+02:00,2026-08-31T22:00:00Z,1222.2,32
469,Potencia instalada de generación convencional Ciclo combinado,2026-09-01T00:00:00.000+02:00,2026-08-31T22:00:00Z,1557.7,26
469,Potencia instalada de generación convencional Ciclo combinado,2026-09-01T00:00:00.000+02:00,2026-08-31T22:00:00Z,3977.8,23
469,Potencia instalada de generación convencional Ciclo combinado,2026-09-01T00:00:00.000+02:00,2026-08-31T22:00:00Z,1251.0,42
469,Potencia instalada de generación convencional Ciclo combinado,2026-10-01T00:00:00.000+02:00,2026-09-30T22:00:00Z,1968.1,70
469,Potencia instalada de generación convencional Ciclo combinado,2026-10-01T00:00:00.000+02:00,2026-09-30T22:00:00Z,784.6,68
469,Potencia instalada de generación convencional Ciclo combinado,2026-10-01T00:00:00.000+02:00,2026-09-30T22:00:00Z,2536.8,67
469,Potencia instalada de generación convencional Ciclo combinado,2026-10-01T00:00:00.000+02:00,2026-09-30T22:00:00Z,758.6,61
469,Potencia instalada de generación convencional Ciclo combinado,2026-10-01T00:00:00.000+02:00,2026-09-30T22:00:00Z,415.5,56
469,Potencia instalada de generación convencional Ciclo combinado,2026-10-01T00:00:00.000+02:00,2026-09-30T22:00:00Z,1246.9,50
469,Potencia instalada de generación convencional Ciclo combinado,2026-10-01T00:00:00.000+02:00,2026-09-30T22:00:00Z,1251.0,42
469,Potencia instalada de generación convencional Ciclo combinado,2026-10-01T00:00:00.000+02:00,2026-09-30T22:00:00Z,1232.1,35
469,Potencia instalada de generación convencional Ciclo combinado,2026-10-01T00:00:00.000+02:00,2026-09-30T22:00:00Z,790.6,38
469,Potencia instalada de generación convencional Ciclo combinado,2026-10-01T00:00:00.000+02:00,2026-09-30T22:00:00Z,1621.3,34
469,Potencia instalada de generación convencional Ciclo combinado,2026-10-01T00:00:00.000+02:00,2026-09-30T22:00:00Z,1222.2,32
469,Potencia instalada de generación convencional Ciclo combinado,2026-10-01T00:00:00.000+02:00,2026-09-30T22:00:00Z,1557.7,26
469,Potencia instalada de generación convencional Ciclo combinado,2026-10-01T00:00:00.000+02:00,2026-09-30T22:00:00Z,3977.8,23
469,Potencia instalada de generación convencional Ciclo combinado,2026-10-01T00:00:00.000+02:00,2026-09-30T22:00:00Z,854.1,71
469,Potencia instalada de generación convencional Ciclo combinado,2026-10-01T00:00:00.000+02:00,2026-09-30T22:00:00Z,1078.9,39
469,Potencia instalada de generación convencional Ciclo combinado,2026-10-01T00:00:00.000+02:00,2026-09-30T22:00:00Z,3263.4,72
470,Potencia instalada de generación convencional Fuel,2025-09-01T00:00:00.000+02:00,2025-08-31T22:00:00Z,7.9,34
470,Potencia instalada de generación convencional Fuel,2025-10-01T00:00:00.000+02:00,2025-09-30T22:00:00Z,7.9,34
470,Potencia instalada de generación convencional Fuel,2025-11-01T00:00:00.000+01:00,2025-10-31T23:00:00Z,7.9,34
470,Potencia instalada de generación convencional Fuel,2025-12-01T00:00:00.000+01:00,2025-11-30T23:00:00Z,7.9,34
470,Potencia instalada de generación convencional Fuel,2026-01-01T00:00:00.000+01:00,2025-12-31T23:00:00Z,7.9,34
470,Potencia instalada de generación convencional Fuel,2026-02-01T00:00:00.000+01:00,2026-01-31T23:00:00Z,7.9,34
470,Potencia instalada de generación convencional Fuel,2026-03-01T00:00:00.000+01:00,2026-02-28T23:00:00Z,7.9,34
470,Potencia instalada de generación convencional Fuel,2026-04-01T00:00:00.000+02:00,2026-03-31T22:00:00Z,7.9,34
470,Potencia instalada de generación convencional Fuel,2026-05-01T00:00:00.000+02:00,2026-04-30T22:00:00Z,7.9,34
470,Potencia instalada de generación convencional Fuel,2026-06-01T00:00:00.000+02:00,2026-05-31T22:00:00Z,7.9,34
470,Potencia instalada de generación convencional Fuel,2026-07-01T00:00:00.000+02:00,2026-06-30T22:00:00Z,7.9,34
470,Potencia instalada de generación convencional Fuel,2026-08-01T00:00:00.000+02:00,2026-07-31T22:00:00Z,7.9,34
470,Potencia instalada de generación convencional Fuel,2026-09-01T00:00:00.000+02:00,2026-08-31T22:00:00Z,7.9,34
470,Potencia instalada de generación convencional Fuel,2026-10-01T00:00:00.000+02:00,2026-09-30T22:00:00Z,7.9,34
471,Potencia instalada de generación convencional Gas Natural,2025-09-01T00:00:00.000+02:00,2025-08-31T22:00:00Z,561.8,71
471,Potencia instalada de generación convencional Gas Natural,2025-10-01T00:00:00.000+02:00,2025-09-30T22:00:00Z,561.8,71
471,Potencia instalada de generación convencional Gas Natural,2025-11-01T00:00:00.000+01:00,2025-10-31T23:00:00Z,561.8,71
471,Potencia instalada de generación convencional Gas Natural,2025-12-01T00:00:00.000+01:00,2025-11-30T23:00:00Z,561.8,71
471,Potencia instalada de generación convencional Gas Natural,2026-01-01T00:00:00.000+01:00,2025-12-31T23:00:00Z,561.8,71
471,Potencia instalada de generación convencional Gas Natural,2026-02-01T00:00:00.000+01:00,2026-01-31T23:00:00Z,561.8,71
471,Potencia instalada de generación convencional Gas Natural,2026-03-01T00:00:00.000+01:00,2026-02-28T23:00:00Z,561.8,71
471,Potencia instalada de generación convencional Gas Natural,2026-04-01T00:00:00.000+02:00,2026-03-31T22:00:00Z,561.8,71
471,Potencia instalada de generación convencional Gas Natural,2026-05-01T00:00:00.000+02:00,2026-04-30T22:00:00Z,561.8,71
471,Potencia instalada de generación convencional Gas Natural,2026-06-01T00:00:00.000+02:00,2026-05-31T22:00:00Z,561.8,71
471,Potencia instalada de generación convencional Gas Natural,2026-07-01T00:00:00.000+02:00,2026-06-30T22:00:00Z,561.8,71
471,Potencia instalada de generación convencional Gas Natural,2026-08-01T00:00:00.000+02:00,2026-07-31T22:00:00Z,561.8,71
471,Potencia instalada de generación convencional Gas Natural,2026-09-01T00:00:00.000+02:00,2026-08-31T22:00:00Z,561.8,71
471,Potencia instalada de generación convencional Gas Natural,2026-10-01T00:00:00.000+02:00,2026-09-30T22:00:00Z,561.8,71
472,Potencia disponible de generación Hidráulica UGH horizonte horario,2025-09-01T00:00:00.000+02:00,2025-08-31T22:00:00Z,570.2375,28
472,Potencia disponible de generación Hidráulica UGH horizonte horario,2025-09-01T00:00:00.000+02:00,2025-08-31T22:00:00Z,4.7,72
472,Potencia disponible de generación Hidráulica UGH horizonte horario,2025-09-01T00:00:00.000+02:00,2025-08-31T22:00:00Z,491.67098765432,71
472,Potencia disponible de generación Hidráulica UGH horizonte horario,2025-09-01T00:00:00.000+02:00,2025-08-31T22:00:00Z,152.11728395062,70
472,Potencia disponible de generación Hidráulica UGH horizonte horario,2025-09-01T00:00:00.000+02:00,2025-08-31T22:00:00Z,4.3,69
472,Potencia disponible de generación Hidráulica UGH horizonte horario,2025-09-01T00:00:00.000+02:00,2025-08-31T22:00:00Z,11.2,64
472,Potencia disponible de generación Hidráulica UGH horizonte horario,2025-09-01T00:00:00.000+02:00,2025-08-31T22:00:00Z,378.4,62
472,Potencia disponible de generación Hidráulica UGH horizonte horario,2025-09-01T00:00:00.000+02:00,2025-08-31T22:00:00Z,12.1,57
472,Potencia disponible de generación Hidráulica UGH horizonte horario,2025-09-01T00:00:00.000+02:00,2025-08-31T22:00:00Z,419.64166666667,56
472,Potencia disponible de generación Hidráulica UGH horizonte horario,2025-09-01T00:00:00.000+02:00,2025-08-31T22:00:00Z,144.48518518519,52
472,Potencia disponible de generación Hidráulica UGH horizonte horario,2025-09-01T00:00:00.000+02:00,2025-08-31T22:00:00Z,284.32422839506,50
472,Potencia disponible de generación Hidráulica UGH horizonte horario,2025-09-01T00:00:00.000+02:00,2025-08-31T22:00:00Z,2943.73348765432,48
472,Potencia disponible de generación Hidráulica UGH horizonte horario,2025-09-01T00:00:00.000+02:00,2025-08-31T22:00:00Z,2.0,59
472,Potencia disponible de generación Hidráulica UGH horizonte horario,2025-09-01T00:00:00.000+02:00,2025-08-31T22:00:00Z,619.10941358025,43
472,Potencia disponible de generación Hidráulica UGH horizonte horario,2025-09-01T00:00:00.000+02:00,2025-08-31T22:00:00Z,1692.65817901235,44
472,Potencia disponible de generación Hidráulica UGH horizonte horario,2025-09-01T00:00:00.000+02:00,2025-08-31T22:00:00Z,19.0,32
472,Potencia disponible de generación Hidráulica UGH horizonte horario,2025-09-01T00:00:00.000+02:00,2025-08-31T22:00:00Z,0.6,33
472,Potencia disponible de generación Hidráulica UGH horizonte horario,2025-09-01T00:00:00.000+02:00,2025-08-31T22:00:00Z,16.5,34
472,Potencia disponible de generación Hidráulica UGH horizonte horario,2025-09-01T00:00:00.000+02:00,2025-08-31T22:00:00Z,535.8012345679,35
472,Potencia disponible de generación Hidráulica UGH horizonte horario,2025-09-01T00:00:00.000+02:00,2025-08-31T22:00:00Z,296.69151234568,30
472,Potencia disponible de generación Hidráulica UGH horizonte horario,2025-09-01T00:00:00.000+02:00,2025-08-31T22:00:00Z,1439.64351851852,39
472,Potencia disponible de generación Hidráulica UGH horizonte horario,2025-09-01T00:00:00.000+02:00,2025-08-31T22:00:00Z,3.3,40
472,Potencia disponible de generación Hidráulica UGH horizonte horario,2025-09-01T00:00:00.000+02:00,2025-08-31T22:00:00Z,0.3,41
472,Potencia disponible de generación Hidráulica UGH horizonte horario,2025-09-01T00:00:00.000+02:00,2025-08-31T22:00:00Z,1731.52638888889,37
472,Potencia disponible de generación Hidráulica UGH horizonte horario,2025-10-01T00:00:00.000+02:00,2025-09-30T22:00:00Z,309.17100671141,50
472,Potencia disponible de generación Hidráulica UGH horizonte horario,2025-10-01T00:00:00.000+02:00,2025-09-30T22:00:00Z,4.7,72
472,Potencia disponible de generación Hidráulica UGH horizonte horario,2025-10-01T00:00:00.000+02:00,2025-09-30T22:00:00Z,501.20899328859,71
472,Potencia disponible de generación Hidráulica UGH horizonte horario,2025-10-01T00:00:00.000+02:00,2025-09-30T22:00:00Z,168.38322147651,70
472,Potencia disponible de generación Hidráulica UGH horizonte horario,2025-10-01T00:00:00.000+02:00,2025-09-30T22:00:00Z,4.3,69
472,Potencia disponible de generación Hidráulica UGH horizonte horario,2025-10-01T00:00:00.000+02:00,2025-09-30T22:00:00Z,11.2,64
472,Potencia disponible de generación Hidráulica UGH horizonte horario,2025-10-01T00:00:00.000+02:00,2025-09-30T22:00:00Z,372.88845637584,62
472,Potencia disponible de generación Hidráulica UGH horizonte horario,2025-10-01T00:00:00.000+02:00,2025-09-30T22:00:00Z,12.1,57
472,Potencia disponible de generación Hidráulica UGH horizonte horario,2025-10-01T00:00:00.000+02:00,2025-09-30T22:00:00Z,423.9,56
472,Potencia disponible de generación Hidráulica UGH horizonte horario,2025-10-01T00:00:00.000+02:00,2025-09-30T22:00:00Z,119.32818791946,52
472,Potencia disponible de generación Hidráulica UGH horizonte horario,2025-10-01T00:00:00.000+02:00,2025-09-30T22:00:00Z,2987.68832214765,48
472,Potencia disponible de generación Hidráulica UGH horizonte horario,2025-10-01T00:00:00.000+02:00,2025-09-30T22:00:00Z,2.0,59
472,Potencia disponible de generación Hidráulica UGH horizonte horario,2025-10-01T00:00:00.000+02:00,2025-09-30T22:00:00Z,802.39194630872,43
472,Potencia disponible de generación Hidráulica UGH horizonte horario,2025-10-01T00:00:00.000+02:00,2025-09-30T22:00:00Z,272.63382550336,30
472,Potencia disponible de generación Hidráulica UGH horizonte horario,2025-10-01T00:00:00.000+02:00,2025-09-30T22:00:00Z,19.0,32
472,Potencia disponible de generación Hidráulica UGH horizonte horario,2025-10-01T00:00:00.000+02:00,2025-09-30T22:00:00Z,0.6,33
472,Potencia disponible de generación Hidráulica UGH horizonte horario,2025-10-01T00:00:00.000+02:00,2025-09-30T22:00:00Z,16.5,34
472,Potencia disponible de generación Hidráulica UGH horizonte horario,2025-10-01T00:00:00.000+02:00,2025-09-30T22:00:00Z,444.51275167785,35
472,Potencia disponible de generación Hidráulica UGH horizonte horario,2025-10-01T00:00:00.000+02:00,2025-09-30T22:00:00Z,544.00751677852,28
472,Potencia disponible de generación Hidráulica UGH horizonte horario,2025-10-01T00:00:00.000+02:00,2025-09-30T22:00:00Z,1820.47355704698,37
472,Potencia disponible de generación Hidráulica UGH horizonte horario,2025-10-01T00:00:00.000+02:00,2025-09-30T22:00:00Z,0.3,41
472,Potencia disponible de generación Hidráulica UGH horizonte horario,2025-10-01T00:00:00.000+02:00,2025-09-30T22:00:00Z,1826.09838926175,44
472,Potencia disponible de generación Hidráulica UGH horizonte horario,2025-10-01T00:00:00.000+02:00,2025-09-30T22:00:00Z,1448.61073825503,39
472,Potencia disponible de generación Hidráulica UGH horizonte horario,2025-10-01T00:00:00.000+02:00,2025-09-30T22:00:00Z,3.3,40
472,Potencia disponible de generación Hidráulica UGH horizonte horario,2025-11-01T00:00:00.000+01:00,2025-10-31T23:00:00Z,3017.08208333333,48
472,Potencia disponible de generación Hidráulica UGH horizonte horario,2025-11-01T00:00:00.000+01:00,2025-10-31T23:00:00Z,511.90555555556,71
472,Potencia disponible de generación Hidráulica UGH horizonte horario,2025-11-01T00:00:00.000+01:00,2025-10-31T23:00:00Z,156.48180555556,70
472,Potencia disponible de generación Hidráulica UGH horizonte horario,2025-11-01T00:00:00.000+01:00,2025-10-31T23:00:00Z,4.3,69
472,Potencia disponible de generación Hidráulica UGH horizonte horario,2025-11-01T00:00:00.000+01:00,2025-10-31T23:00:00Z,4.7,72
472,Potencia disponible de generación Hidráulica UGH horizonte horario,2025-11-01T00:00:00.000+01:00,2025-10-31T23:00:00Z,368.11694444444,62
472,Potencia disponible de generación Hidráulica UGH horizonte horario,2025-11-01T00:00:00.000+01:00,2025-10-31T23:00:00Z,2.0,59
472,Potencia disponible de generación Hidráulica UGH horizonte horario,2025-11-01T00:00:00.000+01:00,2025-10-31T23:00:00Z,12.1,57
472,Potencia disponible de generación Hidráulica UGH horizonte horario,2025-11-01T00:00:00.000+01:00,2025-10-31T23:00:00Z,419.7,56
472,Potencia disponible de generación Hidráulica UGH horizonte horario,2025-11-01T00:00:00.000+01:00,2025-10-31T23:00:00Z,121.47430555556,52
472,Potencia disponible de generación Hidráulica UGH horizonte horario,2025-11-01T00:00:00.000+01:00,2025-10-31T23:00:00Z,370.17888888889,50
472,Potencia disponible de generación Hidráulica UGH horizonte horario,2025-11-01T00:00:00.000+01:00,2025-10-31T23:00:00Z,11.2,64
472,Potencia disponible de generación Hidráulica UGH horizonte horario,2025-11-01T00:00:00.000+01:00,2025-10-31T23:00:00Z,1916.91277777778,44
472,Potencia disponible de generación Hidráulica UGH horizonte horario,2025-11-01T00:00:00.000+01:00,2025-10-31T23:00:00Z,0.3,41
472,Potencia disponible de generación Hidráulica UGH horizonte horario,2025-11-01T00:00:00.000+01:00,2025-10-31T23:00:00Z,3.3,40
472,Potencia disponible de generación Hidráulica UGH horizonte horario,2025-11-01T00:00:00.000+01:00,2025-10-31T23:00:00Z,1501.85583333333,39
472,Potencia disponible de generación Hidráulica UGH horizonte horario,2025-11-01T00:00:00.000+01:00,2025-10-31T23:00:00Z,2145.31694444444,37
472,Potencia disponible de generación Hidráulica UGH horizonte horario,2025-11-01T00:00:00.000+01:00,2025-10-31T23:00:00Z,429.94055555556,35
472,Potencia disponible de generación Hidráulica UGH horizonte horario,2025-11-01T00:00:00.000+01:00,2025-10-31T23:00:00Z,16.5,34
472,Potencia disponible de generación Hidráulica UGH horizonte horario,2025-11-01T00:00:00.000+01:00,2025-10-31T23:00:00Z,0.6,33
472,Potencia disponible de generación Hidráulica UGH horizonte horario,2025-11-01T00:00:00.000+01:00,2025-10-31T23:00:00Z,19.0,32
472,Potencia disponible de generación Hidráulica UGH horizonte horario,2025-11-01T00:00:00.000+01:00,2025-10-31T23:00:00Z,250.73638888889,30
472,Potencia disponible de generación Hidráulica UGH horizonte horario,2025-11-01T00:00:00.000+01:00,2025-10-31T23:00:00Z,580.30333333333,28
472,Potencia disponible de generación Hidráulica UGH horizonte horario,2025-11-01T00:00:00.000+01:00,2025-10-31T23:00:00Z,945.8,43
472,Potencia disponible de generación Hidráulica UGH horizonte horario,2025-12-01T00:00:00.000+01:00,2025-11-30T23:00:00Z,122.45725806452,52
472,Potencia disponible de generación Hidráulica UGH horizonte horario,2025-12-01T00:00:00.000+01:00,2025-11-30T23:00:00Z,423.9,56
472,Potencia disponible de generación Hidráulica UGH horizonte horario,2025-12-01T00:00:00.000+01:00,2025-11-30T23:00:00Z,12.1,57
472,Potencia disponible de generación Hidráulica UGH horizonte horario,2025-12-01T00:00:00.000+01:00,2025-11-30T23:00:00Z,2.0,59
472,Potencia disponible de generación Hidráulica UGH horizonte horario,2025-12-01T00:00:00.000+01:00,2025-11-30T23:00:00Z,389.5,62
472,Potencia disponible de generación Hidráulica UGH horizonte horario,2025-12-01T00:00:00.000+01:00,2025-11-30T23:00:00Z,4.7,72
472,Potencia disponible de generación Hidráulica UGH horizonte horario,2025-12-01T00:00:00.000+01:00,2025-11-30T23:00:00Z,4.3,69
472,Potencia disponible de generación Hidráulica UGH horizonte horario,2025-12-01T00:00:00.000+01:00,2025-11-30T23:00:00Z,191.3,70
472,Potencia disponible de generación Hidráulica UGH horizonte horario,2025-12-01T00:00:00.000+01:00,2025-11-30T23:00:00Z,511.57580645161,71
472,Potencia disponible de generación Hidráulica UGH horizonte horario,2025-12-01T00:00:00.000+01:00,2025-11-30T23:00:00Z,355.05551075269,50
472,Potencia disponible de generación Hidráulica UGH horizonte horario,2025-12-01T00:00:00.000+01:00,2025-11-30T23:00:00Z,11.2,64
472,Potencia disponible de generación Hidráulica UGH horizonte horario,2025-12-01T00:00:00.000+01:00,2025-11-30T23:00:00Z,3197.59758064516,48
472,Potencia disponible de generación Hidráulica UGH horizonte horario,2025-12-01T00:00:00.000+01:00,2025-11-30T23:00:00Z,512.89206989247,35
472,Potencia disponible de generación Hidráulica UGH horizonte horario,2025-12-01T00:00:00.000+01:00,2025-11-30T23:00:00Z,945.8,43
472,Potencia disponible de generación Hidráulica UGH horizonte horario,2025-12-01T00:00:00.000+01:00,2025-11-30T23:00:00Z,230.08373655914,30
472,Potencia disponible de generación Hidráulica UGH horizonte horario,2025-12-01T00:00:00.000+01:00,2025-11-30T23:00:00Z,19.0,32
472,Potencia disponible de generación Hidráulica UGH horizonte horario,2025-12-01T00:00:00.000+01:00,2025-11-30T23:00:00Z,0.6,33
472,Potencia disponible de generación Hidráulica UGH horizonte horario,2025-12-01T00:00:00.000+01:00,2025-11-30T23:00:00Z,16.5,34
472,Potencia disponible de generación Hidráulica UGH horizonte horario,2025-12-01T00:00:00.000+01:00,2025-11-30T23:00:00Z,591.90994623656,28
472,Potencia disponible de generación Hidráulica UGH horizonte horario,2025-12-01T00:00:00.000+01:00,2025-11-30T23:00:00Z,2225.9877688172,37
472,Potencia disponible de generación Hidráulica UGH horizonte horario,2025-12-01T00:00:00.000+01:00,2025-11-30T23:00:00Z,1534.54032258065,39
472,Potencia disponible de generación Hidráulica UGH horizonte horario,2025-12-01T00:00:00.000+01:00,2025-11-30T23:00:00Z,3.3,40
472,Potencia disponible de generación Hidráulica UGH horizonte horario,2025-12-01T00:00:00.000+01:00,2025-11-30T23:00:00Z,13.3,41
472,Potencia disponible de generación Hidráulica UGH horizonte horario,2025-12-01T00:00:00.000+01:00,2025-11-30T23:00:00Z,1987.50188172043,44
472,Potencia disponible de generación Hidráulica UGH horizonte horario,2026-01-01T00:00:00.000+01:00,2025-12-31T23:00:00Z,376.31451612903,50
472,Potencia disponible de generación Hidráulica UGH horizonte horario,2026-01-01T00:00:00.000+01:00,2025-12-31T23:00:00Z,514.10295698925,71
472,Potencia disponible de generación Hidráulica UGH horizonte horario,2026-01-01T00:00:00.000+01:00,2025-12-31T23:00:00Z,190.2935483871,70
472,Potencia disponible de generación Hidráulica UGH horizonte horario,2026-01-01T00:00:00.000+01:00,2025-12-31T23:00:00Z,4.3,69
472,Potencia disponible de generación Hidráulica UGH horizonte horario,2026-01-01T00:00:00.000+01:00,2025-12-31T23:00:00Z,11.8,64
472,Potencia disponible de generación Hidráulica UGH horizonte horario,2026-01-01T00:00:00.000+01:00,2025-12-31T23:00:00Z,389.5,62
472,Potencia disponible de generación Hidráulica UGH horizonte horario,2026-01-01T00:00:00.000+01:00,2025-12-31T23:00:00Z,2.0,59
472,Potencia disponible de generación Hidráulica UGH horizonte horario,2026-01-01T00:00:00.000+01:00,2025-12-31T23:00:00Z,12.1,57
472,Potencia disponible de generación Hidráulica UGH horizonte horario,2026-01-01T00:00:00.000+01:00,2025-12-31T23:00:00Z,423.54435483871,56
472,Potencia disponible de generación Hidráulica UGH horizonte horario,2026-01-01T00:00:00.000+01:00,2025-12-31T23:00:00Z,120.82352150538,52
472,Potencia disponible de generación Hidráulica UGH horizonte horario,2026-01-01T00:00:00.000+01:00,2025-12-31T23:00:00Z,3339.36397849462,48
472,Potencia disponible de generación Hidráulica UGH horizonte horario,2026-01-01T00:00:00.000+01:00,2025-12-31T23:00:00Z,4.7,72
472,Potencia disponible de generación Hidráulica UGH horizonte horario,2026-01-01T00:00:00.000+01:00,2025-12-31T23:00:00Z,945.8,43
472,Potencia disponible de generación Hidráulica UGH horizonte horario,2026-01-01T00:00:00.000+01:00,2025-12-31T23:00:00Z,591.75241935484,28
472,Potencia disponible de generación Hidráulica UGH horizonte horario,2026-01-01T00:00:00.000+01:00,2025-12-31T23:00:00Z,247.6936827957,30
472,Potencia disponible de generación Hidráulica UGH horizonte horario,2026-01-01T00:00:00.000+01:00,2025-12-31T23:00:00Z,20.0064516129,32
472,Potencia disponible de generación Hidráulica UGH horizonte horario,2026-01-01T00:00:00.000+01:00,2025-12-31T23:00:00Z,0.6,33
472,Potencia disponible de generación Hidráulica UGH horizonte horario,2026-01-01T00:00:00.000+01:00,2025-12-31T23:00:00Z,16.5,34
472,Potencia disponible de generación Hidráulica UGH horizonte horario,2026-01-01T00:00:00.000+01:00,2025-12-31T23:00:00Z,2014.30456989247,44
472,Potencia disponible de generación Hidráulica UGH horizonte horario,2026-01-01T00:00:00.000+01:00,2025-12-31T23:00:00Z,2247.62661290323,37
472,Potencia disponible de generación Hidráulica UGH horizonte horario,2026-01-01T00:00:00.000+01:00,2025-12-31T23:00:00Z,1593.72674731183,39
472,Potencia disponible de generación Hidráulica UGH horizonte horario,2026-01-01T00:00:00.000+01:00,2025-12-31T23:00:00Z,3.3,40
472,Potencia disponible de generación Hidráulica UGH horizonte horario,2026-01-01T00:00:00.000+01:00,2025-12-31T23:00:00Z,13.3,41
472,Potencia disponible de generación Hidráulica UGH horizonte horario,2026-01-01T00:00:00.000+01:00,2025-12-31T23:00:00Z,531.3,35
472,Potencia disponible de generación Hidráulica UGH horizonte horario,2026-02-01T00:00:00.000+01:00,2026-01-31T23:00:00Z,371.92514880952,50
472,Potencia disponible de generación Hidráulica UGH horizonte horario,2026-02-01T00:00:00.000+01:00,2026-01-31T23:00:00Z,119.90342261905,52
472,Potencia disponible de generación Hidráulica UGH horizonte horario,2026-02-01T00:00:00.000+01:00,2026-01-31T23:00:00Z,423.9,56
472,Potencia disponible de generación Hidráulica UGH horizonte horario,2026-02-01T00:00:00.000+01:00,2026-01-31T23:00:00Z,12.1,57
472,Potencia disponible de generación Hidráulica UGH horizonte horario,2026-02-01T00:00:00.000+01:00,2026-01-31T23:00:00Z,2.0,59
472,Potencia disponible de generación Hidráulica UGH horizonte horario,2026-02-01T00:00:00.000+01:00,2026-01-31T23:00:00Z,11.8,64
472,Potencia disponible de generación Hidráulica UGH horizonte horario,2026-02-01T00:00:00.000+01:00,2026-01-31T23:00:00Z,4.3,69
472,Potencia disponible de generación Hidráulica UGH horizonte horario,2026-02-01T00:00:00.000+01:00,2026-01-31T23:00:00Z,188.2,70
472,Potencia disponible de generación Hidráulica UGH horizonte horario,2026-02-01T00:00:00.000+01:00,2026-01-31T23:00:00Z,523.80848214286,71
472,Potencia disponible de generación Hidráulica UGH horizonte horario,2026-02-01T00:00:00.000+01:00,2026-01-31T23:00:00Z,3288.41726190476,48
472,Potencia disponible de generación Hidráulica UGH horizonte horario,2026-02-01T00:00:00.000+01:00,2026-01-31T23:00:00Z,389.44196428571,62
472,Potencia disponible de generación Hidráulica UGH horizonte horario,2026-02-01T00:00:00.000+01:00,2026-01-31T23:00:00Z,4.7,72
472,Potencia disponible de generación Hidráulica UGH horizonte horario,2026-02-01T00:00:00.000+01:00,2026-01-31T23:00:00Z,1934.22321428571,44
472,Potencia disponible de generación Hidráulica UGH horizonte horario,2026-02-01T00:00:00.000+01:00,2026-01-31T23:00:00Z,13.3,41
472,Potencia disponible de generación Hidráulica UGH horizonte horario,2026-02-01T00:00:00.000+01:00,2026-01-31T23:00:00Z,3.3,40
472,Potencia disponible de generación Hidráulica UGH horizonte horario,2026-02-01T00:00:00.000+01:00,2026-01-31T23:00:00Z,1582.95074404762,39
472,Potencia disponible de generación Hidráulica UGH horizonte horario,2026-02-01T00:00:00.000+01:00,2026-01-31T23:00:00Z,2251.62217261905,37
472,Potencia disponible de generación Hidráulica UGH horizonte horario,2026-02-01T00:00:00.000+01:00,2026-01-31T23:00:00Z,458.83779761905,35
472,Potencia disponible de generación Hidráulica UGH horizonte horario,2026-02-01T00:00:00.000+01:00,2026-01-31T23:00:00Z,16.5,34
472,Potencia disponible de generación Hidráulica UGH horizonte horario,2026-02-01T00:00:00.000+01:00,2026-01-31T23:00:00Z,0.6,33
472,Potencia disponible de generación Hidráulica UGH horizonte horario,2026-02-01T00:00:00.000+01:00,2026-01-31T23:00:00Z,22.1,32
472,Potencia disponible de generación Hidráulica UGH horizonte horario,2026-02-01T00:00:00.000+01:00,2026-01-31T23:00:00Z,272.56488095238,30
472,Potencia disponible de generación Hidráulica UGH horizonte horario,2026-02-01T00:00:00.000+01:00,2026-01-31T23:00:00Z,508.21636904762,28
472,Potencia disponible de generación Hidráulica UGH horizonte horario,2026-02-01T00:00:00.000+01:00,2026-01-31T23:00:00Z,944.86428571429,43
472,Potencia disponible de generación Hidráulica UGH horizonte horario,2026-03-01T00:00:00.000+01:00,2026-02-28T23:00:00Z,119.78384925976,52
472,Potencia disponible de generación Hidráulica UGH horizonte horario,2026-03-01T00:00:00.000+01:00,2026-02-28T23:00:00Z,421.84347240915,56
472,Potencia disponible de generación Hidráulica UGH horizonte horario,2026-03-01T00:00:00.000+01:00,2026-02-28T23:00:00Z,12.1,57
472,Potencia disponible de generación Hidráulica UGH horizonte horario,2026-03-01T00:00:00.000+01:00,2026-02-28T23:00:00Z,2.0,59
472,Potencia disponible de generación Hidráulica UGH horizonte horario,2026-03-01T00:00:00.000+01:00,2026-02-28T23:00:00Z,377.80296096904,50
472,Potencia disponible de generación Hidráulica UGH horizonte horario,2026-03-01T00:00:00.000+01:00,2026-02-28T23:00:00Z,11.8,64
472,Potencia disponible de generación Hidráulica UGH horizonte horario,2026-03-01T00:00:00.000+01:00,2026-02-28T23:00:00Z,4.3,69
472,Potencia disponible de generación Hidráulica UGH horizonte horario,2026-03-01T00:00:00.000+01:00,2026-02-28T23:00:00Z,188.2,70
472,Potencia disponible de generación Hidráulica UGH horizonte horario,2026-03-01T00:00:00.000+01:00,2026-02-28T23:00:00Z,535.84764468371,71
472,Potencia disponible de generación Hidráulica UGH horizonte horario,2026-03-01T00:00:00.000+01:00,2026-02-28T23:00:00Z,384.70094212651,62
472,Potencia disponible de generación Hidráulica UGH horizonte horario,2026-03-01T00:00:00.000+01:00,2026-02-28T23:00:00Z,3347.92516823688,48
472,Potencia disponible de generación Hidráulica UGH horizonte horario,2026-03-01T00:00:00.000+01:00,2026-02-28T23:00:00Z,4.7,72
472,Potencia disponible de generación Hidráulica UGH horizonte horario,2026-03-01T00:00:00.000+01:00,2026-02-28T23:00:00Z,900.94562584118,43
472,Potencia disponible de generación Hidráulica UGH horizonte horario,2026-03-01T00:00:00.000+01:00,2026-02-28T23:00:00Z,577.44858681023,28
472,Potencia disponible de generación Hidráulica UGH horizonte horario,2026-03-01T00:00:00.000+01:00,2026-02-28T23:00:00Z,331.47833109017,30
472,Potencia disponible de generación Hidráulica UGH horizonte horario,2026-03-01T00:00:00.000+01:00,2026-02-28T23:00:00Z,22.1,32
472,Potencia disponible de generación Hidráulica UGH horizonte horario,2026-03-01T00:00:00.000+01:00,2026-02-28T23:00:00Z,0.6,33
472,Potencia disponible de generación Hidráulica UGH horizonte horario,2026-03-01T00:00:00.000+01:00,2026-02-28T23:00:00Z,16.5,34
472,Potencia disponible de generación Hidráulica UGH horizonte horario,2026-03-01T00:00:00.000+01:00,2026-02-28T23:00:00Z,1899.03620457604,44
472,Potencia disponible de generación Hidráulica UGH horizonte horario,2026-03-01T00:00:00.000+01:00,2026-02-28T23:00:00Z,2292.88331090175,37
472,Potencia disponible de generación Hidráulica UGH horizonte horario,2026-03-01T00:00:00.000+01:00,2026-02-28T23:00:00Z,1627.06244952894,39
472,Potencia disponible de generación Hidráulica UGH horizonte horario,2026-03-01T00:00:00.000+01:00,2026-02-28T23:00:00Z,3.3,40
472,Potencia disponible de generación Hidráulica UGH horizonte horario,2026-03-01T00:00:00.000+01:00,2026-02-28T23:00:00Z,13.3,41
472,Potencia disponible de generación Hidráulica UGH horizonte horario,2026-03-01T00:00:00.000+01:00,2026-02-28T23:00:00Z,447.84064602961,35
472,Potencia disponible de generación Hidráulica UGH horizonte horario,2026-04-01T00:00:00.000+02:00,2026-03-31T22:00:00Z,121.35208333333,52
472,Potencia disponible de generación Hidráulica UGH horizonte horario,2026-04-01T00:00:00.000+02:00,2026-03-31T22:00:00Z,423.9,56
472,Potencia disponible de generación Hidráulica UGH horizonte horario,2026-04-01T00:00:00.000+02:00,2026-03-31T22:00:00Z,12.1,57
472,Potencia disponible de generación Hidráulica UGH horizonte horario,2026-04-01T00:00:00.000+02:00,2026-03-31T22:00:00Z,2.0,59
472,Potencia disponible de generación Hidráulica UGH horizonte horario,2026-04-01T00:00:00.000+02:00,2026-03-31T22:00:00Z,389.23,62
472,Potencia disponible de generación Hidráulica UGH horizonte horario,2026-04-01T00:00:00.000+02:00,2026-03-31T22:00:00Z,4.3,69
472,Potencia disponible de generación Hidráulica UGH horizonte horario,2026-04-01T00:00:00.000+02:00,2026-03-31T22:00:00Z,188.2,70
472,Potencia disponible de generación Hidráulica UGH horizonte horario,2026-04-01T00:00:00.000+02:00,2026-03-31T22:00:00Z,538.54166666667,71
472,Potencia disponible de generación Hidráulica UGH horizonte horario,2026-04-01T00:00:00.000+02:00,2026-03-31T22:00:00Z,4.7,72
472,Potencia disponible de generación Hidráulica UGH horizonte horario,2026-04-01T00:00:00.000+02:00,2026-03-31T22:00:00Z,365.84430555556,50
472,Potencia disponible de generación Hidráulica UGH horizonte horario,2026-04-01T00:00:00.000+02:00,2026-03-31T22:00:00Z,11.8,64
472,Potencia disponible de generación Hidráulica UGH horizonte horario,2026-04-01T00:00:00.000+02:00,2026-03-31T22:00:00Z,3244.04263888889,48
472,Potencia disponible de generación Hidráulica UGH horizonte horario,2026-04-01T00:00:00.000+02:00,2026-03-31T22:00:00Z,1936.97180555556,44
472,Potencia disponible de generación Hidráulica UGH horizonte horario,2026-04-01T00:00:00.000+02:00,2026-03-31T22:00:00Z,918.29013888889,43
472,Potencia disponible de generación Hidráulica UGH horizonte horario,2026-04-01T00:00:00.000+02:00,2026-03-31T22:00:00Z,13.3,41
472,Potencia disponible de generación Hidráulica UGH horizonte horario,2026-04-01T00:00:00.000+02:00,2026-03-31T22:00:00Z,3.3,40
472,Potencia disponible de generación Hidráulica UGH horizonte horario,2026-04-01T00:00:00.000+02:00,2026-03-31T22:00:00Z,1689.71291666667,39
472,Potencia disponible de generación Hidráulica UGH horizonte horario,2026-04-01T00:00:00.000+02:00,2026-03-31T22:00:00Z,2362.54,37
472,Potencia disponible de generación Hidráulica UGH horizonte horario,2026-04-01T00:00:00.000+02:00,2026-03-31T22:00:00Z,514.5,35
472,Potencia disponible de generación Hidráulica UGH horizonte horario,2026-04-01T00:00:00.000+02:00,2026-03-31T22:00:00Z,33.3,34
472,Potencia disponible de generación Hidráulica UGH horizonte horario,2026-04-01T00:00:00.000+02:00,2026-03-31T22:00:00Z,0.6,33
472,Potencia disponible de generación Hidráulica UGH horizonte horario,2026-04-01T00:00:00.000+02:00,2026-03-31T22:00:00Z,22.1,32
472,Potencia disponible de generación Hidráulica UGH horizonte horario,2026-04-01T00:00:00.000+02:00,2026-03-31T22:00:00Z,331.93375,30
472,Potencia disponible de generación Hidráulica UGH horizonte horario,2026-04-01T00:00:00.000+02:00,2026-03-31T22:00:00Z,590.67819444444,28
472,Potencia disponible de generación Hidráulica UGH horizonte horario,2026-05-01T00:00:00.000+02:00,2026-04-30T22:00:00Z,144.12459677419,52
472,Potencia disponible de generación Hidráulica UGH horizonte horario,2026-05-01T00:00:00.000+02:00,2026-04-30T22:00:00Z,423.9,56
472,Potencia disponible de generación Hidráulica UGH horizonte horario,2026-05-01T00:00:00.000+02:00,2026-04-30T22:00:00Z,12.1,57
472,Potencia disponible de generación Hidráulica UGH horizonte horario,2026-05-01T00:00:00.000+02:00,2026-04-30T22:00:00Z,2.0,59
472,Potencia disponible de generación Hidráulica UGH horizonte horario,2026-05-01T00:00:00.000+02:00,2026-04-30T22:00:00Z,389.5,62
472,Potencia disponible de generación Hidráulica UGH horizonte horario,2026-05-01T00:00:00.000+02:00,2026-04-30T22:00:00Z,4.7,72
472,Potencia disponible de generación Hidráulica UGH horizonte horario,2026-05-01T00:00:00.000+02:00,2026-04-30T22:00:00Z,4.3,69
472,Potencia disponible de generación Hidráulica UGH horizonte horario,2026-05-01T00:00:00.000+02:00,2026-04-30T22:00:00Z,188.2,70
472,Potencia disponible de generación Hidráulica UGH horizonte horario,2026-05-01T00:00:00.000+02:00,2026-04-30T22:00:00Z,533.57325268817,71
472,Potencia disponible de generación Hidráulica UGH horizonte horario,2026-05-01T00:00:00.000+02:00,2026-04-30T22:00:00Z,368.75080645161,50
472,Potencia disponible de generación Hidráulica UGH horizonte horario,2026-05-01T00:00:00.000+02:00,2026-04-30T22:00:00Z,11.8,64
472,Potencia disponible de generación Hidráulica UGH horizonte horario,2026-05-01T00:00:00.000+02:00,2026-04-30T22:00:00Z,3170.98615591398,48
472,Potencia disponible de generación Hidráulica UGH horizonte horario,2026-05-01T00:00:00.000+02:00,2026-04-30T22:00:00Z,1896.11599462366,44
472,Potencia disponible de generación Hidráulica UGH horizonte horario,2026-05-01T00:00:00.000+02:00,2026-04-30T22:00:00Z,818.23655913979,43
472,Potencia disponible de generación Hidráulica UGH horizonte horario,2026-05-01T00:00:00.000+02:00,2026-04-30T22:00:00Z,330.79032258065,30
472,Potencia disponible de generación Hidráulica UGH horizonte horario,2026-05-01T00:00:00.000+02:00,2026-04-30T22:00:00Z,22.1,32
472,Potencia disponible de generación Hidráulica UGH horizonte horario,2026-05-01T00:00:00.000+02:00,2026-04-30T22:00:00Z,0.6,33
472,Potencia disponible de generación Hidráulica UGH horizonte horario,2026-05-01T00:00:00.000+02:00,2026-04-30T22:00:00Z,33.3,34
472,Potencia disponible de generación Hidráulica UGH horizonte horario,2026-05-01T00:00:00.000+02:00,2026-04-30T22:00:00Z,592.0,28
472,Potencia disponible de generación Hidráulica UGH horizonte horario,2026-05-01T00:00:00.000+02:00,2026-04-30T22:00:00Z,1916.9247311828,37
472,Potencia disponible de generación Hidráulica UGH horizonte horario,2026-05-01T00:00:00.000+02:00,2026-04-30T22:00:00Z,1683.20295698925,39
472,Potencia disponible de generación Hidráulica UGH horizonte horario,2026-05-01T00:00:00.000+02:00,2026-04-30T22:00:00Z,3.3,40
472,Potencia disponible de generación Hidráulica UGH horizonte horario,2026-05-01T00:00:00.000+02:00,2026-04-30T22:00:00Z,13.3,41
472,Potencia disponible de generación Hidráulica UGH horizonte horario,2026-05-01T00:00:00.000+02:00,2026-04-30T22:00:00Z,489.80887096774,35
472,Potencia disponible de generación Hidráulica UGH horizonte horario,2026-06-01T00:00:00.000+02:00,2026-05-31T22:00:00Z,144.75611111111,52
472,Potencia disponible de generación Hidráulica UGH horizonte horario,2026-06-01T00:00:00.000+02:00,2026-05-31T22:00:00Z,4.7,72
472,Potencia disponible de generación Hidráulica UGH horizonte horario,2026-06-01T00:00:00.000+02:00,2026-05-31T22:00:00Z,479.40638888889,71
472,Potencia disponible de generación Hidráulica UGH horizonte horario,2026-06-01T00:00:00.000+02:00,2026-05-31T22:00:00Z,180.28416666667,70
472,Potencia disponible de generación Hidráulica UGH horizonte horario,2026-06-01T00:00:00.000+02:00,2026-05-31T22:00:00Z,4.3,69
472,Potencia disponible de generación Hidráulica UGH horizonte horario,2026-06-01T00:00:00.000+02:00,2026-05-31T22:00:00Z,11.8,64
472,Potencia disponible de generación Hidráulica UGH horizonte horario,2026-06-01T00:00:00.000+02:00,2026-05-31T22:00:00Z,389.5,62
472,Potencia disponible de generación Hidráulica UGH horizonte horario,2026-06-01T00:00:00.000+02:00,2026-05-31T22:00:00Z,2.0,59
472,Potencia disponible de generación Hidráulica UGH horizonte horario,2026-06-01T00:00:00.000+02:00,2026-05-31T22:00:00Z,12.1,57
472,Potencia disponible de generación Hidráulica UGH horizonte horario,2026-06-01T00:00:00.000+02:00,2026-05-31T22:00:00Z,418.42097222222,56
472,Potencia disponible de generación Hidráulica UGH horizonte horario,2026-06-01T00:00:00.000+02:00,2026-05-31T22:00:00Z,367.30027777778,50
472,Potencia disponible de generación Hidráulica UGH horizonte horario,2026-06-01T00:00:00.000+02:00,2026-05-31T22:00:00Z,2779.50611111111,48
472,Potencia disponible de generación Hidráulica UGH horizonte horario,2026-06-01T00:00:00.000+02:00,2026-05-31T22:00:00Z,591.14833333333,28
472,Potencia disponible de generación Hidráulica UGH horizonte horario,2026-06-01T00:00:00.000+02:00,2026-05-31T22:00:00Z,1849.59708333333,44
472,Potencia disponible de generación Hidráulica UGH horizonte horario,2026-06-01T00:00:00.000+02:00,2026-05-31T22:00:00Z,311.58111111111,30
472,Potencia disponible de generación Hidráulica UGH horizonte horario,2026-06-01T00:00:00.000+02:00,2026-05-31T22:00:00Z,22.1,32
472,Potencia disponible de generación Hidráulica UGH horizonte horario,2026-06-01T00:00:00.000+02:00,2026-05-31T22:00:00Z,33.3,34
472,Potencia disponible de generación Hidráulica UGH horizonte horario,2026-06-01T00:00:00.000+02:00,2026-05-31T22:00:00Z,512.72625,35
472,Potencia disponible de generación Hidráulica UGH horizonte horario,2026-06-01T00:00:00.000+02:00,2026-05-31T22:00:00Z,0.6,33
472,Potencia disponible de generación Hidráulica UGH horizonte horario,2026-06-01T00:00:00.000+02:00,2026-05-31T22:00:00Z,1586.08736111111,39
472,Potencia disponible de generación Hidráulica UGH horizonte horario,2026-06-01T00:00:00.000+02:00,2026-05-31T22:00:00Z,3.3,40
472,Potencia disponible de generación Hidráulica UGH horizonte horario,2026-06-01T00:00:00.000+02:00,2026-05-31T22:00:00Z,13.3,41
472,Potencia disponible de generación Hidráulica UGH horizonte horario,2026-06-01T00:00:00.000+02:00,2026-05-31T22:00:00Z,689.74875,43
472,Potencia disponible de generación Hidráulica UGH horizonte horario,2026-06-01T00:00:00.000+02:00,2026-05-31T22:00:00Z,1831.34069444444,37
472,Potencia disponible de generación Hidráulica UGH horizonte horario,2026-07-01T00:00:00.000+02:00,2026-06-30T22:00:00Z,2.0,59
472,Potencia disponible de generación Hidráulica UGH horizonte horario,2026-07-01T00:00:00.000+02:00,2026-06-30T22:00:00Z,150.4377688172,52
472,Potencia disponible de generación Hidráulica UGH horizonte horario,2026-07-01T00:00:00.000+02:00,2026-06-30T22:00:00Z,423.9,56
472,Potencia disponible de generación Hidráulica UGH horizonte horario,2026-07-01T00:00:00.000+02:00,2026-06-30T22:00:00Z,12.1,57
472,Potencia disponible de generación Hidráulica UGH horizonte horario,2026-07-01T00:00:00.000+02:00,2026-06-30T22:00:00Z,4.7,72
472,Potencia disponible de generación Hidráulica UGH horizonte horario,2026-07-01T00:00:00.000+02:00,2026-06-30T22:00:00Z,343.27540322581,50
472,Potencia disponible de generación Hidráulica UGH horizonte horario,2026-07-01T00:00:00.000+02:00,2026-06-30T22:00:00Z,11.8,64
472,Potencia disponible de generación Hidráulica UGH horizonte horario,2026-07-01T00:00:00.000+02:00,2026-06-30T22:00:00Z,4.3,69
472,Potencia disponible de generación Hidráulica UGH horizonte horario,2026-07-01T00:00:00.000+02:00,2026-06-30T22:00:00Z,168.21612903226,70
472,Potencia disponible de generación Hidráulica UGH horizonte horario,2026-07-01T00:00:00.000+02:00,2026-06-30T22:00:00Z,524.11196236559,71
472,Potencia disponible de generación Hidráulica UGH horizonte horario,2026-07-01T00:00:00.000+02:00,2026-06-30T22:00:00Z,363.20833333333,62
472,Potencia disponible de generación Hidráulica UGH horizonte horario,2026-07-01T00:00:00.000+02:00,2026-06-30T22:00:00Z,3006.01760752688,48
472,Potencia disponible de generación Hidráulica UGH horizonte horario,2026-07-01T00:00:00.000+02:00,2026-06-30T22:00:00Z,514.5,35
472,Potencia disponible de generación Hidráulica UGH horizonte horario,2026-07-01T00:00:00.000+02:00,2026-06-30T22:00:00Z,820.82607526882,43
472,Potencia disponible de generación Hidráulica UGH horizonte horario,2026-07-01T00:00:00.000+02:00,2026-06-30T22:00:00Z,590.63830645161,28
472,Potencia disponible de generación Hidráulica UGH horizonte horario,2026-07-01T00:00:00.000+02:00,2026-06-30T22:00:00Z,302.86586021505,30
472,Potencia disponible de generación Hidráulica UGH horizonte horario,2026-07-01T00:00:00.000+02:00,2026-06-30T22:00:00Z,22.1,32
472,Potencia disponible de generación Hidráulica UGH horizonte horario,2026-07-01T00:00:00.000+02:00,2026-06-30T22:00:00Z,0.6,33
472,Potencia disponible de generación Hidráulica UGH horizonte horario,2026-07-01T00:00:00.000+02:00,2026-06-30T22:00:00Z,1655.93239247312,44
472,Potencia disponible de generación Hidráulica UGH horizonte horario,2026-07-01T00:00:00.000+02:00,2026-06-30T22:00:00Z,2131.11827956989,37
472,Potencia disponible de generación Hidráulica UGH horizonte horario,2026-07-01T00:00:00.000+02:00,2026-06-30T22:00:00Z,1527.6064516129,39
472,Potencia disponible de generación Hidráulica UGH horizonte horario,2026-07-01T00:00:00.000+02:00,2026-06-30T22:00:00Z,3.3,40
472,Potencia disponible de generación Hidráulica UGH horizonte horario,2026-07-01T00:00:00.000+02:00,2026-06-30T22:00:00Z,13.3,41
472,Potencia disponible de generación Hidráulica UGH horizonte horario,2026-07-01T00:00:00.000+02:00,2026-06-30T22:00:00Z,33.3,34
472,Potencia disponible de generación Hidráulica UGH horizonte horario,2026-08-01T00:00:00.000+02:00,2026-07-31T22:00:00Z,144.97768817204,52
472,Potencia disponible de generación Hidráulica UGH horizonte horario,2026-08-01T00:00:00.000+02:00,2026-07-31T22:00:00Z,4.7,72
472,Potencia disponible de generación Hidráulica UGH horizonte horario,2026-08-01T00:00:00.000+02:00,2026-07-31T22:00:00Z,513.53575268817,71
472,Potencia disponible de generación Hidráulica UGH horizonte horario,2026-08-01T00:00:00.000+02:00,2026-07-31T22:00:00Z,188.2,70
472,Potencia disponible de generación Hidráulica UGH horizonte horario,2026-08-01T00:00:00.000+02:00,2026-07-31T22:00:00Z,4.3,69
472,Potencia disponible de generación Hidráulica UGH horizonte horario,2026-08-01T00:00:00.000+02:00,2026-07-31T22:00:00Z,11.8,64
472,Potencia disponible de generación Hidráulica UGH horizonte horario,2026-08-01T00:00:00.000+02:00,2026-07-31T22:00:00Z,336.81344086022,62
472,Potencia disponible de generación Hidráulica UGH horizonte horario,2026-08-01T00:00:00.000+02:00,2026-07-31T22:00:00Z,2.0,59
472,Potencia disponible de generación Hidráulica UGH horizonte horario,2026-08-01T00:00:00.000+02:00,2026-07-31T22:00:00Z,12.1,57
472,Potencia disponible de generación Hidráulica UGH horizonte horario,2026-08-01T00:00:00.000+02:00,2026-07-31T22:00:00Z,423.9,56
472,Potencia disponible de generación Hidráulica UGH horizonte horario,2026-08-01T00:00:00.000+02:00,2026-07-31T22:00:00Z,295.75053763441,50
472,Potencia disponible de generación Hidráulica UGH horizonte horario,2026-08-01T00:00:00.000+02:00,2026-07-31T22:00:00Z,2922.05900537634,48
472,Potencia disponible de generación Hidráulica UGH horizonte horario,2026-08-01T00:00:00.000+02:00,2026-07-31T22:00:00Z,591.76344086022,28
472,Potencia disponible de generación Hidráulica UGH horizonte horario,2026-08-01T00:00:00.000+02:00,2026-07-31T22:00:00Z,1537.97163978495,44
472,Potencia disponible de generación Hidráulica UGH horizonte horario,2026-08-01T00:00:00.000+02:00,2026-07-31T22:00:00Z,318.6502688172,30
472,Potencia disponible de generación Hidráulica UGH horizonte horario,2026-08-01T00:00:00.000+02:00,2026-07-31T22:00:00Z,22.1,32
472,Potencia disponible de generación Hidráulica UGH horizonte horario,2026-08-01T00:00:00.000+02:00,2026-07-31T22:00:00Z,33.3,34
472,Potencia disponible de generación Hidráulica UGH horizonte horario,2026-08-01T00:00:00.000+02:00,2026-07-31T22:00:00Z,511.44838709677,35
472,Potencia disponible de generación Hidráulica UGH horizonte horario,2026-08-01T00:00:00.000+02:00,2026-07-31T22:00:00Z,0.6,33
472,Potencia disponible de generación Hidráulica UGH horizonte horario,2026-08-01T00:00:00.000+02:00,2026-07-31T22:00:00Z,1484.23803763441,39
472,Potencia disponible de generación Hidráulica UGH horizonte horario,2026-08-01T00:00:00.000+02:00,2026-07-31T22:00:00Z,3.3,40
472,Potencia disponible de generación Hidráulica UGH horizonte horario,2026-08-01T00:00:00.000+02:00,2026-07-31T22:00:00Z,13.3,41
472,Potencia disponible de generación Hidráulica UGH horizonte horario,2026-08-01T00:00:00.000+02:00,2026-07-31T22:00:00Z,873.40470430108,43
472,Potencia disponible de generación Hidráulica UGH horizonte horario,2026-08-01T00:00:00.000+02:00,2026-07-31T22:00:00Z,2103.83225806452,37
472,Potencia disponible de generación Hidráulica UGH horizonte horario,2026-09-01T00:00:00.000+02:00,2026-08-31T22:00:00Z,4.7,72
472,Potencia disponible de generación Hidráulica UGH horizonte horario,2026-09-01T00:00:00.000+02:00,2026-08-31T22:00:00Z,127.76875,52
472,Potencia disponible de generación Hidráulica UGH horizonte horario,2026-09-01T00:00:00.000+02:00,2026-08-31T22:00:00Z,422.73736111111,56
472,Potencia disponible de generación Hidráulica UGH horizonte horario,2026-09-01T00:00:00.000+02:00,2026-08-31T22:00:00Z,12.1,57
472,Potencia disponible de generación Hidráulica UGH horizonte horario,2026-09-01T00:00:00.000+02:00,2026-08-31T22:00:00Z,2.0,59
472,Potencia disponible de generación Hidráulica UGH horizonte horario,2026-09-01T00:00:00.000+02:00,2026-08-31T22:00:00Z,210.34083333333,50
472,Potencia disponible de generación Hidráulica UGH horizonte horario,2026-09-01T00:00:00.000+02:00,2026-08-31T22:00:00Z,11.8,64
472,Potencia disponible de generación Hidráulica UGH horizonte horario,2026-09-01T00:00:00.000+02:00,2026-08-31T22:00:00Z,4.3,69
472,Potencia disponible de generación Hidráulica UGH horizonte horario,2026-09-01T00:00:00.000+02:00,2026-08-31T22:00:00Z,174.4975,70
472,Potencia disponible de generación Hidráulica UGH horizonte horario,2026-09-01T00:00:00.000+02:00,2026-08-31T22:00:00Z,537.91194444444,71
472,Potencia disponible de generación Hidráulica UGH horizonte horario,2026-09-01T00:00:00.000+02:00,2026-08-31T22:00:00Z,325.395,62
472,Potencia disponible de generación Hidráulica UGH horizonte horario,2026-09-01T00:00:00.000+02:00,2026-08-31T22:00:00Z,2843.41930555556,48
472,Potencia disponible de generación Hidráulica UGH horizonte horario,2026-09-01T00:00:00.000+02:00,2026-08-31T22:00:00Z,1839.74430555556,37
472,Potencia disponible de generación Hidráulica UGH horizonte horario,2026-09-01T00:00:00.000+02:00,2026-08-31T22:00:00Z,825.85180555556,43
472,Potencia disponible de generación Hidráulica UGH horizonte horario,2026-09-01T00:00:00.000+02:00,2026-08-31T22:00:00Z,13.3,41
472,Potencia disponible de generación Hidráulica UGH horizonte horario,2026-09-01T00:00:00.000+02:00,2026-08-31T22:00:00Z,3.3,40
472,Potencia disponible de generación Hidráulica UGH horizonte horario,2026-09-01T00:00:00.000+02:00,2026-08-31T22:00:00Z,1378.92027777778,39
472,Potencia disponible de generación Hidráulica UGH horizonte horario,2026-09-01T00:00:00.000+02:00,2026-08-31T22:00:00Z,478.03763888889,35
472,Potencia disponible de generación Hidráulica UGH horizonte horario,2026-09-01T00:00:00.000+02:00,2026-08-31T22:00:00Z,33.3,34
472,Potencia disponible de generación Hidráulica UGH horizonte horario,2026-09-01T00:00:00.000+02:00,2026-08-31T22:00:00Z,0.6,33
472,Potencia disponible de generación Hidráulica UGH horizonte horario,2026-09-01T00:00:00.000+02:00,2026-08-31T22:00:00Z,22.1,32
472,Potencia disponible de generación Hidráulica UGH horizonte horario,2026-09-01T00:00:00.000+02:00,2026-08-31T22:00:00Z,293.53041666667,30
472,Potencia disponible de generación Hidráulica UGH horizonte horario,2026-09-01T00:00:00.000+02:00,2026-08-31T22:00:00Z,574.57402777778,28
472,Potencia disponible de generación Hidráulica UGH horizonte horario,2026-09-01T00:00:00.000+02:00,2026-08-31T22:00:00Z,1508.52388888889,44
472,Potencia disponible de generación Hidráulica UGH horizonte horario,2026-10-01T00:00:00.000+02:00,2026-09-30T22:00:00Z,177.01658986175,50
472,Potencia disponible de generación Hidráulica UGH horizonte horario,2026-10-01T00:00:00.000+02:00,2026-09-30T22:00:00Z,150.8,52
472,Potencia disponible de generación Hidráulica UGH horizonte horario,2026-10-01T00:00:00.000+02:00,2026-09-30T22:00:00Z,423.9,56
472,Potencia disponible de generación Hidráulica UGH horizonte horario,2026-10-01T00:00:00.000+02:00,2026-09-30T22:00:00Z,12.1,57
472,Potencia disponible de generación Hidráulica UGH horizonte horario,2026-10-01T00:00:00.000+02:00,2026-09-30T22:00:00Z,188.2,70
472,Potencia disponible de generación Hidráulica UGH horizonte horario,2026-10-01T00:00:00.000+02:00,2026-09-30T22:00:00Z,335.50276497696,62
472,Potencia disponible de generación Hidráulica UGH horizonte horario,2026-10-01T00:00:00.000+02:00,2026-09-30T22:00:00Z,11.8,64
472,Potencia disponible de generación Hidráulica UGH horizonte horario,2026-10-01T00:00:00.000+02:00,2026-09-30T22:00:00Z,4.3,69
472,Potencia disponible de generación Hidráulica UGH horizonte horario,2026-10-01T00:00:00.000+02:00,2026-09-30T22:00:00Z,3112.48064516129,48
472,Potencia disponible de generación Hidráulica UGH horizonte horario,2026-10-01T00:00:00.000+02:00,2026-09-30T22:00:00Z,2.0,59
472,Potencia disponible de generación Hidráulica UGH horizonte horario,2026-10-01T00:00:00.000+02:00,2026-09-30T22:00:00Z,1712.39861751152,44
472,Potencia disponible de generación Hidráulica UGH horizonte horario,2026-10-01T00:00:00.000+02:00,2026-09-30T22:00:00Z,2002.00322580645,37
472,Potencia disponible de generación Hidráulica UGH horizonte horario,2026-10-01T00:00:00.000+02:00,2026-09-30T22:00:00Z,13.3,41
472,Potencia disponible de generación Hidráulica UGH horizonte horario,2026-10-01T00:00:00.000+02:00,2026-09-30T22:00:00Z,3.3,40
472,Potencia disponible de generación Hidráulica UGH horizonte horario,2026-10-01T00:00:00.000+02:00,2026-09-30T22:00:00Z,1338.74746543779,39
472,Potencia disponible de generación Hidráulica UGH horizonte horario,2026-10-01T00:00:00.000+02:00,2026-09-30T22:00:00Z,444.4,35
472,Potencia disponible de generación Hidráulica UGH horizonte horario,2026-10-01T00:00:00.000+02:00,2026-09-30T22:00:00Z,33.3,34
472,Potencia disponible de generación Hidráulica UGH horizonte horario,2026-10-01T00:00:00.000+02:00,2026-09-30T22:00:00Z,0.6,33
472,Potencia disponible de generación Hidráulica UGH horizonte horario,2026-10-01T00:00:00.000+02:00,2026-09-30T22:00:00Z,22.1,32
472,Potencia disponible de generación Hidráulica UGH horizonte horario,2026-10-01T00:00:00.000+02:00,2026-09-30T22:00:00Z,238.09539170507,30
472,Potencia disponible de generación Hidráulica UGH horizonte horario,2026-10-01T00:00:00.000+02:00,2026-09-30T22:00:00Z,540.06543778802,28
472,Potencia disponible de generación Hidráulica UGH horizonte horario,2026-10-01T00:00:00.000+02:00,2026-09-30T22:00:00Z,539.4,71
472,Potencia disponible de generación Hidráulica UGH horizonte horario,2026-10-01T00:00:00.000+02:00,2026-09-30T22:00:00Z,735.73778801843,43
472,Potencia disponible de generación Hidráulica UGH horizonte horario,2026-10-01T00:00:00.000+02:00,2026-09-30T22:00:00Z,4.7,72
473,Potencia disponible de generación Turbinación bombeo horizonte horario,2025-09-01T00:00:00.000+02:00,2025-08-31T22:00:00Z,137.8,27
473,Potencia disponible de generación Turbinación bombeo horizonte horario,2025-09-01T00:00:00.000+02:00,2025-08-31T22:00:00Z,108.23333333333,28
473,Potencia disponible de generación Turbinación bombeo horizonte horario,2025-09-01T00:00:00.000+02:00,2025-08-31T22:00:00Z,1059.21867283951,35
473,Potencia disponible de generación Turbinación bombeo horizonte horario,2025-09-01T00:00:00.000+02:00,2025-08-31T22:00:00Z,329.6950617284,40
473,Potencia disponible de generación Turbinación bombeo horizonte horario,2025-09-01T00:00:00.000+02:00,2025-08-31T22:00:00Z,326.68888888889,41
473,Potencia disponible de generación Turbinación bombeo horizonte horario,2025-09-01T00:00:00.000+02:00,2025-08-31T22:00:00Z,282.2,56
473,Potencia disponible de generación Turbinación bombeo horizonte horario,2025-09-01T00:00:00.000+02:00,2025-08-31T22:00:00Z,161.43055555556,60
473,Potencia disponible de generación Turbinación bombeo horizonte horario,2025-10-01T00:00:00.000+02:00,2025-09-30T22:00:00Z,161.5,60
473,Potencia disponible de generación Turbinación bombeo horizonte horario,2025-10-01T00:00:00.000+02:00,2025-09-30T22:00:00Z,279.49395973154,56
473,Potencia disponible de generación Turbinación bombeo horizonte horario,2025-10-01T00:00:00.000+02:00,2025-09-30T22:00:00Z,357.37986577181,40
473,Potencia disponible de generación Turbinación bombeo horizonte horario,2025-10-01T00:00:00.000+02:00,2025-09-30T22:00:00Z,338.83248322148,41
473,Potencia disponible de generación Turbinación bombeo horizonte horario,2025-10-01T00:00:00.000+02:00,2025-09-30T22:00:00Z,261.70912751678,28
473,Potencia disponible de generación Turbinación bombeo horizonte horario,2025-10-01T00:00:00.000+02:00,2025-09-30T22:00:00Z,137.8,27
473,Potencia disponible de generación Turbinación bombeo horizonte horario,2025-10-01T00:00:00.000+02:00,2025-09-30T22:00:00Z,1291.70174496644,35
473,Potencia disponible de generación Turbinación bombeo horizonte horario,2025-11-01T00:00:00.000+01:00,2025-10-31T23:00:00Z,92.44083333333,27
473,Potencia disponible de generación Turbinación bombeo horizonte horario,2025-11-01T00:00:00.000+01:00,2025-10-31T23:00:00Z,273.04388888889,28
473,Potencia disponible de generación Turbinación bombeo horizonte horario,2025-11-01T00:00:00.000+01:00,2025-10-31T23:00:00Z,1290.765,35
473,Potencia disponible de generación Turbinación bombeo horizonte horario,2025-11-01T00:00:00.000+01:00,2025-10-31T23:00:00Z,355.275,40
473,Potencia disponible de generación Turbinación bombeo horizonte horario,2025-11-01T00:00:00.000+01:00,2025-10-31T23:00:00Z,297.5275,41
473,Potencia disponible de generación Turbinación bombeo horizonte horario,2025-11-01T00:00:00.000+01:00,2025-10-31T23:00:00Z,244.87180555556,56
473,Potencia disponible de generación Turbinación bombeo horizonte horario,2025-11-01T00:00:00.000+01:00,2025-10-31T23:00:00Z,160.90555555556,60
473,Potencia disponible de generación Turbinación bombeo horizonte horario,2025-12-01T00:00:00.000+01:00,2025-11-30T23:00:00Z,238.9997311828,56
473,Potencia disponible de generación Turbinación bombeo horizonte horario,2025-12-01T00:00:00.000+01:00,2025-11-30T23:00:00Z,186.1686827957,60
473,Potencia disponible de generación Turbinación bombeo horizonte horario,2025-12-01T00:00:00.000+01:00,2025-11-30T23:00:00Z,269.18709677419,41
473,Potencia disponible de generación Turbinación bombeo horizonte horario,2025-12-01T00:00:00.000+01:00,2025-11-30T23:00:00Z,301.59811827957,28
473,Potencia disponible de generación Turbinación bombeo horizonte horario,2025-12-01T00:00:00.000+01:00,2025-11-30T23:00:00Z,1269.79637096774,35
473,Potencia disponible de generación Turbinación bombeo horizonte horario,2025-12-01T00:00:00.000+01:00,2025-11-30T23:00:00Z,337.90551075269,40
473,Potencia disponible de generación Turbinación bombeo horizonte horario,2025-12-01T00:00:00.000+01:00,2025-11-30T23:00:00Z,134.00309139785,27
473,Potencia disponible de generación Turbinación bombeo horizonte horario,2026-01-01T00:00:00.000+01:00,2025-12-31T23:00:00Z,265.42204301075,56
473,Potencia disponible de generación Turbinación bombeo horizonte horario,2026-01-01T00:00:00.000+01:00,2025-12-31T23:00:00Z,292.06209677419,41
473,Potencia disponible de generación Turbinación bombeo horizonte horario,2026-01-01T00:00:00.000+01:00,2025-12-31T23:00:00Z,324.95497311828,40
473,Potencia disponible de generación Turbinación bombeo horizonte horario,2026-01-01T00:00:00.000+01:00,2025-12-31T23:00:00Z,189.36760752688,60
473,Potencia disponible de generación Turbinación bombeo horizonte horario,2026-01-01T00:00:00.000+01:00,2025-12-31T23:00:00Z,303.5626344086,28
473,Potencia disponible de generación Turbinación bombeo horizonte horario,2026-01-01T00:00:00.000+01:00,2025-12-31T23:00:00Z,137.8,27
473,Potencia disponible de generación Turbinación bombeo horizonte horario,2026-01-01T00:00:00.000+01:00,2025-12-31T23:00:00Z,1253.05913978495,35
473,Potencia disponible de generación Turbinación bombeo horizonte horario,2026-02-01T00:00:00.000+01:00,2026-01-31T23:00:00Z,140.77336309524,27
473,Potencia disponible de generación Turbinación bombeo horizonte horario,2026-02-01T00:00:00.000+01:00,2026-01-31T23:00:00Z,188.79211309524,28
473,Potencia disponible de generación Turbinación bombeo horizonte horario,2026-02-01T00:00:00.000+01:00,2026-01-31T23:00:00Z,1156.04270833333,35
473,Potencia disponible de generación Turbinación bombeo horizonte horario,2026-02-01T00:00:00.000+01:00,2026-01-31T23:00:00Z,327.30803571429,40
473,Potencia disponible de generación Turbinación bombeo horizonte horario,2026-02-01T00:00:00.000+01:00,2026-01-31T23:00:00Z,363.54910714286,41
473,Potencia disponible de generación Turbinación bombeo horizonte horario,2026-02-01T00:00:00.000+01:00,2026-01-31T23:00:00Z,257.5244047619,56
473,Potencia disponible de generación Turbinación bombeo horizonte horario,2026-02-01T00:00:00.000+01:00,2026-01-31T23:00:00Z,215.0,60
473,Potencia disponible de generación Turbinación bombeo horizonte horario,2026-03-01T00:00:00.000+01:00,2026-02-28T23:00:00Z,324.37550471063,41
473,Potencia disponible de generación Turbinación bombeo horizonte horario,2026-03-01T00:00:00.000+01:00,2026-02-28T23:00:00Z,210.7535666218,56
473,Potencia disponible de generación Turbinación bombeo horizonte horario,2026-03-01T00:00:00.000+01:00,2026-02-28T23:00:00Z,295.2336473755,40
473,Potencia disponible de generación Turbinación bombeo horizonte horario,2026-03-01T00:00:00.000+01:00,2026-02-28T23:00:00Z,215.0,60
473,Potencia disponible de generación Turbinación bombeo horizonte horario,2026-03-01T00:00:00.000+01:00,2026-02-28T23:00:00Z,189.31453566622,28
473,Potencia disponible de generación Turbinación bombeo horizonte horario,2026-03-01T00:00:00.000+01:00,2026-02-28T23:00:00Z,148.64966352624,27
473,Potencia disponible de generación Turbinación bombeo horizonte horario,2026-03-01T00:00:00.000+01:00,2026-02-28T23:00:00Z,1207.54172274563,35
473,Potencia disponible de generación Turbinación bombeo horizonte horario,2026-04-01T00:00:00.000+02:00,2026-03-31T22:00:00Z,166.12555555556,27
473,Potencia disponible de generación Turbinación bombeo horizonte horario,2026-04-01T00:00:00.000+02:00,2026-03-31T22:00:00Z,202.05430555556,28
473,Potencia disponible de generación Turbinación bombeo horizonte horario,2026-04-01T00:00:00.000+02:00,2026-03-31T22:00:00Z,1195.75805555556,35
473,Potencia disponible de generación Turbinación bombeo horizonte horario,2026-04-01T00:00:00.000+02:00,2026-03-31T22:00:00Z,360.4,40
473,Potencia disponible de generación Turbinación bombeo horizonte horario,2026-04-01T00:00:00.000+02:00,2026-03-31T22:00:00Z,437.8275,41
473,Potencia disponible de generación Turbinación bombeo horizonte horario,2026-04-01T00:00:00.000+02:00,2026-03-31T22:00:00Z,267.61180555556,56
473,Potencia disponible de generación Turbinación bombeo horizonte horario,2026-04-01T00:00:00.000+02:00,2026-03-31T22:00:00Z,199.10694444444,60
473,Potencia disponible de generación Turbinación bombeo horizonte horario,2026-05-01T00:00:00.000+02:00,2026-04-30T22:00:00Z,151.15188172043,60
473,Potencia disponible de generación Turbinación bombeo horizonte horario,2026-05-01T00:00:00.000+02:00,2026-04-30T22:00:00Z,267.93655913978,56
473,Potencia disponible de generación Turbinación bombeo horizonte horario,2026-05-01T00:00:00.000+02:00,2026-04-30T22:00:00Z,393.00725806452,41
473,Potencia disponible de generación Turbinación bombeo horizonte horario,2026-05-01T00:00:00.000+02:00,2026-04-30T22:00:00Z,332.5377688172,40
473,Potencia disponible de generación Turbinación bombeo horizonte horario,2026-05-01T00:00:00.000+02:00,2026-04-30T22:00:00Z,165.87137096774,28
473,Potencia disponible de generación Turbinación bombeo horizonte horario,2026-05-01T00:00:00.000+02:00,2026-04-30T22:00:00Z,108.25819892473,27
473,Potencia disponible de generación Turbinación bombeo horizonte horario,2026-05-01T00:00:00.000+02:00,2026-04-30T22:00:00Z,1254.25362903226,35
473,Potencia disponible de generación Turbinación bombeo horizonte horario,2026-06-01T00:00:00.000+02:00,2026-05-31T22:00:00Z,114.83333333333,27
473,Potencia disponible de generación Turbinación bombeo horizonte horario,2026-06-01T00:00:00.000+02:00,2026-05-31T22:00:00Z,217.30097222222,28
473,Potencia disponible de generación Turbinación bombeo horizonte horario,2026-06-01T00:00:00.000+02:00,2026-05-31T22:00:00Z,1209.51694444444,35
473,Potencia disponible de generación Turbinación bombeo horizonte horario,2026-06-01T00:00:00.000+02:00,2026-05-31T22:00:00Z,359.15277777778,40
473,Potencia disponible de generación Turbinación bombeo horizonte horario,2026-06-01T00:00:00.000+02:00,2026-05-31T22:00:00Z,415.105,41
473,Potencia disponible de generación Turbinación bombeo horizonte horario,2026-06-01T00:00:00.000+02:00,2026-05-31T22:00:00Z,237.72902777778,56
473,Potencia disponible de generación Turbinación bombeo horizonte horario,2026-06-01T00:00:00.000+02:00,2026-05-31T22:00:00Z,158.44166666667,60
473,Potencia disponible de generación Turbinación bombeo horizonte horario,2026-07-01T00:00:00.000+02:00,2026-06-30T22:00:00Z,160.35887096774,60
473,Potencia disponible de generación Turbinación bombeo horizonte horario,2026-07-01T00:00:00.000+02:00,2026-06-30T22:00:00Z,282.00591397849,56
473,Potencia disponible de generación Turbinación bombeo horizonte horario,2026-07-01T00:00:00.000+02:00,2026-06-30T22:00:00Z,380.16774193548,41
473,Potencia disponible de generación Turbinación bombeo horizonte horario,2026-07-01T00:00:00.000+02:00,2026-06-30T22:00:00Z,264.22715053763,28
473,Potencia disponible de generación Turbinación bombeo horizonte horario,2026-07-01T00:00:00.000+02:00,2026-06-30T22:00:00Z,1056.12782258065,35
473,Potencia disponible de generación Turbinación bombeo horizonte horario,2026-07-01T00:00:00.000+02:00,2026-06-30T22:00:00Z,77.22836021505,27
473,Potencia disponible de generación Turbinación bombeo horizonte horario,2026-07-01T00:00:00.000+02:00,2026-06-30T22:00:00Z,358.90309139785,40
473,Potencia disponible de generación Turbinación bombeo horizonte horario,2026-08-01T00:00:00.000+02:00,2026-07-31T22:00:00Z,106.96169354839,27
473,Potencia disponible de generación Turbinación bombeo horizonte horario,2026-08-01T00:00:00.000+02:00,2026-07-31T22:00:00Z,221.91196236559,28
473,Potencia disponible de generación Turbinación bombeo horizonte horario,2026-08-01T00:00:00.000+02:00,2026-07-31T22:00:00Z,915.28803763441,35
473,Potencia disponible de generación Turbinación bombeo horizonte horario,2026-08-01T00:00:00.000+02:00,2026-07-31T22:00:00Z,357.4814516129,40
473,Potencia disponible de generación Turbinación bombeo horizonte horario,2026-08-01T00:00:00.000+02:00,2026-07-31T22:00:00Z,302.98306451613,41
473,Potencia disponible de generación Turbinación bombeo horizonte horario,2026-08-01T00:00:00.000+02:00,2026-07-31T22:00:00Z,258.95483870968,56
473,Potencia disponible de generación Turbinación bombeo horizonte horario,2026-08-01T00:00:00.000+02:00,2026-07-31T22:00:00Z,159.78091397849,60
473,Potencia disponible de generación Turbinación bombeo horizonte horario,2026-09-01T00:00:00.000+02:00,2026-08-31T22:00:00Z,140.40277777778,60
473,Potencia disponible de generación Turbinación bombeo horizonte horario,2026-09-01T00:00:00.000+02:00,2026-08-31T22:00:00Z,279.03166666667,56
473,Potencia disponible de generación Turbinación bombeo horizonte horario,2026-09-01T00:00:00.000+02:00,2026-08-31T22:00:00Z,350.5975,41
473,Potencia disponible de generación Turbinación bombeo horizonte horario,2026-09-01T00:00:00.000+02:00,2026-08-31T22:00:00Z,59.9,28
473,Potencia disponible de generación Turbinación bombeo horizonte horario,2026-09-01T00:00:00.000+02:00,2026-08-31T22:00:00Z,848.60041666667,35
473,Potencia disponible de generación Turbinación bombeo horizonte horario,2026-09-01T00:00:00.000+02:00,2026-08-31T22:00:00Z,117.89555555556,27
473,Potencia disponible de generación Turbinación bombeo horizonte horario,2026-09-01T00:00:00.000+02:00,2026-08-31T22:00:00Z,312.56083333333,40
473,Potencia disponible de generación Turbinación bombeo horizonte horario,2026-10-01T00:00:00.000+02:00,2026-09-30T22:00:00Z,282.2,56
473,Potencia disponible de generación Turbinación bombeo horizonte horario,2026-10-01T00:00:00.000+02:00,2026-09-30T22:00:00Z,118.11428571429,27
473,Potencia disponible de generación Turbinación bombeo horizonte horario,2026-10-01T00:00:00.000+02:00,2026-09-30T22:00:00Z,224.73456221198,28
473,Potencia disponible de generación Turbinación bombeo horizonte horario,2026-10-01T00:00:00.000+02:00,2026-09-30T22:00:00Z,1278.82949308756,35
473,Potencia disponible de generación Turbinación bombeo horizonte horario,2026-10-01T00:00:00.000+02:00,2026-09-30T22:00:00Z,285.07096774194,40
473,Potencia disponible de generación Turbinación bombeo horizonte horario,2026-10-01T00:00:00.000+02:00,2026-09-30T22:00:00Z,418.45437788018,41
473,Potencia disponible de generación Turbinación bombeo horizonte horario,2026-10-01T00:00:00.000+02:00,2026-09-30T22:00:00Z,149.65207373272,60
474,Potencia disponible de generación Nuclear horizonte horario,2025-09-01T00:00:00.000+02:00,2025-08-31T22:00:00Z,982.92793209877,35
474,Potencia disponible de generación Nuclear horizonte horario,2025-09-01T00:00:00.000+02:00,2025-08-31T22:00:00Z,1842.80138888889,37
474,Potencia disponible de generación Nuclear horizonte horario,2025-09-01T00:00:00.000+02:00,2025-08-31T22:00:00Z,2974.59259259259,42
474,Potencia disponible de generación Nuclear horizonte horario,2025-09-01T00:00:00.000+02:00,2025-08-31T22:00:00Z,1003.4,60
474,Potencia disponible de generación Nuclear horizonte horario,2025-10-01T00:00:00.000+02:00,2025-09-30T22:00:00Z,1054.81704697987,35
474,Potencia disponible de generación Nuclear horizonte horario,2025-10-01T00:00:00.000+02:00,2025-09-30T22:00:00Z,1173.30805369128,37
474,Potencia disponible de generación Nuclear horizonte horario,2025-10-01T00:00:00.000+02:00,2025-09-30T22:00:00Z,2757.61476510067,42
474,Potencia disponible de generación Nuclear horizonte horario,2025-10-01T00:00:00.000+02:00,2025-09-30T22:00:00Z,1002.03946308725,60
474,Potencia disponible de generación Nuclear horizonte horario,2025-11-01T00:00:00.000+01:00,2025-10-31T23:00:00Z,1053.74847222222,35
474,Potencia disponible de generación Nuclear horizonte horario,2025-11-01T00:00:00.000+01:00,2025-10-31T23:00:00Z,1563.32416666667,37
474,Potencia disponible de generación Nuclear horizonte horario,2025-11-01T00:00:00.000+01:00,2025-10-31T23:00:00Z,1974.25,42
474,Potencia disponible de generación Nuclear horizonte horario,2025-11-01T00:00:00.000+01:00,2025-10-31T23:00:00Z,1003.4,60
474,Potencia disponible de generación Nuclear horizonte horario,2025-12-01T00:00:00.000+01:00,2025-11-30T23:00:00Z,1002.58440860215,60
474,Potencia disponible de generación Nuclear horizonte horario,2025-12-01T00:00:00.000+01:00,2025-11-30T23:00:00Z,2428.0752688172,42
474,Potencia disponible de generación Nuclear horizonte horario,2025-12-01T00:00:00.000+01:00,2025-11-30T23:00:00Z,1063.9,35
474,Potencia disponible de generación Nuclear horizonte horario,2025-12-01T00:00:00.000+01:00,2025-11-30T23:00:00Z,2017.1,37
474,Potencia disponible de generación Nuclear horizonte horario,2026-01-01T00:00:00.000+01:00,2025-12-31T23:00:00Z,1017.80107526882,35
474,Potencia disponible de generación Nuclear horizonte horario,2026-01-01T00:00:00.000+01:00,2025-12-31T23:00:00Z,2016.93870967742,37
474,Potencia disponible de generación Nuclear horizonte horario,2026-01-01T00:00:00.000+01:00,2025-12-31T23:00:00Z,3032.8,42
474,Potencia disponible de generación Nuclear horizonte horario,2026-01-01T00:00:00.000+01:00,2025-12-31T23:00:00Z,1003.4,60
474,Potencia disponible de generación Nuclear horizonte horario,2026-02-01T00:00:00.000+01:00,2026-01-31T23:00:00Z,1003.4,60
474,Potencia disponible de generación Nuclear horizonte horario,2026-02-01T00:00:00.000+01:00,2026-01-31T23:00:00Z,1046.44836309524,35
474,Potencia disponible de generación Nuclear horizonte horario,2026-02-01T00:00:00.000+01:00,2026-01-31T23:00:00Z,2017.1,37
474,Potencia disponible de generación Nuclear horizonte horario,2026-02-01T00:00:00.000+01:00,2026-01-31T23:00:00Z,3032.8,42
474,Potencia disponible de generación Nuclear horizonte horario,2026-03-01T00:00:00.000+01:00,2026-02-28T23:00:00Z,2853.81641991925,42
474,Potencia disponible de generación Nuclear horizonte horario,2026-03-01T00:00:00.000+01:00,2026-02-28T23:00:00Z,1003.4,60
474,Potencia disponible de generación Nuclear horizonte horario,2026-03-01T00:00:00.000+01:00,2026-02-28T23:00:00Z,1063.9,35
474,Potencia disponible de generación Nuclear horizonte horario,2026-03-01T00:00:00.000+01:00,2026-02-28T23:00:00Z,1409.48559892328,37
474,Potencia disponible de generación Nuclear horizonte horario,2026-04-01T00:00:00.000+02:00,2026-03-31T22:00:00Z,1043.80375,35
474,Potencia disponible de generación Nuclear horizonte horario,2026-04-01T00:00:00.000+02:00,2026-03-31T22:00:00Z,1005.8,37
474,Potencia disponible de generación Nuclear horizonte horario,2026-04-01T00:00:00.000+02:00,2026-03-31T22:00:00Z,3032.8,42
474,Potencia disponible de generación Nuclear horizonte horario,2026-04-01T00:00:00.000+02:00,2026-03-31T22:00:00Z,1000.0525,60
474,Potencia disponible de generación Nuclear horizonte horario,2026-05-01T00:00:00.000+02:00,2026-04-30T22:00:00Z,1063.9,35
474,Potencia disponible de generación Nuclear horizonte horario,2026-05-01T00:00:00.000+02:00,2026-04-30T22:00:00Z,1398.4502688172,37
474,Potencia disponible de generación Nuclear horizonte horario,2026-05-01T00:00:00.000+02:00,2026-04-30T22:00:00Z,2286.3064516129,42
474,Potencia disponible de generación Nuclear horizonte horario,2026-05-01T00:00:00.000+02:00,2026-04-30T22:00:00Z,1003.4,60
474,Potencia disponible de generación Nuclear horizonte horario,2026-06-01T00:00:00.000+02:00,2026-05-31T22:00:00Z,1063.9,35
474,Potencia disponible de generación Nuclear horizonte horario,2026-06-01T00:00:00.000+02:00,2026-05-31T22:00:00Z,1730.39833333333,37
474,Potencia disponible de generación Nuclear horizonte horario,2026-06-01T00:00:00.000+02:00,2026-05-31T22:00:00Z,2539.90513888889,42
474,Potencia disponible de generación Nuclear horizonte horario,2026-06-01T00:00:00.000+02:00,2026-05-31T22:00:00Z,1003.4,60
474,Potencia disponible de generación Nuclear horizonte horario,2026-07-01T00:00:00.000+02:00,2026-06-30T22:00:00Z,1002.25295698925,60
474,Potencia disponible de generación Nuclear horizonte horario,2026-07-01T00:00:00.000+02:00,2026-06-30T22:00:00Z,2935.37930107527,42
474,Potencia disponible de generación Nuclear horizonte horario,2026-07-01T00:00:00.000+02:00,2026-06-30T22:00:00Z,1063.86008064516,35
474,Potencia disponible de generación Nuclear horizonte horario,2026-07-01T00:00:00.000+02:00,2026-06-30T22:00:00Z,2017.1,37
474,Potencia disponible de generación Nuclear horizonte horario,2026-08-01T00:00:00.000+02:00,2026-07-31T22:00:00Z,1057.72298387097,35
474,Potencia disponible de generación Nuclear horizonte horario,2026-08-01T00:00:00.000+02:00,2026-07-31T22:00:00Z,1501.93508064516,37
474,Potencia disponible de generación Nuclear horizonte horario,2026-08-01T00:00:00.000+02:00,2026-07-31T22:00:00Z,2949.58064516129,42
474,Potencia disponible de generación Nuclear horizonte horario,2026-08-01T00:00:00.000+02:00,2026-07-31T22:00:00Z,1003.4,60
474,Potencia disponible de generación Nuclear horizonte horario,2026-09-01T00:00:00.000+02:00,2026-08-31T22:00:00Z,1022.96319444444,35
474,Potencia disponible de generación Nuclear horizonte horario,2026-09-01T00:00:00.000+02:00,2026-08-31T22:00:00Z,2016.93333333333,37
474,Potencia disponible de generación Nuclear horizonte horario,2026-09-01T00:00:00.000+02:00,2026-08-31T22:00:00Z,2879.04944444444,42
474,Potencia disponible de generación Nuclear horizonte horario,2026-09-01T00:00:00.000+02:00,2026-08-31T22:00:00Z,1003.4,60
474,Potencia disponible de generación Nuclear horizonte horario,2026-10-01T00:00:00.000+02:00,2026-09-30T22:00:00Z,2992.2465437788,42
474,Potencia disponible de generación Nuclear horizonte horario,2026-10-01T00:00:00.000+02:00,2026-09-30T22:00:00Z,1063.9,35
474,Potencia disponible de generación Nuclear horizonte horario,2026-10-01T00:00:00.000+02:00,2026-09-30T22:00:00Z,2017.1,37
474,Potencia disponible de generación Nuclear horizonte horario,2026-10-01T00:00:00.000+02:00,2026-09-30T22:00:00Z,1003.4,60
475,Potencia disponible de generación Hulla antracita horizonte horario,2025-09-01T00:00:00.000+02:00,2025-08-31T22:00:00Z,346.2,71
475,Potencia disponible de generación Hulla antracita horizonte horario,2025-10-01T00:00:00.000+02:00,2025-09-30T22:00:00Z,346.2,71
475,Potencia disponible de generación Hulla antracita horizonte horario,2025-11-01T00:00:00.000+01:00,2025-10-31T23:00:00Z,346.2,71
475,Potencia disponible de generación Hulla antracita horizonte horario,2025-12-01T00:00:00.000+01:00,2025-11-30T23:00:00Z,345.43064516129,71
475,Potencia disponible de generación Hulla antracita horizonte horario,2026-01-01T00:00:00.000+01:00,2025-12-31T23:00:00Z,346.2,71
475,Potencia disponible de generación Hulla antracita horizonte horario,2026-02-01T00:00:00.000+01:00,2026-01-31T23:00:00Z,346.2,71
475,Potencia disponible de generación Hulla antracita horizonte horario,2026-03-01T00:00:00.000+01:00,2026-02-28T23:00:00Z,345.78788694482,71
475,Potencia disponible de generación Hulla antracita horizonte horario,2026-04-01T00:00:00.000+02:00,2026-03-31T22:00:00Z,345.905,71
475,Potencia disponible de generación Hulla antracita horizonte horario,2026-05-01T00:00:00.000+02:00,2026-04-30T22:00:00Z,344.80241935484,71
475,Potencia disponible de generación Hulla antracita horizonte horario,2026-06-01T00:00:00.000+02:00,2026-05-31T22:00:00Z,346.2,71
475,Potencia disponible de generación Hulla antracita horizonte horario,2026-07-01T00:00:00.000+02:00,2026-06-30T22:00:00Z,324.15241935484,71
475,Potencia disponible de generación Hulla antracita horizonte horario,2026-08-01T00:00:00.000+02:00,2026-07-31T22:00:00Z,346.2,71
475,Potencia disponible de generación Hulla antracita horizonte horario,2026-09-01T00:00:00.000+02:00,2026-08-31T22:00:00Z,300.21583333333,71
475,Potencia disponible de generación Hulla antracita horizonte horario,2026-10-01T00:00:00.000+02:00,2026-09-30T22:00:00Z,335.56036866359,71
476,Potencia disponible de generación Hulla sub-bituminosa horizonte horario,2025-09-01T00:00:00.000+02:00,2025-08-31T22:00:00Z,350.0,23
476,Potencia disponible de generación Hulla sub-bituminosa horizonte horario,2025-10-01T00:00:00.000+02:00,2025-09-30T22:00:00Z,350.0,23
476,Potencia disponible de generación Hulla sub-bituminosa horizonte horario,2025-11-01T00:00:00.000+01:00,2025-10-31T23:00:00Z,350.0,23
476,Potencia disponible de generación Hulla sub-bituminosa horizonte horario,2025-12-01T00:00:00.000+01:00,2025-11-30T23:00:00Z,350.0,23
476,Potencia disponible de generación Hulla sub-bituminosa horizonte horario,2026-01-01T00:00:00.000+01:00,2025-12-31T23:00:00Z,570.0,23
476,Potencia disponible de generación Hulla sub-bituminosa horizonte horario,2026-02-01T00:00:00.000+01:00,2026-01-31T23:00:00Z,570.0,23
476,Potencia disponible de generación Hulla sub-bituminosa horizonte horario,2026-03-01T00:00:00.000+01:00,2026-02-28T23:00:00Z,570.0,23
477,Potencia disponible de generación Ciclo combinado horizonte horario,2025-09-01T00:00:00.000+02:00,2025-08-31T22:00:00Z,3365.84166666667,23
477,Potencia disponible de generación Ciclo combinado horizonte horario,2025-09-01T00:00:00.000+02:00,2025-08-31T22:00:00Z,2015.22561728395,72
477,Potencia disponible de generación Ciclo combinado horizonte horario,2025-09-01T00:00:00.000+02:00,2025-08-31T22:00:00Z,666.65740740741,71
477,Potencia disponible de generación Ciclo combinado horizonte horario,2025-09-01T00:00:00.000+02:00,2025-08-31T22:00:00Z,1036.26481481481,70
477,Potencia disponible de generación Ciclo combinado horizonte horario,2025-09-01T00:00:00.000+02:00,2025-08-31T22:00:00Z,783.99104938272,68
477,Potencia disponible de generación Ciclo combinado horizonte horario,2025-09-01T00:00:00.000+02:00,2025-08-31T22:00:00Z,433.49537037037,61
477,Potencia disponible de generación Ciclo combinado horizonte horario,2025-09-01T00:00:00.000+02:00,2025-08-31T22:00:00Z,415.5,56
477,Potencia disponible de generación Ciclo combinado horizonte horario,2025-09-01T00:00:00.000+02:00,2025-08-31T22:00:00Z,1227.40277777778,50
477,Potencia disponible de generación Ciclo combinado horizonte horario,2025-09-01T00:00:00.000+02:00,2025-08-31T22:00:00Z,1574.00910493827,67
477,Potencia disponible de generación Ciclo combinado horizonte horario,2025-09-01T00:00:00.000+02:00,2025-08-31T22:00:00Z,1040.29521604938,39
477,Potencia disponible de generación Ciclo combinado horizonte horario,2025-09-01T00:00:00.000+02:00,2025-08-31T22:00:00Z,790.6,38
477,Potencia disponible de generación Ciclo combinado horizonte horario,2025-09-01T00:00:00.000+02:00,2025-08-31T22:00:00Z,1231.57577160494,35
477,Potencia disponible de generación Ciclo combinado horizonte horario,2025-09-01T00:00:00.000+02:00,2025-08-31T22:00:00Z,1612.0362654321,34
477,Potencia disponible de generación Ciclo combinado horizonte horario,2025-09-01T00:00:00.000+02:00,2025-08-31T22:00:00Z,1177.85478395062,32
477,Potencia disponible de generación Ciclo combinado horizonte horario,2025-09-01T00:00:00.000+02:00,2025-08-31T22:00:00Z,1160.94398148148,26
477,Potencia disponible de generación Ciclo combinado horizonte horario,2025-09-01T00:00:00.000+02:00,2025-08-31T22:00:00Z,416.9,42
477,Potencia disponible de generación Ciclo combinado horizonte horario,2025-10-01T00:00:00.000+02:00,2025-09-30T22:00:00Z,415.5,56
477,Potencia disponible de generación Ciclo combinado horizonte horario,2025-10-01T00:00:00.000+02:00,2025-09-30T22:00:00Z,2022.50993288591,72
477,Potencia disponible de generación Ciclo combinado horizonte horario,2025-10-01T00:00:00.000+02:00,2025-09-30T22:00:00Z,854.1,71
477,Potencia disponible de generación Ciclo combinado horizonte horario,2025-10-01T00:00:00.000+02:00,2025-09-30T22:00:00Z,1266.64013422819,70
477,Potencia disponible de generación Ciclo combinado horizonte horario,2025-10-01T00:00:00.000+02:00,2025-09-30T22:00:00Z,784.6,68
477,Potencia disponible de generación Ciclo combinado horizonte horario,2025-10-01T00:00:00.000+02:00,2025-09-30T22:00:00Z,372.6,61
477,Potencia disponible de generación Ciclo combinado horizonte horario,2025-10-01T00:00:00.000+02:00,2025-09-30T22:00:00Z,1169.33865771812,50
477,Potencia disponible de generación Ciclo combinado horizonte horario,2025-10-01T00:00:00.000+02:00,2025-09-30T22:00:00Z,1930.78577181208,67
477,Potencia disponible de generación Ciclo combinado horizonte horario,2025-10-01T00:00:00.000+02:00,2025-09-30T22:00:00Z,813.58563758389,39
477,Potencia disponible de generación Ciclo combinado horizonte horario,2025-10-01T00:00:00.000+02:00,2025-09-30T22:00:00Z,790.6,38
477,Potencia disponible de generación Ciclo combinado horizonte horario,2025-10-01T00:00:00.000+02:00,2025-09-30T22:00:00Z,1169.63906040268,35
477,Potencia disponible de generación Ciclo combinado horizonte horario,2025-10-01T00:00:00.000+02:00,2025-09-30T22:00:00Z,1573.09382550336,34
477,Potencia disponible de generación Ciclo combinado horizonte horario,2025-10-01T00:00:00.000+02:00,2025-09-30T22:00:00Z,1113.26590604027,32
477,Potencia disponible de generación Ciclo combinado horizonte horario,2025-10-01T00:00:00.000+02:00,2025-09-30T22:00:00Z,1163.65100671141,26
477,Potencia disponible de generación Ciclo combinado horizonte horario,2025-10-01T00:00:00.000+02:00,2025-09-30T22:00:00Z,3745.47208053691,23
477,Potencia disponible de generación Ciclo combinado horizonte horario,2025-10-01T00:00:00.000+02:00,2025-09-30T22:00:00Z,526.81154362416,42
477,Potencia disponible de generación Ciclo combinado horizonte horario,2025-11-01T00:00:00.000+01:00,2025-10-31T23:00:00Z,1980.95472222222,72
477,Potencia disponible de generación Ciclo combinado horizonte horario,2025-11-01T00:00:00.000+01:00,2025-10-31T23:00:00Z,854.1,71
477,Potencia disponible de generación Ciclo combinado horizonte horario,2025-11-01T00:00:00.000+01:00,2025-10-31T23:00:00Z,977.66333333333,70
477,Potencia disponible de generación Ciclo combinado horizonte horario,2025-11-01T00:00:00.000+01:00,2025-10-31T23:00:00Z,784.6,68
477,Potencia disponible de generación Ciclo combinado horizonte horario,2025-11-01T00:00:00.000+01:00,2025-10-31T23:00:00Z,1734.72486111111,67
477,Potencia disponible de generación Ciclo combinado horizonte horario,2025-11-01T00:00:00.000+01:00,2025-10-31T23:00:00Z,372.6,61
477,Potencia disponible de generación Ciclo combinado horizonte horario,2025-11-01T00:00:00.000+01:00,2025-10-31T23:00:00Z,404.23541666667,56
477,Potencia disponible de generación Ciclo combinado horizonte horario,2025-11-01T00:00:00.000+01:00,2025-10-31T23:00:00Z,1090.04,50
477,Potencia disponible de generación Ciclo combinado horizonte horario,2025-11-01T00:00:00.000+01:00,2025-10-31T23:00:00Z,784.13972222222,42
477,Potencia disponible de generación Ciclo combinado horizonte horario,2025-11-01T00:00:00.000+01:00,2025-10-31T23:00:00Z,790.6,38
477,Potencia disponible de generación Ciclo combinado horizonte horario,2025-11-01T00:00:00.000+01:00,2025-10-31T23:00:00Z,1110.63083333333,35
477,Potencia disponible de generación Ciclo combinado horizonte horario,2025-11-01T00:00:00.000+01:00,2025-10-31T23:00:00Z,1583.73555555556,34
477,Potencia disponible de generación Ciclo combinado horizonte horario,2025-11-01T00:00:00.000+01:00,2025-10-31T23:00:00Z,1132.21305555556,32
477,Potencia disponible de generación Ciclo combinado horizonte horario,2025-11-01T00:00:00.000+01:00,2025-10-31T23:00:00Z,1161.39583333333,26
477,Potencia disponible de generación Ciclo combinado horizonte horario,2025-11-01T00:00:00.000+01:00,2025-10-31T23:00:00Z,3543.82569444444,23
477,Potencia disponible de generación Ciclo combinado horizonte horario,2025-11-01T00:00:00.000+01:00,2025-10-31T23:00:00Z,938.70319444444,39
477,Potencia disponible de generación Ciclo combinado horizonte horario,2025-12-01T00:00:00.000+01:00,2025-11-30T23:00:00Z,413.94556451613,56
477,Potencia disponible de generación Ciclo combinado horizonte horario,2025-12-01T00:00:00.000+01:00,2025-11-30T23:00:00Z,2042.37405913979,72
477,Potencia disponible de generación Ciclo combinado horizonte horario,2025-12-01T00:00:00.000+01:00,2025-11-30T23:00:00Z,824.37325268817,71
477,Potencia disponible de generación Ciclo combinado horizonte horario,2025-12-01T00:00:00.000+01:00,2025-11-30T23:00:00Z,1574.9,70
477,Potencia disponible de generación Ciclo combinado horizonte horario,2025-12-01T00:00:00.000+01:00,2025-11-30T23:00:00Z,784.6,68
477,Potencia disponible de generación Ciclo combinado horizonte horario,2025-12-01T00:00:00.000+01:00,2025-11-30T23:00:00Z,1979.41666666667,67
477,Potencia disponible de generación Ciclo combinado horizonte horario,2025-12-01T00:00:00.000+01:00,2025-11-30T23:00:00Z,367.49032258065,61
477,Potencia disponible de generación Ciclo combinado horizonte horario,2025-12-01T00:00:00.000+01:00,2025-11-30T23:00:00Z,590.15698924731,50
477,Potencia disponible de generación Ciclo combinado horizonte horario,2025-12-01T00:00:00.000+01:00,2025-11-30T23:00:00Z,1606.96801075269,34
477,Potencia disponible de generación Ciclo combinado horizonte horario,2025-12-01T00:00:00.000+01:00,2025-11-30T23:00:00Z,1072.58588709677,39
477,Potencia disponible de generación Ciclo combinado horizonte horario,2025-12-01T00:00:00.000+01:00,2025-11-30T23:00:00Z,790.6,38
477,Potencia disponible de generación Ciclo combinado horizonte horario,2025-12-01T00:00:00.000+01:00,2025-11-30T23:00:00Z,1232.1,35
477,Potencia disponible de generación Ciclo combinado horizonte horario,2025-12-01T00:00:00.000+01:00,2025-11-30T23:00:00Z,809.06975806452,42
477,Potencia disponible de generación Ciclo combinado horizonte horario,2025-12-01T00:00:00.000+01:00,2025-11-30T23:00:00Z,1222.2,32
477,Potencia disponible de generación Ciclo combinado horizonte horario,2025-12-01T00:00:00.000+01:00,2025-11-30T23:00:00Z,1402.69475806452,26
477,Potencia disponible de generación Ciclo combinado horizonte horario,2025-12-01T00:00:00.000+01:00,2025-11-30T23:00:00Z,3764.24099462366,23
477,Potencia disponible de generación Ciclo combinado horizonte horario,2026-01-01T00:00:00.000+01:00,2025-12-31T23:00:00Z,854.1,71
477,Potencia disponible de generación Ciclo combinado horizonte horario,2026-01-01T00:00:00.000+01:00,2025-12-31T23:00:00Z,1522.68602150538,70
477,Potencia disponible de generación Ciclo combinado horizonte horario,2026-01-01T00:00:00.000+01:00,2025-12-31T23:00:00Z,784.6,68
477,Potencia disponible de generación Ciclo combinado horizonte horario,2026-01-01T00:00:00.000+01:00,2025-12-31T23:00:00Z,1910.06989247312,67
477,Potencia disponible de generación Ciclo combinado horizonte horario,2026-01-01T00:00:00.000+01:00,2025-12-31T23:00:00Z,561.69005376344,61
477,Potencia disponible de generación Ciclo combinado horizonte horario,2026-01-01T00:00:00.000+01:00,2025-12-31T23:00:00Z,415.5,56
477,Potencia disponible de generación Ciclo combinado horizonte horario,2026-01-01T00:00:00.000+01:00,2025-12-31T23:00:00Z,604.31612903226,50
477,Potencia disponible de generación Ciclo combinado horizonte horario,2026-01-01T00:00:00.000+01:00,2025-12-31T23:00:00Z,2466.9,72
477,Potencia disponible de generación Ciclo combinado horizonte horario,2026-01-01T00:00:00.000+01:00,2025-12-31T23:00:00Z,1078.9,39
477,Potencia disponible de generación Ciclo combinado horizonte horario,2026-01-01T00:00:00.000+01:00,2025-12-31T23:00:00Z,774.83830645161,38
477,Potencia disponible de generación Ciclo combinado horizonte horario,2026-01-01T00:00:00.000+01:00,2025-12-31T23:00:00Z,1223.83991935484,35
477,Potencia disponible de generación Ciclo combinado horizonte horario,2026-01-01T00:00:00.000+01:00,2025-12-31T23:00:00Z,1608.32056451613,34
477,Potencia disponible de generación Ciclo combinado horizonte horario,2026-01-01T00:00:00.000+01:00,2025-12-31T23:00:00Z,1218.42715053763,32
477,Potencia disponible de generación Ciclo combinado horizonte horario,2026-01-01T00:00:00.000+01:00,2025-12-31T23:00:00Z,1544.09758064516,26
477,Potencia disponible de generación Ciclo combinado horizonte horario,2026-01-01T00:00:00.000+01:00,2025-12-31T23:00:00Z,3481.34166666667,23
477,Potencia disponible de generación Ciclo combinado horizonte horario,2026-01-01T00:00:00.000+01:00,2025-12-31T23:00:00Z,745.72688172043,42
477,Potencia disponible de generación Ciclo combinado horizonte horario,2026-02-01T00:00:00.000+01:00,2026-01-31T23:00:00Z,1778.92797619048,72
477,Potencia disponible de generación Ciclo combinado horizonte horario,2026-02-01T00:00:00.000+01:00,2026-01-31T23:00:00Z,717.17142857143,71
477,Potencia disponible de generación Ciclo combinado horizonte horario,2026-02-01T00:00:00.000+01:00,2026-01-31T23:00:00Z,1725.87738095238,70
477,Potencia disponible de generación Ciclo combinado horizonte horario,2026-02-01T00:00:00.000+01:00,2026-01-31T23:00:00Z,771.21071428571,68
477,Potencia disponible de generación Ciclo combinado horizonte horario,2026-02-01T00:00:00.000+01:00,2026-01-31T23:00:00Z,1509.453125,67
477,Potencia disponible de generación Ciclo combinado horizonte horario,2026-02-01T00:00:00.000+01:00,2026-01-31T23:00:00Z,751.76696428571,61
477,Potencia disponible de generación Ciclo combinado horizonte horario,2026-02-01T00:00:00.000+01:00,2026-01-31T23:00:00Z,415.5,56
477,Potencia disponible de generación Ciclo combinado horizonte horario,2026-02-01T00:00:00.000+01:00,2026-01-31T23:00:00Z,452.16443452381,50
477,Potencia disponible de generación Ciclo combinado horizonte horario,2026-02-01T00:00:00.000+01:00,2026-01-31T23:00:00Z,608.80148809524,42
477,Potencia disponible de generación Ciclo combinado horizonte horario,2026-02-01T00:00:00.000+01:00,2026-01-31T23:00:00Z,790.6,38
477,Potencia disponible de generación Ciclo combinado horizonte horario,2026-02-01T00:00:00.000+01:00,2026-01-31T23:00:00Z,1012.61785714286,35
477,Potencia disponible de generación Ciclo combinado horizonte horario,2026-02-01T00:00:00.000+01:00,2026-01-31T23:00:00Z,899.334375,34
477,Potencia disponible de generación Ciclo combinado horizonte horario,2026-02-01T00:00:00.000+01:00,2026-01-31T23:00:00Z,958.51785714286,32
477,Potencia disponible de generación Ciclo combinado horizonte horario,2026-02-01T00:00:00.000+01:00,2026-01-31T23:00:00Z,988.30267857143,26
477,Potencia disponible de generación Ciclo combinado horizonte horario,2026-02-01T00:00:00.000+01:00,2026-01-31T23:00:00Z,2878.06845238095,23
477,Potencia disponible de generación Ciclo combinado horizonte horario,2026-02-01T00:00:00.000+01:00,2026-01-31T23:00:00Z,1077.02678571429,39
477,Potencia disponible de generación Ciclo combinado horizonte horario,2026-03-01T00:00:00.000+01:00,2026-02-28T23:00:00Z,415.5,56
477,Potencia disponible de generación Ciclo combinado horizonte horario,2026-03-01T00:00:00.000+01:00,2026-02-28T23:00:00Z,427.73916554509,71
477,Potencia disponible de generación Ciclo combinado horizonte horario,2026-03-01T00:00:00.000+01:00,2026-02-28T23:00:00Z,1755.22839838493,70
477,Potencia disponible de generación Ciclo combinado horizonte horario,2026-03-01T00:00:00.000+01:00,2026-02-28T23:00:00Z,756.45222072678,68
477,Potencia disponible de generación Ciclo combinado horizonte horario,2026-03-01T00:00:00.000+01:00,2026-02-28T23:00:00Z,1081.60524899058,67
477,Potencia disponible de generación Ciclo combinado horizonte horario,2026-03-01T00:00:00.000+01:00,2026-02-28T23:00:00Z,737.98519515478,61
477,Potencia disponible de generación Ciclo combinado horizonte horario,2026-03-01T00:00:00.000+01:00,2026-02-28T23:00:00Z,777.64253028264,50
477,Potencia disponible de generación Ciclo combinado horizonte horario,2026-03-01T00:00:00.000+01:00,2026-02-28T23:00:00Z,2428.16352624495,72
477,Potencia disponible de generación Ciclo combinado horizonte horario,2026-03-01T00:00:00.000+01:00,2026-02-28T23:00:00Z,1043.01049798116,39
477,Potencia disponible de generación Ciclo combinado horizonte horario,2026-03-01T00:00:00.000+01:00,2026-02-28T23:00:00Z,790.6,38
477,Potencia disponible de generación Ciclo combinado horizonte horario,2026-03-01T00:00:00.000+01:00,2026-02-28T23:00:00Z,1006.23593539704,35
477,Potencia disponible de generación Ciclo combinado horizonte horario,2026-03-01T00:00:00.000+01:00,2026-02-28T23:00:00Z,827.39851951548,34
477,Potencia disponible de generación Ciclo combinado horizonte horario,2026-03-01T00:00:00.000+01:00,2026-02-28T23:00:00Z,1051.94858681023,32
477,Potencia disponible de generación Ciclo combinado horizonte horario,2026-03-01T00:00:00.000+01:00,2026-02-28T23:00:00Z,1417.69057873486,26
477,Potencia disponible de generación Ciclo combinado horizonte horario,2026-03-01T00:00:00.000+01:00,2026-02-28T23:00:00Z,2873.33270524899,23
477,Potencia disponible de generación Ciclo combinado horizonte horario,2026-03-01T00:00:00.000+01:00,2026-02-28T23:00:00Z,604.21413189771,42
477,Potencia disponible de generación Ciclo combinado horizonte horario,2026-04-01T00:00:00.000+02:00,2026-03-31T22:00:00Z,2414.15791666667,72
477,Potencia disponible de generación Ciclo combinado horizonte horario,2026-04-01T00:00:00.000+02:00,2026-03-31T22:00:00Z,632.87222222222,71
477,Potencia disponible de generación Ciclo combinado horizonte horario,2026-04-01T00:00:00.000+02:00,2026-03-31T22:00:00Z,1888.63833333333,70
477,Potencia disponible de generación Ciclo combinado horizonte horario,2026-04-01T00:00:00.000+02:00,2026-03-31T22:00:00Z,390.0,68
477,Potencia disponible de generación Ciclo combinado horizonte horario,2026-04-01T00:00:00.000+02:00,2026-03-31T22:00:00Z,1205.96527777778,67
477,Potencia disponible de generación Ciclo combinado horizonte horario,2026-04-01T00:00:00.000+02:00,2026-03-31T22:00:00Z,758.6,61
477,Potencia disponible de generación Ciclo combinado horizonte horario,2026-04-01T00:00:00.000+02:00,2026-03-31T22:00:00Z,415.5,56
477,Potencia disponible de generación Ciclo combinado horizonte horario,2026-04-01T00:00:00.000+02:00,2026-03-31T22:00:00Z,791.6,50
477,Potencia disponible de generación Ciclo combinado horizonte horario,2026-04-01T00:00:00.000+02:00,2026-03-31T22:00:00Z,807.73888888889,42
477,Potencia disponible de generación Ciclo combinado horizonte horario,2026-04-01T00:00:00.000+02:00,2026-03-31T22:00:00Z,1076.87416666667,39
477,Potencia disponible de generación Ciclo combinado horizonte horario,2026-04-01T00:00:00.000+02:00,2026-03-31T22:00:00Z,790.6,38
477,Potencia disponible de generación Ciclo combinado horizonte horario,2026-04-01T00:00:00.000+02:00,2026-03-31T22:00:00Z,1232.1,35
477,Potencia disponible de generación Ciclo combinado horizonte horario,2026-04-01T00:00:00.000+02:00,2026-03-31T22:00:00Z,1219.14805555556,34
477,Potencia disponible de generación Ciclo combinado horizonte horario,2026-04-01T00:00:00.000+02:00,2026-03-31T22:00:00Z,1217.99,32
477,Potencia disponible de generación Ciclo combinado horizonte horario,2026-04-01T00:00:00.000+02:00,2026-03-31T22:00:00Z,1557.7,26
477,Potencia disponible de generación Ciclo combinado horizonte horario,2026-04-01T00:00:00.000+02:00,2026-03-31T22:00:00Z,3694.41222222222,23
477,Potencia disponible de generación Ciclo combinado horizonte horario,2026-05-01T00:00:00.000+02:00,2026-04-30T22:00:00Z,2229.58548387097,72
477,Potencia disponible de generación Ciclo combinado horizonte horario,2026-05-01T00:00:00.000+02:00,2026-04-30T22:00:00Z,733.60403225806,71
477,Potencia disponible de generación Ciclo combinado horizonte horario,2026-05-01T00:00:00.000+02:00,2026-04-30T22:00:00Z,1703.6748655914,70
477,Potencia disponible de generación Ciclo combinado horizonte horario,2026-05-01T00:00:00.000+02:00,2026-04-30T22:00:00Z,402.72903225806,68
477,Potencia disponible de generación Ciclo combinado horizonte horario,2026-05-01T00:00:00.000+02:00,2026-04-30T22:00:00Z,1889.85752688172,67
477,Potencia disponible de generación Ciclo combinado horizonte horario,2026-05-01T00:00:00.000+02:00,2026-04-30T22:00:00Z,753.59193548387,61
477,Potencia disponible de generación Ciclo combinado horizonte horario,2026-05-01T00:00:00.000+02:00,2026-04-30T22:00:00Z,415.5,56
477,Potencia disponible de generación Ciclo combinado horizonte horario,2026-05-01T00:00:00.000+02:00,2026-04-30T22:00:00Z,791.6,50
477,Potencia disponible de generación Ciclo combinado horizonte horario,2026-05-01T00:00:00.000+02:00,2026-04-30T22:00:00Z,813.52916666667,42
477,Potencia disponible de generación Ciclo combinado horizonte horario,2026-05-01T00:00:00.000+02:00,2026-04-30T22:00:00Z,912.24892473118,39
477,Potencia disponible de generación Ciclo combinado horizonte horario,2026-05-01T00:00:00.000+02:00,2026-04-30T22:00:00Z,790.6,38
477,Potencia disponible de generación Ciclo combinado horizonte horario,2026-05-01T00:00:00.000+02:00,2026-04-30T22:00:00Z,1229.89247311828,35
477,Potencia disponible de generación Ciclo combinado horizonte horario,2026-05-01T00:00:00.000+02:00,2026-04-30T22:00:00Z,838.17688172043,34
477,Potencia disponible de generación Ciclo combinado horizonte horario,2026-05-01T00:00:00.000+02:00,2026-04-30T22:00:00Z,1048.10067204301,32
477,Potencia disponible de generación Ciclo combinado horizonte horario,2026-05-01T00:00:00.000+02:00,2026-04-30T22:00:00Z,1358.17163978495,26
477,Potencia disponible de generación Ciclo combinado horizonte horario,2026-05-01T00:00:00.000+02:00,2026-04-30T22:00:00Z,3442.3747311828,23
477,Potencia disponible de generación Ciclo combinado horizonte horario,2026-06-01T00:00:00.000+02:00,2026-05-31T22:00:00Z,2294.92097222222,72
477,Potencia disponible de generación Ciclo combinado horizonte horario,2026-06-01T00:00:00.000+02:00,2026-05-31T22:00:00Z,815.64875,71
477,Potencia disponible de generación Ciclo combinado horizonte horario,2026-06-01T00:00:00.000+02:00,2026-05-31T22:00:00Z,1781.46166666667,70
477,Potencia disponible de generación Ciclo combinado horizonte horario,2026-06-01T00:00:00.000+02:00,2026-05-31T22:00:00Z,723.21222222222,68
477,Potencia disponible de generación Ciclo combinado horizonte horario,2026-06-01T00:00:00.000+02:00,2026-05-31T22:00:00Z,2036.32555555556,67
477,Potencia disponible de generación Ciclo combinado horizonte horario,2026-06-01T00:00:00.000+02:00,2026-05-31T22:00:00Z,757.62888888889,61
477,Potencia disponible de generación Ciclo combinado horizonte horario,2026-06-01T00:00:00.000+02:00,2026-05-31T22:00:00Z,414.99236111111,56
477,Potencia disponible de generación Ciclo combinado horizonte horario,2026-06-01T00:00:00.000+02:00,2026-05-31T22:00:00Z,789.37611111111,50
477,Potencia disponible de generación Ciclo combinado horizonte horario,2026-06-01T00:00:00.000+02:00,2026-05-31T22:00:00Z,545.22055555556,39
477,Potencia disponible de generación Ciclo combinado horizonte horario,2026-06-01T00:00:00.000+02:00,2026-05-31T22:00:00Z,790.6,38
477,Potencia disponible de generación Ciclo combinado horizonte horario,2026-06-01T00:00:00.000+02:00,2026-05-31T22:00:00Z,1169.54013888889,35
477,Potencia disponible de generación Ciclo combinado horizonte horario,2026-06-01T00:00:00.000+02:00,2026-05-31T22:00:00Z,793.51833333333,34
477,Potencia disponible de generación Ciclo combinado horizonte horario,2026-06-01T00:00:00.000+02:00,2026-05-31T22:00:00Z,1180.50555555556,32
477,Potencia disponible de generación Ciclo combinado horizonte horario,2026-06-01T00:00:00.000+02:00,2026-05-31T22:00:00Z,1231.11708333333,26
477,Potencia disponible de generación Ciclo combinado horizonte horario,2026-06-01T00:00:00.000+02:00,2026-05-31T22:00:00Z,3529.55013888889,23
477,Potencia disponible de generación Ciclo combinado horizonte horario,2026-06-01T00:00:00.000+02:00,2026-05-31T22:00:00Z,830.9,42
477,Potencia disponible de generación Ciclo combinado horizonte horario,2026-07-01T00:00:00.000+02:00,2026-06-30T22:00:00Z,408.74099462366,56
477,Potencia disponible de generación Ciclo combinado horizonte horario,2026-07-01T00:00:00.000+02:00,2026-06-30T22:00:00Z,851.23709677419,71
477,Potencia disponible de generación Ciclo combinado horizonte horario,2026-07-01T00:00:00.000+02:00,2026-06-30T22:00:00Z,1967.03440860215,70
477,Potencia disponible de generación Ciclo combinado horizonte horario,2026-07-01T00:00:00.000+02:00,2026-06-30T22:00:00Z,784.6,68
477,Potencia disponible de generación Ciclo combinado horizonte horario,2026-07-01T00:00:00.000+02:00,2026-06-30T22:00:00Z,2439.87768817204,72
477,Potencia disponible de generación Ciclo combinado horizonte horario,2026-07-01T00:00:00.000+02:00,2026-06-30T22:00:00Z,2238.45336021505,67
477,Potencia disponible de generación Ciclo combinado horizonte horario,2026-07-01T00:00:00.000+02:00,2026-06-30T22:00:00Z,714.41559139785,61
477,Potencia disponible de generación Ciclo combinado horizonte horario,2026-07-01T00:00:00.000+02:00,2026-06-30T22:00:00Z,769.70725806452,50
477,Potencia disponible de generación Ciclo combinado horizonte horario,2026-07-01T00:00:00.000+02:00,2026-06-30T22:00:00Z,1131.99690860215,34
477,Potencia disponible de generación Ciclo combinado horizonte horario,2026-07-01T00:00:00.000+02:00,2026-06-30T22:00:00Z,915.20537634409,39
477,Potencia disponible de generación Ciclo combinado horizonte horario,2026-07-01T00:00:00.000+02:00,2026-06-30T22:00:00Z,790.6,38
477,Potencia disponible de generación Ciclo combinado horizonte horario,2026-07-01T00:00:00.000+02:00,2026-06-30T22:00:00Z,1021.29959677419,35
477,Potencia disponible de generación Ciclo combinado horizonte horario,2026-07-01T00:00:00.000+02:00,2026-06-30T22:00:00Z,1212.86465053763,32
477,Potencia disponible de generación Ciclo combinado horizonte horario,2026-07-01T00:00:00.000+02:00,2026-06-30T22:00:00Z,1539.9375,26
477,Potencia disponible de generación Ciclo combinado horizonte horario,2026-07-01T00:00:00.000+02:00,2026-06-30T22:00:00Z,3387.40752688172,23
477,Potencia disponible de generación Ciclo combinado horizonte horario,2026-07-01T00:00:00.000+02:00,2026-06-30T22:00:00Z,522.08266129032,42
477,Potencia disponible de generación Ciclo combinado horizonte horario,2026-08-01T00:00:00.000+02:00,2026-07-31T22:00:00Z,2361.61505376344,72
477,Potencia disponible de generación Ciclo combinado horizonte horario,2026-08-01T00:00:00.000+02:00,2026-07-31T22:00:00Z,630.56572580645,71
477,Potencia disponible de generación Ciclo combinado horizonte horario,2026-08-01T00:00:00.000+02:00,2026-07-31T22:00:00Z,1788.07056451613,70
477,Potencia disponible de generación Ciclo combinado horizonte horario,2026-08-01T00:00:00.000+02:00,2026-07-31T22:00:00Z,750.52123655914,68
477,Potencia disponible de generación Ciclo combinado horizonte horario,2026-08-01T00:00:00.000+02:00,2026-07-31T22:00:00Z,1566.38602150538,67
477,Potencia disponible de generación Ciclo combinado horizonte horario,2026-08-01T00:00:00.000+02:00,2026-07-31T22:00:00Z,596.69569892473,61
477,Potencia disponible de generación Ciclo combinado horizonte horario,2026-08-01T00:00:00.000+02:00,2026-07-31T22:00:00Z,389.60806451613,56
477,Potencia disponible de generación Ciclo combinado horizonte horario,2026-08-01T00:00:00.000+02:00,2026-07-31T22:00:00Z,760.90080645161,50
477,Potencia disponible de generación Ciclo combinado horizonte horario,2026-08-01T00:00:00.000+02:00,2026-07-31T22:00:00Z,793.39784946237,39
477,Potencia disponible de generación Ciclo combinado horizonte horario,2026-08-01T00:00:00.000+02:00,2026-07-31T22:00:00Z,790.25685483871,38
477,Potencia disponible de generación Ciclo combinado horizonte horario,2026-08-01T00:00:00.000+02:00,2026-07-31T22:00:00Z,846.44112903226,35
477,Potencia disponible de generación Ciclo combinado horizonte horario,2026-08-01T00:00:00.000+02:00,2026-07-31T22:00:00Z,1499.46209677419,34
477,Potencia disponible de generación Ciclo combinado horizonte horario,2026-08-01T00:00:00.000+02:00,2026-07-31T22:00:00Z,1221.05779569892,32
477,Potencia disponible de generación Ciclo combinado horizonte horario,2026-08-01T00:00:00.000+02:00,2026-07-31T22:00:00Z,1427.65241935484,26
477,Potencia disponible de generación Ciclo combinado horizonte horario,2026-08-01T00:00:00.000+02:00,2026-07-31T22:00:00Z,3732.59865591398,23
477,Potencia disponible de generación Ciclo combinado horizonte horario,2026-08-01T00:00:00.000+02:00,2026-07-31T22:00:00Z,408.47190860215,42
477,Potencia disponible de generación Ciclo combinado horizonte horario,2026-09-01T00:00:00.000+02:00,2026-08-31T22:00:00Z,403.38069444444,56
477,Potencia disponible de generación Ciclo combinado horizonte horario,2026-09-01T00:00:00.000+02:00,2026-08-31T22:00:00Z,561.49236111111,71
477,Potencia disponible de generación Ciclo combinado horizonte horario,2026-09-01T00:00:00.000+02:00,2026-08-31T22:00:00Z,1804.1125,70
477,Potencia disponible de generación Ciclo combinado horizonte horario,2026-09-01T00:00:00.000+02:00,2026-08-31T22:00:00Z,783.50388888889,68
477,Potencia disponible de generación Ciclo combinado horizonte horario,2026-09-01T00:00:00.000+02:00,2026-08-31T22:00:00Z,1501.93652777778,67
477,Potencia disponible de generación Ciclo combinado horizonte horario,2026-09-01T00:00:00.000+02:00,2026-08-31T22:00:00Z,1798.74916666667,72
477,Potencia disponible de generación Ciclo combinado horizonte horario,2026-09-01T00:00:00.000+02:00,2026-08-31T22:00:00Z,577.96833333333,61
477,Potencia disponible de generación Ciclo combinado horizonte horario,2026-09-01T00:00:00.000+02:00,2026-08-31T22:00:00Z,728.75291666667,50
477,Potencia disponible de generación Ciclo combinado horizonte horario,2026-09-01T00:00:00.000+02:00,2026-08-31T22:00:00Z,677.79972222222,35
477,Potencia disponible de generación Ciclo combinado horizonte horario,2026-09-01T00:00:00.000+02:00,2026-08-31T22:00:00Z,562.86944444444,39
477,Potencia disponible de generación Ciclo combinado horizonte horario,2026-09-01T00:00:00.000+02:00,2026-08-31T22:00:00Z,790.23472222222,38
477,Potencia disponible de generación Ciclo combinado horizonte horario,2026-09-01T00:00:00.000+02:00,2026-08-31T22:00:00Z,1505.32041666667,34
477,Potencia disponible de generación Ciclo combinado horizonte horario,2026-09-01T00:00:00.000+02:00,2026-08-31T22:00:00Z,1011.74736111111,32
477,Potencia disponible de generación Ciclo combinado horizonte horario,2026-09-01T00:00:00.000+02:00,2026-08-31T22:00:00Z,1323.30138888889,26
477,Potencia disponible de generación Ciclo combinado horizonte horario,2026-09-01T00:00:00.000+02:00,2026-08-31T22:00:00Z,3120.99375,23
477,Potencia disponible de generación Ciclo combinado horizonte horario,2026-09-01T00:00:00.000+02:00,2026-08-31T22:00:00Z,298.98805555556,42
477,Potencia disponible de generación Ciclo combinado horizonte horario,2026-10-01T00:00:00.000+02:00,2026-09-30T22:00:00Z,1968.1,70
477,Potencia disponible de generación Ciclo combinado horizonte horario,2026-10-01T00:00:00.000+02:00,2026-09-30T22:00:00Z,784.6,68
477,Potencia disponible de generación Ciclo combinado horizonte horario,2026-10-01T00:00:00.000+02:00,2026-09-30T22:00:00Z,1577.16820276498,67
477,Potencia disponible de generación Ciclo combinado horizonte horario,2026-10-01T00:00:00.000+02:00,2026-09-30T22:00:00Z,370.37142857143,61
477,Potencia disponible de generación Ciclo combinado horizonte horario,2026-10-01T00:00:00.000+02:00,2026-09-30T22:00:00Z,415.5,56
477,Potencia disponible de generación Ciclo combinado horizonte horario,2026-10-01T00:00:00.000+02:00,2026-09-30T22:00:00Z,745.62396313364,50
477,Potencia disponible de generación Ciclo combinado horizonte horario,2026-10-01T00:00:00.000+02:00,2026-09-30T22:00:00Z,280.0,42
477,Potencia disponible de generación Ciclo combinado horizonte horario,2026-10-01T00:00:00.000+02:00,2026-09-30T22:00:00Z,495.68525345622,35
477,Potencia disponible de generación Ciclo combinado horizonte horario,2026-10-01T00:00:00.000+02:00,2026-09-30T22:00:00Z,790.6,38
477,Potencia disponible de generación Ciclo combinado horizonte horario,2026-10-01T00:00:00.000+02:00,2026-09-30T22:00:00Z,1621.3,34
477,Potencia disponible de generación Ciclo combinado horizonte horario,2026-10-01T00:00:00.000+02:00,2026-09-30T22:00:00Z,502.21198156682,32
477,Potencia disponible de generación Ciclo combinado horizonte horario,2026-10-01T00:00:00.000+02:00,2026-09-30T22:00:00Z,1551.69447004608,26
477,Potencia disponible de generación Ciclo combinado horizonte horario,2026-10-01T00:00:00.000+02:00,2026-09-30T22:00:00Z,3017.79815668203,23
477,Potencia disponible de generación Ciclo combinado horizonte horario,2026-10-01T00:00:00.000+02:00,2026-09-30T22:00:00Z,449.67373271889,71
477,Potencia disponible de generación Ciclo combinado horizonte horario,2026-10-01T00:00:00.000+02:00,2026-09-30T22:00:00Z,135.3,39
477,Potencia disponible de generación Ciclo combinado horizonte horario,2026-10-01T00:00:00.000+02:00,2026-09-30T22:00:00Z,1640.63824884793,72
478,Potencia disponible de generación Fuel horizonte horario,2025-09-01T00:00:00.000+02:00,2025-08-31T22:00:00Z,7.9,34
478,Potencia disponible de generación Fuel horizonte horario,2025-10-01T00:00:00.000+02:00,2025-09-30T22:00:00Z,7.9,34
478,Potencia disponible de generación Fuel horizonte horario,2025-11-01T00:00:00.000+01:00,2025-10-31T23:00:00Z,7.9,34
478,Potencia disponible de generación Fuel horizonte horario,2025-12-01T00:00:00.000+01:00,2025-11-30T23:00:00Z,7.9,34
478,Potencia disponible de generación Fuel horizonte horario,2026-01-01T00:00:00.000+01:00,2025-12-31T23:00:00Z,7.9,34
478,Potencia disponible de generación Fuel horizonte horario,2026-02-01T00:00:00.000+01:00,2026-01-31T23:00:00Z,7.9,34
478,Potencia disponible de generación Fuel horizonte horario,2026-03-01T00:00:00.000+01:00,2026-02-28T23:00:00Z,7.9,34
478,Potencia disponible de generación Fuel horizonte horario,2026-04-01T00:00:00.000+02:00,2026-03-31T22:00:00Z,7.9,34
478,Potencia disponible de generación Fuel horizonte horario,2026-05-01T00:00:00.000+02:00,2026-04-30T22:00:00Z,7.9,34
478,Potencia disponible de generación Fuel horizonte horario,2026-06-01T00:00:00.000+02:00,2026-05-31T22:00:00Z,7.9,34
478,Potencia disponible de generación Fuel horizonte horario,2026-07-01T00:00:00.000+02:00,2026-06-30T22:00:00Z,7.9,34
478,Potencia disponible de generación Fuel horizonte horario,2026-08-01T00:00:00.000+02:00,2026-07-31T22:00:00Z,7.9,34
478,Potencia disponible de generación Fuel horizonte horario,2026-09-01T00:00:00.000+02:00,2026-08-31T22:00:00Z,7.9,34
478,Potencia disponible de generación Fuel horizonte horario,2026-10-01T00:00:00.000+02:00,2026-09-30T22:00:00Z,7.9,34
479,Potencia disponible de generación Gas Natural horizonte horario,2025-09-01T00:00:00.000+02:00,2025-08-31T22:00:00Z,561.8,71
479,Potencia disponible de generación Gas Natural horizonte horario,2025-10-01T00:00:00.000+02:00,2025-09-30T22:00:00Z,561.8,71
479,Potencia disponible de generación Gas Natural horizonte horario,2025-11-01T00:00:00.000+01:00,2025-10-31T23:00:00Z,561.8,71
479,Potencia disponible de generación Gas Natural horizonte horario,2025-12-01T00:00:00.000+01:00,2025-11-30T23:00:00Z,561.8,71
479,Potencia disponible de generación Gas Natural horizonte horario,2026-01-01T00:00:00.000+01:00,2025-12-31T23:00:00Z,535.41397849462,71
479,Potencia disponible de generación Gas Natural horizonte horario,2026-02-01T00:00:00.000+01:00,2026-01-31T23:00:00Z,560.79166666667,71
479,Potencia disponible de generación Gas Natural horizonte horario,2026-03-01T00:00:00.000+01:00,2026-02-28T23:00:00Z,561.8,71
479,Potencia disponible de generación Gas Natural horizonte horario,2026-04-01T00:00:00.000+02:00,2026-03-31T22:00:00Z,561.8,71
479,Potencia disponible de generación Gas Natural horizonte horario,2026-05-01T00:00:00.000+02:00,2026-04-30T22:00:00Z,561.8,71
479,Potencia disponible de generación Gas Natural horizonte horario,2026-06-01T00:00:00.000+02:00,2026-05-31T22:00:00Z,561.8,71
479,Potencia disponible de generación Gas Natural horizonte horario,2026-07-01T00:00:00.000+02:00,2026-06-30T22:00:00Z,561.8,71
479,Potencia disponible de generación Gas Natural horizonte horario,2026-08-01T00:00:00.000+02:00,2026-07-31T22:00:00Z,561.8,71
479,Potencia disponible de generación Gas Natural horizonte horario,2026-09-01T00:00:00.000+02:00,2026-08-31T22:00:00Z,561.8,71
479,Potencia disponible de generación Gas Natural horizonte horario,2026-10-01T00:00:00.000+02:00,2026-09-30T22:00:00Z,561.8,71
1475,Potencia instalada de generación hidráulica,2025-10-01T00:00:00.000+02:00,2025-09-30T22:00:00Z,618.443,4
1475,Potencia instalada de generación hidráulica,2025-10-01T00:00:00.000+02:00,2025-09-30T22:00:00Z,35.478,21
1475,Potencia instalada de generación hidráulica,2025-10-01T00:00:00.000+02:00,2025-09-30T22:00:00Z,52.426,20
1475,Potencia instalada de generación hidráulica,2025-10-01T00:00:00.000+02:00,2025-09-30T22:00:00Z,0.778,19
1475,Potencia instalada de generación hidráulica,2025-10-01T00:00:00.000+02:00,2025-09-30T22:00:00Z,3731.276,17
1475,Potencia instalada de generación hidráulica,2025-10-01T00:00:00.000+02:00,2025-09-30T22:00:00Z,642.037,15
1475,Potencia instalada de generación hidráulica,2025-10-01T00:00:00.000+02:00,2025-09-30T22:00:00Z,236.076,14
1475,Potencia instalada de generación hidráulica,2025-10-01T00:00:00.000+02:00,2025-09-30T22:00:00Z,108.517,13
1475,Potencia instalada de generación hidráulica,2025-10-01T00:00:00.000+02:00,2025-09-30T22:00:00Z,2277.362,16
1475,Potencia instalada de generación hidráulica,2025-10-01T00:00:00.000+02:00,2025-09-30T22:00:00Z,178.423,10
1475,Potencia instalada de generación hidráulica,2025-10-01T00:00:00.000+02:00,2025-09-30T22:00:00Z,1915.099,9
1475,Potencia instalada de generación hidráulica,2025-10-01T00:00:00.000+02:00,2025-09-30T22:00:00Z,4397.601,8
1475,Potencia instalada de generación hidráulica,2025-10-01T00:00:00.000+02:00,2025-09-30T22:00:00Z,648.974,7
1475,Potencia instalada de generación hidráulica,2025-10-01T00:00:00.000+02:00,2025-09-30T22:00:00Z,98.597,6
1475,Potencia instalada de generación hidráulica,2025-10-01T00:00:00.000+02:00,2025-09-30T22:00:00Z,1330.668,5
1475,Potencia instalada de generación hidráulica,2025-10-01T00:00:00.000+02:00,2025-09-30T22:00:00Z,805.66,11
1475,Potencia instalada de generación hidráulica,2025-11-01T00:00:00.000+01:00,2025-10-31T23:00:00Z,236.076,14
1475,Potencia instalada de generación hidráulica,2025-11-01T00:00:00.000+01:00,2025-10-31T23:00:00Z,35.478,21
1475,Potencia instalada de generación hidráulica,2025-11-01T00:00:00.000+01:00,2025-10-31T23:00:00Z,52.426,20
1475,Potencia instalada de generación hidráulica,2025-11-01T00:00:00.000+01:00,2025-10-31T23:00:00Z,0.778,19
1475,Potencia instalada de generación hidráulica,2025-11-01T00:00:00.000+01:00,2025-10-31T23:00:00Z,3731.276,17
1475,Potencia instalada de generación hidráulica,2025-11-01T00:00:00.000+01:00,2025-10-31T23:00:00Z,642.047,15
1475,Potencia instalada de generación hidráulica,2025-11-01T00:00:00.000+01:00,2025-10-31T23:00:00Z,108.517,13
1475,Potencia instalada de generación hidráulica,2025-11-01T00:00:00.000+01:00,2025-10-31T23:00:00Z,2277.362,16
1475,Potencia instalada de generación hidráulica,2025-11-01T00:00:00.000+01:00,2025-10-31T23:00:00Z,178.423,10
1475,Potencia instalada de generación hidráulica,2025-11-01T00:00:00.000+01:00,2025-10-31T23:00:00Z,1915.099,9
1475,Potencia instalada de generación hidráulica,2025-11-01T00:00:00.000+01:00,2025-10-31T23:00:00Z,4397.601,8
1475,Potencia instalada de generación hidráulica,2025-11-01T00:00:00.000+01:00,2025-10-31T23:00:00Z,648.974,7
1475,Potencia instalada de generación hidráulica,2025-11-01T00:00:00.000+01:00,2025-10-31T23:00:00Z,98.597,6
1475,Potencia instalada de generación hidráulica,2025-11-01T00:00:00.000+01:00,2025-10-31T23:00:00Z,1330.668,5
1475,Potencia instalada de generación hidráulica,2025-11-01T00:00:00.000+01:00,2025-10-31T23:00:00Z,622.806,4
1475,Potencia instalada de generación hidráulica,2025-11-01T00:00:00.000+01:00,2025-10-31T23:00:00Z,805.66,11
1475,Potencia instalada de generación hidráulica,2025-12-01T00:00:00.000+01:00,2025-11-30T23:00:00Z,35.478,21
1475,Potencia instalada de generación hidráulica,2025-12-01T00:00:00.000+01:00,2025-11-30T23:00:00Z,52.426,20
1475,Potencia instalada de generación hidráulica,2025-12-01T00:00:00.000+01:00,2025-11-30T23:00:00Z,0.778,19
1475,Potencia instalada de generación hidráulica,2025-12-01T00:00:00.000+01:00,2025-11-30T23:00:00Z,3731.276,17
1475,Potencia instalada de generación hidráulica,2025-12-01T00:00:00.000+01:00,2025-11-30T23:00:00Z,2277.362,16
1475,Potencia instalada de generación hidráulica,2025-12-01T00:00:00.000+01:00,2025-11-30T23:00:00Z,642.047,15
1475,Potencia instalada de generación hidráulica,2025-12-01T00:00:00.000+01:00,2025-11-30T23:00:00Z,236.076,14
1475,Potencia instalada de generación hidráulica,2025-12-01T00:00:00.000+01:00,2025-11-30T23:00:00Z,108.517,13
1475,Potencia instalada de generación hidráulica,2025-12-01T00:00:00.000+01:00,2025-11-30T23:00:00Z,805.66,11
1475,Potencia instalada de generación hidráulica,2025-12-01T00:00:00.000+01:00,2025-11-30T23:00:00Z,1915.099,9
1475,Potencia instalada de generación hidráulica,2025-12-01T00:00:00.000+01:00,2025-11-30T23:00:00Z,4397.601,8
1475,Potencia instalada de generación hidráulica,2025-12-01T00:00:00.000+01:00,2025-11-30T23:00:00Z,648.974,7
1475,Potencia instalada de generación hidráulica,2025-12-01T00:00:00.000+01:00,2025-11-30T23:00:00Z,98.597,6
1475,Potencia instalada de generación hidráulica,2025-12-01T00:00:00.000+01:00,2025-11-30T23:00:00Z,1330.668,5
1475,Potencia instalada de generación hidráulica,2025-12-01T00:00:00.000+01:00,2025-11-30T23:00:00Z,622.806,4
1475,Potencia instalada de generación hidráulica,2025-12-01T00:00:00.000+01:00,2025-11-30T23:00:00Z,178.423,10
1475,Potencia instalada de generación hidráulica,2026-01-01T00:00:00.000+01:00,2025-12-31T23:00:00Z,236.076,14
1475,Potencia instalada de generación hidráulica,2026-01-01T00:00:00.000+01:00,2025-12-31T23:00:00Z,35.478,21
1475,Potencia instalada de generación hidráulica,2026-01-01T00:00:00.000+01:00,2025-12-31T23:00:00Z,52.426,20
1475,Potencia instalada de generación hidráulica,2026-01-01T00:00:00.000+01:00,2025-12-31T23:00:00Z,0.778,19
1475,Potencia instalada de generación hidráulica,2026-01-01T00:00:00.000+01:00,2025-12-31T23:00:00Z,3732.876,17
1475,Potencia instalada de generación hidráulica,2026-01-01T00:00:00.000+01:00,2025-12-31T23:00:00Z,2277.362,16
1475,Potencia instalada de generación hidráulica,2026-01-01T00:00:00.000+01:00,2025-12-31T23:00:00Z,642.047,15
1475,Potencia instalada de generación hidráulica,2026-01-01T00:00:00.000+01:00,2025-12-31T23:00:00Z,108.517,13
1475,Potencia instalada de generación hidráulica,2026-01-01T00:00:00.000+01:00,2025-12-31T23:00:00Z,648.974,7
1475,Potencia instalada de generación hidráulica,2026-01-01T00:00:00.000+01:00,2025-12-31T23:00:00Z,178.423,10
1475,Potencia instalada de generación hidráulica,2026-01-01T00:00:00.000+01:00,2025-12-31T23:00:00Z,1915.099,9
1475,Potencia instalada de generación hidráulica,2026-01-01T00:00:00.000+01:00,2025-12-31T23:00:00Z,4397.601,8
1475,Potencia instalada de generación hidráulica,2026-01-01T00:00:00.000+01:00,2025-12-31T23:00:00Z,805.66,11
1475,Potencia instalada de generación hidráulica,2026-01-01T00:00:00.000+01:00,2025-12-31T23:00:00Z,98.597,6
1475,Potencia instalada de generación hidráulica,2026-01-01T00:00:00.000+01:00,2025-12-31T23:00:00Z,1330.668,5
1475,Potencia instalada de generación hidráulica,2026-01-01T00:00:00.000+01:00,2025-12-31T23:00:00Z,622.806,4
1475,Potencia instalada de generación hidráulica,2026-02-01T00:00:00.000+01:00,2026-01-31T23:00:00Z,34.533,21
1475,Potencia instalada de generación hidráulica,2026-02-01T00:00:00.000+01:00,2026-01-31T23:00:00Z,52.426,20
1475,Potencia instalada de generación hidráulica,2026-02-01T00:00:00.000+01:00,2026-01-31T23:00:00Z,0.778,19
1475,Potencia instalada de generación hidráulica,2026-02-01T00:00:00.000+01:00,2026-01-31T23:00:00Z,3732.876,17
1475,Potencia instalada de generación hidráulica,2026-02-01T00:00:00.000+01:00,2026-01-31T23:00:00Z,2277.362,16
1475,Potencia instalada de generación hidráulica,2026-02-01T00:00:00.000+01:00,2026-01-31T23:00:00Z,642.047,15
1475,Potencia instalada de generación hidráulica,2026-02-01T00:00:00.000+01:00,2026-01-31T23:00:00Z,236.076,14
1475,Potencia instalada de generación hidráulica,2026-02-01T00:00:00.000+01:00,2026-01-31T23:00:00Z,108.517,13
1475,Potencia instalada de generación hidráulica,2026-02-01T00:00:00.000+01:00,2026-01-31T23:00:00Z,178.423,10
1475,Potencia instalada de generación hidráulica,2026-02-01T00:00:00.000+01:00,2026-01-31T23:00:00Z,1915.045,9
1475,Potencia instalada de generación hidráulica,2026-02-01T00:00:00.000+01:00,2026-01-31T23:00:00Z,4397.601,8
1475,Potencia instalada de generación hidráulica,2026-02-01T00:00:00.000+01:00,2026-01-31T23:00:00Z,648.974,7
1475,Potencia instalada de generación hidráulica,2026-02-01T00:00:00.000+01:00,2026-01-31T23:00:00Z,98.597,6
1475,Potencia instalada de generación hidráulica,2026-02-01T00:00:00.000+01:00,2026-01-31T23:00:00Z,1330.668,5
1475,Potencia instalada de generación hidráulica,2026-02-01T00:00:00.000+01:00,2026-01-31T23:00:00Z,622.806,4
1475,Potencia instalada de generación hidráulica,2026-02-01T00:00:00.000+01:00,2026-01-31T23:00:00Z,805.66,11
1475,Potencia instalada de generación hidráulica,2026-03-01T00:00:00.000+01:00,2026-02-28T23:00:00Z,236.076,14
1475,Potencia instalada de generación hidráulica,2026-03-01T00:00:00.000+01:00,2026-02-28T23:00:00Z,34.533,21
1475,Potencia instalada de generación hidráulica,2026-03-01T00:00:00.000+01:00,2026-02-28T23:00:00Z,52.426,20
1475,Potencia instalada de generación hidráulica,2026-03-01T00:00:00.000+01:00,2026-02-28T23:00:00Z,0.778,19
1475,Potencia instalada de generación hidráulica,2026-03-01T00:00:00.000+01:00,2026-02-28T23:00:00Z,3732.876,17
1475,Potencia instalada de generación hidráulica,2026-03-01T00:00:00.000+01:00,2026-02-28T23:00:00Z,2277.362,16
1475,Potencia instalada de generación hidráulica,2026-03-01T00:00:00.000+01:00,2026-02-28T23:00:00Z,642.047,15
1475,Potencia instalada de generación hidráulica,2026-03-01T00:00:00.000+01:00,2026-02-28T23:00:00Z,108.517,13
1475,Potencia instalada de generación hidráulica,2026-03-01T00:00:00.000+01:00,2026-02-28T23:00:00Z,622.806,4
1475,Potencia instalada de generación hidráulica,2026-03-01T00:00:00.000+01:00,2026-02-28T23:00:00Z,178.423,10
1475,Potencia instalada de generación hidráulica,2026-03-01T00:00:00.000+01:00,2026-02-28T23:00:00Z,1915.045,9
1475,Potencia instalada de generación hidráulica,2026-03-01T00:00:00.000+01:00,2026-02-28T23:00:00Z,4397.601,8
1475,Potencia instalada de generación hidráulica,2026-03-01T00:00:00.000+01:00,2026-02-28T23:00:00Z,648.974,7
1475,Potencia instalada de generación hidráulica,2026-03-01T00:00:00.000+01:00,2026-02-28T23:00:00Z,98.597,6
1475,Potencia instalada de generación hidráulica,2026-03-01T00:00:00.000+01:00,2026-02-28T23:00:00Z,1330.668,5
1475,Potencia instalada de generación hidráulica,2026-03-01T00:00:00.000+01:00,2026-02-28T23:00:00Z,805.66,11
1475,Potencia instalada de generación hidráulica,2026-04-01T00:00:00.000+02:00,2026-03-31T22:00:00Z,236.076,14
1475,Potencia instalada de generación hidráulica,2026-04-01T00:00:00.000+02:00,2026-03-31T22:00:00Z,34.533,21
1475,Potencia instalada de generación hidráulica,2026-04-01T00:00:00.000+02:00,2026-03-31T22:00:00Z,52.426,20
1475,Potencia instalada de generación hidráulica,2026-04-01T00:00:00.000+02:00,2026-03-31T22:00:00Z,0.778,19
1475,Potencia instalada de generación hidráulica,2026-04-01T00:00:00.000+02:00,2026-03-31T22:00:00Z,3732.876,17
1475,Potencia instalada de generación hidráulica,2026-04-01T00:00:00.000+02:00,2026-03-31T22:00:00Z,2277.362,16
1475,Potencia instalada de generación hidráulica,2026-04-01T00:00:00.000+02:00,2026-03-31T22:00:00Z,642.047,15
1475,Potencia instalada de generación hidráulica,2026-04-01T00:00:00.000+02:00,2026-03-31T22:00:00Z,108.517,13
1475,Potencia instalada de generación hidráulica,2026-04-01T00:00:00.000+02:00,2026-03-31T22:00:00Z,805.66,11
1475,Potencia instalada de generación hidráulica,2026-04-01T00:00:00.000+02:00,2026-03-31T22:00:00Z,178.423,10
1475,Potencia instalada de generación hidráulica,2026-04-01T00:00:00.000+02:00,2026-03-31T22:00:00Z,1915.045,9
1475,Potencia instalada de generación hidráulica,2026-04-01T00:00:00.000+02:00,2026-03-31T22:00:00Z,4397.601,8
1475,Potencia instalada de generación hidráulica,2026-04-01T00:00:00.000+02:00,2026-03-31T22:00:00Z,648.974,7
1475,Potencia instalada de generación hidráulica,2026-04-01T00:00:00.000+02:00,2026-03-31T22:00:00Z,98.597,6
1475,Potencia instalada de generación hidráulica,2026-04-01T00:00:00.000+02:00,2026-03-31T22:00:00Z,1330.668,5
1475,Potencia instalada de generación hidráulica,2026-04-01T00:00:00.000+02:00,2026-03-31T22:00:00Z,622.806,4
1475,Potencia instalada de generación hidráulica,2026-05-01T00:00:00.000+02:00,2026-04-30T22:00:00Z,52.426,20
1475,Potencia instalada de generación hidráulica,2026-05-01T00:00:00.000+02:00,2026-04-30T22:00:00Z,0.778,19
1475,Potencia instalada de generación hidráulica,2026-05-01T00:00:00.000+02:00,2026-04-30T22:00:00Z,3732.876,17
1475,Potencia instalada de generación hidráulica,2026-05-01T00:00:00.000+02:00,2026-04-30T22:00:00Z,2277.362,16
1475,Potencia instalada de generación hidráulica,2026-05-01T00:00:00.000+02:00,2026-04-30T22:00:00Z,642.047,15
1475,Potencia instalada de generación hidráulica,2026-05-01T00:00:00.000+02:00,2026-04-30T22:00:00Z,236.076,14
1475,Potencia instalada de generación hidráulica,2026-05-01T00:00:00.000+02:00,2026-04-30T22:00:00Z,108.517,13
1475,Potencia instalada de generación hidráulica,2026-05-01T00:00:00.000+02:00,2026-04-30T22:00:00Z,34.533,21
1475,Potencia instalada de generación hidráulica,2026-05-01T00:00:00.000+02:00,2026-04-30T22:00:00Z,178.423,10
1475,Potencia instalada de generación hidráulica,2026-05-01T00:00:00.000+02:00,2026-04-30T22:00:00Z,1915.045,9
1475,Potencia instalada de generación hidráulica,2026-05-01T00:00:00.000+02:00,2026-04-30T22:00:00Z,4397.631,8
1475,Potencia instalada de generación hidráulica,2026-05-01T00:00:00.000+02:00,2026-04-30T22:00:00Z,648.974,7
1475,Potencia instalada de generación hidráulica,2026-05-01T00:00:00.000+02:00,2026-04-30T22:00:00Z,98.597,6
1475,Potencia instalada de generación hidráulica,2026-05-01T00:00:00.000+02:00,2026-04-30T22:00:00Z,1330.668,5
1475,Potencia instalada de generación hidráulica,2026-05-01T00:00:00.000+02:00,2026-04-30T22:00:00Z,622.806,4
1475,Potencia instalada de generación hidráulica,2026-05-01T00:00:00.000+02:00,2026-04-30T22:00:00Z,805.66,11
1475,Potencia instalada de generación hidráulica,2026-06-01T00:00:00.000+02:00,2026-05-31T22:00:00Z,34.533,21
1475,Potencia instalada de generación hidráulica,2026-06-01T00:00:00.000+02:00,2026-05-31T22:00:00Z,52.426,20
1475,Potencia instalada de generación hidráulica,2026-06-01T00:00:00.000+02:00,2026-05-31T22:00:00Z,0.778,19
1475,Potencia instalada de generación hidráulica,2026-06-01T00:00:00.000+02:00,2026-05-31T22:00:00Z,3731.666,17
1475,Potencia instalada de generación hidráulica,2026-06-01T00:00:00.000+02:00,2026-05-31T22:00:00Z,2277.362,16
1475,Potencia instalada de generación hidráulica,2026-06-01T00:00:00.000+02:00,2026-05-31T22:00:00Z,642.047,15
1475,Potencia instalada de generación hidráulica,2026-06-01T00:00:00.000+02:00,2026-05-31T22:00:00Z,236.076,14
1475,Potencia instalada de generación hidráulica,2026-06-01T00:00:00.000+02:00,2026-05-31T22:00:00Z,108.517,13
1475,Potencia instalada de generación hidráulica,2026-06-01T00:00:00.000+02:00,2026-05-31T22:00:00Z,805.66,11
1475,Potencia instalada de generación hidráulica,2026-06-01T00:00:00.000+02:00,2026-05-31T22:00:00Z,1915.045,9
1475,Potencia instalada de generación hidráulica,2026-06-01T00:00:00.000+02:00,2026-05-31T22:00:00Z,4397.631,8
1475,Potencia instalada de generación hidráulica,2026-06-01T00:00:00.000+02:00,2026-05-31T22:00:00Z,648.974,7
1475,Potencia instalada de generación hidráulica,2026-06-01T00:00:00.000+02:00,2026-05-31T22:00:00Z,98.597,6
1475,Potencia instalada de generación hidráulica,2026-06-01T00:00:00.000+02:00,2026-05-31T22:00:00Z,1330.668,5
1475,Potencia instalada de generación hidráulica,2026-06-01T00:00:00.000+02:00,2026-05-31T22:00:00Z,622.806,4
1475,Potencia instalada de generación hidráulica,2026-06-01T00:00:00.000+02:00,2026-05-31T22:00:00Z,178.423,10
1475,Potencia instalada de generación hidráulica,2026-07-01T00:00:00.000+02:00,2026-06-30T22:00:00Z,236.064,14
1475,Potencia instalada de generación hidráulica,2026-07-01T00:00:00.000+02:00,2026-06-30T22:00:00Z,34.533,21
1475,Potencia instalada de generación hidráulica,2026-07-01T00:00:00.000+02:00,2026-06-30T22:00:00Z,52.426,20
1475,Potencia instalada de generación hidráulica,2026-07-01T00:00:00.000+02:00,2026-06-30T22:00:00Z,0.778,19
1475,Potencia instalada de generación hidráulica,2026-07-01T00:00:00.000+02:00,2026-06-30T22:00:00Z,2277.362,16
1475,Potencia instalada de generación hidráulica,2026-07-01T00:00:00.000+02:00,2026-06-30T22:00:00Z,642.047,15
1475,Potencia instalada de generación hidráulica,2026-07-01T00:00:00.000+02:00,2026-06-30T22:00:00Z,108.517,13
1475,Potencia instalada de generación hidráulica,2026-07-01T00:00:00.000+02:00,2026-06-30T22:00:00Z,3731.666,17
1475,Potencia instalada de generación hidráulica,2026-07-01T00:00:00.000+02:00,2026-06-30T22:00:00Z,178.108,10
1475,Potencia instalada de generación hidráulica,2026-07-01T00:00:00.000+02:00,2026-06-30T22:00:00Z,1915.045,9
1475,Potencia instalada de generación hidráulica,2026-07-01T00:00:00.000+02:00,2026-06-30T22:00:00Z,4397.631,8
1475,Potencia instalada de generación hidráulica,2026-07-01T00:00:00.000+02:00,2026-06-30T22:00:00Z,648.974,7
1475,Potencia instalada de generación hidráulica,2026-07-01T00:00:00.000+02:00,2026-06-30T22:00:00Z,805.66,11
1475,Potencia instalada de generación hidráulica,2026-07-01T00:00:00.000+02:00,2026-06-30T22:00:00Z,98.597,6
1475,Potencia instalada de generación hidráulica,2026-07-01T00:00:00.000+02:00,2026-06-30T22:00:00Z,1330.668,5
1475,Potencia instalada de generación hidráulica,2026-07-01T00:00:00.000+02:00,2026-06-30T22:00:00Z,622.806,4
1475,Potencia instalada de generación hidráulica,2026-08-01T00:00:00.000+02:00,2026-07-31T22:00:00Z,34.533,21
1475,Potencia instalada de generación hidráulica,2026-08-01T00:00:00.000+02:00,2026-07-31T22:00:00Z,52.426,20
1475,Potencia instalada de generación hidráulica,2026-08-01T00:00:00.000+02:00,2026-07-31T22:00:00Z,0.778,19
1475,Potencia instalada de generación hidráulica,2026-08-01T00:00:00.000+02:00,2026-07-31T22:00:00Z,3731.666,17
1475,Potencia instalada de generación hidráulica,2026-08-01T00:00:00.000+02:00,2026-07-31T22:00:00Z,2277.362,16
1475,Potencia instalada de generación hidráulica,2026-08-01T00:00:00.000+02:00,2026-07-31T22:00:00Z,642.047,15
1475,Potencia instalada de generación hidráulica,2026-08-01T00:00:00.000+02:00,2026-07-31T22:00:00Z,236.064,14
1475,Potencia instalada de generación hidráulica,2026-08-01T00:00:00.000+02:00,2026-07-31T22:00:00Z,108.517,13
1475,Potencia instalada de generación hidráulica,2026-08-01T00:00:00.000+02:00,2026-07-31T22:00:00Z,805.66,11
1475,Potencia instalada de generación hidráulica,2026-08-01T00:00:00.000+02:00,2026-07-31T22:00:00Z,178.108,10
1475,Potencia instalada de generación hidráulica,2026-08-01T00:00:00.000+02:00,2026-07-31T22:00:00Z,1915.045,9
1475,Potencia instalada de generación hidráulica,2026-08-01T00:00:00.000+02:00,2026-07-31T22:00:00Z,4397.631,8
1475,Potencia instalada de generación hidráulica,2026-08-01T00:00:00.000+02:00,2026-07-31T22:00:00Z,648.974,7
1475,Potencia instalada de generación hidráulica,2026-08-01T00:00:00.000+02:00,2026-07-31T22:00:00Z,98.597,6
1475,Potencia instalada de generación hidráulica,2026-08-01T00:00:00.000+02:00,2026-07-31T22:00:00Z,1330.668,5
1475,Potencia instalada de generación hidráulica,2026-08-01T00:00:00.000+02:00,2026-07-31T22:00:00Z,622.806,4
1475,Potencia instalada de generación hidráulica,2026-09-01T00:00:00.000+02:00,2026-08-31T22:00:00Z,52.426,20
1475,Potencia instalada de generación hidráulica,2026-09-01T00:00:00.000+02:00,2026-08-31T22:00:00Z,0.778,19
1475,Potencia instalada de generación hidráulica,2026-09-01T00:00:00.000+02:00,2026-08-31T22:00:00Z,3731.666,17
1475,Potencia instalada de generación hidráulica,2026-09-01T00:00:00.000+02:00,2026-08-31T22:00:00Z,34.533,21
1475,Potencia instalada de generación hidráulica,2026-09-01T00:00:00.000+02:00,2026-08-31T22:00:00Z,2277.362,16
1475,Potencia instalada de generación hidráulica,2026-09-01T00:00:00.000+02:00,2026-08-31T22:00:00Z,642.047,15
1475,Potencia instalada de generación hidráulica,2026-09-01T00:00:00.000+02:00,2026-08-31T22:00:00Z,236.064,14
1475,Potencia instalada de generación hidráulica,2026-09-01T00:00:00.000+02:00,2026-08-31T22:00:00Z,108.517,13
1475,Potencia instalada de generación hidráulica,2026-09-01T00:00:00.000+02:00,2026-08-31T22:00:00Z,648.974,7
1475,Potencia instalada de generación hidráulica,2026-09-01T00:00:00.000+02:00,2026-08-31T22:00:00Z,178.108,10
1475,Potencia instalada de generación hidráulica,2026-09-01T00:00:00.000+02:00,2026-08-31T22:00:00Z,1914.893,9
1475,Potencia instalada de generación hidráulica,2026-09-01T00:00:00.000+02:00,2026-08-31T22:00:00Z,4397.631,8
1475,Potencia instalada de generación hidráulica,2026-09-01T00:00:00.000+02:00,2026-08-31T22:00:00Z,98.597,6
1475,Potencia instalada de generación hidráulica,2026-09-01T00:00:00.000+02:00,2026-08-31T22:00:00Z,1330.668,5
1475,Potencia instalada de generación hidráulica,2026-09-01T00:00:00.000+02:00,2026-08-31T22:00:00Z,622.806,4
1475,Potencia instalada de generación hidráulica,2026-09-01T00:00:00.000+02:00,2026-08-31T22:00:00Z,805.66,11
1475,Potencia instalada de generación hidráulica,2026-10-01T00:00:00.000+02:00,2026-09-30T22:00:00Z,0.778,19
1475,Potencia instalada de generación hidráulica,2026-10-01T00:00:00.000+02:00,2026-09-30T22:00:00Z,3731.666,17
1475,Potencia instalada de generación hidráulica,2026-10-01T00:00:00.000+02:00,2026-09-30T22:00:00Z,2277.362,16
1475,Potencia instalada de generación hidráulica,2026-10-01T00:00:00.000+02:00,2026-09-30T22:00:00Z,642.047,15
1475,Potencia instalada de generación hidráulica,2026-10-01T00:00:00.000+02:00,2026-09-30T22:00:00Z,236.064,14
1475,Potencia instalada de generación hidráulica,2026-10-01T00:00:00.000+02:00,2026-09-30T22:00:00Z,108.517,13
1475,Potencia instalada de generación hidráulica,2026-10-01T00:00:00.000+02:00,2026-09-30T22:00:00Z,805.66,11
1475,Potencia instalada de generación hidráulica,2026-10-01T00:00:00.000+02:00,2026-09-30T22:00:00Z,4397.631,8
1475,Potencia instalada de generación hidráulica,2026-10-01T00:00:00.000+02:00,2026-09-30T22:00:00Z,1914.893,9
1475,Potencia instalada de generación hidráulica,2026-10-01T00:00:00.000+02:00,2026-09-30T22:00:00Z,648.974,7
1475,Potencia instalada de generación hidráulica,2026-10-01T00:00:00.000+02:00,2026-09-30T22:00:00Z,98.597,6
1475,Potencia instalada de generación hidráulica,2026-10-01T00:00:00.000+02:00,2026-09-30T22:00:00Z,1330.668,5
1475,Potencia instalada de generación hidráulica,2026-10-01T00:00:00.000+02:00,2026-09-30T22:00:00Z,622.806,4
1475,Potencia instalada de generación hidráulica,2026-10-01T00:00:00.000+02:00,2026-09-30T22:00:00Z,52.426,20
1475,Potencia instalada de generación hidráulica,2026-10-01T00:00:00.000+02:00,2026-09-30T22:00:00Z,178.108,10
1475,Potencia instalada de generación hidráulica,2026-10-01T00:00:00.000+02:00,2026-09-30T22:00:00Z,34.533,21
1476,Potencia instalada de turbinación de bombeo,2025-10-01T00:00:00.000+02:00,2025-09-30T22:00:00Z,584.87,4
1476,Potencia instalada de turbinación de bombeo,2025-10-01T00:00:00.000+02:00,2025-09-30T22:00:00Z,219.14,5
1476,Potencia instalada de turbinación de bombeo,2025-10-01T00:00:00.000+02:00,2025-09-30T22:00:00Z,360.6,6
1476,Potencia instalada de turbinación de bombeo,2025-10-01T00:00:00.000+02:00,2025-09-30T22:00:00Z,215.0,7
1476,Potencia instalada de turbinación de bombeo,2025-10-01T00:00:00.000+02:00,2025-09-30T22:00:00Z,439.84,9
1476,Potencia instalada de turbinación de bombeo,2025-10-01T00:00:00.000+02:00,2025-09-30T22:00:00Z,1511.95,15
1476,Potencia instalada de turbinación de bombeo,2025-11-01T00:00:00.000+01:00,2025-10-31T23:00:00Z,1511.95,15
1476,Potencia instalada de turbinación de bombeo,2025-11-01T00:00:00.000+01:00,2025-10-31T23:00:00Z,215.0,7
1476,Potencia instalada de turbinación de bombeo,2025-11-01T00:00:00.000+01:00,2025-10-31T23:00:00Z,439.84,9
1476,Potencia instalada de turbinación de bombeo,2025-11-01T00:00:00.000+01:00,2025-10-31T23:00:00Z,219.14,5
1476,Potencia instalada de turbinación de bombeo,2025-11-01T00:00:00.000+01:00,2025-10-31T23:00:00Z,584.87,4
1476,Potencia instalada de turbinación de bombeo,2025-11-01T00:00:00.000+01:00,2025-10-31T23:00:00Z,360.6,6
1476,Potencia instalada de turbinación de bombeo,2025-12-01T00:00:00.000+01:00,2025-11-30T23:00:00Z,584.87,4
1476,Potencia instalada de turbinación de bombeo,2025-12-01T00:00:00.000+01:00,2025-11-30T23:00:00Z,219.14,5
1476,Potencia instalada de turbinación de bombeo,2025-12-01T00:00:00.000+01:00,2025-11-30T23:00:00Z,360.6,6
1476,Potencia instalada de turbinación de bombeo,2025-12-01T00:00:00.000+01:00,2025-11-30T23:00:00Z,215.0,7
1476,Potencia instalada de turbinación de bombeo,2025-12-01T00:00:00.000+01:00,2025-11-30T23:00:00Z,439.84,9
1476,Potencia instalada de turbinación de bombeo,2025-12-01T00:00:00.000+01:00,2025-11-30T23:00:00Z,1511.95,15
1476,Potencia instalada de turbinación de bombeo,2026-01-01T00:00:00.000+01:00,2025-12-31T23:00:00Z,439.84,9
1476,Potencia instalada de turbinación de bombeo,2026-01-01T00:00:00.000+01:00,2025-12-31T23:00:00Z,1511.95,15
1476,Potencia instalada de turbinación de bombeo,2026-01-01T00:00:00.000+01:00,2025-12-31T23:00:00Z,215.0,7
1476,Potencia instalada de turbinación de bombeo,2026-01-01T00:00:00.000+01:00,2025-12-31T23:00:00Z,219.14,5
1476,Potencia instalada de turbinación de bombeo,2026-01-01T00:00:00.000+01:00,2025-12-31T23:00:00Z,584.87,4
1476,Potencia instalada de turbinación de bombeo,2026-01-01T00:00:00.000+01:00,2025-12-31T23:00:00Z,360.6,6
1476,Potencia instalada de turbinación de bombeo,2026-02-01T00:00:00.000+01:00,2026-01-31T23:00:00Z,584.87,4
1476,Potencia instalada de turbinación de bombeo,2026-02-01T00:00:00.000+01:00,2026-01-31T23:00:00Z,219.14,5
1476,Potencia instalada de turbinación de bombeo,2026-02-01T00:00:00.000+01:00,2026-01-31T23:00:00Z,360.6,6
1476,Potencia instalada de turbinación de bombeo,2026-02-01T00:00:00.000+01:00,2026-01-31T23:00:00Z,215.0,7
1476,Potencia instalada de turbinación de bombeo,2026-02-01T00:00:00.000+01:00,2026-01-31T23:00:00Z,439.84,9
1476,Potencia instalada de turbinación de bombeo,2026-02-01T00:00:00.000+01:00,2026-01-31T23:00:00Z,1511.95,15
1476,Potencia instalada de turbinación de bombeo,2026-03-01T00:00:00.000+01:00,2026-02-28T23:00:00Z,584.87,4
1476,Potencia instalada de turbinación de bombeo,2026-03-01T00:00:00.000+01:00,2026-02-28T23:00:00Z,219.14,5
1476,Potencia instalada de turbinación de bombeo,2026-03-01T00:00:00.000+01:00,2026-02-28T23:00:00Z,360.6,6
1476,Potencia instalada de turbinación de bombeo,2026-03-01T00:00:00.000+01:00,2026-02-28T23:00:00Z,215.0,7
1476,Potencia instalada de turbinación de bombeo,2026-03-01T00:00:00.000+01:00,2026-02-28T23:00:00Z,439.84,9
1476,Potencia instalada de turbinación de bombeo,2026-03-01T00:00:00.000+01:00,2026-02-28T23:00:00Z,1511.95,15
1476,Potencia instalada de turbinación de bombeo,2026-04-01T00:00:00.000+02:00,2026-03-31T22:00:00Z,439.84,9
1476,Potencia instalada de turbinación de bombeo,2026-04-01T00:00:00.000+02:00,2026-03-31T22:00:00Z,1511.95,15
1476,Potencia instalada de turbinación de bombeo,2026-04-01T00:00:00.000+02:00,2026-03-31T22:00:00Z,215.0,7
1476,Potencia instalada de turbinación de bombeo,2026-04-01T00:00:00.000+02:00,2026-03-31T22:00:00Z,360.6,6
1476,Potencia instalada de turbinación de bombeo,2026-04-01T00:00:00.000+02:00,2026-03-31T22:00:00Z,219.14,5
1476,Potencia instalada de turbinación de bombeo,2026-04-01T00:00:00.000+02:00,2026-03-31T22:00:00Z,584.87,4
1476,Potencia instalada de turbinación de bombeo,2026-05-01T00:00:00.000+02:00,2026-04-30T22:00:00Z,584.87,4
1476,Potencia instalada de turbinación de bombeo,2026-05-01T00:00:00.000+02:00,2026-04-30T22:00:00Z,219.14,5
1476,Potencia instalada de turbinación de bombeo,2026-05-01T00:00:00.000+02:00,2026-04-30T22:00:00Z,360.6,6
1476,Potencia instalada de turbinación de bombeo,2026-05-01T00:00:00.000+02:00,2026-04-30T22:00:00Z,215.0,7
1476,Potencia instalada de turbinación de bombeo,2026-05-01T00:00:00.000+02:00,2026-04-30T22:00:00Z,439.84,9
1476,Potencia instalada de turbinación de bombeo,2026-05-01T00:00:00.000+02:00,2026-04-30T22:00:00Z,1511.95,15
1476,Potencia instalada de turbinación de bombeo,2026-06-01T00:00:00.000+02:00,2026-05-31T22:00:00Z,584.87,4
1476,Potencia instalada de turbinación de bombeo,2026-06-01T00:00:00.000+02:00,2026-05-31T22:00:00Z,219.14,5
1476,Potencia instalada de turbinación de bombeo,2026-06-01T00:00:00.000+02:00,2026-05-31T22:00:00Z,360.6,6
1476,Potencia instalada de turbinación de bombeo,2026-06-01T00:00:00.000+02:00,2026-05-31T22:00:00Z,215.0,7
1476,Potencia instalada de turbinación de bombeo,2026-06-01T00:00:00.000+02:00,2026-05-31T22:00:00Z,439.84,9
1476,Potencia instalada de turbinación de bombeo,2026-06-01T00:00:00.000+02:00,2026-05-31T22:00:00Z,1511.95,15
1476,Potencia instalada de turbinación de bombeo,2026-07-01T00:00:00.000+02:00,2026-06-30T22:00:00Z,1511.95,15
1476,Potencia instalada de turbinación de bombeo,2026-07-01T00:00:00.000+02:00,2026-06-30T22:00:00Z,215.0,7
1476,Potencia instalada de turbinación de bombeo,2026-07-01T00:00:00.000+02:00,2026-06-30T22:00:00Z,439.84,9
1476,Potencia instalada de turbinación de bombeo,2026-07-01T00:00:00.000+02:00,2026-06-30T22:00:00Z,219.14,5
1476,Potencia instalada de turbinación de bombeo,2026-07-01T00:00:00.000+02:00,2026-06-30T22:00:00Z,584.87,4
1476,Potencia instalada de turbinación de bombeo,2026-07-01T00:00:00.000+02:00,2026-06-30T22:00:00Z,360.6,6
1476,Potencia instalada de turbinación de bombeo,2026-08-01T00:00:00.000+02:00,2026-07-31T22:00:00Z,584.87,4
1476,Potencia instalada de turbinación de bombeo,2026-08-01T00:00:00.000+02:00,2026-07-31T22:00:00Z,219.14,5
1476,Potencia instalada de turbinación de bombeo,2026-08-01T00:00:00.000+02:00,2026-07-31T22:00:00Z,360.6,6
1476,Potencia instalada de turbinación de bombeo,2026-08-01T00:00:00.000+02:00,2026-07-31T22:00:00Z,215.0,7
1476,Potencia instalada de turbinación de bombeo,2026-08-01T00:00:00.000+02:00,2026-07-31T22:00:00Z,439.84,9
1476,Potencia instalada de turbinación de bombeo,2026-08-01T00:00:00.000+02:00,2026-07-31T22:00:00Z,1511.95,15
1476,Potencia instalada de turbinación de bombeo,2026-09-01T00:00:00.000+02:00,2026-08-31T22:00:00Z,1511.95,15
1476,Potencia instalada de turbinación de bombeo,2026-09-01T00:00:00.000+02:00,2026-08-31T22:00:00Z,439.84,9
1476,Potencia instalada de turbinación de bombeo,2026-09-01T00:00:00.000+02:00,2026-08-31T22:00:00Z,215.0,7
1476,Potencia instalada de turbinación de bombeo,2026-09-01T00:00:00.000+02:00,2026-08-31T22:00:00Z,219.14,5
1476,Potencia instalada de turbinación de bombeo,2026-09-01T00:00:00.000+02:00,2026-08-31T22:00:00Z,584.87,4
1476,Potencia instalada de turbinación de bombeo,2026-09-01T00:00:00.000+02:00,2026-08-31T22:00:00Z,360.6,6
1476,Potencia instalada de turbinación de bombeo,2026-10-01T00:00:00.000+02:00,2026-09-30T22:00:00Z,439.84,9
1476,Potencia instalada de turbinación de bombeo,2026-10-01T00:00:00.000+02:00,2026-09-30T22:00:00Z,584.87,4
1476,Potencia instalada de turbinación de bombeo,2026-10-01T00:00:00.000+02:00,2026-09-30T22:00:00Z,219.14,5
1476,Potencia instalada de turbinación de bombeo,2026-10-01T00:00:00.000+02:00,2026-09-30T22:00:00Z,360.6,6
1476,Potencia instalada de turbinación de bombeo,2026-10-01T00:00:00.000+02:00,2026-09-30T22:00:00Z,215.0,7
1476,Potencia instalada de turbinación de bombeo,2026-10-01T00:00:00.000+02:00,2026-09-30T22:00:00Z,1511.95,15
1477,Potencia instalada de generación nuclear,2025-10-01T00:00:00.000+02:00,2025-09-30T22:00:00Z,1003.41,7
1477,Potencia instalada de generación nuclear,2025-10-01T00:00:00.000+02:00,2025-09-30T22:00:00Z,3032.81,9
1477,Potencia instalada de generación nuclear,2025-10-01T00:00:00.000+02:00,2025-09-30T22:00:00Z,1063.94,15
1477,Potencia instalada de generación nuclear,2025-10-01T00:00:00.000+02:00,2025-09-30T22:00:00Z,2017.13,16
1477,Potencia instalada de generación nuclear,2025-11-01T00:00:00.000+01:00,2025-10-31T23:00:00Z,1003.41,7
1477,Potencia instalada de generación nuclear,2025-11-01T00:00:00.000+01:00,2025-10-31T23:00:00Z,3032.81,9
1477,Potencia instalada de generación nuclear,2025-11-01T00:00:00.000+01:00,2025-10-31T23:00:00Z,1063.94,15
1477,Potencia instalada de generación nuclear,2025-11-01T00:00:00.000+01:00,2025-10-31T23:00:00Z,2017.13,16
1477,Potencia instalada de generación nuclear,2025-12-01T00:00:00.000+01:00,2025-11-30T23:00:00Z,1003.41,7
1477,Potencia instalada de generación nuclear,2025-12-01T00:00:00.000+01:00,2025-11-30T23:00:00Z,3032.81,9
1477,Potencia instalada de generación nuclear,2025-12-01T00:00:00.000+01:00,2025-11-30T23:00:00Z,1063.94,15
1477,Potencia instalada de generación nuclear,2025-12-01T00:00:00.000+01:00,2025-11-30T23:00:00Z,2017.13,16
1477,Potencia instalada de generación nuclear,2026-01-01T00:00:00.000+01:00,2025-12-31T23:00:00Z,2017.13,16
1477,Potencia instalada de generación nuclear,2026-01-01T00:00:00.000+01:00,2025-12-31T23:00:00Z,1063.94,15
1477,Potencia instalada de generación nuclear,2026-01-01T00:00:00.000+01:00,2025-12-31T23:00:00Z,1003.41,7
1477,Potencia instalada de generación nuclear,2026-01-01T00:00:00.000+01:00,2025-12-31T23:00:00Z,3032.81,9
1477,Potencia instalada de generación nuclear,2026-02-01T00:00:00.000+01:00,2026-01-31T23:00:00Z,1003.41,7
1477,Potencia instalada de generación nuclear,2026-02-01T00:00:00.000+01:00,2026-01-31T23:00:00Z,3032.81,9
1477,Potencia instalada de generación nuclear,2026-02-01T00:00:00.000+01:00,2026-01-31T23:00:00Z,1063.94,15
1477,Potencia instalada de generación nuclear,2026-02-01T00:00:00.000+01:00,2026-01-31T23:00:00Z,2017.13,16
1477,Potencia instalada de generación nuclear,2026-03-01T00:00:00.000+01:00,2026-02-28T23:00:00Z,1003.41,7
1477,Potencia instalada de generación nuclear,2026-03-01T00:00:00.000+01:00,2026-02-28T23:00:00Z,3032.81,9
1477,Potencia instalada de generación nuclear,2026-03-01T00:00:00.000+01:00,2026-02-28T23:00:00Z,1063.94,15
1477,Potencia instalada de generación nuclear,2026-03-01T00:00:00.000+01:00,2026-02-28T23:00:00Z,2017.13,16
1477,Potencia instalada de generación nuclear,2026-04-01T00:00:00.000+02:00,2026-03-31T22:00:00Z,2017.13,16
1477,Potencia instalada de generación nuclear,2026-04-01T00:00:00.000+02:00,2026-03-31T22:00:00Z,1063.94,15
1477,Potencia instalada de generación nuclear,2026-04-01T00:00:00.000+02:00,2026-03-31T22:00:00Z,3032.81,9
1477,Potencia instalada de generación nuclear,2026-04-01T00:00:00.000+02:00,2026-03-31T22:00:00Z,1003.41,7
1477,Potencia instalada de generación nuclear,2026-05-01T00:00:00.000+02:00,2026-04-30T22:00:00Z,1003.41,7
1477,Potencia instalada de generación nuclear,2026-05-01T00:00:00.000+02:00,2026-04-30T22:00:00Z,3032.81,9
1477,Potencia instalada de generación nuclear,2026-05-01T00:00:00.000+02:00,2026-04-30T22:00:00Z,1063.94,15
1477,Potencia instalada de generación nuclear,2026-05-01T00:00:00.000+02:00,2026-04-30T22:00:00Z,2017.13,16
1477,Potencia instalada de generación nuclear,2026-06-01T00:00:00.000+02:00,2026-05-31T22:00:00Z,1003.41,7
1477,Potencia instalada de generación nuclear,2026-06-01T00:00:00.000+02:00,2026-05-31T22:00:00Z,3032.81,9
1477,Potencia instalada de generación nuclear,2026-06-01T00:00:00.000+02:00,2026-05-31T22:00:00Z,1063.94,15
1477,Potencia instalada de generación nuclear,2026-06-01T00:00:00.000+02:00,2026-05-31T22:00:00Z,2017.13,16
1477,Potencia instalada de generación nuclear,2026-07-01T00:00:00.000+02:00,2026-06-30T22:00:00Z,1063.94,15
1477,Potencia instalada de generación nuclear,2026-07-01T00:00:00.000+02:00,2026-06-30T22:00:00Z,2017.13,16
1477,Potencia instalada de generación nuclear,2026-07-01T00:00:00.000+02:00,2026-06-30T22:00:00Z,1003.41,7
1477,Potencia instalada de generación nuclear,2026-07-01T00:00:00.000+02:00,2026-06-30T22:00:00Z,3032.81,9
1477,Potencia instalada de generación nuclear,2026-08-01T00:00:00.000+02:00,2026-07-31T22:00:00Z,1003.41,7
1477,Potencia instalada de generación nuclear,2026-08-01T00:00:00.000+02:00,2026-07-31T22:00:00Z,3032.81,9
1477,Potencia instalada de generación nuclear,2026-08-01T00:00:00.000+02:00,2026-07-31T22:00:00Z,1063.94,15
1477,Potencia instalada de generación nuclear,2026-08-01T00:00:00.000+02:00,2026-07-31T22:00:00Z,2017.13,16
1477,Potencia instalada de generación nuclear,2026-09-01T00:00:00.000+02:00,2026-08-31T22:00:00Z,1003.41,7
1477,Potencia instalada de generación nuclear,2026-09-01T00:00:00.000+02:00,2026-08-31T22:00:00Z,3032.81,9
1477,Potencia instalada de generación nuclear,2026-09-01T00:00:00.000+02:00,2026-08-31T22:00:00Z,1063.94,15
1477,Potencia instalada de generación nuclear,2026-09-01T00:00:00.000+02:00,2026-08-31T22:00:00Z,2017.13,16
1477,Potencia instalada de generación nuclear,2026-10-01T00:00:00.000+02:00,2026-09-30T22:00:00Z,1063.94,15
1477,Potencia instalada de generación nuclear,2026-10-01T00:00:00.000+02:00,2026-09-30T22:00:00Z,1003.41,7
1477,Potencia instalada de generación nuclear,2026-10-01T00:00:00.000+02:00,2026-09-30T22:00:00Z,3032.81,9
1477,Potencia instalada de generación nuclear,2026-10-01T00:00:00.000+02:00,2026-09-30T22:00:00Z,2017.13,16
1478,Potencia instalada de generación carbón,2025-10-01T00:00:00.000+02:00,2025-09-30T22:00:00Z,570.05,4
1478,Potencia instalada de generación carbón,2025-10-01T00:00:00.000+02:00,2025-09-30T22:00:00Z,688.04,11
1478,Potencia instalada de generación carbón,2025-10-01T00:00:00.000+02:00,2025-09-30T22:00:00Z,241.2,18
1478,Potencia instalada de generación carbón,2025-11-01T00:00:00.000+01:00,2025-10-31T23:00:00Z,570.05,4
1478,Potencia instalada de generación carbón,2025-11-01T00:00:00.000+01:00,2025-10-31T23:00:00Z,688.04,11
1478,Potencia instalada de generación carbón,2025-11-01T00:00:00.000+01:00,2025-10-31T23:00:00Z,241.2,18
1478,Potencia instalada de generación carbón,2025-12-01T00:00:00.000+01:00,2025-11-30T23:00:00Z,570.05,4
1478,Potencia instalada de generación carbón,2025-12-01T00:00:00.000+01:00,2025-11-30T23:00:00Z,688.04,11
1478,Potencia instalada de generación carbón,2025-12-01T00:00:00.000+01:00,2025-11-30T23:00:00Z,241.2,18
1478,Potencia instalada de generación carbón,2026-01-01T00:00:00.000+01:00,2025-12-31T23:00:00Z,241.2,18
1478,Potencia instalada de generación carbón,2026-01-01T00:00:00.000+01:00,2025-12-31T23:00:00Z,570.05,4
1478,Potencia instalada de generación carbón,2026-01-01T00:00:00.000+01:00,2025-12-31T23:00:00Z,688.04,11
1478,Potencia instalada de generación carbón,2026-02-01T00:00:00.000+01:00,2026-01-31T23:00:00Z,570.05,4
1478,Potencia instalada de generación carbón,2026-02-01T00:00:00.000+01:00,2026-01-31T23:00:00Z,688.04,11
1478,Potencia instalada de generación carbón,2026-02-01T00:00:00.000+01:00,2026-01-31T23:00:00Z,241.2,18
1478,Potencia instalada de generación carbón,2026-03-01T00:00:00.000+01:00,2026-02-28T23:00:00Z,241.2,18
1478,Potencia instalada de generación carbón,2026-03-01T00:00:00.000+01:00,2026-02-28T23:00:00Z,570.05,4
1478,Potencia instalada de generación carbón,2026-03-01T00:00:00.000+01:00,2026-02-28T23:00:00Z,688.04,11
1478,Potencia instalada de generación carbón,2026-04-01T00:00:00.000+02:00,2026-03-31T22:00:00Z,241.2,18
1478,Potencia instalada de generación carbón,2026-04-01T00:00:00.000+02:00,2026-03-31T22:00:00Z,688.04,11
1478,Potencia instalada de generación carbón,2026-04-01T00:00:00.000+02:00,2026-03-31T22:00:00Z,570.05,4
1478,Potencia instalada de generación carbón,2026-05-01T00:00:00.000+02:00,2026-04-30T22:00:00Z,570.05,4
1478,Potencia instalada de generación carbón,2026-05-01T00:00:00.000+02:00,2026-04-30T22:00:00Z,688.04,11
1478,Potencia instalada de generación carbón,2026-05-01T00:00:00.000+02:00,2026-04-30T22:00:00Z,241.2,18
1478,Potencia instalada de generación carbón,2026-06-01T00:00:00.000+02:00,2026-05-31T22:00:00Z,570.05,4
1478,Potencia instalada de generación carbón,2026-06-01T00:00:00.000+02:00,2026-05-31T22:00:00Z,688.04,11
1478,Potencia instalada de generación carbón,2026-06-01T00:00:00.000+02:00,2026-05-31T22:00:00Z,241.2,18
1478,Potencia instalada de generación carbón,2026-07-01T00:00:00.000+02:00,2026-06-30T22:00:00Z,688.04,11
1478,Potencia instalada de generación carbón,2026-07-01T00:00:00.000+02:00,2026-06-30T22:00:00Z,241.2,18
1478,Potencia instalada de generación carbón,2026-07-01T00:00:00.000+02:00,2026-06-30T22:00:00Z,570.05,4
1478,Potencia instalada de generación carbón,2026-08-01T00:00:00.000+02:00,2026-07-31T22:00:00Z,570.05,4
1478,Potencia instalada de generación carbón,2026-08-01T00:00:00.000+02:00,2026-07-31T22:00:00Z,688.04,11
1478,Potencia instalada de generación carbón,2026-08-01T00:00:00.000+02:00,2026-07-31T22:00:00Z,241.2,18
1478,Potencia instalada de generación carbón,2026-09-01T00:00:00.000+02:00,2026-08-31T22:00:00Z,570.05,4
1478,Potencia instalada de generación carbón,2026-09-01T00:00:00.000+02:00,2026-08-31T22:00:00Z,688.04,11
1478,Potencia instalada de generación carbón,2026-09-01T00:00:00.000+02:00,2026-08-31T22:00:00Z,241.2,18
1478,Potencia instalada de generación carbón,2026-10-01T00:00:00.000+02:00,2026-09-30T22:00:00Z,688.04,11
1478,Potencia instalada de generación carbón,2026-10-01T00:00:00.000+02:00,2026-09-30T22:00:00Z,570.05,4
1478,Potencia instalada de generación carbón,2026-10-01T00:00:00.000+02:00,2026-09-30T22:00:00Z,241.2,18
1479,Potencia instalada de generación motores diesel,2025-10-01T00:00:00.000+02:00,2025-09-30T22:00:00Z,77.52,12
1479,Potencia instalada de generación motores diesel,2025-10-01T00:00:00.000+02:00,2025-09-30T22:00:00Z,139.4,18
1479,Potencia instalada de generación motores diesel,2025-10-01T00:00:00.000+02:00,2025-09-30T22:00:00Z,487.64,19
1479,Potencia instalada de generación motores diesel,2025-10-01T00:00:00.000+02:00,2025-09-30T22:00:00Z,64.11,8746
1479,Potencia instalada de generación motores diesel,2025-11-01T00:00:00.000+01:00,2025-10-31T23:00:00Z,77.52,12
1479,Potencia instalada de generación motores diesel,2025-11-01T00:00:00.000+01:00,2025-10-31T23:00:00Z,139.4,18
1479,Potencia instalada de generación motores diesel,2025-11-01T00:00:00.000+01:00,2025-10-31T23:00:00Z,487.64,19
1479,Potencia instalada de generación motores diesel,2025-11-01T00:00:00.000+01:00,2025-10-31T23:00:00Z,64.11,8746
1479,Potencia instalada de generación motores diesel,2025-12-01T00:00:00.000+01:00,2025-11-30T23:00:00Z,77.52,12
1479,Potencia instalada de generación motores diesel,2025-12-01T00:00:00.000+01:00,2025-11-30T23:00:00Z,139.4,18
1479,Potencia instalada de generación motores diesel,2025-12-01T00:00:00.000+01:00,2025-11-30T23:00:00Z,487.64,19
1479,Potencia instalada de generación motores diesel,2025-12-01T00:00:00.000+01:00,2025-11-30T23:00:00Z,64.11,8746
1479,Potencia instalada de generación motores diesel,2026-01-01T00:00:00.000+01:00,2025-12-31T23:00:00Z,64.11,8746
1479,Potencia instalada de generación motores diesel,2026-01-01T00:00:00.000+01:00,2025-12-31T23:00:00Z,487.64,19
1479,Potencia instalada de generación motores diesel,2026-01-01T00:00:00.000+01:00,2025-12-31T23:00:00Z,77.52,12
1479,Potencia instalada de generación motores diesel,2026-01-01T00:00:00.000+01:00,2025-12-31T23:00:00Z,139.4,18
1479,Potencia instalada de generación motores diesel,2026-02-01T00:00:00.000+01:00,2026-01-31T23:00:00Z,77.52,12
1479,Potencia instalada de generación motores diesel,2026-02-01T00:00:00.000+01:00,2026-01-31T23:00:00Z,139.4,18
1479,Potencia instalada de generación motores diesel,2026-02-01T00:00:00.000+01:00,2026-01-31T23:00:00Z,487.64,19
1479,Potencia instalada de generación motores diesel,2026-02-01T00:00:00.000+01:00,2026-01-31T23:00:00Z,64.11,8746
1479,Potencia instalada de generación motores diesel,2026-03-01T00:00:00.000+01:00,2026-02-28T23:00:00Z,77.52,12
1479,Potencia instalada de generación motores diesel,2026-03-01T00:00:00.000+01:00,2026-02-28T23:00:00Z,139.4,18
1479,Potencia instalada de generación motores diesel,2026-03-01T00:00:00.000+01:00,2026-02-28T23:00:00Z,487.64,19
1479,Potencia instalada de generación motores diesel,2026-03-01T00:00:00.000+01:00,2026-02-28T23:00:00Z,64.11,8746
1479,Potencia instalada de generación motores diesel,2026-04-01T00:00:00.000+02:00,2026-03-31T22:00:00Z,64.11,8746
1479,Potencia instalada de generación motores diesel,2026-04-01T00:00:00.000+02:00,2026-03-31T22:00:00Z,487.64,19
1479,Potencia instalada de generación motores diesel,2026-04-01T00:00:00.000+02:00,2026-03-31T22:00:00Z,139.4,18
1479,Potencia instalada de generación motores diesel,2026-04-01T00:00:00.000+02:00,2026-03-31T22:00:00Z,77.52,12
1479,Potencia instalada de generación motores diesel,2026-05-01T00:00:00.000+02:00,2026-04-30T22:00:00Z,77.52,12
1479,Potencia instalada de generación motores diesel,2026-05-01T00:00:00.000+02:00,2026-04-30T22:00:00Z,139.4,18
1479,Potencia instalada de generación motores diesel,2026-05-01T00:00:00.000+02:00,2026-04-30T22:00:00Z,487.64,19
1479,Potencia instalada de generación motores diesel,2026-05-01T00:00:00.000+02:00,2026-04-30T22:00:00Z,64.11,8746
1479,Potencia instalada de generación motores diesel,2026-06-01T00:00:00.000+02:00,2026-05-31T22:00:00Z,77.52,12
1479,Potencia instalada de generación motores diesel,2026-06-01T00:00:00.000+02:00,2026-05-31T22:00:00Z,139.4,18
1479,Potencia instalada de generación motores diesel,2026-06-01T00:00:00.000+02:00,2026-05-31T22:00:00Z,487.64,19
1479,Potencia instalada de generación motores diesel,2026-06-01T00:00:00.000+02:00,2026-05-31T22:00:00Z,64.11,8746
1479,Potencia instalada de generación motores diesel,2026-07-01T00:00:00.000+02:00,2026-06-30T22:00:00Z,487.64,19
1479,Potencia instalada de generación motores diesel,2026-07-01T00:00:00.000+02:00,2026-06-30T22:00:00Z,64.11,8746
1479,Potencia instalada de generación motores diesel,2026-07-01T00:00:00.000+02:00,2026-06-30T22:00:00Z,77.52,12
1479,Potencia instalada de generación motores diesel,2026-07-01T00:00:00.000+02:00,2026-06-30T22:00:00Z,139.4,18
1479,Potencia instalada de generación motores diesel,2026-08-01T00:00:00.000+02:00,2026-07-31T22:00:00Z,77.52,12
1479,Potencia instalada de generación motores diesel,2026-08-01T00:00:00.000+02:00,2026-07-31T22:00:00Z,139.4,18
1479,Potencia instalada de generación motores diesel,2026-08-01T00:00:00.000+02:00,2026-07-31T22:00:00Z,487.64,19
1479,Potencia instalada de generación motores diesel,2026-08-01T00:00:00.000+02:00,2026-07-31T22:00:00Z,64.11,8746
1479,Potencia instalada de generación motores diesel,2026-09-01T00:00:00.000+02:00,2026-08-31T22:00:00Z,77.52,12
1479,Potencia instalada de generación motores diesel,2026-09-01T00:00:00.000+02:00,2026-08-31T22:00:00Z,139.4,18
1479,Potencia instalada de generación motores diesel,2026-09-01T00:00:00.000+02:00,2026-08-31T22:00:00Z,487.64,19
1479,Potencia instalada de generación motores diesel,2026-09-01T00:00:00.000+02:00,2026-08-31T22:00:00Z,64.11,8746
1479,Potencia instalada de generación motores diesel,2026-10-01T00:00:00.000+02:00,2026-09-30T22:00:00Z,487.64,19
1479,Potencia instalada de generación motores diesel,2026-10-01T00:00:00.000+02:00,2026-09-30T22:00:00Z,77.52,12
1479,Potencia instalada de generación motores diesel,2026-10-01T00:00:00.000+02:00,2026-09-30T22:00:00Z,139.4,18
1479,Potencia instalada de generación motores diesel,2026-10-01T00:00:00.000+02:00,2026-09-30T22:00:00Z,64.11,8746
1480,Potencia instalada de generación turbina de gas,2025-10-01T00:00:00.000+02:00,2025-09-30T22:00:00Z,13.3,12
1480,Potencia instalada de generación turbina de gas,2025-10-01T00:00:00.000+02:00,2025-09-30T22:00:00Z,591.6,18
1480,Potencia instalada de generación turbina de gas,2025-10-01T00:00:00.000+02:00,2025-09-30T22:00:00Z,520.75,19
1480,Potencia instalada de generación turbina de gas,2025-10-01T00:00:00.000+02:00,2025-09-30T22:00:00Z,11.5,8746
1480,Potencia instalada de generación turbina de gas,2025-11-01T00:00:00.000+01:00,2025-10-31T23:00:00Z,13.3,12
1480,Potencia instalada de generación turbina de gas,2025-11-01T00:00:00.000+01:00,2025-10-31T23:00:00Z,591.6,18
1480,Potencia instalada de generación turbina de gas,2025-11-01T00:00:00.000+01:00,2025-10-31T23:00:00Z,520.75,19
1480,Potencia instalada de generación turbina de gas,2025-11-01T00:00:00.000+01:00,2025-10-31T23:00:00Z,11.5,8746
1480,Potencia instalada de generación turbina de gas,2025-12-01T00:00:00.000+01:00,2025-11-30T23:00:00Z,13.3,12
1480,Potencia instalada de generación turbina de gas,2025-12-01T00:00:00.000+01:00,2025-11-30T23:00:00Z,591.6,18
1480,Potencia instalada de generación turbina de gas,2025-12-01T00:00:00.000+01:00,2025-11-30T23:00:00Z,520.75,19
1480,Potencia instalada de generación turbina de gas,2025-12-01T00:00:00.000+01:00,2025-11-30T23:00:00Z,11.5,8746
1480,Potencia instalada de generación turbina de gas,2026-01-01T00:00:00.000+01:00,2025-12-31T23:00:00Z,11.5,8746
1480,Potencia instalada de generación turbina de gas,2026-01-01T00:00:00.000+01:00,2025-12-31T23:00:00Z,520.75,19
1480,Potencia instalada de generación turbina de gas,2026-01-01T00:00:00.000+01:00,2025-12-31T23:00:00Z,13.3,12
1480,Potencia instalada de generación turbina de gas,2026-01-01T00:00:00.000+01:00,2025-12-31T23:00:00Z,591.6,18
1480,Potencia instalada de generación turbina de gas,2026-02-01T00:00:00.000+01:00,2026-01-31T23:00:00Z,13.3,12
1480,Potencia instalada de generación turbina de gas,2026-02-01T00:00:00.000+01:00,2026-01-31T23:00:00Z,591.6,18
1480,Potencia instalada de generación turbina de gas,2026-02-01T00:00:00.000+01:00,2026-01-31T23:00:00Z,520.75,19
1480,Potencia instalada de generación turbina de gas,2026-02-01T00:00:00.000+01:00,2026-01-31T23:00:00Z,11.5,8746
1480,Potencia instalada de generación turbina de gas,2026-03-01T00:00:00.000+01:00,2026-02-28T23:00:00Z,13.3,12
1480,Potencia instalada de generación turbina de gas,2026-03-01T00:00:00.000+01:00,2026-02-28T23:00:00Z,591.6,18
1480,Potencia instalada de generación turbina de gas,2026-03-01T00:00:00.000+01:00,2026-02-28T23:00:00Z,520.75,19
1480,Potencia instalada de generación turbina de gas,2026-03-01T00:00:00.000+01:00,2026-02-28T23:00:00Z,11.5,8746
1480,Potencia instalada de generación turbina de gas,2026-04-01T00:00:00.000+02:00,2026-03-31T22:00:00Z,11.5,8746
1480,Potencia instalada de generación turbina de gas,2026-04-01T00:00:00.000+02:00,2026-03-31T22:00:00Z,520.75,19
1480,Potencia instalada de generación turbina de gas,2026-04-01T00:00:00.000+02:00,2026-03-31T22:00:00Z,591.6,18
1480,Potencia instalada de generación turbina de gas,2026-04-01T00:00:00.000+02:00,2026-03-31T22:00:00Z,13.3,12
1480,Potencia instalada de generación turbina de gas,2026-05-01T00:00:00.000+02:00,2026-04-30T22:00:00Z,13.3,12
1480,Potencia instalada de generación turbina de gas,2026-05-01T00:00:00.000+02:00,2026-04-30T22:00:00Z,591.6,18
1480,Potencia instalada de generación turbina de gas,2026-05-01T00:00:00.000+02:00,2026-04-30T22:00:00Z,520.75,19
1480,Potencia instalada de generación turbina de gas,2026-05-01T00:00:00.000+02:00,2026-04-30T22:00:00Z,11.5,8746
1480,Potencia instalada de generación turbina de gas,2026-06-01T00:00:00.000+02:00,2026-05-31T22:00:00Z,13.3,12
1480,Potencia instalada de generación turbina de gas,2026-06-01T00:00:00.000+02:00,2026-05-31T22:00:00Z,591.6,18
1480,Potencia instalada de generación turbina de gas,2026-06-01T00:00:00.000+02:00,2026-05-31T22:00:00Z,520.75,19
1480,Potencia instalada de generación turbina de gas,2026-06-01T00:00:00.000+02:00,2026-05-31T22:00:00Z,11.5,8746
1480,Potencia instalada de generación turbina de gas,2026-07-01T00:00:00.000+02:00,2026-06-30T22:00:00Z,520.75,19
1480,Potencia instalada de generación turbina de gas,2026-07-01T00:00:00.000+02:00,2026-06-30T22:00:00Z,11.5,8746
1480,Potencia instalada de generación turbina de gas,2026-07-01T00:00:00.000+02:00,2026-06-30T22:00:00Z,13.3,12
1480,Potencia instalada de generación turbina de gas,2026-07-01T00:00:00.000+02:00,2026-06-30T22:00:00Z,591.6,18
1480,Potencia instalada de generación turbina de gas,2026-08-01T00:00:00.000+02:00,2026-07-31T22:00:00Z,13.3,12
1480,Potencia instalada de generación turbina de gas,2026-08-01T00:00:00.000+02:00,2026-07-31T22:00:00Z,591.6,18
1480,Potencia instalada de generación turbina de gas,2026-08-01T00:00:00.000+02:00,2026-07-31T22:00:00Z,520.75,19
1480,Potencia instalada de generación turbina de gas,2026-08-01T00:00:00.000+02:00,2026-07-31T22:00:00Z,11.5,8746
1480,Potencia instalada de generación turbina de gas,2026-09-01T00:00:00.000+02:00,2026-08-31T22:00:00Z,13.3,12
1480,Potencia instalada de generación turbina de gas,2026-09-01T00:00:00.000+02:00,2026-08-31T22:00:00Z,591.6,18
1480,Potencia instalada de generación turbina de gas,2026-09-01T00:00:00.000+02:00,2026-08-31T22:00:00Z,520.75,19
1480,Potencia instalada de generación turbina de gas,2026-09-01T00:00:00.000+02:00,2026-08-31T22:00:00Z,11.5,8746
1480,Potencia instalada de generación turbina de gas,2026-10-01T00:00:00.000+02:00,2026-09-30T22:00:00Z,520.75,19
1480,Potencia instalada de generación turbina de gas,2026-10-01T00:00:00.000+02:00,2026-09-30T22:00:00Z,13.3,12
1480,Potencia instalada de generación turbina de gas,2026-10-01T00:00:00.000+02:00,2026-09-30T22:00:00Z,591.6,18
1480,Potencia instalada de generación turbina de gas,2026-10-01T00:00:00.000+02:00,2026-09-30T22:00:00Z,11.5,8746
1481,Potencia instalada de generación turbina de vapor,2025-10-01T00:00:00.000+02:00,2025-09-30T22:00:00Z,561.885,11
1481,Potencia instalada de generación turbina de vapor,2025-10-01T00:00:00.000+02:00,2025-09-30T22:00:00Z,482.64,19
1481,Potencia instalada de generación turbina de vapor,2025-11-01T00:00:00.000+01:00,2025-10-31T23:00:00Z,561.885,11
1481,Potencia instalada de generación turbina de vapor,2025-11-01T00:00:00.000+01:00,2025-10-31T23:00:00Z,482.64,19
1481,Potencia instalada de generación turbina de vapor,2025-12-01T00:00:00.000+01:00,2025-11-30T23:00:00Z,561.885,11
1481,Potencia instalada de generación turbina de vapor,2025-12-01T00:00:00.000+01:00,2025-11-30T23:00:00Z,482.64,19
1481,Potencia instalada de generación turbina de vapor,2026-01-01T00:00:00.000+01:00,2025-12-31T23:00:00Z,561.885,11
1481,Potencia instalada de generación turbina de vapor,2026-01-01T00:00:00.000+01:00,2025-12-31T23:00:00Z,482.64,19
1481,Potencia instalada de generación turbina de vapor,2026-02-01T00:00:00.000+01:00,2026-01-31T23:00:00Z,561.885,11
1481,Potencia instalada de generación turbina de vapor,2026-02-01T00:00:00.000+01:00,2026-01-31T23:00:00Z,482.64,19
1481,Potencia instalada de generación turbina de vapor,2026-03-01T00:00:00.000+01:00,2026-02-28T23:00:00Z,561.885,11
1481,Potencia instalada de generación turbina de vapor,2026-03-01T00:00:00.000+01:00,2026-02-28T23:00:00Z,482.64,19
1481,Potencia instalada de generación turbina de vapor,2026-04-01T00:00:00.000+02:00,2026-03-31T22:00:00Z,482.64,19
1481,Potencia instalada de generación turbina de vapor,2026-04-01T00:00:00.000+02:00,2026-03-31T22:00:00Z,561.885,11
1481,Potencia instalada de generación turbina de vapor,2026-05-01T00:00:00.000+02:00,2026-04-30T22:00:00Z,561.885,11
1481,Potencia instalada de generación turbina de vapor,2026-05-01T00:00:00.000+02:00,2026-04-30T22:00:00Z,482.64,19
1481,Potencia instalada de generación turbina de vapor,2026-06-01T00:00:00.000+02:00,2026-05-31T22:00:00Z,561.885,11
1481,Potencia instalada de generación turbina de vapor,2026-06-01T00:00:00.000+02:00,2026-05-31T22:00:00Z,482.64,19
1481,Potencia instalada de generación turbina de vapor,2026-07-01T00:00:00.000+02:00,2026-06-30T22:00:00Z,561.885,11
1481,Potencia instalada de generación turbina de vapor,2026-07-01T00:00:00.000+02:00,2026-06-30T22:00:00Z,482.64,19
1481,Potencia instalada de generación turbina de vapor,2026-08-01T00:00:00.000+02:00,2026-07-31T22:00:00Z,561.885,11
1481,Potencia instalada de generación turbina de vapor,2026-08-01T00:00:00.000+02:00,2026-07-31T22:00:00Z,482.64,19
1481,Potencia instalada de generación turbina de vapor,2026-09-01T00:00:00.000+02:00,2026-08-31T22:00:00Z,561.885,11
1481,Potencia instalada de generación turbina de vapor,2026-09-01T00:00:00.000+02:00,2026-08-31T22:00:00Z,482.64,19
1481,Potencia instalada de generación turbina de vapor,2026-10-01T00:00:00.000+02:00,2026-09-30T22:00:00Z,561.885,11
1481,Potencia instalada de generación turbina de vapor,2026-10-01T00:00:00.000+02:00,2026-09-30T22:00:00Z,482.64,19
1482,Potencia instalada de generación fuel,2025-10-01T00:00:00.000+02:00,2025-09-30T22:00:00Z,7.95,15
1482,Potencia instalada de generación fuel,2025-11-01T00:00:00.000+01:00,2025-10-31T23:00:00Z,7.95,15
1482,Potencia instalada de generación fuel,2025-12-01T00:00:00.000+01:00,2025-11-30T23:00:00Z,7.95,15
1482,Potencia instalada de generación fuel,2026-01-01T00:00:00.000+01:00,2025-12-31T23:00:00Z,7.95,15
1482,Potencia instalada de generación fuel,2026-02-01T00:00:00.000+01:00,2026-01-31T23:00:00Z,7.95,15
1482,Potencia instalada de generación fuel,2026-03-01T00:00:00.000+01:00,2026-02-28T23:00:00Z,7.95,15
1482,Potencia instalada de generación fuel,2026-04-01T00:00:00.000+02:00,2026-03-31T22:00:00Z,7.95,15
1482,Potencia instalada de generación fuel,2026-05-01T00:00:00.000+02:00,2026-04-30T22:00:00Z,7.95,15
1482,Potencia instalada de generación fuel,2026-06-01T00:00:00.000+02:00,2026-05-31T22:00:00Z,7.95,15
1482,Potencia instalada de generación fuel,2026-07-01T00:00:00.000+02:00,2026-06-30T22:00:00Z,7.95,15
1482,Potencia instalada de generación fuel,2026-08-01T00:00:00.000+02:00,2026-07-31T22:00:00Z,7.95,15
1482,Potencia instalada de generación fuel,2026-09-01T00:00:00.000+02:00,2026-08-31T22:00:00Z,7.95,15
1482,Potencia instalada de generación fuel,2026-10-01T00:00:00.000+02:00,2026-09-30T22:00:00Z,7.95,15
1483,Potencia instalada de generación ciclo combinado,2025-10-01T00:00:00.000+02:00,2025-09-30T22:00:00Z,5951.715,4
1483,Potencia instalada de generación ciclo combinado,2025-10-01T00:00:00.000+02:00,2025-09-30T22:00:00Z,3263.71,21
1483,Potencia instalada de generación ciclo combinado,2025-10-01T00:00:00.000+02:00,2025-09-30T22:00:00Z,784.7,20
1483,Potencia instalada de generación ciclo combinado,2025-10-01T00:00:00.000+02:00,2025-09-30T22:00:00Z,865.4,19
1483,Potencia instalada de generación ciclo combinado,2025-10-01T00:00:00.000+02:00,2025-09-30T22:00:00Z,1246.98,17
1483,Potencia instalada de generación ciclo combinado,2025-10-01T00:00:00.000+02:00,2025-09-30T22:00:00Z,2853.54,15
1483,Potencia instalada de generación ciclo combinado,2025-10-01T00:00:00.000+02:00,2025-09-30T22:00:00Z,822.9,18
1483,Potencia instalada de generación ciclo combinado,2025-10-01T00:00:00.000+02:00,2025-09-30T22:00:00Z,854.17,11
1483,Potencia instalada de generación ciclo combinado,2025-10-01T00:00:00.000+02:00,2025-09-30T22:00:00Z,1968.07,10
1483,Potencia instalada de generación ciclo combinado,2025-10-01T00:00:00.000+02:00,2025-09-30T22:00:00Z,3788.23,9
1483,Potencia instalada de generación ciclo combinado,2025-10-01T00:00:00.000+02:00,2025-09-30T22:00:00Z,758.74,7
1483,Potencia instalada de generación ciclo combinado,2025-10-01T00:00:00.000+02:00,2025-09-30T22:00:00Z,1869.67,5
1483,Potencia instalada de generación ciclo combinado,2025-10-01T00:00:00.000+02:00,2025-09-30T22:00:00Z,1222.32,14
1483,Potencia instalada de generación ciclo combinado,2025-11-01T00:00:00.000+01:00,2025-10-31T23:00:00Z,2853.54,15
1483,Potencia instalada de generación ciclo combinado,2025-11-01T00:00:00.000+01:00,2025-10-31T23:00:00Z,3263.71,21
1483,Potencia instalada de generación ciclo combinado,2025-11-01T00:00:00.000+01:00,2025-10-31T23:00:00Z,784.7,20
1483,Potencia instalada de generación ciclo combinado,2025-11-01T00:00:00.000+01:00,2025-10-31T23:00:00Z,865.4,19
1483,Potencia instalada de generación ciclo combinado,2025-11-01T00:00:00.000+01:00,2025-10-31T23:00:00Z,1246.98,17
1483,Potencia instalada de generación ciclo combinado,2025-11-01T00:00:00.000+01:00,2025-10-31T23:00:00Z,1222.32,14
1483,Potencia instalada de generación ciclo combinado,2025-11-01T00:00:00.000+01:00,2025-10-31T23:00:00Z,822.9,18
1483,Potencia instalada de generación ciclo combinado,2025-11-01T00:00:00.000+01:00,2025-10-31T23:00:00Z,1968.07,10
1483,Potencia instalada de generación ciclo combinado,2025-11-01T00:00:00.000+01:00,2025-10-31T23:00:00Z,3788.23,9
1483,Potencia instalada de generación ciclo combinado,2025-11-01T00:00:00.000+01:00,2025-10-31T23:00:00Z,758.74,7
1483,Potencia instalada de generación ciclo combinado,2025-11-01T00:00:00.000+01:00,2025-10-31T23:00:00Z,1869.67,5
1483,Potencia instalada de generación ciclo combinado,2025-11-01T00:00:00.000+01:00,2025-10-31T23:00:00Z,5951.715,4
1483,Potencia instalada de generación ciclo combinado,2025-11-01T00:00:00.000+01:00,2025-10-31T23:00:00Z,854.17,11
1483,Potencia instalada de generación ciclo combinado,2025-12-01T00:00:00.000+01:00,2025-11-30T23:00:00Z,3263.71,21
1483,Potencia instalada de generación ciclo combinado,2025-12-01T00:00:00.000+01:00,2025-11-30T23:00:00Z,784.7,20
1483,Potencia instalada de generación ciclo combinado,2025-12-01T00:00:00.000+01:00,2025-11-30T23:00:00Z,865.4,19
1483,Potencia instalada de generación ciclo combinado,2025-12-01T00:00:00.000+01:00,2025-11-30T23:00:00Z,822.9,18
1483,Potencia instalada de generación ciclo combinado,2025-12-01T00:00:00.000+01:00,2025-11-30T23:00:00Z,1246.98,17
1483,Potencia instalada de generación ciclo combinado,2025-12-01T00:00:00.000+01:00,2025-11-30T23:00:00Z,2853.54,15
1483,Potencia instalada de generación ciclo combinado,2025-12-01T00:00:00.000+01:00,2025-11-30T23:00:00Z,1222.32,14
1483,Potencia instalada de generación ciclo combinado,2025-12-01T00:00:00.000+01:00,2025-11-30T23:00:00Z,1968.07,10
1483,Potencia instalada de generación ciclo combinado,2025-12-01T00:00:00.000+01:00,2025-11-30T23:00:00Z,3788.23,9
1483,Potencia instalada de generación ciclo combinado,2025-12-01T00:00:00.000+01:00,2025-11-30T23:00:00Z,758.74,7
1483,Potencia instalada de generación ciclo combinado,2025-12-01T00:00:00.000+01:00,2025-11-30T23:00:00Z,1869.67,5
1483,Potencia instalada de generación ciclo combinado,2025-12-01T00:00:00.000+01:00,2025-11-30T23:00:00Z,5951.715,4
1483,Potencia instalada de generación ciclo combinado,2025-12-01T00:00:00.000+01:00,2025-11-30T23:00:00Z,854.17,11
1483,Potencia instalada de generación ciclo combinado,2026-01-01T00:00:00.000+01:00,2025-12-31T23:00:00Z,1246.98,17
1483,Potencia instalada de generación ciclo combinado,2026-01-01T00:00:00.000+01:00,2025-12-31T23:00:00Z,3263.71,21
1483,Potencia instalada de generación ciclo combinado,2026-01-01T00:00:00.000+01:00,2025-12-31T23:00:00Z,784.7,20
1483,Potencia instalada de generación ciclo combinado,2026-01-01T00:00:00.000+01:00,2025-12-31T23:00:00Z,865.4,19
1483,Potencia instalada de generación ciclo combinado,2026-01-01T00:00:00.000+01:00,2025-12-31T23:00:00Z,822.9,18
1483,Potencia instalada de generación ciclo combinado,2026-01-01T00:00:00.000+01:00,2025-12-31T23:00:00Z,2853.54,15
1483,Potencia instalada de generación ciclo combinado,2026-01-01T00:00:00.000+01:00,2025-12-31T23:00:00Z,758.74,7
1483,Potencia instalada de generación ciclo combinado,2026-01-01T00:00:00.000+01:00,2025-12-31T23:00:00Z,854.17,11
1483,Potencia instalada de generación ciclo combinado,2026-01-01T00:00:00.000+01:00,2025-12-31T23:00:00Z,1968.07,10
1483,Potencia instalada de generación ciclo combinado,2026-01-01T00:00:00.000+01:00,2025-12-31T23:00:00Z,3788.23,9
1483,Potencia instalada de generación ciclo combinado,2026-01-01T00:00:00.000+01:00,2025-12-31T23:00:00Z,1222.32,14
1483,Potencia instalada de generación ciclo combinado,2026-01-01T00:00:00.000+01:00,2025-12-31T23:00:00Z,1869.67,5
1483,Potencia instalada de generación ciclo combinado,2026-01-01T00:00:00.000+01:00,2025-12-31T23:00:00Z,5951.715,4
1483,Potencia instalada de generación ciclo combinado,2026-02-01T00:00:00.000+01:00,2026-01-31T23:00:00Z,784.7,20
1483,Potencia instalada de generación ciclo combinado,2026-02-01T00:00:00.000+01:00,2026-01-31T23:00:00Z,865.4,19
1483,Potencia instalada de generación ciclo combinado,2026-02-01T00:00:00.000+01:00,2026-01-31T23:00:00Z,822.9,18
1483,Potencia instalada de generación ciclo combinado,2026-02-01T00:00:00.000+01:00,2026-01-31T23:00:00Z,1246.98,17
1483,Potencia instalada de generación ciclo combinado,2026-02-01T00:00:00.000+01:00,2026-01-31T23:00:00Z,2853.54,15
1483,Potencia instalada de generación ciclo combinado,2026-02-01T00:00:00.000+01:00,2026-01-31T23:00:00Z,1222.32,14
1483,Potencia instalada de generación ciclo combinado,2026-02-01T00:00:00.000+01:00,2026-01-31T23:00:00Z,3263.71,21
1483,Potencia instalada de generación ciclo combinado,2026-02-01T00:00:00.000+01:00,2026-01-31T23:00:00Z,1968.07,10
1483,Potencia instalada de generación ciclo combinado,2026-02-01T00:00:00.000+01:00,2026-01-31T23:00:00Z,3788.23,9
1483,Potencia instalada de generación ciclo combinado,2026-02-01T00:00:00.000+01:00,2026-01-31T23:00:00Z,758.74,7
1483,Potencia instalada de generación ciclo combinado,2026-02-01T00:00:00.000+01:00,2026-01-31T23:00:00Z,1869.67,5
1483,Potencia instalada de generación ciclo combinado,2026-02-01T00:00:00.000+01:00,2026-01-31T23:00:00Z,5951.715,4
1483,Potencia instalada de generación ciclo combinado,2026-02-01T00:00:00.000+01:00,2026-01-31T23:00:00Z,854.17,11
1483,Potencia instalada de generación ciclo combinado,2026-03-01T00:00:00.000+01:00,2026-02-28T23:00:00Z,3263.71,21
1483,Potencia instalada de generación ciclo combinado,2026-03-01T00:00:00.000+01:00,2026-02-28T23:00:00Z,784.7,20
1483,Potencia instalada de generación ciclo combinado,2026-03-01T00:00:00.000+01:00,2026-02-28T23:00:00Z,865.4,19
1483,Potencia instalada de generación ciclo combinado,2026-03-01T00:00:00.000+01:00,2026-02-28T23:00:00Z,822.9,18
1483,Potencia instalada de generación ciclo combinado,2026-03-01T00:00:00.000+01:00,2026-02-28T23:00:00Z,1246.98,17
1483,Potencia instalada de generación ciclo combinado,2026-03-01T00:00:00.000+01:00,2026-02-28T23:00:00Z,2853.54,15
1483,Potencia instalada de generación ciclo combinado,2026-03-01T00:00:00.000+01:00,2026-02-28T23:00:00Z,1222.32,14
1483,Potencia instalada de generación ciclo combinado,2026-03-01T00:00:00.000+01:00,2026-02-28T23:00:00Z,1968.07,10
1483,Potencia instalada de generación ciclo combinado,2026-03-01T00:00:00.000+01:00,2026-02-28T23:00:00Z,3788.23,9
1483,Potencia instalada de generación ciclo combinado,2026-03-01T00:00:00.000+01:00,2026-02-28T23:00:00Z,758.74,7
1483,Potencia instalada de generación ciclo combinado,2026-03-01T00:00:00.000+01:00,2026-02-28T23:00:00Z,1869.67,5
1483,Potencia instalada de generación ciclo combinado,2026-03-01T00:00:00.000+01:00,2026-02-28T23:00:00Z,5951.715,4
1483,Potencia instalada de generación ciclo combinado,2026-03-01T00:00:00.000+01:00,2026-02-28T23:00:00Z,854.17,11
1483,Potencia instalada de generación ciclo combinado,2026-04-01T00:00:00.000+02:00,2026-03-31T22:00:00Z,1246.98,17
1483,Potencia instalada de generación ciclo combinado,2026-04-01T00:00:00.000+02:00,2026-03-31T22:00:00Z,3263.71,21
1483,Potencia instalada de generación ciclo combinado,2026-04-01T00:00:00.000+02:00,2026-03-31T22:00:00Z,784.7,20
1483,Potencia instalada de generación ciclo combinado,2026-04-01T00:00:00.000+02:00,2026-03-31T22:00:00Z,865.4,19
1483,Potencia instalada de generación ciclo combinado,2026-04-01T00:00:00.000+02:00,2026-03-31T22:00:00Z,822.9,18
1483,Potencia instalada de generación ciclo combinado,2026-04-01T00:00:00.000+02:00,2026-03-31T22:00:00Z,2853.54,15
1483,Potencia instalada de generación ciclo combinado,2026-04-01T00:00:00.000+02:00,2026-03-31T22:00:00Z,1222.32,14
1483,Potencia instalada de generación ciclo combinado,2026-04-01T00:00:00.000+02:00,2026-03-31T22:00:00Z,854.17,11
1483,Potencia instalada de generación ciclo combinado,2026-04-01T00:00:00.000+02:00,2026-03-31T22:00:00Z,1968.07,10
1483,Potencia instalada de generación ciclo combinado,2026-04-01T00:00:00.000+02:00,2026-03-31T22:00:00Z,3788.23,9
1483,Potencia instalada de generación ciclo combinado,2026-04-01T00:00:00.000+02:00,2026-03-31T22:00:00Z,758.74,7
1483,Potencia instalada de generación ciclo combinado,2026-04-01T00:00:00.000+02:00,2026-03-31T22:00:00Z,1869.67,5
1483,Potencia instalada de generación ciclo combinado,2026-04-01T00:00:00.000+02:00,2026-03-31T22:00:00Z,5951.715,4
1483,Potencia instalada de generación ciclo combinado,2026-05-01T00:00:00.000+02:00,2026-04-30T22:00:00Z,784.7,20
1483,Potencia instalada de generación ciclo combinado,2026-05-01T00:00:00.000+02:00,2026-04-30T22:00:00Z,865.4,19
1483,Potencia instalada de generación ciclo combinado,2026-05-01T00:00:00.000+02:00,2026-04-30T22:00:00Z,822.9,18
1483,Potencia instalada de generación ciclo combinado,2026-05-01T00:00:00.000+02:00,2026-04-30T22:00:00Z,1246.98,17
1483,Potencia instalada de generación ciclo combinado,2026-05-01T00:00:00.000+02:00,2026-04-30T22:00:00Z,2853.54,15
1483,Potencia instalada de generación ciclo combinado,2026-05-01T00:00:00.000+02:00,2026-04-30T22:00:00Z,1222.32,14
1483,Potencia instalada de generación ciclo combinado,2026-05-01T00:00:00.000+02:00,2026-04-30T22:00:00Z,3263.71,21
1483,Potencia instalada de generación ciclo combinado,2026-05-01T00:00:00.000+02:00,2026-04-30T22:00:00Z,1968.07,10
1483,Potencia instalada de generación ciclo combinado,2026-05-01T00:00:00.000+02:00,2026-04-30T22:00:00Z,3788.23,9
1483,Potencia instalada de generación ciclo combinado,2026-05-01T00:00:00.000+02:00,2026-04-30T22:00:00Z,758.74,7
1483,Potencia instalada de generación ciclo combinado,2026-05-01T00:00:00.000+02:00,2026-04-30T22:00:00Z,1869.67,5
1483,Potencia instalada de generación ciclo combinado,2026-05-01T00:00:00.000+02:00,2026-04-30T22:00:00Z,5951.715,4
1483,Potencia instalada de generación ciclo combinado,2026-05-01T00:00:00.000+02:00,2026-04-30T22:00:00Z,854.17,11
1483,Potencia instalada de generación ciclo combinado,2026-06-01T00:00:00.000+02:00,2026-05-31T22:00:00Z,3263.71,21
1483,Potencia instalada de generación ciclo combinado,2026-06-01T00:00:00.000+02:00,2026-05-31T22:00:00Z,784.7,20
1483,Potencia instalada de generación ciclo combinado,2026-06-01T00:00:00.000+02:00,2026-05-31T22:00:00Z,865.4,19
1483,Potencia instalada de generación ciclo combinado,2026-06-01T00:00:00.000+02:00,2026-05-31T22:00:00Z,822.9,18
1483,Potencia instalada de generación ciclo combinado,2026-06-01T00:00:00.000+02:00,2026-05-31T22:00:00Z,1246.98,17
1483,Potencia instalada de generación ciclo combinado,2026-06-01T00:00:00.000+02:00,2026-05-31T22:00:00Z,2853.54,15
1483,Potencia instalada de generación ciclo combinado,2026-06-01T00:00:00.000+02:00,2026-05-31T22:00:00Z,1222.32,14
1483,Potencia instalada de generación ciclo combinado,2026-06-01T00:00:00.000+02:00,2026-05-31T22:00:00Z,1968.07,10
1483,Potencia instalada de generación ciclo combinado,2026-06-01T00:00:00.000+02:00,2026-05-31T22:00:00Z,3788.23,9
1483,Potencia instalada de generación ciclo combinado,2026-06-01T00:00:00.000+02:00,2026-05-31T22:00:00Z,758.74,7
1483,Potencia instalada de generación ciclo combinado,2026-06-01T00:00:00.000+02:00,2026-05-31T22:00:00Z,1869.67,5
1483,Potencia instalada de generación ciclo combinado,2026-06-01T00:00:00.000+02:00,2026-05-31T22:00:00Z,5951.715,4
1483,Potencia instalada de generación ciclo combinado,2026-06-01T00:00:00.000+02:00,2026-05-31T22:00:00Z,854.17,11
1483,Potencia instalada de generación ciclo combinado,2026-07-01T00:00:00.000+02:00,2026-06-30T22:00:00Z,2853.54,15
1483,Potencia instalada de generación ciclo combinado,2026-07-01T00:00:00.000+02:00,2026-06-30T22:00:00Z,3263.71,21
1483,Potencia instalada de generación ciclo combinado,2026-07-01T00:00:00.000+02:00,2026-06-30T22:00:00Z,784.7,20
1483,Potencia instalada de generación ciclo combinado,2026-07-01T00:00:00.000+02:00,2026-06-30T22:00:00Z,865.4,19
1483,Potencia instalada de generación ciclo combinado,2026-07-01T00:00:00.000+02:00,2026-06-30T22:00:00Z,1246.98,17
1483,Potencia instalada de generación ciclo combinado,2026-07-01T00:00:00.000+02:00,2026-06-30T22:00:00Z,1222.32,14
1483,Potencia instalada de generación ciclo combinado,2026-07-01T00:00:00.000+02:00,2026-06-30T22:00:00Z,822.9,18
1483,Potencia instalada de generación ciclo combinado,2026-07-01T00:00:00.000+02:00,2026-06-30T22:00:00Z,1968.07,10
1483,Potencia instalada de generación ciclo combinado,2026-07-01T00:00:00.000+02:00,2026-06-30T22:00:00Z,3788.23,9
1483,Potencia instalada de generación ciclo combinado,2026-07-01T00:00:00.000+02:00,2026-06-30T22:00:00Z,854.17,11
1483,Potencia instalada de generación ciclo combinado,2026-07-01T00:00:00.000+02:00,2026-06-30T22:00:00Z,758.74,7
1483,Potencia instalada de generación ciclo combinado,2026-07-01T00:00:00.000+02:00,2026-06-30T22:00:00Z,1869.67,5
1483,Potencia instalada de generación ciclo combinado,2026-07-01T00:00:00.000+02:00,2026-06-30T22:00:00Z,5951.715,4
1483,Potencia instalada de generación ciclo combinado,2026-08-01T00:00:00.000+02:00,2026-07-31T22:00:00Z,3263.71,21
1483,Potencia instalada de generación ciclo combinado,2026-08-01T00:00:00.000+02:00,2026-07-31T22:00:00Z,784.7,20
1483,Potencia instalada de generación ciclo combinado,2026-08-01T00:00:00.000+02:00,2026-07-31T22:00:00Z,865.4,19
1483,Potencia instalada de generación ciclo combinado,2026-08-01T00:00:00.000+02:00,2026-07-31T22:00:00Z,822.9,18
1483,Potencia instalada de generación ciclo combinado,2026-08-01T00:00:00.000+02:00,2026-07-31T22:00:00Z,1246.98,17
1483,Potencia instalada de generación ciclo combinado,2026-08-01T00:00:00.000+02:00,2026-07-31T22:00:00Z,2853.54,15
1483,Potencia instalada de generación ciclo combinado,2026-08-01T00:00:00.000+02:00,2026-07-31T22:00:00Z,1222.32,14
1483,Potencia instalada de generación ciclo combinado,2026-08-01T00:00:00.000+02:00,2026-07-31T22:00:00Z,854.17,11
1483,Potencia instalada de generación ciclo combinado,2026-08-01T00:00:00.000+02:00,2026-07-31T22:00:00Z,1968.07,10
1483,Potencia instalada de generación ciclo combinado,2026-08-01T00:00:00.000+02:00,2026-07-31T22:00:00Z,3788.23,9
1483,Potencia instalada de generación ciclo combinado,2026-08-01T00:00:00.000+02:00,2026-07-31T22:00:00Z,758.74,7
1483,Potencia instalada de generación ciclo combinado,2026-08-01T00:00:00.000+02:00,2026-07-31T22:00:00Z,1869.67,5
1483,Potencia instalada de generación ciclo combinado,2026-08-01T00:00:00.000+02:00,2026-07-31T22:00:00Z,5951.715,4
1483,Potencia instalada de generación ciclo combinado,2026-09-01T00:00:00.000+02:00,2026-08-31T22:00:00Z,784.7,20
1483,Potencia instalada de generación ciclo combinado,2026-09-01T00:00:00.000+02:00,2026-08-31T22:00:00Z,865.4,19
1483,Potencia instalada de generación ciclo combinado,2026-09-01T00:00:00.000+02:00,2026-08-31T22:00:00Z,822.9,18
1483,Potencia instalada de generación ciclo combinado,2026-09-01T00:00:00.000+02:00,2026-08-31T22:00:00Z,3263.71,21
1483,Potencia instalada de generación ciclo combinado,2026-09-01T00:00:00.000+02:00,2026-08-31T22:00:00Z,1246.98,17
1483,Potencia instalada de generación ciclo combinado,2026-09-01T00:00:00.000+02:00,2026-08-31T22:00:00Z,2853.54,15
1483,Potencia instalada de generación ciclo combinado,2026-09-01T00:00:00.000+02:00,2026-08-31T22:00:00Z,3788.23,9
1483,Potencia instalada de generación ciclo combinado,2026-09-01T00:00:00.000+02:00,2026-08-31T22:00:00Z,854.17,11
1483,Potencia instalada de generación ciclo combinado,2026-09-01T00:00:00.000+02:00,2026-08-31T22:00:00Z,1968.07,10
1483,Potencia instalada de generación ciclo combinado,2026-09-01T00:00:00.000+02:00,2026-08-31T22:00:00Z,758.74,7
1483,Potencia instalada de generación ciclo combinado,2026-09-01T00:00:00.000+02:00,2026-08-31T22:00:00Z,1869.67,5
1483,Potencia instalada de generación ciclo combinado,2026-09-01T00:00:00.000+02:00,2026-08-31T22:00:00Z,5951.715,4
1483,Potencia instalada de generación ciclo combinado,2026-09-01T00:00:00.000+02:00,2026-08-31T22:00:00Z,1222.32,14
1483,Potencia instalada de generación ciclo combinado,2026-10-01T00:00:00.000+02:00,2026-09-30T22:00:00Z,865.4,19
1483,Potencia instalada de generación ciclo combinado,2026-10-01T00:00:00.000+02:00,2026-09-30T22:00:00Z,822.9,18
1483,Potencia instalada de generación ciclo combinado,2026-10-01T00:00:00.000+02:00,2026-09-30T22:00:00Z,1246.98,17
1483,Potencia instalada de generación ciclo combinado,2026-10-01T00:00:00.000+02:00,2026-09-30T22:00:00Z,2853.54,15
1483,Potencia instalada de generación ciclo combinado,2026-10-01T00:00:00.000+02:00,2026-09-30T22:00:00Z,1222.32,14
1483,Potencia instalada de generación ciclo combinado,2026-10-01T00:00:00.000+02:00,2026-09-30T22:00:00Z,3788.23,9
1483,Potencia instalada de generación ciclo combinado,2026-10-01T00:00:00.000+02:00,2026-09-30T22:00:00Z,1968.07,10
1483,Potencia instalada de generación ciclo combinado,2026-10-01T00:00:00.000+02:00,2026-09-30T22:00:00Z,758.74,7
1483,Potencia instalada de generación ciclo combinado,2026-10-01T00:00:00.000+02:00,2026-09-30T22:00:00Z,1869.67,5
1483,Potencia instalada de generación ciclo combinado,2026-10-01T00:00:00.000+02:00,2026-09-30T22:00:00Z,5951.715,4
1483,Potencia instalada de generación ciclo combinado,2026-10-01T00:00:00.000+02:00,2026-09-30T22:00:00Z,784.7,20
1483,Potencia instalada de generación ciclo combinado,2026-10-01T00:00:00.000+02:00,2026-09-30T22:00:00Z,854.17,11
1483,Potencia instalada de generación ciclo combinado,2026-10-01T00:00:00.000+02:00,2026-09-30T22:00:00Z,3263.71,21
1484,Potencia instalada de generación hidroeólica,2025-10-01T00:00:00.000+02:00,2025-09-30T22:00:00Z,11.32,19
1484,Potencia instalada de generación hidroeólica,2025-11-01T00:00:00.000+01:00,2025-10-31T23:00:00Z,11.32,19
1484,Potencia instalada de generación hidroeólica,2025-12-01T00:00:00.000+01:00,2025-11-30T23:00:00Z,11.32,19
1484,Potencia instalada de generación hidroeólica,2026-01-01T00:00:00.000+01:00,2025-12-31T23:00:00Z,11.32,19
1484,Potencia instalada de generación hidroeólica,2026-02-01T00:00:00.000+01:00,2026-01-31T23:00:00Z,11.32,19
1484,Potencia instalada de generación hidroeólica,2026-03-01T00:00:00.000+01:00,2026-02-28T23:00:00Z,11.32,19
1484,Potencia instalada de generación hidroeólica,2026-04-01T00:00:00.000+02:00,2026-03-31T22:00:00Z,11.32,19
1484,Potencia instalada de generación hidroeólica,2026-05-01T00:00:00.000+02:00,2026-04-30T22:00:00Z,11.32,19
1484,Potencia instalada de generación hidroeólica,2026-06-01T00:00:00.000+02:00,2026-05-31T22:00:00Z,11.32,19
1484,Potencia instalada de generación hidroeólica,2026-07-01T00:00:00.000+02:00,2026-06-30T22:00:00Z,11.32,19
1484,Potencia instalada de generación hidroeólica,2026-08-01T00:00:00.000+02:00,2026-07-31T22:00:00Z,11.32,19
1484,Potencia instalada de generación hidroeólica,2026-09-01T00:00:00.000+02:00,2026-08-31T22:00:00Z,11.32,19
1484,Potencia instalada de generación hidroeólica,2026-10-01T00:00:00.000+02:00,2026-09-30T22:00:00Z,11.32,19
1485,Potencia instalada de generación eólica,2025-10-01T00:00:00.000+02:00,2025-09-30T22:00:00Z,3706.79,4
1485,Potencia instalada de generación eólica,2025-10-01T00:00:00.000+02:00,2025-09-30T22:00:00Z,264.097,21
1485,Potencia instalada de generación eólica,2025-10-01T00:00:00.000+02:00,2025-09-30T22:00:00Z,511.92,20
1485,Potencia instalada de generación eólica,2025-10-01T00:00:00.000+02:00,2025-09-30T22:00:00Z,660.21,19
1485,Potencia instalada de generación eólica,2025-10-01T00:00:00.000+02:00,2025-09-30T22:00:00Z,3.563,18
1485,Potencia instalada de generación eólica,2025-10-01T00:00:00.000+02:00,2025-09-30T22:00:00Z,98.775,16
1485,Potencia instalada de generación eólica,2025-10-01T00:00:00.000+02:00,2025-09-30T22:00:00Z,1243.033,15
1485,Potencia instalada de generación eólica,2025-10-01T00:00:00.000+02:00,2025-09-30T22:00:00Z,1635.232,14
1485,Potencia instalada de generación eólica,2025-10-01T00:00:00.000+02:00,2025-09-30T22:00:00Z,4028.94,17
1485,Potencia instalada de generación eólica,2025-10-01T00:00:00.000+02:00,2025-09-30T22:00:00Z,702.075,11
1485,Potencia instalada de generación eólica,2025-10-01T00:00:00.000+02:00,2025-09-30T22:00:00Z,155.382,10
1485,Potencia instalada de generación eólica,2025-10-01T00:00:00.000+02:00,2025-09-30T22:00:00Z,1442.824,9
1485,Potencia instalada de generación eólica,2025-10-01T00:00:00.000+02:00,2025-09-30T22:00:00Z,7750.652,8
1485,Potencia instalada de generación eólica,2025-10-01T00:00:00.000+02:00,2025-09-30T22:00:00Z,4982.534,7
1485,Potencia instalada de generación eólica,2025-10-01T00:00:00.000+02:00,2025-09-30T22:00:00Z,35.307,6
1485,Potencia instalada de generación eólica,2025-10-01T00:00:00.000+02:00,2025-09-30T22:00:00Z,5902.1,5
1485,Potencia instalada de generación eólica,2025-10-01T00:00:00.000+02:00,2025-09-30T22:00:00Z,0.003,13
1485,Potencia instalada de generación eólica,2025-11-01T00:00:00.000+01:00,2025-10-31T23:00:00Z,1635.232,14
1485,Potencia instalada de generación eólica,2025-11-01T00:00:00.000+01:00,2025-10-31T23:00:00Z,264.097,21
1485,Potencia instalada de generación eólica,2025-11-01T00:00:00.000+01:00,2025-10-31T23:00:00Z,511.92,20
1485,Potencia instalada de generación eólica,2025-11-01T00:00:00.000+01:00,2025-10-31T23:00:00Z,660.21,19
1485,Potencia instalada de generación eólica,2025-11-01T00:00:00.000+01:00,2025-10-31T23:00:00Z,3.563,18
1485,Potencia instalada de generación eólica,2025-11-01T00:00:00.000+01:00,2025-10-31T23:00:00Z,98.775,16
1485,Potencia instalada de generación eólica,2025-11-01T00:00:00.000+01:00,2025-10-31T23:00:00Z,1243.033,15
1485,Potencia instalada de generación eólica,2025-11-01T00:00:00.000+01:00,2025-10-31T23:00:00Z,0.003,13
1485,Potencia instalada de generación eólica,2025-11-01T00:00:00.000+01:00,2025-10-31T23:00:00Z,4028.94,17
1485,Potencia instalada de generación eólica,2025-11-01T00:00:00.000+01:00,2025-10-31T23:00:00Z,155.382,10
1485,Potencia instalada de generación eólica,2025-11-01T00:00:00.000+01:00,2025-10-31T23:00:00Z,1442.824,9
1485,Potencia instalada de generación eólica,2025-11-01T00:00:00.000+01:00,2025-10-31T23:00:00Z,7750.652,8
1485,Potencia instalada de generación eólica,2025-11-01T00:00:00.000+01:00,2025-10-31T23:00:00Z,4982.534,7
1485,Potencia instalada de generación eólica,2025-11-01T00:00:00.000+01:00,2025-10-31T23:00:00Z,35.307,6
1485,Potencia instalada de generación eólica,2025-11-01T00:00:00.000+01:00,2025-10-31T23:00:00Z,5966.9,5
1485,Potencia instalada de generación eólica,2025-11-01T00:00:00.000+01:00,2025-10-31T23:00:00Z,3713.79,4
1485,Potencia instalada de generación eólica,2025-11-01T00:00:00.000+01:00,2025-10-31T23:00:00Z,702.075,11
1485,Potencia instalada de generación eólica,2025-12-01T00:00:00.000+01:00,2025-11-30T23:00:00Z,264.097,21
1485,Potencia instalada de generación eólica,2025-12-01T00:00:00.000+01:00,2025-11-30T23:00:00Z,511.92,20
1485,Potencia instalada de generación eólica,2025-12-01T00:00:00.000+01:00,2025-11-30T23:00:00Z,678.435,19
1485,Potencia instalada de generación eólica,2025-12-01T00:00:00.000+01:00,2025-11-30T23:00:00Z,3.563,18
1485,Potencia instalada de generación eólica,2025-12-01T00:00:00.000+01:00,2025-11-30T23:00:00Z,4028.94,17
1485,Potencia instalada de generación eólica,2025-12-01T00:00:00.000+01:00,2025-11-30T23:00:00Z,98.775,16
1485,Potencia instalada de generación eólica,2025-12-01T00:00:00.000+01:00,2025-11-30T23:00:00Z,1243.033,15
1485,Potencia instalada de generación eólica,2025-12-01T00:00:00.000+01:00,2025-11-30T23:00:00Z,1635.232,14
1485,Potencia instalada de generación eólica,2025-12-01T00:00:00.000+01:00,2025-11-30T23:00:00Z,0.003,13
1485,Potencia instalada de generación eólica,2025-12-01T00:00:00.000+01:00,2025-11-30T23:00:00Z,155.382,10
1485,Potencia instalada de generación eólica,2025-12-01T00:00:00.000+01:00,2025-11-30T23:00:00Z,1455.024,9
1485,Potencia instalada de generación eólica,2025-12-01T00:00:00.000+01:00,2025-11-30T23:00:00Z,7750.652,8
1485,Potencia instalada de generación eólica,2025-12-01T00:00:00.000+01:00,2025-11-30T23:00:00Z,4982.534,7
1485,Potencia instalada de generación eólica,2025-12-01T00:00:00.000+01:00,2025-11-30T23:00:00Z,35.307,6
1485,Potencia instalada de generación eólica,2025-12-01T00:00:00.000+01:00,2025-11-30T23:00:00Z,6067.48,5
1485,Potencia instalada de generación eólica,2025-12-01T00:00:00.000+01:00,2025-11-30T23:00:00Z,3706.79,4
1485,Potencia instalada de generación eólica,2025-12-01T00:00:00.000+01:00,2025-11-30T23:00:00Z,702.075,11
1485,Potencia instalada de generación eólica,2026-01-01T00:00:00.000+01:00,2025-12-31T23:00:00Z,1243.033,15
1485,Potencia instalada de generación eólica,2026-01-01T00:00:00.000+01:00,2025-12-31T23:00:00Z,264.097,21
1485,Potencia instalada de generación eólica,2026-01-01T00:00:00.000+01:00,2025-12-31T23:00:00Z,511.92,20
1485,Potencia instalada de generación eólica,2026-01-01T00:00:00.000+01:00,2025-12-31T23:00:00Z,677.535,19
1485,Potencia instalada de generación eólica,2026-01-01T00:00:00.000+01:00,2025-12-31T23:00:00Z,3.563,18
1485,Potencia instalada de generación eólica,2026-01-01T00:00:00.000+01:00,2025-12-31T23:00:00Z,4028.94,17
1485,Potencia instalada de generación eólica,2026-01-01T00:00:00.000+01:00,2025-12-31T23:00:00Z,98.775,16
1485,Potencia instalada de generación eólica,2026-01-01T00:00:00.000+01:00,2025-12-31T23:00:00Z,1668.522,14
1485,Potencia instalada de generación eólica,2026-01-01T00:00:00.000+01:00,2025-12-31T23:00:00Z,4982.534,7
1485,Potencia instalada de generación eólica,2026-01-01T00:00:00.000+01:00,2025-12-31T23:00:00Z,702.075,11
1485,Potencia instalada de generación eólica,2026-01-01T00:00:00.000+01:00,2025-12-31T23:00:00Z,155.382,10
1485,Potencia instalada de generación eólica,2026-01-01T00:00:00.000+01:00,2025-12-31T23:00:00Z,1455.024,9
1485,Potencia instalada de generación eólica,2026-01-01T00:00:00.000+01:00,2025-12-31T23:00:00Z,7750.652,8
1485,Potencia instalada de generación eólica,2026-01-01T00:00:00.000+01:00,2025-12-31T23:00:00Z,0.003,13
1485,Potencia instalada de generación eólica,2026-01-01T00:00:00.000+01:00,2025-12-31T23:00:00Z,35.307,6
1485,Potencia instalada de generación eólica,2026-01-01T00:00:00.000+01:00,2025-12-31T23:00:00Z,6067.48,5
1485,Potencia instalada de generación eólica,2026-01-01T00:00:00.000+01:00,2025-12-31T23:00:00Z,3706.79,4
1485,Potencia instalada de generación eólica,2026-02-01T00:00:00.000+01:00,2026-01-31T23:00:00Z,511.92,20
1485,Potencia instalada de generación eólica,2026-02-01T00:00:00.000+01:00,2026-01-31T23:00:00Z,677.535,19
1485,Potencia instalada de generación eólica,2026-02-01T00:00:00.000+01:00,2026-01-31T23:00:00Z,3.563,18
1485,Potencia instalada de generación eólica,2026-02-01T00:00:00.000+01:00,2026-01-31T23:00:00Z,4028.94,17
1485,Potencia instalada de generación eólica,2026-02-01T00:00:00.000+01:00,2026-01-31T23:00:00Z,98.775,16
1485,Potencia instalada de generación eólica,2026-02-01T00:00:00.000+01:00,2026-01-31T23:00:00Z,1243.033,15
1485,Potencia instalada de generación eólica,2026-02-01T00:00:00.000+01:00,2026-01-31T23:00:00Z,1699.702,14
1485,Potencia instalada de generación eólica,2026-02-01T00:00:00.000+01:00,2026-01-31T23:00:00Z,0.003,13
1485,Potencia instalada de generación eólica,2026-02-01T00:00:00.000+01:00,2026-01-31T23:00:00Z,264.097,21
1485,Potencia instalada de generación eólica,2026-02-01T00:00:00.000+01:00,2026-01-31T23:00:00Z,155.382,10
1485,Potencia instalada de generación eólica,2026-02-01T00:00:00.000+01:00,2026-01-31T23:00:00Z,1455.024,9
1485,Potencia instalada de generación eólica,2026-02-01T00:00:00.000+01:00,2026-01-31T23:00:00Z,7750.652,8
1485,Potencia instalada de generación eólica,2026-02-01T00:00:00.000+01:00,2026-01-31T23:00:00Z,4982.534,7
1485,Potencia instalada de generación eólica,2026-02-01T00:00:00.000+01:00,2026-01-31T23:00:00Z,35.307,6
1485,Potencia instalada de generación eólica,2026-02-01T00:00:00.000+01:00,2026-01-31T23:00:00Z,6067.48,5
1485,Potencia instalada de generación eólica,2026-02-01T00:00:00.000+01:00,2026-01-31T23:00:00Z,3747.29,4
1485,Potencia instalada de generación eólica,2026-02-01T00:00:00.000+01:00,2026-01-31T23:00:00Z,702.075,11
1485,Potencia instalada de generación eólica,2026-03-01T00:00:00.000+01:00,2026-02-28T23:00:00Z,264.097,21
1485,Potencia instalada de generación eólica,2026-03-01T00:00:00.000+01:00,2026-02-28T23:00:00Z,511.92,20
1485,Potencia instalada de generación eólica,2026-03-01T00:00:00.000+01:00,2026-02-28T23:00:00Z,677.535,19
1485,Potencia instalada de generación eólica,2026-03-01T00:00:00.000+01:00,2026-02-28T23:00:00Z,3.563,18
1485,Potencia instalada de generación eólica,2026-03-01T00:00:00.000+01:00,2026-02-28T23:00:00Z,4028.94,17
1485,Potencia instalada de generación eólica,2026-03-01T00:00:00.000+01:00,2026-02-28T23:00:00Z,98.775,16
1485,Potencia instalada de generación eólica,2026-03-01T00:00:00.000+01:00,2026-02-28T23:00:00Z,1243.033,15
1485,Potencia instalada de generación eólica,2026-03-01T00:00:00.000+01:00,2026-02-28T23:00:00Z,1699.702,14
1485,Potencia instalada de generación eólica,2026-03-01T00:00:00.000+01:00,2026-02-28T23:00:00Z,0.003,13
1485,Potencia instalada de generación eólica,2026-03-01T00:00:00.000+01:00,2026-02-28T23:00:00Z,155.382,10
1485,Potencia instalada de generación eólica,2026-03-01T00:00:00.000+01:00,2026-02-28T23:00:00Z,1455.024,9
1485,Potencia instalada de generación eólica,2026-03-01T00:00:00.000+01:00,2026-02-28T23:00:00Z,7821.052,8
1485,Potencia instalada de generación eólica,2026-03-01T00:00:00.000+01:00,2026-02-28T23:00:00Z,4982.534,7
1485,Potencia instalada de generación eólica,2026-03-01T00:00:00.000+01:00,2026-02-28T23:00:00Z,35.307,6
1485,Potencia instalada de generación eólica,2026-03-01T00:00:00.000+01:00,2026-02-28T23:00:00Z,6161.88,5
1485,Potencia instalada de generación eólica,2026-03-01T00:00:00.000+01:00,2026-02-28T23:00:00Z,3747.29,4
1485,Potencia instalada de generación eólica,2026-03-01T00:00:00.000+01:00,2026-02-28T23:00:00Z,702.075,11
1485,Potencia instalada de generación eólica,2026-04-01T00:00:00.000+02:00,2026-03-31T22:00:00Z,1243.033,15
1485,Potencia instalada de generación eólica,2026-04-01T00:00:00.000+02:00,2026-03-31T22:00:00Z,264.097,21
1485,Potencia instalada de generación eólica,2026-04-01T00:00:00.000+02:00,2026-03-31T22:00:00Z,511.92,20
1485,Potencia instalada de generación eólica,2026-04-01T00:00:00.000+02:00,2026-03-31T22:00:00Z,677.535,19
1485,Potencia instalada de generación eólica,2026-04-01T00:00:00.000+02:00,2026-03-31T22:00:00Z,3.563,18
1485,Potencia instalada de generación eólica,2026-04-01T00:00:00.000+02:00,2026-03-31T22:00:00Z,4028.94,17
1485,Potencia instalada de generación eólica,2026-04-01T00:00:00.000+02:00,2026-03-31T22:00:00Z,98.775,16
1485,Potencia instalada de generación eólica,2026-04-01T00:00:00.000+02:00,2026-03-31T22:00:00Z,1699.702,14
1485,Potencia instalada de generación eólica,2026-04-01T00:00:00.000+02:00,2026-03-31T22:00:00Z,0.003,13
1485,Potencia instalada de generación eólica,2026-04-01T00:00:00.000+02:00,2026-03-31T22:00:00Z,702.075,11
1485,Potencia instalada de generación eólica,2026-04-01T00:00:00.000+02:00,2026-03-31T22:00:00Z,155.382,10
1485,Potencia instalada de generación eólica,2026-04-01T00:00:00.000+02:00,2026-03-31T22:00:00Z,1455.024,9
1485,Potencia instalada de generación eólica,2026-04-01T00:00:00.000+02:00,2026-03-31T22:00:00Z,7821.052,8
1485,Potencia instalada de generación eólica,2026-04-01T00:00:00.000+02:00,2026-03-31T22:00:00Z,4982.534,7
1485,Potencia instalada de generación eólica,2026-04-01T00:00:00.000+02:00,2026-03-31T22:00:00Z,35.307,6
1485,Potencia instalada de generación eólica,2026-04-01T00:00:00.000+02:00,2026-03-31T22:00:00Z,6161.88,5
1485,Potencia instalada de generación eólica,2026-04-01T00:00:00.000+02:00,2026-03-31T22:00:00Z,3747.29,4
1485,Potencia instalada de generación eólica,2026-05-01T00:00:00.000+02:00,2026-04-30T22:00:00Z,511.92,20
1485,Potencia instalada de generación eólica,2026-05-01T00:00:00.000+02:00,2026-04-30T22:00:00Z,677.535,19
1485,Potencia instalada de generación eólica,2026-05-01T00:00:00.000+02:00,2026-04-30T22:00:00Z,3.563,18
1485,Potencia instalada de generación eólica,2026-05-01T00:00:00.000+02:00,2026-04-30T22:00:00Z,4027.24,17
1485,Potencia instalada de generación eólica,2026-05-01T00:00:00.000+02:00,2026-04-30T22:00:00Z,98.775,16
1485,Potencia instalada de generación eólica,2026-05-01T00:00:00.000+02:00,2026-04-30T22:00:00Z,1243.033,15
1485,Potencia instalada de generación eólica,2026-05-01T00:00:00.000+02:00,2026-04-30T22:00:00Z,1668.522,14
1485,Potencia instalada de generación eólica,2026-05-01T00:00:00.000+02:00,2026-04-30T22:00:00Z,0.003,13
1485,Potencia instalada de generación eólica,2026-05-01T00:00:00.000+02:00,2026-04-30T22:00:00Z,264.097,21
1485,Potencia instalada de generación eólica,2026-05-01T00:00:00.000+02:00,2026-04-30T22:00:00Z,155.382,10
1485,Potencia instalada de generación eólica,2026-05-01T00:00:00.000+02:00,2026-04-30T22:00:00Z,1455.024,9
1485,Potencia instalada de generación eólica,2026-05-01T00:00:00.000+02:00,2026-04-30T22:00:00Z,7815.052,8
1485,Potencia instalada de generación eólica,2026-05-01T00:00:00.000+02:00,2026-04-30T22:00:00Z,4982.534,7
1485,Potencia instalada de generación eólica,2026-05-01T00:00:00.000+02:00,2026-04-30T22:00:00Z,35.307,6
1485,Potencia instalada de generación eólica,2026-05-01T00:00:00.000+02:00,2026-04-30T22:00:00Z,6161.88,5
1485,Potencia instalada de generación eólica,2026-05-01T00:00:00.000+02:00,2026-04-30T22:00:00Z,3747.29,4
1485,Potencia instalada de generación eólica,2026-05-01T00:00:00.000+02:00,2026-04-30T22:00:00Z,702.075,11
1485,Potencia instalada de generación eólica,2026-06-01T00:00:00.000+02:00,2026-05-31T22:00:00Z,264.097,21
1485,Potencia instalada de generación eólica,2026-06-01T00:00:00.000+02:00,2026-05-31T22:00:00Z,511.92,20
1485,Potencia instalada de generación eólica,2026-06-01T00:00:00.000+02:00,2026-05-31T22:00:00Z,677.535,19
1485,Potencia instalada de generación eólica,2026-06-01T00:00:00.000+02:00,2026-05-31T22:00:00Z,3.563,18
1485,Potencia instalada de generación eólica,2026-06-01T00:00:00.000+02:00,2026-05-31T22:00:00Z,4027.24,17
1485,Potencia instalada de generación eólica,2026-06-01T00:00:00.000+02:00,2026-05-31T22:00:00Z,98.775,16
1485,Potencia instalada de generación eólica,2026-06-01T00:00:00.000+02:00,2026-05-31T22:00:00Z,1243.033,15
1485,Potencia instalada de generación eólica,2026-06-01T00:00:00.000+02:00,2026-05-31T22:00:00Z,1670.222,14
1485,Potencia instalada de generación eólica,2026-06-01T00:00:00.000+02:00,2026-05-31T22:00:00Z,0.003,13
1485,Potencia instalada de generación eólica,2026-06-01T00:00:00.000+02:00,2026-05-31T22:00:00Z,155.382,10
1485,Potencia instalada de generación eólica,2026-06-01T00:00:00.000+02:00,2026-05-31T22:00:00Z,1455.024,9
1485,Potencia instalada de generación eólica,2026-06-01T00:00:00.000+02:00,2026-05-31T22:00:00Z,7815.052,8
1485,Potencia instalada de generación eólica,2026-06-01T00:00:00.000+02:00,2026-05-31T22:00:00Z,4982.534,7
1485,Potencia instalada de generación eólica,2026-06-01T00:00:00.000+02:00,2026-05-31T22:00:00Z,35.307,6
1485,Potencia instalada de generación eólica,2026-06-01T00:00:00.000+02:00,2026-05-31T22:00:00Z,6161.88,5
1485,Potencia instalada de generación eólica,2026-06-01T00:00:00.000+02:00,2026-05-31T22:00:00Z,3747.29,4
1485,Potencia instalada de generación eólica,2026-06-01T00:00:00.000+02:00,2026-05-31T22:00:00Z,702.075,11
1485,Potencia instalada de generación eólica,2026-07-01T00:00:00.000+02:00,2026-06-30T22:00:00Z,1705.622,14
1485,Potencia instalada de generación eólica,2026-07-01T00:00:00.000+02:00,2026-06-30T22:00:00Z,264.101,21
1485,Potencia instalada de generación eólica,2026-07-01T00:00:00.000+02:00,2026-06-30T22:00:00Z,511.92,20
1485,Potencia instalada de generación eólica,2026-07-01T00:00:00.000+02:00,2026-06-30T22:00:00Z,677.535,19
1485,Potencia instalada de generación eólica,2026-07-01T00:00:00.000+02:00,2026-06-30T22:00:00Z,3.563,18
1485,Potencia instalada de generación eólica,2026-07-01T00:00:00.000+02:00,2026-06-30T22:00:00Z,98.775,16
1485,Potencia instalada de generación eólica,2026-07-01T00:00:00.000+02:00,2026-06-30T22:00:00Z,1243.033,15
1485,Potencia instalada de generación eólica,2026-07-01T00:00:00.000+02:00,2026-06-30T22:00:00Z,0.003,13
1485,Potencia instalada de generación eólica,2026-07-01T00:00:00.000+02:00,2026-06-30T22:00:00Z,4027.24,17
1485,Potencia instalada de generación eólica,2026-07-01T00:00:00.000+02:00,2026-06-30T22:00:00Z,155.382,10
1485,Potencia instalada de generación eólica,2026-07-01T00:00:00.000+02:00,2026-06-30T22:00:00Z,1418.394,9
1485,Potencia instalada de generación eólica,2026-07-01T00:00:00.000+02:00,2026-06-30T22:00:00Z,7815.052,8
1485,Potencia instalada de generación eólica,2026-07-01T00:00:00.000+02:00,2026-06-30T22:00:00Z,702.075,11
1485,Potencia instalada de generación eólica,2026-07-01T00:00:00.000+02:00,2026-06-30T22:00:00Z,5030.534,7
1485,Potencia instalada de generación eólica,2026-07-01T00:00:00.000+02:00,2026-06-30T22:00:00Z,35.307,6
1485,Potencia instalada de generación eólica,2026-07-01T00:00:00.000+02:00,2026-06-30T22:00:00Z,6161.88,5
1485,Potencia instalada de generación eólica,2026-07-01T00:00:00.000+02:00,2026-06-30T22:00:00Z,3747.29,4
1485,Potencia instalada de generación eólica,2026-08-01T00:00:00.000+02:00,2026-07-31T22:00:00Z,264.101,21
1485,Potencia instalada de generación eólica,2026-08-01T00:00:00.000+02:00,2026-07-31T22:00:00Z,511.92,20
1485,Potencia instalada de generación eólica,2026-08-01T00:00:00.000+02:00,2026-07-31T22:00:00Z,677.535,19
1485,Potencia instalada de generación eólica,2026-08-01T00:00:00.000+02:00,2026-07-31T22:00:00Z,3.563,18
1485,Potencia instalada de generación eólica,2026-08-01T00:00:00.000+02:00,2026-07-31T22:00:00Z,4027.24,17
1485,Potencia instalada de generación eólica,2026-08-01T00:00:00.000+02:00,2026-07-31T22:00:00Z,98.775,16
1485,Potencia instalada de generación eólica,2026-08-01T00:00:00.000+02:00,2026-07-31T22:00:00Z,1243.033,15
1485,Potencia instalada de generación eólica,2026-08-01T00:00:00.000+02:00,2026-07-31T22:00:00Z,1705.622,14
1485,Potencia instalada de generación eólica,2026-08-01T00:00:00.000+02:00,2026-07-31T22:00:00Z,0.003,13
1485,Potencia instalada de generación eólica,2026-08-01T00:00:00.000+02:00,2026-07-31T22:00:00Z,702.075,11
1485,Potencia instalada de generación eólica,2026-08-01T00:00:00.000+02:00,2026-07-31T22:00:00Z,155.382,10
1485,Potencia instalada de generación eólica,2026-08-01T00:00:00.000+02:00,2026-07-31T22:00:00Z,1418.394,9
1485,Potencia instalada de generación eólica,2026-08-01T00:00:00.000+02:00,2026-07-31T22:00:00Z,7815.052,8
1485,Potencia instalada de generación eólica,2026-08-01T00:00:00.000+02:00,2026-07-31T22:00:00Z,5030.534,7
1485,Potencia instalada de generación eólica,2026-08-01T00:00:00.000+02:00,2026-07-31T22:00:00Z,35.307,6
1485,Potencia instalada de generación eólica,2026-08-01T00:00:00.000+02:00,2026-07-31T22:00:00Z,6161.88,5
1485,Potencia instalada de generación eólica,2026-08-01T00:00:00.000+02:00,2026-07-31T22:00:00Z,3747.29,4
1485,Potencia instalada de generación eólica,2026-09-01T00:00:00.000+02:00,2026-08-31T22:00:00Z,511.92,20
1485,Potencia instalada de generación eólica,2026-09-01T00:00:00.000+02:00,2026-08-31T22:00:00Z,677.16,19
1485,Potencia instalada de generación eólica,2026-09-01T00:00:00.000+02:00,2026-08-31T22:00:00Z,3.563,18
1485,Potencia instalada de generación eólica,2026-09-01T00:00:00.000+02:00,2026-08-31T22:00:00Z,4027.24,17
1485,Potencia instalada de generación eólica,2026-09-01T00:00:00.000+02:00,2026-08-31T22:00:00Z,264.101,21
1485,Potencia instalada de generación eólica,2026-09-01T00:00:00.000+02:00,2026-08-31T22:00:00Z,98.775,16
1485,Potencia instalada de generación eólica,2026-09-01T00:00:00.000+02:00,2026-08-31T22:00:00Z,1243.033,15
1485,Potencia instalada de generación eólica,2026-09-01T00:00:00.000+02:00,2026-08-31T22:00:00Z,1705.622,14
1485,Potencia instalada de generación eólica,2026-09-01T00:00:00.000+02:00,2026-08-31T22:00:00Z,7815.052,8
1485,Potencia instalada de generación eólica,2026-09-01T00:00:00.000+02:00,2026-08-31T22:00:00Z,702.075,11
1485,Potencia instalada de generación eólica,2026-09-01T00:00:00.000+02:00,2026-08-31T22:00:00Z,155.382,10
1485,Potencia instalada de generación eólica,2026-09-01T00:00:00.000+02:00,2026-08-31T22:00:00Z,1418.394,9
1485,Potencia instalada de generación eólica,2026-09-01T00:00:00.000+02:00,2026-08-31T22:00:00Z,5030.534,7
1485,Potencia instalada de generación eólica,2026-09-01T00:00:00.000+02:00,2026-08-31T22:00:00Z,35.307,6
1485,Potencia instalada de generación eólica,2026-09-01T00:00:00.000+02:00,2026-08-31T22:00:00Z,6161.88,5
1485,Potencia instalada de generación eólica,2026-09-01T00:00:00.000+02:00,2026-08-31T22:00:00Z,3744.29,4
1485,Potencia instalada de generación eólica,2026-09-01T00:00:00.000+02:00,2026-08-31T22:00:00Z,0.003,13
1485,Potencia instalada de generación eólica,2026-10-01T00:00:00.000+02:00,2026-09-30T22:00:00Z,677.16,19
1485,Potencia instalada de generación eólica,2026-10-01T00:00:00.000+02:00,2026-09-30T22:00:00Z,3.563,18
1485,Potencia instalada de generación eólica,2026-10-01T00:00:00.000+02:00,2026-09-30T22:00:00Z,4027.24,17
1485,Potencia instalada de generación eólica,2026-10-01T00:00:00.000+02:00,2026-09-30T22:00:00Z,98.775,16
1485,Potencia instalada de generación eólica,2026-10-01T00:00:00.000+02:00,2026-09-30T22:00:00Z,1243.033,15
1485,Potencia instalada de generación eólica,2026-10-01T00:00:00.000+02:00,2026-09-30T22:00:00Z,1705.622,14
1485,Potencia instalada de generación eólica,2026-10-01T00:00:00.000+02:00,2026-09-30T22:00:00Z,0.003,13
1485,Potencia instalada de generación eólica,2026-10-01T00:00:00.000+02:00,2026-09-30T22:00:00Z,7860.052,8
1485,Potencia instalada de generación eólica,2026-10-01T00:00:00.000+02:00,2026-09-30T22:00:00Z,155.382,10
1485,Potencia instalada de generación eólica,2026-10-01T00:00:00.000+02:00,2026-09-30T22:00:00Z,1418.394,9
1485,Potencia instalada de generación eólica,2026-10-01T00:00:00.000+02:00,2026-09-30T22:00:00Z,5030.534,7
1485,Potencia instalada de generación eólica,2026-10-01T00:00:00.000+02:00,2026-09-30T22:00:00Z,35.307,6
1485,Potencia instalada de generación eólica,2026-10-01T00:00:00.000+02:00,2026-09-30T22:00:00Z,6161.88,5
1485,Potencia instalada de generación eólica,2026-10-01T00:00:00.000+02:00,2026-09-30T22:00:00Z,3744.296,4
1485,Potencia instalada de generación eólica,2026-10-01T00:00:00.000+02:00,2026-09-30T22:00:00Z,511.92,20
1485,Potencia instalada de generación eólica,2026-10-01T00:00:00.000+02:00,2026-09-30T22:00:00Z,702.075,11
1485,Potencia instalada de generación eólica,2026-10-01T00:00:00.000+02:00,2026-09-30T22:00:00Z,264.101,21
1486,Potencia instalada de generación solar fotovoltaica,2025-10-01T00:00:00.000+02:00,2025-09-30T22:00:00Z,11870.906,4
1486,Potencia instalada de generación solar fotovoltaica,2025-10-01T00:00:00.000+02:00,2025-09-30T22:00:00Z,3.731,8746
1486,Potencia instalada de generación solar fotovoltaica,2025-10-01T00:00:00.000+02:00,2025-09-30T22:00:00Z,2545.969,21
1486,Potencia instalada de generación solar fotovoltaica,2025-10-01T00:00:00.000+02:00,2025-09-30T22:00:00Z,252.532,20
1486,Potencia instalada de generación solar fotovoltaica,2025-10-01T00:00:00.000+02:00,2025-09-30T22:00:00Z,474.095,19
1486,Potencia instalada de generación solar fotovoltaica,2025-10-01T00:00:00.000+02:00,2025-09-30T22:00:00Z,586.121,18
1486,Potencia instalada de generación solar fotovoltaica,2025-10-01T00:00:00.000+02:00,2025-09-30T22:00:00Z,8743.967,16
1486,Potencia instalada de generación solar fotovoltaica,2025-10-01T00:00:00.000+02:00,2025-09-30T22:00:00Z,1837.451,15
1486,Potencia instalada de generación solar fotovoltaica,2025-10-01T00:00:00.000+02:00,2025-09-30T22:00:00Z,570.554,14
1486,Potencia instalada de generación solar fotovoltaica,2025-10-01T00:00:00.000+02:00,2025-09-30T22:00:00Z,260.273,17
1486,Potencia instalada de generación solar fotovoltaica,2025-10-01T00:00:00.000+02:00,2025-09-30T22:00:00Z,0.022,12
1486,Potencia instalada de generación solar fotovoltaica,2025-10-01T00:00:00.000+02:00,2025-09-30T22:00:00Z,973.333,13
1486,Potencia instalada de generación solar fotovoltaica,2025-10-01T00:00:00.000+02:00,2025-09-30T22:00:00Z,46.063,6
1486,Potencia instalada de generación solar fotovoltaica,2025-10-01T00:00:00.000+02:00,2025-09-30T22:00:00Z,9222.676,7
1486,Potencia instalada de generación solar fotovoltaica,2025-10-01T00:00:00.000+02:00,2025-09-30T22:00:00Z,5282.096,8
1486,Potencia instalada de generación solar fotovoltaica,2025-10-01T00:00:00.000+02:00,2025-09-30T22:00:00Z,3660.881,5
1486,Potencia instalada de generación solar fotovoltaica,2025-10-01T00:00:00.000+02:00,2025-09-30T22:00:00Z,350.794,10
1486,Potencia instalada de generación solar fotovoltaica,2025-10-01T00:00:00.000+02:00,2025-09-30T22:00:00Z,68.248,11
1486,Potencia instalada de generación solar fotovoltaica,2025-10-01T00:00:00.000+02:00,2025-09-30T22:00:00Z,1781.129,9
1486,Potencia instalada de generación solar fotovoltaica,2025-11-01T00:00:00.000+01:00,2025-10-31T23:00:00Z,571.812,14
1486,Potencia instalada de generación solar fotovoltaica,2025-11-01T00:00:00.000+01:00,2025-10-31T23:00:00Z,3.737,8746
1486,Potencia instalada de generación solar fotovoltaica,2025-11-01T00:00:00.000+01:00,2025-10-31T23:00:00Z,2550.39,21
1486,Potencia instalada de generación solar fotovoltaica,2025-11-01T00:00:00.000+01:00,2025-10-31T23:00:00Z,253.358,20
1486,Potencia instalada de generación solar fotovoltaica,2025-11-01T00:00:00.000+01:00,2025-10-31T23:00:00Z,487.644,19
1486,Potencia instalada de generación solar fotovoltaica,2025-11-01T00:00:00.000+01:00,2025-10-31T23:00:00Z,588.281,18
1486,Potencia instalada de generación solar fotovoltaica,2025-11-01T00:00:00.000+01:00,2025-10-31T23:00:00Z,8746.61,16
1486,Potencia instalada de generación solar fotovoltaica,2025-11-01T00:00:00.000+01:00,2025-10-31T23:00:00Z,1850.765,15
1486,Potencia instalada de generación solar fotovoltaica,2025-11-01T00:00:00.000+01:00,2025-10-31T23:00:00Z,981.293,13
1486,Potencia instalada de generación solar fotovoltaica,2025-11-01T00:00:00.000+01:00,2025-10-31T23:00:00Z,264.653,17
1486,Potencia instalada de generación solar fotovoltaica,2025-11-01T00:00:00.000+01:00,2025-10-31T23:00:00Z,69.627,11
1486,Potencia instalada de generación solar fotovoltaica,2025-11-01T00:00:00.000+01:00,2025-10-31T23:00:00Z,3963.826,5
1486,Potencia instalada de generación solar fotovoltaica,2025-11-01T00:00:00.000+01:00,2025-10-31T23:00:00Z,46.555,6
1486,Potencia instalada de generación solar fotovoltaica,2025-11-01T00:00:00.000+01:00,2025-10-31T23:00:00Z,9233.748,7
1486,Potencia instalada de generación solar fotovoltaica,2025-11-01T00:00:00.000+01:00,2025-10-31T23:00:00Z,12411.4,4
1486,Potencia instalada de generación solar fotovoltaica,2025-11-01T00:00:00.000+01:00,2025-10-31T23:00:00Z,1791.871,9
1486,Potencia instalada de generación solar fotovoltaica,2025-11-01T00:00:00.000+01:00,2025-10-31T23:00:00Z,354.661,10
1486,Potencia instalada de generación solar fotovoltaica,2025-11-01T00:00:00.000+01:00,2025-10-31T23:00:00Z,5418.784,8
1486,Potencia instalada de generación solar fotovoltaica,2025-11-01T00:00:00.000+01:00,2025-10-31T23:00:00Z,0.022,12
1486,Potencia instalada de generación solar fotovoltaica,2025-12-01T00:00:00.000+01:00,2025-11-30T23:00:00Z,3.769,8746
1486,Potencia instalada de generación solar fotovoltaica,2025-12-01T00:00:00.000+01:00,2025-11-30T23:00:00Z,583.108,14
1486,Potencia instalada de generación solar fotovoltaica,2025-12-01T00:00:00.000+01:00,2025-11-30T23:00:00Z,2760.558,21
1486,Potencia instalada de generación solar fotovoltaica,2025-12-01T00:00:00.000+01:00,2025-11-30T23:00:00Z,254.034,20
1486,Potencia instalada de generación solar fotovoltaica,2025-12-01T00:00:00.000+01:00,2025-11-30T23:00:00Z,489.9,19
1486,Potencia instalada de generación solar fotovoltaica,2025-12-01T00:00:00.000+01:00,2025-11-30T23:00:00Z,590.493,18
1486,Potencia instalada de generación solar fotovoltaica,2025-12-01T00:00:00.000+01:00,2025-11-30T23:00:00Z,270.801,17
1486,Potencia instalada de generación solar fotovoltaica,2025-12-01T00:00:00.000+01:00,2025-11-30T23:00:00Z,8750.877,16
1486,Potencia instalada de generación solar fotovoltaica,2025-12-01T00:00:00.000+01:00,2025-11-30T23:00:00Z,1899.985,15
1486,Potencia instalada de generación solar fotovoltaica,2025-12-01T00:00:00.000+01:00,2025-11-30T23:00:00Z,1003.256,13
1486,Potencia instalada de generación solar fotovoltaica,2025-12-01T00:00:00.000+01:00,2025-11-30T23:00:00Z,70.89,11
1486,Potencia instalada de generación solar fotovoltaica,2025-12-01T00:00:00.000+01:00,2025-11-30T23:00:00Z,359.569,10
1486,Potencia instalada de generación solar fotovoltaica,2025-12-01T00:00:00.000+01:00,2025-11-30T23:00:00Z,1820.836,9
1486,Potencia instalada de generación solar fotovoltaica,2025-12-01T00:00:00.000+01:00,2025-11-30T23:00:00Z,5801.427,8
1486,Potencia instalada de generación solar fotovoltaica,2025-12-01T00:00:00.000+01:00,2025-11-30T23:00:00Z,9251.839,7
1486,Potencia instalada de generación solar fotovoltaica,2025-12-01T00:00:00.000+01:00,2025-11-30T23:00:00Z,46.828,6
1486,Potencia instalada de generación solar fotovoltaica,2025-12-01T00:00:00.000+01:00,2025-11-30T23:00:00Z,3990.555,5
1486,Potencia instalada de generación solar fotovoltaica,2025-12-01T00:00:00.000+01:00,2025-11-30T23:00:00Z,12470.19,4
1486,Potencia instalada de generación solar fotovoltaica,2025-12-01T00:00:00.000+01:00,2025-11-30T23:00:00Z,0.022,12
1486,Potencia instalada de generación solar fotovoltaica,2026-01-01T00:00:00.000+01:00,2025-12-31T23:00:00Z,8753.201,16
1486,Potencia instalada de generación solar fotovoltaica,2026-01-01T00:00:00.000+01:00,2025-12-31T23:00:00Z,274.51,17
1486,Potencia instalada de generación solar fotovoltaica,2026-01-01T00:00:00.000+01:00,2025-12-31T23:00:00Z,592.391,18
1486,Potencia instalada de generación solar fotovoltaica,2026-01-01T00:00:00.000+01:00,2025-12-31T23:00:00Z,1916.726,15
1486,Potencia instalada de generación solar fotovoltaica,2026-01-01T00:00:00.000+01:00,2025-12-31T23:00:00Z,491.334,20
1486,Potencia instalada de generación solar fotovoltaica,2026-01-01T00:00:00.000+01:00,2025-12-31T23:00:00Z,2765.711,21
1486,Potencia instalada de generación solar fotovoltaica,2026-01-01T00:00:00.000+01:00,2025-12-31T23:00:00Z,3.769,8746
1486,Potencia instalada de generación solar fotovoltaica,2026-01-01T00:00:00.000+01:00,2025-12-31T23:00:00Z,491.657,19
1486,Potencia instalada de generación solar fotovoltaica,2026-01-01T00:00:00.000+01:00,2025-12-31T23:00:00Z,674.152,14
1486,Potencia instalada de generación solar fotovoltaica,2026-01-01T00:00:00.000+01:00,2025-12-31T23:00:00Z,5840.156,8
1486,Potencia instalada de generación solar fotovoltaica,2026-01-01T00:00:00.000+01:00,2025-12-31T23:00:00Z,0.022,12
1486,Potencia instalada de generación solar fotovoltaica,2026-01-01T00:00:00.000+01:00,2025-12-31T23:00:00Z,4010.332,5
1486,Potencia instalada de generación solar fotovoltaica,2026-01-01T00:00:00.000+01:00,2025-12-31T23:00:00Z,47.175,6
1486,Potencia instalada de generación solar fotovoltaica,2026-01-01T00:00:00.000+01:00,2025-12-31T23:00:00Z,9374.794,7
1486,Potencia instalada de generación solar fotovoltaica,2026-01-01T00:00:00.000+01:00,2025-12-31T23:00:00Z,13034.776,4
1486,Potencia instalada de generación solar fotovoltaica,2026-01-01T00:00:00.000+01:00,2025-12-31T23:00:00Z,1871.682,9
1486,Potencia instalada de generación solar fotovoltaica,2026-01-01T00:00:00.000+01:00,2025-12-31T23:00:00Z,362.047,10
1486,Potencia instalada de generación solar fotovoltaica,2026-01-01T00:00:00.000+01:00,2025-12-31T23:00:00Z,71.22,11
1486,Potencia instalada de generación solar fotovoltaica,2026-01-01T00:00:00.000+01:00,2025-12-31T23:00:00Z,1012.09,13
1486,Potencia instalada de generación solar fotovoltaica,2026-02-01T00:00:00.000+01:00,2026-01-31T23:00:00Z,675.131,14
1486,Potencia instalada de generación solar fotovoltaica,2026-02-01T00:00:00.000+01:00,2026-01-31T23:00:00Z,2805.214,21
1486,Potencia instalada de generación solar fotovoltaica,2026-02-01T00:00:00.000+01:00,2026-01-31T23:00:00Z,491.924,20
1486,Potencia instalada de generación solar fotovoltaica,2026-02-01T00:00:00.000+01:00,2026-01-31T23:00:00Z,493.27,19
1486,Potencia instalada de generación solar fotovoltaica,2026-02-01T00:00:00.000+01:00,2026-01-31T23:00:00Z,594.483,18
1486,Potencia instalada de generación solar fotovoltaica,2026-02-01T00:00:00.000+01:00,2026-01-31T23:00:00Z,278.814,17
1486,Potencia instalada de generación solar fotovoltaica,2026-02-01T00:00:00.000+01:00,2026-01-31T23:00:00Z,8755.283,16
1486,Potencia instalada de generación solar fotovoltaica,2026-02-01T00:00:00.000+01:00,2026-01-31T23:00:00Z,1926.966,15
1486,Potencia instalada de generación solar fotovoltaica,2026-02-01T00:00:00.000+01:00,2026-01-31T23:00:00Z,1018.344,13
1486,Potencia instalada de generación solar fotovoltaica,2026-02-01T00:00:00.000+01:00,2026-01-31T23:00:00Z,3.773,8746
1486,Potencia instalada de generación solar fotovoltaica,2026-02-01T00:00:00.000+01:00,2026-01-31T23:00:00Z,71.547,11
1486,Potencia instalada de generación solar fotovoltaica,2026-02-01T00:00:00.000+01:00,2026-01-31T23:00:00Z,13117.981,4
1486,Potencia instalada de generación solar fotovoltaica,2026-02-01T00:00:00.000+01:00,2026-01-31T23:00:00Z,4120.759,5
1486,Potencia instalada de generación solar fotovoltaica,2026-02-01T00:00:00.000+01:00,2026-01-31T23:00:00Z,47.511,6
1486,Potencia instalada de generación solar fotovoltaica,2026-02-01T00:00:00.000+01:00,2026-01-31T23:00:00Z,0.022,12
1486,Potencia instalada de generación solar fotovoltaica,2026-02-01T00:00:00.000+01:00,2026-01-31T23:00:00Z,6063.867,8
1486,Potencia instalada de generación solar fotovoltaica,2026-02-01T00:00:00.000+01:00,2026-01-31T23:00:00Z,2135.397,9
1486,Potencia instalada de generación solar fotovoltaica,2026-02-01T00:00:00.000+01:00,2026-01-31T23:00:00Z,364.815,10
1486,Potencia instalada de generación solar fotovoltaica,2026-02-01T00:00:00.000+01:00,2026-01-31T23:00:00Z,9573.118,7
1486,Potencia instalada de generación solar fotovoltaica,2026-03-01T00:00:00.000+01:00,2026-02-28T23:00:00Z,676.699,14
1486,Potencia instalada de generación solar fotovoltaica,2026-03-01T00:00:00.000+01:00,2026-02-28T23:00:00Z,3174.862,21
1486,Potencia instalada de generación solar fotovoltaica,2026-03-01T00:00:00.000+01:00,2026-02-28T23:00:00Z,492.595,20
1486,Potencia instalada de generación solar fotovoltaica,2026-03-01T00:00:00.000+01:00,2026-02-28T23:00:00Z,495.305,19
1486,Potencia instalada de generación solar fotovoltaica,2026-03-01T00:00:00.000+01:00,2026-02-28T23:00:00Z,647.646,18
1486,Potencia instalada de generación solar fotovoltaica,2026-03-01T00:00:00.000+01:00,2026-02-28T23:00:00Z,280.94,17
1486,Potencia instalada de generación solar fotovoltaica,2026-03-01T00:00:00.000+01:00,2026-02-28T23:00:00Z,8757.605,16
1486,Potencia instalada de generación solar fotovoltaica,2026-03-01T00:00:00.000+01:00,2026-02-28T23:00:00Z,1943.867,15
1486,Potencia instalada de generación solar fotovoltaica,2026-03-01T00:00:00.000+01:00,2026-02-28T23:00:00Z,3.773,8746
1486,Potencia instalada de generación solar fotovoltaica,2026-03-01T00:00:00.000+01:00,2026-02-28T23:00:00Z,1026.886,13
1486,Potencia instalada de generación solar fotovoltaica,2026-03-01T00:00:00.000+01:00,2026-02-28T23:00:00Z,71.833,11
1486,Potencia instalada de generación solar fotovoltaica,2026-03-01T00:00:00.000+01:00,2026-02-28T23:00:00Z,368.007,10
1486,Potencia instalada de generación solar fotovoltaica,2026-03-01T00:00:00.000+01:00,2026-02-28T23:00:00Z,2154.702,9
1486,Potencia instalada de generación solar fotovoltaica,2026-03-01T00:00:00.000+01:00,2026-02-28T23:00:00Z,6215.743,8
1486,Potencia instalada de generación solar fotovoltaica,2026-03-01T00:00:00.000+01:00,2026-02-28T23:00:00Z,9741.278,7
1486,Potencia instalada de generación solar fotovoltaica,2026-03-01T00:00:00.000+01:00,2026-02-28T23:00:00Z,47.812,6
1486,Potencia instalada de generación solar fotovoltaica,2026-03-01T00:00:00.000+01:00,2026-02-28T23:00:00Z,4182.075,5
1486,Potencia instalada de generación solar fotovoltaica,2026-03-01T00:00:00.000+01:00,2026-02-28T23:00:00Z,13563.528,4
1486,Potencia instalada de generación solar fotovoltaica,2026-03-01T00:00:00.000+01:00,2026-02-28T23:00:00Z,0.022,12
1486,Potencia instalada de generación solar fotovoltaica,2026-04-01T00:00:00.000+02:00,2026-03-31T22:00:00Z,8891.747,16
1486,Potencia instalada de generación solar fotovoltaica,2026-04-01T00:00:00.000+02:00,2026-03-31T22:00:00Z,283.393,17
1486,Potencia instalada de generación solar fotovoltaica,2026-04-01T00:00:00.000+02:00,2026-03-31T22:00:00Z,650.901,18
1486,Potencia instalada de generación solar fotovoltaica,2026-04-01T00:00:00.000+02:00,2026-03-31T22:00:00Z,1953.095,15
1486,Potencia instalada de generación solar fotovoltaica,2026-04-01T00:00:00.000+02:00,2026-03-31T22:00:00Z,492.87,20
1486,Potencia instalada de generación solar fotovoltaica,2026-04-01T00:00:00.000+02:00,2026-03-31T22:00:00Z,3179.32,21
1486,Potencia instalada de generación solar fotovoltaica,2026-04-01T00:00:00.000+02:00,2026-03-31T22:00:00Z,3.787,8746
1486,Potencia instalada de generación solar fotovoltaica,2026-04-01T00:00:00.000+02:00,2026-03-31T22:00:00Z,497.304,19
1486,Potencia instalada de generación solar fotovoltaica,2026-04-01T00:00:00.000+02:00,2026-03-31T22:00:00Z,677.994,14
1486,Potencia instalada de generación solar fotovoltaica,2026-04-01T00:00:00.000+02:00,2026-03-31T22:00:00Z,1035.088,13
1486,Potencia instalada de generación solar fotovoltaica,2026-04-01T00:00:00.000+02:00,2026-03-31T22:00:00Z,0.022,12
1486,Potencia instalada de generación solar fotovoltaica,2026-04-01T00:00:00.000+02:00,2026-03-31T22:00:00Z,4236.067,5
1486,Potencia instalada de generación solar fotovoltaica,2026-04-01T00:00:00.000+02:00,2026-03-31T22:00:00Z,48.145,6
1486,Potencia instalada de generación solar fotovoltaica,2026-04-01T00:00:00.000+02:00,2026-03-31T22:00:00Z,9746.7,7
1486,Potencia instalada de generación solar fotovoltaica,2026-04-01T00:00:00.000+02:00,2026-03-31T22:00:00Z,13633.611,4
1486,Potencia instalada de generación solar fotovoltaica,2026-04-01T00:00:00.000+02:00,2026-03-31T22:00:00Z,2168.974,9
1486,Potencia instalada de generación solar fotovoltaica,2026-04-01T00:00:00.000+02:00,2026-03-31T22:00:00Z,371.048,10
1486,Potencia instalada de generación solar fotovoltaica,2026-04-01T00:00:00.000+02:00,2026-03-31T22:00:00Z,72.383,11
1486,Potencia instalada de generación solar fotovoltaica,2026-04-01T00:00:00.000+02:00,2026-03-31T22:00:00Z,6268.883,8
1486,Potencia instalada de generación solar fotovoltaica,2026-05-01T00:00:00.000+02:00,2026-04-30T22:00:00Z,679.411,14
1486,Potencia instalada de generación solar fotovoltaica,2026-05-01T00:00:00.000+02:00,2026-04-30T22:00:00Z,3425.036,21
1486,Potencia instalada de generación solar fotovoltaica,2026-05-01T00:00:00.000+02:00,2026-04-30T22:00:00Z,493.182,20
1486,Potencia instalada de generación solar fotovoltaica,2026-05-01T00:00:00.000+02:00,2026-04-30T22:00:00Z,500.721,19
1486,Potencia instalada de generación solar fotovoltaica,2026-05-01T00:00:00.000+02:00,2026-04-30T22:00:00Z,669.492,18
1486,Potencia instalada de generación solar fotovoltaica,2026-05-01T00:00:00.000+02:00,2026-04-30T22:00:00Z,286.044,17
1486,Potencia instalada de generación solar fotovoltaica,2026-05-01T00:00:00.000+02:00,2026-04-30T22:00:00Z,8893.985,16
1486,Potencia instalada de generación solar fotovoltaica,2026-05-01T00:00:00.000+02:00,2026-04-30T22:00:00Z,1964.97,15
1486,Potencia instalada de generación solar fotovoltaica,2026-05-01T00:00:00.000+02:00,2026-04-30T22:00:00Z,1042.762,13
1486,Potencia instalada de generación solar fotovoltaica,2026-05-01T00:00:00.000+02:00,2026-04-30T22:00:00Z,3.823,8746
1486,Potencia instalada de generación solar fotovoltaica,2026-05-01T00:00:00.000+02:00,2026-04-30T22:00:00Z,72.592,11
1486,Potencia instalada de generación solar fotovoltaica,2026-05-01T00:00:00.000+02:00,2026-04-30T22:00:00Z,13682.427,4
1486,Potencia instalada de generación solar fotovoltaica,2026-05-01T00:00:00.000+02:00,2026-04-30T22:00:00Z,4422.658,5
1486,Potencia instalada de generación solar fotovoltaica,2026-05-01T00:00:00.000+02:00,2026-04-30T22:00:00Z,48.151,6
1486,Potencia instalada de generación solar fotovoltaica,2026-05-01T00:00:00.000+02:00,2026-04-30T22:00:00Z,0.022,12
1486,Potencia instalada de generación solar fotovoltaica,2026-05-01T00:00:00.000+02:00,2026-04-30T22:00:00Z,6951.501,8
1486,Potencia instalada de generación solar fotovoltaica,2026-05-01T00:00:00.000+02:00,2026-04-30T22:00:00Z,2175.917,9
1486,Potencia instalada de generación solar fotovoltaica,2026-05-01T00:00:00.000+02:00,2026-04-30T22:00:00Z,375.299,10
1486,Potencia instalada de generación solar fotovoltaica,2026-05-01T00:00:00.000+02:00,2026-04-30T22:00:00Z,9782.102,7
1486,Potencia instalada de generación solar fotovoltaica,2026-06-01T00:00:00.000+02:00,2026-05-31T22:00:00Z,688.052,14
1486,Potencia instalada de generación solar fotovoltaica,2026-06-01T00:00:00.000+02:00,2026-05-31T22:00:00Z,3497.969,21
1486,Potencia instalada de generación solar fotovoltaica,2026-06-01T00:00:00.000+02:00,2026-05-31T22:00:00Z,493.63,20
1486,Potencia instalada de generación solar fotovoltaica,2026-06-01T00:00:00.000+02:00,2026-05-31T22:00:00Z,502.695,19
1486,Potencia instalada de generación solar fotovoltaica,2026-06-01T00:00:00.000+02:00,2026-05-31T22:00:00Z,672.082,18
1486,Potencia instalada de generación solar fotovoltaica,2026-06-01T00:00:00.000+02:00,2026-05-31T22:00:00Z,288.838,17
1486,Potencia instalada de generación solar fotovoltaica,2026-06-01T00:00:00.000+02:00,2026-05-31T22:00:00Z,8897.298,16
1486,Potencia instalada de generación solar fotovoltaica,2026-06-01T00:00:00.000+02:00,2026-05-31T22:00:00Z,2172.922,15
1486,Potencia instalada de generación solar fotovoltaica,2026-06-01T00:00:00.000+02:00,2026-05-31T22:00:00Z,3.823,8746
1486,Potencia instalada de generación solar fotovoltaica,2026-06-01T00:00:00.000+02:00,2026-05-31T22:00:00Z,1050.906,13
1486,Potencia instalada de generación solar fotovoltaica,2026-06-01T00:00:00.000+02:00,2026-05-31T22:00:00Z,73.053,11
1486,Potencia instalada de generación solar fotovoltaica,2026-06-01T00:00:00.000+02:00,2026-05-31T22:00:00Z,378.667,10
1486,Potencia instalada de generación solar fotovoltaica,2026-06-01T00:00:00.000+02:00,2026-05-31T22:00:00Z,2186.336,9
1486,Potencia instalada de generación solar fotovoltaica,2026-06-01T00:00:00.000+02:00,2026-05-31T22:00:00Z,7076.473,8
1486,Potencia instalada de generación solar fotovoltaica,2026-06-01T00:00:00.000+02:00,2026-05-31T22:00:00Z,9794.79,7
1486,Potencia instalada de generación solar fotovoltaica,2026-06-01T00:00:00.000+02:00,2026-05-31T22:00:00Z,48.293,6
1486,Potencia instalada de generación solar fotovoltaica,2026-06-01T00:00:00.000+02:00,2026-05-31T22:00:00Z,4511.328,5
1486,Potencia instalada de generación solar fotovoltaica,2026-06-01T00:00:00.000+02:00,2026-05-31T22:00:00Z,13698.071,4
1486,Potencia instalada de generación solar fotovoltaica,2026-06-01T00:00:00.000+02:00,2026-05-31T22:00:00Z,0.022,12
1486,Potencia instalada de generación solar fotovoltaica,2026-07-01T00:00:00.000+02:00,2026-06-30T22:00:00Z,2186.71,15
1486,Potencia instalada de generación solar fotovoltaica,2026-07-01T00:00:00.000+02:00,2026-06-30T22:00:00Z,8898.953,16
1486,Potencia instalada de generación solar fotovoltaica,2026-07-01T00:00:00.000+02:00,2026-06-30T22:00:00Z,291.959,17
1486,Potencia instalada de generación solar fotovoltaica,2026-07-01T00:00:00.000+02:00,2026-06-30T22:00:00Z,689.937,14
1486,Potencia instalada de generación solar fotovoltaica,2026-07-01T00:00:00.000+02:00,2026-06-30T22:00:00Z,529.477,20
1486,Potencia instalada de generación solar fotovoltaica,2026-07-01T00:00:00.000+02:00,2026-06-30T22:00:00Z,3504.14,21
1486,Potencia instalada de generación solar fotovoltaica,2026-07-01T00:00:00.000+02:00,2026-06-30T22:00:00Z,3.988,8746
1486,Potencia instalada de generación solar fotovoltaica,2026-07-01T00:00:00.000+02:00,2026-06-30T22:00:00Z,503.846,19
1486,Potencia instalada de generación solar fotovoltaica,2026-07-01T00:00:00.000+02:00,2026-06-30T22:00:00Z,1061.599,13
1486,Potencia instalada de generación solar fotovoltaica,2026-07-01T00:00:00.000+02:00,2026-06-30T22:00:00Z,673.923,18
1486,Potencia instalada de generación solar fotovoltaica,2026-07-01T00:00:00.000+02:00,2026-06-30T22:00:00Z,73.536,11
1486,Potencia instalada de generación solar fotovoltaica,2026-07-01T00:00:00.000+02:00,2026-06-30T22:00:00Z,4512.45,5
1486,Potencia instalada de generación solar fotovoltaica,2026-07-01T00:00:00.000+02:00,2026-06-30T22:00:00Z,48.544,6
1486,Potencia instalada de generación solar fotovoltaica,2026-07-01T00:00:00.000+02:00,2026-06-30T22:00:00Z,9800.22,7
1486,Potencia instalada de generación solar fotovoltaica,2026-07-01T00:00:00.000+02:00,2026-06-30T22:00:00Z,13708.153,4
1486,Potencia instalada de generación solar fotovoltaica,2026-07-01T00:00:00.000+02:00,2026-06-30T22:00:00Z,7080.44,8
1486,Potencia instalada de generación solar fotovoltaica,2026-07-01T00:00:00.000+02:00,2026-06-30T22:00:00Z,2193.764,9
1486,Potencia instalada de generación solar fotovoltaica,2026-07-01T00:00:00.000+02:00,2026-06-30T22:00:00Z,382.149,10
1486,Potencia instalada de generación solar fotovoltaica,2026-07-01T00:00:00.000+02:00,2026-06-30T22:00:00Z,0.022,12
1486,Potencia instalada de generación solar fotovoltaica,2026-08-01T00:00:00.000+02:00,2026-07-31T22:00:00Z,2197.863,15
1486,Potencia instalada de generación solar fotovoltaica,2026-08-01T00:00:00.000+02:00,2026-07-31T22:00:00Z,3.988,8746
1486,Potencia instalada de generación solar fotovoltaica,2026-08-01T00:00:00.000+02:00,2026-07-31T22:00:00Z,3510.772,21
1486,Potencia instalada de generación solar fotovoltaica,2026-08-01T00:00:00.000+02:00,2026-07-31T22:00:00Z,529.691,20
1486,Potencia instalada de generación solar fotovoltaica,2026-08-01T00:00:00.000+02:00,2026-07-31T22:00:00Z,505.906,19
1486,Potencia instalada de generación solar fotovoltaica,2026-08-01T00:00:00.000+02:00,2026-07-31T22:00:00Z,675.465,18
1486,Potencia instalada de generación solar fotovoltaica,2026-08-01T00:00:00.000+02:00,2026-07-31T22:00:00Z,293.672,17
1486,Potencia instalada de generación solar fotovoltaica,2026-08-01T00:00:00.000+02:00,2026-07-31T22:00:00Z,8901.075,16
1486,Potencia instalada de generación solar fotovoltaica,2026-08-01T00:00:00.000+02:00,2026-07-31T22:00:00Z,691.141,14
1486,Potencia instalada de generación solar fotovoltaica,2026-08-01T00:00:00.000+02:00,2026-07-31T22:00:00Z,1068.216,13
1486,Potencia instalada de generación solar fotovoltaica,2026-08-01T00:00:00.000+02:00,2026-07-31T22:00:00Z,0.022,12
1486,Potencia instalada de generación solar fotovoltaica,2026-08-01T00:00:00.000+02:00,2026-07-31T22:00:00Z,4559.397,5
1486,Potencia instalada de generación solar fotovoltaica,2026-08-01T00:00:00.000+02:00,2026-07-31T22:00:00Z,48.951,6
1486,Potencia instalada de generación solar fotovoltaica,2026-08-01T00:00:00.000+02:00,2026-07-31T22:00:00Z,9804.726,7
1486,Potencia instalada de generación solar fotovoltaica,2026-08-01T00:00:00.000+02:00,2026-07-31T22:00:00Z,13721.666,4
1486,Potencia instalada de generación solar fotovoltaica,2026-08-01T00:00:00.000+02:00,2026-07-31T22:00:00Z,2199.101,9
1486,Potencia instalada de generación solar fotovoltaica,2026-08-01T00:00:00.000+02:00,2026-07-31T22:00:00Z,385.928,10
1486,Potencia instalada de generación solar fotovoltaica,2026-08-01T00:00:00.000+02:00,2026-07-31T22:00:00Z,73.955,11
1486,Potencia instalada de generación solar fotovoltaica,2026-08-01T00:00:00.000+02:00,2026-07-31T22:00:00Z,7084.167,8
1486,Potencia instalada de generación solar fotovoltaica,2026-09-01T00:00:00.000+02:00,2026-08-31T22:00:00Z,2207.378,15
1486,Potencia instalada de generación solar fotovoltaica,2026-09-01T00:00:00.000+02:00,2026-08-31T22:00:00Z,3517.474,21
1486,Potencia instalada de generación solar fotovoltaica,2026-09-01T00:00:00.000+02:00,2026-08-31T22:00:00Z,530.043,20
1486,Potencia instalada de generación solar fotovoltaica,2026-09-01T00:00:00.000+02:00,2026-08-31T22:00:00Z,505.451,19
1486,Potencia instalada de generación solar fotovoltaica,2026-09-01T00:00:00.000+02:00,2026-08-31T22:00:00Z,675.367,18
1486,Potencia instalada de generación solar fotovoltaica,2026-09-01T00:00:00.000+02:00,2026-08-31T22:00:00Z,3.988,8746
1486,Potencia instalada de generación solar fotovoltaica,2026-09-01T00:00:00.000+02:00,2026-08-31T22:00:00Z,293.632,17
1486,Potencia instalada de generación solar fotovoltaica,2026-09-01T00:00:00.000+02:00,2026-08-31T22:00:00Z,8902.073,16
1486,Potencia instalada de generación solar fotovoltaica,2026-09-01T00:00:00.000+02:00,2026-08-31T22:00:00Z,692.73,14
1486,Potencia instalada de generación solar fotovoltaica,2026-09-01T00:00:00.000+02:00,2026-08-31T22:00:00Z,7086.276,8
1486,Potencia instalada de generación solar fotovoltaica,2026-09-01T00:00:00.000+02:00,2026-08-31T22:00:00Z,0.022,12
1486,Potencia instalada de generación solar fotovoltaica,2026-09-01T00:00:00.000+02:00,2026-08-31T22:00:00Z,73.955,11
1486,Potencia instalada de generación solar fotovoltaica,2026-09-01T00:00:00.000+02:00,2026-08-31T22:00:00Z,388.766,10
1486,Potencia instalada de generación solar fotovoltaica,2026-09-01T00:00:00.000+02:00,2026-08-31T22:00:00Z,2199.837,9
1486,Potencia instalada de generación solar fotovoltaica,2026-09-01T00:00:00.000+02:00,2026-08-31T22:00:00Z,9806.837,7
1486,Potencia instalada de generación solar fotovoltaica,2026-09-01T00:00:00.000+02:00,2026-08-31T22:00:00Z,48.979,6
1486,Potencia instalada de generación solar fotovoltaica,2026-09-01T00:00:00.000+02:00,2026-08-31T22:00:00Z,4560.277,5
1486,Potencia instalada de generación solar fotovoltaica,2026-09-01T00:00:00.000+02:00,2026-08-31T22:00:00Z,13721.243,4
1486,Potencia instalada de generación solar fotovoltaica,2026-09-01T00:00:00.000+02:00,2026-08-31T22:00:00Z,1073.455,13
1486,Potencia instalada de generación solar fotovoltaica,2026-10-01T00:00:00.000+02:00,2026-09-30T22:00:00Z,2209.013,15
1486,Potencia instalada de generación solar fotovoltaica,2026-10-01T00:00:00.000+02:00,2026-09-30T22:00:00Z,9171.136,16
1486,Potencia instalada de generación solar fotovoltaica,2026-10-01T00:00:00.000+02:00,2026-09-30T22:00:00Z,530.239,20
1486,Potencia instalada de generación solar fotovoltaica,2026-10-01T00:00:00.000+02:00,2026-09-30T22:00:00Z,676.674,18
1486,Potencia instalada de generación solar fotovoltaica,2026-10-01T00:00:00.000+02:00,2026-09-30T22:00:00Z,506.969,19
1486,Potencia instalada de generación solar fotovoltaica,2026-10-01T00:00:00.000+02:00,2026-09-30T22:00:00Z,693.134,14
1486,Potencia instalada de generación solar fotovoltaica,2026-10-01T00:00:00.000+02:00,2026-09-30T22:00:00Z,292.785,17
1486,Potencia instalada de generación solar fotovoltaica,2026-10-01T00:00:00.000+02:00,2026-09-30T22:00:00Z,1074.813,13
1486,Potencia instalada de generación solar fotovoltaica,2026-10-01T00:00:00.000+02:00,2026-09-30T22:00:00Z,7087.4,8
1486,Potencia instalada de generación solar fotovoltaica,2026-10-01T00:00:00.000+02:00,2026-09-30T22:00:00Z,73.965,11
1486,Potencia instalada de generación solar fotovoltaica,2026-10-01T00:00:00.000+02:00,2026-09-30T22:00:00Z,389.373,10
1486,Potencia instalada de generación solar fotovoltaica,2026-10-01T00:00:00.000+02:00,2026-09-30T22:00:00Z,2207.238,9
1486,Potencia instalada de generación solar fotovoltaica,2026-10-01T00:00:00.000+02:00,2026-09-30T22:00:00Z,9808.303,7
1486,Potencia instalada de generación solar fotovoltaica,2026-10-01T00:00:00.000+02:00,2026-09-30T22:00:00Z,48.982,6
1486,Potencia instalada de generación solar fotovoltaica,2026-10-01T00:00:00.000+02:00,2026-09-30T22:00:00Z,4567.01,5
1486,Potencia instalada de generación solar fotovoltaica,2026-10-01T00:00:00.000+02:00,2026-09-30T22:00:00Z,13732.567,4
1486,Potencia instalada de generación solar fotovoltaica,2026-10-01T00:00:00.000+02:00,2026-09-30T22:00:00Z,3518.499,21
1486,Potencia instalada de generación solar fotovoltaica,2026-10-01T00:00:00.000+02:00,2026-09-30T22:00:00Z,0.022,12
1486,Potencia instalada de generación solar fotovoltaica,2026-10-01T00:00:00.000+02:00,2026-09-30T22:00:00Z,4.048,8746
1487,Potencia instalada de generación solar térmica,2025-10-01T00:00:00.000+02:00,2025-09-30T22:00:00Z,1000.256,4
1487,Potencia instalada de generación solar térmica,2025-10-01T00:00:00.000+02:00,2025-09-30T22:00:00Z,30.039,21
1487,Potencia instalada de generación solar térmica,2025-10-01T00:00:00.000+02:00,2025-09-30T22:00:00Z,0.053,19
1487,Potencia instalada de generación solar térmica,2025-10-01T00:00:00.000+02:00,2025-09-30T22:00:00Z,0.005,18
1487,Potencia instalada de generación solar térmica,2025-10-01T00:00:00.000+02:00,2025-09-30T22:00:00Z,0.004,17
1487,Potencia instalada de generación solar térmica,2025-10-01T00:00:00.000+02:00,2025-09-30T22:00:00Z,49.941,15
1487,Potencia instalada de generación solar térmica,2025-10-01T00:00:00.000+02:00,2025-09-30T22:00:00Z,0.28,14
1487,Potencia instalada de generación solar térmica,2025-10-01T00:00:00.000+02:00,2025-09-30T22:00:00Z,849.026,16
1487,Potencia instalada de generación solar térmica,2025-10-01T00:00:00.000+02:00,2025-09-30T22:00:00Z,0.02,10
1487,Potencia instalada de generación solar térmica,2025-10-01T00:00:00.000+02:00,2025-09-30T22:00:00Z,22.625,9
1487,Potencia instalada de generación solar térmica,2025-10-01T00:00:00.000+02:00,2025-09-30T22:00:00Z,0.008,8
1487,Potencia instalada de generación solar térmica,2025-10-01T00:00:00.000+02:00,2025-09-30T22:00:00Z,349.556,7
1487,Potencia instalada de generación solar térmica,2025-10-01T00:00:00.000+02:00,2025-09-30T22:00:00Z,0.014,5
1487,Potencia instalada de generación solar térmica,2025-10-01T00:00:00.000+02:00,2025-09-30T22:00:00Z,0.178,13
1487,Potencia instalada de generación solar térmica,2025-11-01T00:00:00.000+01:00,2025-10-31T23:00:00Z,49.945,15
1487,Potencia instalada de generación solar térmica,2025-11-01T00:00:00.000+01:00,2025-10-31T23:00:00Z,30.039,21
1487,Potencia instalada de generación solar térmica,2025-11-01T00:00:00.000+01:00,2025-10-31T23:00:00Z,0.053,19
1487,Potencia instalada de generación solar térmica,2025-11-01T00:00:00.000+01:00,2025-10-31T23:00:00Z,0.005,18
1487,Potencia instalada de generación solar térmica,2025-11-01T00:00:00.000+01:00,2025-10-31T23:00:00Z,849.026,16
1487,Potencia instalada de generación solar térmica,2025-11-01T00:00:00.000+01:00,2025-10-31T23:00:00Z,0.29,14
1487,Potencia instalada de generación solar térmica,2025-11-01T00:00:00.000+01:00,2025-10-31T23:00:00Z,0.004,17
1487,Potencia instalada de generación solar térmica,2025-11-01T00:00:00.000+01:00,2025-10-31T23:00:00Z,0.02,10
1487,Potencia instalada de generación solar térmica,2025-11-01T00:00:00.000+01:00,2025-10-31T23:00:00Z,22.625,9
1487,Potencia instalada de generación solar térmica,2025-11-01T00:00:00.000+01:00,2025-10-31T23:00:00Z,0.008,8
1487,Potencia instalada de generación solar térmica,2025-11-01T00:00:00.000+01:00,2025-10-31T23:00:00Z,349.556,7
1487,Potencia instalada de generación solar térmica,2025-11-01T00:00:00.000+01:00,2025-10-31T23:00:00Z,0.014,5
1487,Potencia instalada de generación solar térmica,2025-11-01T00:00:00.000+01:00,2025-10-31T23:00:00Z,1000.256,4
1487,Potencia instalada de generación solar térmica,2025-11-01T00:00:00.000+01:00,2025-10-31T23:00:00Z,0.178,13
1487,Potencia instalada de generación solar térmica,2025-12-01T00:00:00.000+01:00,2025-11-30T23:00:00Z,30.063,21
1487,Potencia instalada de generación solar térmica,2025-12-01T00:00:00.000+01:00,2025-11-30T23:00:00Z,0.073,19
1487,Potencia instalada de generación solar térmica,2025-12-01T00:00:00.000+01:00,2025-11-30T23:00:00Z,0.005,18
1487,Potencia instalada de generación solar térmica,2025-12-01T00:00:00.000+01:00,2025-11-30T23:00:00Z,0.004,17
1487,Potencia instalada de generación solar térmica,2025-12-01T00:00:00.000+01:00,2025-11-30T23:00:00Z,849.032,16
1487,Potencia instalada de generación solar térmica,2025-12-01T00:00:00.000+01:00,2025-11-30T23:00:00Z,49.945,15
1487,Potencia instalada de generación solar térmica,2025-12-01T00:00:00.000+01:00,2025-11-30T23:00:00Z,0.296,14
1487,Potencia instalada de generación solar térmica,2025-12-01T00:00:00.000+01:00,2025-11-30T23:00:00Z,0.184,13
1487,Potencia instalada de generación solar térmica,2025-12-01T00:00:00.000+01:00,2025-11-30T23:00:00Z,22.625,9
1487,Potencia instalada de generación solar térmica,2025-12-01T00:00:00.000+01:00,2025-11-30T23:00:00Z,0.008,8
1487,Potencia instalada de generación solar térmica,2025-12-01T00:00:00.000+01:00,2025-11-30T23:00:00Z,349.556,7
1487,Potencia instalada de generación solar térmica,2025-12-01T00:00:00.000+01:00,2025-11-30T23:00:00Z,0.014,5
1487,Potencia instalada de generación solar térmica,2025-12-01T00:00:00.000+01:00,2025-11-30T23:00:00Z,1000.256,4
1487,Potencia instalada de generación solar térmica,2025-12-01T00:00:00.000+01:00,2025-11-30T23:00:00Z,0.02,10
1487,Potencia instalada de generación solar térmica,2026-01-01T00:00:00.000+01:00,2025-12-31T23:00:00Z,49.945,15
1487,Potencia instalada de generación solar térmica,2026-01-01T00:00:00.000+01:00,2025-12-31T23:00:00Z,30.063,21
1487,Potencia instalada de generación solar térmica,2026-01-01T00:00:00.000+01:00,2025-12-31T23:00:00Z,0.073,19
1487,Potencia instalada de generación solar térmica,2026-01-01T00:00:00.000+01:00,2025-12-31T23:00:00Z,0.005,18
1487,Potencia instalada de generación solar térmica,2026-01-01T00:00:00.000+01:00,2025-12-31T23:00:00Z,0.004,17
1487,Potencia instalada de generación solar térmica,2026-01-01T00:00:00.000+01:00,2025-12-31T23:00:00Z,849.032,16
1487,Potencia instalada de generación solar térmica,2026-01-01T00:00:00.000+01:00,2025-12-31T23:00:00Z,0.306,14
1487,Potencia instalada de generación solar térmica,2026-01-01T00:00:00.000+01:00,2025-12-31T23:00:00Z,0.008,8
1487,Potencia instalada de generación solar térmica,2026-01-01T00:00:00.000+01:00,2025-12-31T23:00:00Z,0.02,10
1487,Potencia instalada de generación solar térmica,2026-01-01T00:00:00.000+01:00,2025-12-31T23:00:00Z,22.625,9
1487,Potencia instalada de generación solar térmica,2026-01-01T00:00:00.000+01:00,2025-12-31T23:00:00Z,0.19,13
1487,Potencia instalada de generación solar térmica,2026-01-01T00:00:00.000+01:00,2025-12-31T23:00:00Z,349.556,7
1487,Potencia instalada de generación solar térmica,2026-01-01T00:00:00.000+01:00,2025-12-31T23:00:00Z,0.014,5
1487,Potencia instalada de generación solar térmica,2026-01-01T00:00:00.000+01:00,2025-12-31T23:00:00Z,1000.256,4
1487,Potencia instalada de generación solar térmica,2026-02-01T00:00:00.000+01:00,2026-01-31T23:00:00Z,30.063,21
1487,Potencia instalada de generación solar térmica,2026-02-01T00:00:00.000+01:00,2026-01-31T23:00:00Z,0.073,19
1487,Potencia instalada de generación solar térmica,2026-02-01T00:00:00.000+01:00,2026-01-31T23:00:00Z,0.005,18
1487,Potencia instalada de generación solar térmica,2026-02-01T00:00:00.000+01:00,2026-01-31T23:00:00Z,0.004,17
1487,Potencia instalada de generación solar térmica,2026-02-01T00:00:00.000+01:00,2026-01-31T23:00:00Z,849.032,16
1487,Potencia instalada de generación solar térmica,2026-02-01T00:00:00.000+01:00,2026-01-31T23:00:00Z,49.95,15
1487,Potencia instalada de generación solar térmica,2026-02-01T00:00:00.000+01:00,2026-01-31T23:00:00Z,0.315,14
1487,Potencia instalada de generación solar térmica,2026-02-01T00:00:00.000+01:00,2026-01-31T23:00:00Z,0.02,10
1487,Potencia instalada de generación solar térmica,2026-02-01T00:00:00.000+01:00,2026-01-31T23:00:00Z,22.625,9
1487,Potencia instalada de generación solar térmica,2026-02-01T00:00:00.000+01:00,2026-01-31T23:00:00Z,0.008,8
1487,Potencia instalada de generación solar térmica,2026-02-01T00:00:00.000+01:00,2026-01-31T23:00:00Z,349.556,7
1487,Potencia instalada de generación solar térmica,2026-02-01T00:00:00.000+01:00,2026-01-31T23:00:00Z,0.014,5
1487,Potencia instalada de generación solar térmica,2026-02-01T00:00:00.000+01:00,2026-01-31T23:00:00Z,1000.256,4
1487,Potencia instalada de generación solar térmica,2026-02-01T00:00:00.000+01:00,2026-01-31T23:00:00Z,0.19,13
1487,Potencia instalada de generación solar térmica,2026-03-01T00:00:00.000+01:00,2026-02-28T23:00:00Z,49.95,15
1487,Potencia instalada de generación solar térmica,2026-03-01T00:00:00.000+01:00,2026-02-28T23:00:00Z,30.063,21
1487,Potencia instalada de generación solar térmica,2026-03-01T00:00:00.000+01:00,2026-02-28T23:00:00Z,0.073,19
1487,Potencia instalada de generación solar térmica,2026-03-01T00:00:00.000+01:00,2026-02-28T23:00:00Z,0.005,18
1487,Potencia instalada de generación solar térmica,2026-03-01T00:00:00.000+01:00,2026-02-28T23:00:00Z,0.004,17
1487,Potencia instalada de generación solar térmica,2026-03-01T00:00:00.000+01:00,2026-02-28T23:00:00Z,849.032,16
1487,Potencia instalada de generación solar térmica,2026-03-01T00:00:00.000+01:00,2026-02-28T23:00:00Z,0.327,14
1487,Potencia instalada de generación solar térmica,2026-03-01T00:00:00.000+01:00,2026-02-28T23:00:00Z,1000.256,4
1487,Potencia instalada de generación solar térmica,2026-03-01T00:00:00.000+01:00,2026-02-28T23:00:00Z,0.02,10
1487,Potencia instalada de generación solar térmica,2026-03-01T00:00:00.000+01:00,2026-02-28T23:00:00Z,22.625,9
1487,Potencia instalada de generación solar térmica,2026-03-01T00:00:00.000+01:00,2026-02-28T23:00:00Z,0.008,8
1487,Potencia instalada de generación solar térmica,2026-03-01T00:00:00.000+01:00,2026-02-28T23:00:00Z,349.556,7
1487,Potencia instalada de generación solar térmica,2026-03-01T00:00:00.000+01:00,2026-02-28T23:00:00Z,0.014,5
1487,Potencia instalada de generación solar térmica,2026-03-01T00:00:00.000+01:00,2026-02-28T23:00:00Z,0.19,13
1487,Potencia instalada de generación solar térmica,2026-04-01T00:00:00.000+02:00,2026-03-31T22:00:00Z,49.95,15
1487,Potencia instalada de generación solar térmica,2026-04-01T00:00:00.000+02:00,2026-03-31T22:00:00Z,30.063,21
1487,Potencia instalada de generación solar térmica,2026-04-01T00:00:00.000+02:00,2026-03-31T22:00:00Z,0.073,19
1487,Potencia instalada de generación solar térmica,2026-04-01T00:00:00.000+02:00,2026-03-31T22:00:00Z,0.005,18
1487,Potencia instalada de generación solar térmica,2026-04-01T00:00:00.000+02:00,2026-03-31T22:00:00Z,0.004,17
1487,Potencia instalada de generación solar térmica,2026-04-01T00:00:00.000+02:00,2026-03-31T22:00:00Z,849.032,16
1487,Potencia instalada de generación solar térmica,2026-04-01T00:00:00.000+02:00,2026-03-31T22:00:00Z,0.339,14
1487,Potencia instalada de generación solar térmica,2026-04-01T00:00:00.000+02:00,2026-03-31T22:00:00Z,0.19,13
1487,Potencia instalada de generación solar térmica,2026-04-01T00:00:00.000+02:00,2026-03-31T22:00:00Z,0.02,10
1487,Potencia instalada de generación solar térmica,2026-04-01T00:00:00.000+02:00,2026-03-31T22:00:00Z,22.625,9
1487,Potencia instalada de generación solar térmica,2026-04-01T00:00:00.000+02:00,2026-03-31T22:00:00Z,0.008,8
1487,Potencia instalada de generación solar térmica,2026-04-01T00:00:00.000+02:00,2026-03-31T22:00:00Z,349.556,7
1487,Potencia instalada de generación solar térmica,2026-04-01T00:00:00.000+02:00,2026-03-31T22:00:00Z,0.014,5
1487,Potencia instalada de generación solar térmica,2026-04-01T00:00:00.000+02:00,2026-03-31T22:00:00Z,1000.256,4
1487,Potencia instalada de generación solar térmica,2026-05-01T00:00:00.000+02:00,2026-04-30T22:00:00Z,0.073,19
1487,Potencia instalada de generación solar térmica,2026-05-01T00:00:00.000+02:00,2026-04-30T22:00:00Z,0.005,18
1487,Potencia instalada de generación solar térmica,2026-05-01T00:00:00.000+02:00,2026-04-30T22:00:00Z,0.004,17
1487,Potencia instalada de generación solar térmica,2026-05-01T00:00:00.000+02:00,2026-04-30T22:00:00Z,849.032,16
1487,Potencia instalada de generación solar térmica,2026-05-01T00:00:00.000+02:00,2026-04-30T22:00:00Z,49.95,15
1487,Potencia instalada de generación solar térmica,2026-05-01T00:00:00.000+02:00,2026-04-30T22:00:00Z,0.339,14
1487,Potencia instalada de generación solar térmica,2026-05-01T00:00:00.000+02:00,2026-04-30T22:00:00Z,30.063,21
1487,Potencia instalada de generación solar térmica,2026-05-01T00:00:00.000+02:00,2026-04-30T22:00:00Z,0.02,10
1487,Potencia instalada de generación solar térmica,2026-05-01T00:00:00.000+02:00,2026-04-30T22:00:00Z,22.625,9
1487,Potencia instalada de generación solar térmica,2026-05-01T00:00:00.000+02:00,2026-04-30T22:00:00Z,0.008,8
1487,Potencia instalada de generación solar térmica,2026-05-01T00:00:00.000+02:00,2026-04-30T22:00:00Z,349.556,7
1487,Potencia instalada de generación solar térmica,2026-05-01T00:00:00.000+02:00,2026-04-30T22:00:00Z,0.014,5
1487,Potencia instalada de generación solar térmica,2026-05-01T00:00:00.000+02:00,2026-04-30T22:00:00Z,1000.256,4
1487,Potencia instalada de generación solar térmica,2026-05-01T00:00:00.000+02:00,2026-04-30T22:00:00Z,0.194,13
1487,Potencia instalada de generación solar térmica,2026-06-01T00:00:00.000+02:00,2026-05-31T22:00:00Z,30.063,21
1487,Potencia instalada de generación solar térmica,2026-06-01T00:00:00.000+02:00,2026-05-31T22:00:00Z,0.073,19
1487,Potencia instalada de generación solar térmica,2026-06-01T00:00:00.000+02:00,2026-05-31T22:00:00Z,0.005,18
1487,Potencia instalada de generación solar térmica,2026-06-01T00:00:00.000+02:00,2026-05-31T22:00:00Z,0.004,17
1487,Potencia instalada de generación solar térmica,2026-06-01T00:00:00.000+02:00,2026-05-31T22:00:00Z,849.032,16
1487,Potencia instalada de generación solar térmica,2026-06-01T00:00:00.000+02:00,2026-05-31T22:00:00Z,49.95,15
1487,Potencia instalada de generación solar térmica,2026-06-01T00:00:00.000+02:00,2026-05-31T22:00:00Z,0.351,14
1487,Potencia instalada de generación solar térmica,2026-06-01T00:00:00.000+02:00,2026-05-31T22:00:00Z,0.194,13
1487,Potencia instalada de generación solar térmica,2026-06-01T00:00:00.000+02:00,2026-05-31T22:00:00Z,22.625,9
1487,Potencia instalada de generación solar térmica,2026-06-01T00:00:00.000+02:00,2026-05-31T22:00:00Z,0.008,8
1487,Potencia instalada de generación solar térmica,2026-06-01T00:00:00.000+02:00,2026-05-31T22:00:00Z,349.556,7
1487,Potencia instalada de generación solar térmica,2026-06-01T00:00:00.000+02:00,2026-05-31T22:00:00Z,0.014,5
1487,Potencia instalada de generación solar térmica,2026-06-01T00:00:00.000+02:00,2026-05-31T22:00:00Z,1000.256,4
1487,Potencia instalada de generación solar térmica,2026-06-01T00:00:00.000+02:00,2026-05-31T22:00:00Z,0.02,10
1487,Potencia instalada de generación solar térmica,2026-07-01T00:00:00.000+02:00,2026-06-30T22:00:00Z,49.96,15
1487,Potencia instalada de generación solar térmica,2026-07-01T00:00:00.000+02:00,2026-06-30T22:00:00Z,30.063,21
1487,Potencia instalada de generación solar térmica,2026-07-01T00:00:00.000+02:00,2026-06-30T22:00:00Z,0.073,19
1487,Potencia instalada de generación solar térmica,2026-07-01T00:00:00.000+02:00,2026-06-30T22:00:00Z,0.005,18
1487,Potencia instalada de generación solar térmica,2026-07-01T00:00:00.000+02:00,2026-06-30T22:00:00Z,849.032,16
1487,Potencia instalada de generación solar térmica,2026-07-01T00:00:00.000+02:00,2026-06-30T22:00:00Z,0.359,14
1487,Potencia instalada de generación solar térmica,2026-07-01T00:00:00.000+02:00,2026-06-30T22:00:00Z,0.004,17
1487,Potencia instalada de generación solar térmica,2026-07-01T00:00:00.000+02:00,2026-06-30T22:00:00Z,0.02,10
1487,Potencia instalada de generación solar térmica,2026-07-01T00:00:00.000+02:00,2026-06-30T22:00:00Z,22.625,9
1487,Potencia instalada de generación solar térmica,2026-07-01T00:00:00.000+02:00,2026-06-30T22:00:00Z,0.008,8
1487,Potencia instalada de generación solar térmica,2026-07-01T00:00:00.000+02:00,2026-06-30T22:00:00Z,0.2,13
1487,Potencia instalada de generación solar térmica,2026-07-01T00:00:00.000+02:00,2026-06-30T22:00:00Z,349.561,7
1487,Potencia instalada de generación solar térmica,2026-07-01T00:00:00.000+02:00,2026-06-30T22:00:00Z,0.014,5
1487,Potencia instalada de generación solar térmica,2026-07-01T00:00:00.000+02:00,2026-06-30T22:00:00Z,1000.256,4
1487,Potencia instalada de generación solar térmica,2026-08-01T00:00:00.000+02:00,2026-07-31T22:00:00Z,30.063,21
1487,Potencia instalada de generación solar térmica,2026-08-01T00:00:00.000+02:00,2026-07-31T22:00:00Z,0.073,19
1487,Potencia instalada de generación solar térmica,2026-08-01T00:00:00.000+02:00,2026-07-31T22:00:00Z,0.005,18
1487,Potencia instalada de generación solar térmica,2026-08-01T00:00:00.000+02:00,2026-07-31T22:00:00Z,0.004,17
1487,Potencia instalada de generación solar térmica,2026-08-01T00:00:00.000+02:00,2026-07-31T22:00:00Z,849.032,16
1487,Potencia instalada de generación solar térmica,2026-08-01T00:00:00.000+02:00,2026-07-31T22:00:00Z,49.966,15
1487,Potencia instalada de generación solar térmica,2026-08-01T00:00:00.000+02:00,2026-07-31T22:00:00Z,0.367,14
1487,Potencia instalada de generación solar térmica,2026-08-01T00:00:00.000+02:00,2026-07-31T22:00:00Z,0.2,13
1487,Potencia instalada de generación solar térmica,2026-08-01T00:00:00.000+02:00,2026-07-31T22:00:00Z,0.02,10
1487,Potencia instalada de generación solar térmica,2026-08-01T00:00:00.000+02:00,2026-07-31T22:00:00Z,22.625,9
1487,Potencia instalada de generación solar térmica,2026-08-01T00:00:00.000+02:00,2026-07-31T22:00:00Z,0.008,8
1487,Potencia instalada de generación solar térmica,2026-08-01T00:00:00.000+02:00,2026-07-31T22:00:00Z,349.569,7
1487,Potencia instalada de generación solar térmica,2026-08-01T00:00:00.000+02:00,2026-07-31T22:00:00Z,0.014,5
1487,Potencia instalada de generación solar térmica,2026-08-01T00:00:00.000+02:00,2026-07-31T22:00:00Z,1000.256,4
1487,Potencia instalada de generación solar térmica,2026-09-01T00:00:00.000+02:00,2026-08-31T22:00:00Z,0.073,19
1487,Potencia instalada de generación solar térmica,2026-09-01T00:00:00.000+02:00,2026-08-31T22:00:00Z,0.005,18
1487,Potencia instalada de generación solar térmica,2026-09-01T00:00:00.000+02:00,2026-08-31T22:00:00Z,0.004,17
1487,Potencia instalada de generación solar térmica,2026-09-01T00:00:00.000+02:00,2026-08-31T22:00:00Z,30.063,21
1487,Potencia instalada de generación solar térmica,2026-09-01T00:00:00.000+02:00,2026-08-31T22:00:00Z,849.032,16
1487,Potencia instalada de generación solar térmica,2026-09-01T00:00:00.000+02:00,2026-08-31T22:00:00Z,49.966,15
1487,Potencia instalada de generación solar térmica,2026-09-01T00:00:00.000+02:00,2026-08-31T22:00:00Z,0.382,14
1487,Potencia instalada de generación solar térmica,2026-09-01T00:00:00.000+02:00,2026-08-31T22:00:00Z,0.008,8
1487,Potencia instalada de generación solar térmica,2026-09-01T00:00:00.000+02:00,2026-08-31T22:00:00Z,0.02,10
1487,Potencia instalada de generación solar térmica,2026-09-01T00:00:00.000+02:00,2026-08-31T22:00:00Z,22.625,9
1487,Potencia instalada de generación solar térmica,2026-09-01T00:00:00.000+02:00,2026-08-31T22:00:00Z,349.569,7
1487,Potencia instalada de generación solar térmica,2026-09-01T00:00:00.000+02:00,2026-08-31T22:00:00Z,0.014,5
1487,Potencia instalada de generación solar térmica,2026-09-01T00:00:00.000+02:00,2026-08-31T22:00:00Z,1000.256,4
1487,Potencia instalada de generación solar térmica,2026-09-01T00:00:00.000+02:00,2026-08-31T22:00:00Z,0.2,13
1487,Potencia instalada de generación solar térmica,2026-10-01T00:00:00.000+02:00,2026-09-30T22:00:00Z,0.005,18
1487,Potencia instalada de generación solar térmica,2026-10-01T00:00:00.000+02:00,2026-09-30T22:00:00Z,0.004,17
1487,Potencia instalada de generación solar térmica,2026-10-01T00:00:00.000+02:00,2026-09-30T22:00:00Z,849.032,16
1487,Potencia instalada de generación solar térmica,2026-10-01T00:00:00.000+02:00,2026-09-30T22:00:00Z,49.966,15
1487,Potencia instalada de generación solar térmica,2026-10-01T00:00:00.000+02:00,2026-09-30T22:00:00Z,0.387,14
1487,Potencia instalada de generación solar térmica,2026-10-01T00:00:00.000+02:00,2026-09-30T22:00:00Z,0.2,13
1487,Potencia instalada de generación solar térmica,2026-10-01T00:00:00.000+02:00,2026-09-30T22:00:00Z,0.008,8
1487,Potencia instalada de generación solar térmica,2026-10-01T00:00:00.000+02:00,2026-09-30T22:00:00Z,22.525,9
1487,Potencia instalada de generación solar térmica,2026-10-01T00:00:00.000+02:00,2026-09-30T22:00:00Z,349.569,7
1487,Potencia instalada de generación solar térmica,2026-10-01T00:00:00.000+02:00,2026-09-30T22:00:00Z,0.014,5
1487,Potencia instalada de generación solar térmica,2026-10-01T00:00:00.000+02:00,2026-09-30T22:00:00Z,1000.246,4
1487,Potencia instalada de generación solar térmica,2026-10-01T00:00:00.000+02:00,2026-09-30T22:00:00Z,0.07,19
1487,Potencia instalada de generación solar térmica,2026-10-01T00:00:00.000+02:00,2026-09-30T22:00:00Z,0.02,10
1487,Potencia instalada de generación solar térmica,2026-10-01T00:00:00.000+02:00,2026-09-30T22:00:00Z,30.063,21
1488,Potencia instalada de generación otras renovables,2025-10-01T00:00:00.000+02:00,2025-09-30T22:00:00Z,455.854,4
1488,Potencia instalada de generación otras renovables,2025-10-01T00:00:00.000+02:00,2025-09-30T22:00:00Z,0.0,8746
1488,Potencia instalada de generación otras renovables,2025-10-01T00:00:00.000+02:00,2025-09-30T22:00:00Z,8.715,21
1488,Potencia instalada de generación otras renovables,2025-10-01T00:00:00.000+02:00,2025-09-30T22:00:00Z,2.477,20
1488,Potencia instalada de generación otras renovables,2025-10-01T00:00:00.000+02:00,2025-09-30T22:00:00Z,8.806,19
1488,Potencia instalada de generación otras renovables,2025-10-01T00:00:00.000+02:00,2025-09-30T22:00:00Z,7.916,18
1488,Potencia instalada de generación otras renovables,2025-10-01T00:00:00.000+02:00,2025-09-30T22:00:00Z,93.985,16
1488,Potencia instalada de generación otras renovables,2025-10-01T00:00:00.000+02:00,2025-09-30T22:00:00Z,10.58,15
1488,Potencia instalada de generación otras renovables,2025-10-01T00:00:00.000+02:00,2025-09-30T22:00:00Z,42.851,14
1488,Potencia instalada de generación otras renovables,2025-10-01T00:00:00.000+02:00,2025-09-30T22:00:00Z,63.217,17
1488,Potencia instalada de generación otras renovables,2025-10-01T00:00:00.000+02:00,2025-09-30T22:00:00Z,90.535,11
1488,Potencia instalada de generación otras renovables,2025-10-01T00:00:00.000+02:00,2025-09-30T22:00:00Z,26.726,10
1488,Potencia instalada de generación otras renovables,2025-10-01T00:00:00.000+02:00,2025-09-30T22:00:00Z,59.436,9
1488,Potencia instalada de generación otras renovables,2025-10-01T00:00:00.000+02:00,2025-09-30T22:00:00Z,103.981,8
1488,Potencia instalada de generación otras renovables,2025-10-01T00:00:00.000+02:00,2025-09-30T22:00:00Z,98.064,7
1488,Potencia instalada de generación otras renovables,2025-10-01T00:00:00.000+02:00,2025-09-30T22:00:00Z,12.862,6
1488,Potencia instalada de generación otras renovables,2025-10-01T00:00:00.000+02:00,2025-09-30T22:00:00Z,16.877,5
1488,Potencia instalada de generación otras renovables,2025-10-01T00:00:00.000+02:00,2025-09-30T22:00:00Z,46.045,13
1488,Potencia instalada de generación otras renovables,2025-11-01T00:00:00.000+01:00,2025-10-31T23:00:00Z,10.58,15
1488,Potencia instalada de generación otras renovables,2025-11-01T00:00:00.000+01:00,2025-10-31T23:00:00Z,0.0,8746
1488,Potencia instalada de generación otras renovables,2025-11-01T00:00:00.000+01:00,2025-10-31T23:00:00Z,8.715,21
1488,Potencia instalada de generación otras renovables,2025-11-01T00:00:00.000+01:00,2025-10-31T23:00:00Z,2.477,20
1488,Potencia instalada de generación otras renovables,2025-11-01T00:00:00.000+01:00,2025-10-31T23:00:00Z,8.806,19
1488,Potencia instalada de generación otras renovables,2025-11-01T00:00:00.000+01:00,2025-10-31T23:00:00Z,63.217,17
1488,Potencia instalada de generación otras renovables,2025-11-01T00:00:00.000+01:00,2025-10-31T23:00:00Z,93.985,16
1488,Potencia instalada de generación otras renovables,2025-11-01T00:00:00.000+01:00,2025-10-31T23:00:00Z,42.851,14
1488,Potencia instalada de generación otras renovables,2025-11-01T00:00:00.000+01:00,2025-10-31T23:00:00Z,7.916,18
1488,Potencia instalada de generación otras renovables,2025-11-01T00:00:00.000+01:00,2025-10-31T23:00:00Z,90.535,11
1488,Potencia instalada de generación otras renovables,2025-11-01T00:00:00.000+01:00,2025-10-31T23:00:00Z,16.877,5
1488,Potencia instalada de generación otras renovables,2025-11-01T00:00:00.000+01:00,2025-10-31T23:00:00Z,12.862,6
1488,Potencia instalada de generación otras renovables,2025-11-01T00:00:00.000+01:00,2025-10-31T23:00:00Z,98.064,7
1488,Potencia instalada de generación otras renovables,2025-11-01T00:00:00.000+01:00,2025-10-31T23:00:00Z,455.854,4
1488,Potencia instalada de generación otras renovables,2025-11-01T00:00:00.000+01:00,2025-10-31T23:00:00Z,103.981,8
1488,Potencia instalada de generación otras renovables,2025-11-01T00:00:00.000+01:00,2025-10-31T23:00:00Z,59.436,9
1488,Potencia instalada de generación otras renovables,2025-11-01T00:00:00.000+01:00,2025-10-31T23:00:00Z,26.726,10
1488,Potencia instalada de generación otras renovables,2025-11-01T00:00:00.000+01:00,2025-10-31T23:00:00Z,46.045,13
1488,Potencia instalada de generación otras renovables,2025-12-01T00:00:00.000+01:00,2025-11-30T23:00:00Z,42.851,14
1488,Potencia instalada de generación otras renovables,2025-12-01T00:00:00.000+01:00,2025-11-30T23:00:00Z,8.715,21
1488,Potencia instalada de generación otras renovables,2025-12-01T00:00:00.000+01:00,2025-11-30T23:00:00Z,2.477,20
1488,Potencia instalada de generación otras renovables,2025-12-01T00:00:00.000+01:00,2025-11-30T23:00:00Z,8.806,19
1488,Potencia instalada de generación otras renovables,2025-12-01T00:00:00.000+01:00,2025-11-30T23:00:00Z,7.916,18
1488,Potencia instalada de generación otras renovables,2025-12-01T00:00:00.000+01:00,2025-11-30T23:00:00Z,63.217,17
1488,Potencia instalada de generación otras renovables,2025-12-01T00:00:00.000+01:00,2025-11-30T23:00:00Z,93.985,16
1488,Potencia instalada de generación otras renovables,2025-12-01T00:00:00.000+01:00,2025-11-30T23:00:00Z,10.58,15
1488,Potencia instalada de generación otras renovables,2025-12-01T00:00:00.000+01:00,2025-11-30T23:00:00Z,0.0,8746
1488,Potencia instalada de generación otras renovables,2025-12-01T00:00:00.000+01:00,2025-11-30T23:00:00Z,46.045,13
1488,Potencia instalada de generación otras renovables,2025-12-01T00:00:00.000+01:00,2025-11-30T23:00:00Z,26.726,10
1488,Potencia instalada de generación otras renovables,2025-12-01T00:00:00.000+01:00,2025-11-30T23:00:00Z,59.436,9
1488,Potencia instalada de generación otras renovables,2025-12-01T00:00:00.000+01:00,2025-11-30T23:00:00Z,103.981,8
1488,Potencia instalada de generación otras renovables,2025-12-01T00:00:00.000+01:00,2025-11-30T23:00:00Z,98.064,7
1488,Potencia instalada de generación otras renovables,2025-12-01T00:00:00.000+01:00,2025-11-30T23:00:00Z,12.862,6
1488,Potencia instalada de generación otras renovables,2025-12-01T00:00:00.000+01:00,2025-11-30T23:00:00Z,16.877,5
1488,Potencia instalada de generación otras renovables,2025-12-01T00:00:00.000+01:00,2025-11-30T23:00:00Z,455.854,4
1488,Potencia instalada de generación otras renovables,2025-12-01T00:00:00.000+01:00,2025-11-30T23:00:00Z,90.535,11
1488,Potencia instalada de generación otras renovables,2026-01-01T00:00:00.000+01:00,2025-12-31T23:00:00Z,89.985,16
1488,Potencia instalada de generación otras renovables,2026-01-01T00:00:00.000+01:00,2025-12-31T23:00:00Z,63.217,17
1488,Potencia instalada de generación otras renovables,2026-01-01T00:00:00.000+01:00,2025-12-31T23:00:00Z,7.916,18
1488,Potencia instalada de generación otras renovables,2026-01-01T00:00:00.000+01:00,2025-12-31T23:00:00Z,0.0,8746
1488,Potencia instalada de generación otras renovables,2026-01-01T00:00:00.000+01:00,2025-12-31T23:00:00Z,2.477,20
1488,Potencia instalada de generación otras renovables,2026-01-01T00:00:00.000+01:00,2025-12-31T23:00:00Z,8.715,21
1488,Potencia instalada de generación otras renovables,2026-01-01T00:00:00.000+01:00,2025-12-31T23:00:00Z,10.58,15
1488,Potencia instalada de generación otras renovables,2026-01-01T00:00:00.000+01:00,2025-12-31T23:00:00Z,8.806,19
1488,Potencia instalada de generación otras renovables,2026-01-01T00:00:00.000+01:00,2025-12-31T23:00:00Z,42.851,14
1488,Potencia instalada de generación otras renovables,2026-01-01T00:00:00.000+01:00,2025-12-31T23:00:00Z,103.981,8
1488,Potencia instalada de generación otras renovables,2026-01-01T00:00:00.000+01:00,2025-12-31T23:00:00Z,90.535,11
1488,Potencia instalada de generación otras renovables,2026-01-01T00:00:00.000+01:00,2025-12-31T23:00:00Z,26.726,10
1488,Potencia instalada de generación otras renovables,2026-01-01T00:00:00.000+01:00,2025-12-31T23:00:00Z,59.436,9
1488,Potencia instalada de generación otras renovables,2026-01-01T00:00:00.000+01:00,2025-12-31T23:00:00Z,46.045,13
1488,Potencia instalada de generación otras renovables,2026-01-01T00:00:00.000+01:00,2025-12-31T23:00:00Z,98.064,7
1488,Potencia instalada de generación otras renovables,2026-01-01T00:00:00.000+01:00,2025-12-31T23:00:00Z,12.862,6
1488,Potencia instalada de generación otras renovables,2026-01-01T00:00:00.000+01:00,2025-12-31T23:00:00Z,16.877,5
1488,Potencia instalada de generación otras renovables,2026-01-01T00:00:00.000+01:00,2025-12-31T23:00:00Z,455.854,4
1488,Potencia instalada de generación otras renovables,2026-02-01T00:00:00.000+01:00,2026-01-31T23:00:00Z,0.0,8746
1488,Potencia instalada de generación otras renovables,2026-02-01T00:00:00.000+01:00,2026-01-31T23:00:00Z,8.715,21
1488,Potencia instalada de generación otras renovables,2026-02-01T00:00:00.000+01:00,2026-01-31T23:00:00Z,2.477,20
1488,Potencia instalada de generación otras renovables,2026-02-01T00:00:00.000+01:00,2026-01-31T23:00:00Z,8.806,19
1488,Potencia instalada de generación otras renovables,2026-02-01T00:00:00.000+01:00,2026-01-31T23:00:00Z,7.916,18
1488,Potencia instalada de generación otras renovables,2026-02-01T00:00:00.000+01:00,2026-01-31T23:00:00Z,63.217,17
1488,Potencia instalada de generación otras renovables,2026-02-01T00:00:00.000+01:00,2026-01-31T23:00:00Z,89.185,16
1488,Potencia instalada de generación otras renovables,2026-02-01T00:00:00.000+01:00,2026-01-31T23:00:00Z,10.58,15
1488,Potencia instalada de generación otras renovables,2026-02-01T00:00:00.000+01:00,2026-01-31T23:00:00Z,42.851,14
1488,Potencia instalada de generación otras renovables,2026-02-01T00:00:00.000+01:00,2026-01-31T23:00:00Z,455.854,4
1488,Potencia instalada de generación otras renovables,2026-02-01T00:00:00.000+01:00,2026-01-31T23:00:00Z,90.535,11
1488,Potencia instalada de generación otras renovables,2026-02-01T00:00:00.000+01:00,2026-01-31T23:00:00Z,26.726,10
1488,Potencia instalada de generación otras renovables,2026-02-01T00:00:00.000+01:00,2026-01-31T23:00:00Z,59.436,9
1488,Potencia instalada de generación otras renovables,2026-02-01T00:00:00.000+01:00,2026-01-31T23:00:00Z,103.981,8
1488,Potencia instalada de generación otras renovables,2026-02-01T00:00:00.000+01:00,2026-01-31T23:00:00Z,98.064,7
1488,Potencia instalada de generación otras renovables,2026-02-01T00:00:00.000+01:00,2026-01-31T23:00:00Z,12.862,6
1488,Potencia instalada de generación otras renovables,2026-02-01T00:00:00.000+01:00,2026-01-31T23:00:00Z,16.877,5
1488,Potencia instalada de generación otras renovables,2026-02-01T00:00:00.000+01:00,2026-01-31T23:00:00Z,46.045,13
1488,Potencia instalada de generación otras renovables,2026-03-01T00:00:00.000+01:00,2026-02-28T23:00:00Z,89.185,16
1488,Potencia instalada de generación otras renovables,2026-03-01T00:00:00.000+01:00,2026-02-28T23:00:00Z,63.217,17
1488,Potencia instalada de generación otras renovables,2026-03-01T00:00:00.000+01:00,2026-02-28T23:00:00Z,7.916,18
1488,Potencia instalada de generación otras renovables,2026-03-01T00:00:00.000+01:00,2026-02-28T23:00:00Z,10.58,15
1488,Potencia instalada de generación otras renovables,2026-03-01T00:00:00.000+01:00,2026-02-28T23:00:00Z,2.477,20
1488,Potencia instalada de generación otras renovables,2026-03-01T00:00:00.000+01:00,2026-02-28T23:00:00Z,8.715,21
1488,Potencia instalada de generación otras renovables,2026-03-01T00:00:00.000+01:00,2026-02-28T23:00:00Z,0.0,8746
1488,Potencia instalada de generación otras renovables,2026-03-01T00:00:00.000+01:00,2026-02-28T23:00:00Z,8.806,19
1488,Potencia instalada de generación otras renovables,2026-03-01T00:00:00.000+01:00,2026-02-28T23:00:00Z,42.851,14
1488,Potencia instalada de generación otras renovables,2026-03-01T00:00:00.000+01:00,2026-02-28T23:00:00Z,455.854,4
1488,Potencia instalada de generación otras renovables,2026-03-01T00:00:00.000+01:00,2026-02-28T23:00:00Z,90.535,11
1488,Potencia instalada de generación otras renovables,2026-03-01T00:00:00.000+01:00,2026-02-28T23:00:00Z,26.726,10
1488,Potencia instalada de generación otras renovables,2026-03-01T00:00:00.000+01:00,2026-02-28T23:00:00Z,59.436,9
1488,Potencia instalada de generación otras renovables,2026-03-01T00:00:00.000+01:00,2026-02-28T23:00:00Z,103.981,8
1488,Potencia instalada de generación otras renovables,2026-03-01T00:00:00.000+01:00,2026-02-28T23:00:00Z,98.064,7
1488,Potencia instalada de generación otras renovables,2026-03-01T00:00:00.000+01:00,2026-02-28T23:00:00Z,12.862,6
1488,Potencia instalada de generación otras renovables,2026-03-01T00:00:00.000+01:00,2026-02-28T23:00:00Z,16.877,5
1488,Potencia instalada de generación otras renovables,2026-03-01T00:00:00.000+01:00,2026-02-28T23:00:00Z,46.045,13
1488,Potencia instalada de generación otras renovables,2026-04-01T00:00:00.000+02:00,2026-03-31T22:00:00Z,89.185,16
1488,Potencia instalada de generación otras renovables,2026-04-01T00:00:00.000+02:00,2026-03-31T22:00:00Z,63.217,17
1488,Potencia instalada de generación otras renovables,2026-04-01T00:00:00.000+02:00,2026-03-31T22:00:00Z,7.916,18
1488,Potencia instalada de generación otras renovables,2026-04-01T00:00:00.000+02:00,2026-03-31T22:00:00Z,0.0,8746
1488,Potencia instalada de generación otras renovables,2026-04-01T00:00:00.000+02:00,2026-03-31T22:00:00Z,2.477,20
1488,Potencia instalada de generación otras renovables,2026-04-01T00:00:00.000+02:00,2026-03-31T22:00:00Z,8.715,21
1488,Potencia instalada de generación otras renovables,2026-04-01T00:00:00.000+02:00,2026-03-31T22:00:00Z,10.58,15
1488,Potencia instalada de generación otras renovables,2026-04-01T00:00:00.000+02:00,2026-03-31T22:00:00Z,8.806,19
1488,Potencia instalada de generación otras renovables,2026-04-01T00:00:00.000+02:00,2026-03-31T22:00:00Z,42.851,14
1488,Potencia instalada de generación otras renovables,2026-04-01T00:00:00.000+02:00,2026-03-31T22:00:00Z,46.045,13
1488,Potencia instalada de generación otras renovables,2026-04-01T00:00:00.000+02:00,2026-03-31T22:00:00Z,90.535,11
1488,Potencia instalada de generación otras renovables,2026-04-01T00:00:00.000+02:00,2026-03-31T22:00:00Z,26.726,10
1488,Potencia instalada de generación otras renovables,2026-04-01T00:00:00.000+02:00,2026-03-31T22:00:00Z,59.436,9
1488,Potencia instalada de generación otras renovables,2026-04-01T00:00:00.000+02:00,2026-03-31T22:00:00Z,103.981,8
1488,Potencia instalada de generación otras renovables,2026-04-01T00:00:00.000+02:00,2026-03-31T22:00:00Z,98.064,7
1488,Potencia instalada de generación otras renovables,2026-04-01T00:00:00.000+02:00,2026-03-31T22:00:00Z,12.862,6
1488,Potencia instalada de generación otras renovables,2026-04-01T00:00:00.000+02:00,2026-03-31T22:00:00Z,16.877,5
1488,Potencia instalada de generación otras renovables,2026-04-01T00:00:00.000+02:00,2026-03-31T22:00:00Z,455.854,4
1488,Potencia instalada de generación otras renovables,2026-05-01T00:00:00.000+02:00,2026-04-30T22:00:00Z,8.715,21
1488,Potencia instalada de generación otras renovables,2026-05-01T00:00:00.000+02:00,2026-04-30T22:00:00Z,2.477,20
1488,Potencia instalada de generación otras renovables,2026-05-01T00:00:00.000+02:00,2026-04-30T22:00:00Z,8.806,19
1488,Potencia instalada de generación otras renovables,2026-05-01T00:00:00.000+02:00,2026-04-30T22:00:00Z,7.916,18
1488,Potencia instalada de generación otras renovables,2026-05-01T00:00:00.000+02:00,2026-04-30T22:00:00Z,63.217,17
1488,Potencia instalada de generación otras renovables,2026-05-01T00:00:00.000+02:00,2026-04-30T22:00:00Z,89.185,16
1488,Potencia instalada de generación otras renovables,2026-05-01T00:00:00.000+02:00,2026-04-30T22:00:00Z,10.58,15
1488,Potencia instalada de generación otras renovables,2026-05-01T00:00:00.000+02:00,2026-04-30T22:00:00Z,42.851,14
1488,Potencia instalada de generación otras renovables,2026-05-01T00:00:00.000+02:00,2026-04-30T22:00:00Z,0.0,8746
1488,Potencia instalada de generación otras renovables,2026-05-01T00:00:00.000+02:00,2026-04-30T22:00:00Z,90.535,11
1488,Potencia instalada de generación otras renovables,2026-05-01T00:00:00.000+02:00,2026-04-30T22:00:00Z,455.854,4
1488,Potencia instalada de generación otras renovables,2026-05-01T00:00:00.000+02:00,2026-04-30T22:00:00Z,16.877,5
1488,Potencia instalada de generación otras renovables,2026-05-01T00:00:00.000+02:00,2026-04-30T22:00:00Z,12.862,6
1488,Potencia instalada de generación otras renovables,2026-05-01T00:00:00.000+02:00,2026-04-30T22:00:00Z,46.045,13
1488,Potencia instalada de generación otras renovables,2026-05-01T00:00:00.000+02:00,2026-04-30T22:00:00Z,103.981,8
1488,Potencia instalada de generación otras renovables,2026-05-01T00:00:00.000+02:00,2026-04-30T22:00:00Z,59.436,9
1488,Potencia instalada de generación otras renovables,2026-05-01T00:00:00.000+02:00,2026-04-30T22:00:00Z,26.726,10
1488,Potencia instalada de generación otras renovables,2026-05-01T00:00:00.000+02:00,2026-04-30T22:00:00Z,98.064,7
1488,Potencia instalada de generación otras renovables,2026-06-01T00:00:00.000+02:00,2026-05-31T22:00:00Z,42.851,14
1488,Potencia instalada de generación otras renovables,2026-06-01T00:00:00.000+02:00,2026-05-31T22:00:00Z,8.715,21
1488,Potencia instalada de generación otras renovables,2026-06-01T00:00:00.000+02:00,2026-05-31T22:00:00Z,2.477,20
1488,Potencia instalada de generación otras renovables,2026-06-01T00:00:00.000+02:00,2026-05-31T22:00:00Z,8.806,19
1488,Potencia instalada de generación otras renovables,2026-06-01T00:00:00.000+02:00,2026-05-31T22:00:00Z,7.916,18
1488,Potencia instalada de generación otras renovables,2026-06-01T00:00:00.000+02:00,2026-05-31T22:00:00Z,63.217,17
1488,Potencia instalada de generación otras renovables,2026-06-01T00:00:00.000+02:00,2026-05-31T22:00:00Z,89.185,16
1488,Potencia instalada de generación otras renovables,2026-06-01T00:00:00.000+02:00,2026-05-31T22:00:00Z,10.58,15
1488,Potencia instalada de generación otras renovables,2026-06-01T00:00:00.000+02:00,2026-05-31T22:00:00Z,0.0,8746
1488,Potencia instalada de generación otras renovables,2026-06-01T00:00:00.000+02:00,2026-05-31T22:00:00Z,46.045,13
1488,Potencia instalada de generación otras renovables,2026-06-01T00:00:00.000+02:00,2026-05-31T22:00:00Z,26.726,10
1488,Potencia instalada de generación otras renovables,2026-06-01T00:00:00.000+02:00,2026-05-31T22:00:00Z,59.436,9
1488,Potencia instalada de generación otras renovables,2026-06-01T00:00:00.000+02:00,2026-05-31T22:00:00Z,103.981,8
1488,Potencia instalada de generación otras renovables,2026-06-01T00:00:00.000+02:00,2026-05-31T22:00:00Z,98.064,7
1488,Potencia instalada de generación otras renovables,2026-06-01T00:00:00.000+02:00,2026-05-31T22:00:00Z,12.862,6
1488,Potencia instalada de generación otras renovables,2026-06-01T00:00:00.000+02:00,2026-05-31T22:00:00Z,16.877,5
1488,Potencia instalada de generación otras renovables,2026-06-01T00:00:00.000+02:00,2026-05-31T22:00:00Z,455.854,4
1488,Potencia instalada de generación otras renovables,2026-06-01T00:00:00.000+02:00,2026-05-31T22:00:00Z,90.535,11
1488,Potencia instalada de generación otras renovables,2026-07-01T00:00:00.000+02:00,2026-06-30T22:00:00Z,10.58,15
1488,Potencia instalada de generación otras renovables,2026-07-01T00:00:00.000+02:00,2026-06-30T22:00:00Z,0.0,8746
1488,Potencia instalada de generación otras renovables,2026-07-01T00:00:00.000+02:00,2026-06-30T22:00:00Z,8.715,21
1488,Potencia instalada de generación otras renovables,2026-07-01T00:00:00.000+02:00,2026-06-30T22:00:00Z,2.477,20
1488,Potencia instalada de generación otras renovables,2026-07-01T00:00:00.000+02:00,2026-06-30T22:00:00Z,8.806,19
1488,Potencia instalada de generación otras renovables,2026-07-01T00:00:00.000+02:00,2026-06-30T22:00:00Z,63.217,17
1488,Potencia instalada de generación otras renovables,2026-07-01T00:00:00.000+02:00,2026-06-30T22:00:00Z,89.185,16
1488,Potencia instalada de generación otras renovables,2026-07-01T00:00:00.000+02:00,2026-06-30T22:00:00Z,42.851,14
1488,Potencia instalada de generación otras renovables,2026-07-01T00:00:00.000+02:00,2026-06-30T22:00:00Z,7.916,18
1488,Potencia instalada de generación otras renovables,2026-07-01T00:00:00.000+02:00,2026-06-30T22:00:00Z,90.535,11
1488,Potencia instalada de generación otras renovables,2026-07-01T00:00:00.000+02:00,2026-06-30T22:00:00Z,16.877,5
1488,Potencia instalada de generación otras renovables,2026-07-01T00:00:00.000+02:00,2026-06-30T22:00:00Z,12.862,6
1488,Potencia instalada de generación otras renovables,2026-07-01T00:00:00.000+02:00,2026-06-30T22:00:00Z,98.064,7
1488,Potencia instalada de generación otras renovables,2026-07-01T00:00:00.000+02:00,2026-06-30T22:00:00Z,455.854,4
1488,Potencia instalada de generación otras renovables,2026-07-01T00:00:00.000+02:00,2026-06-30T22:00:00Z,103.981,8
1488,Potencia instalada de generación otras renovables,2026-07-01T00:00:00.000+02:00,2026-06-30T22:00:00Z,59.436,9
1488,Potencia instalada de generación otras renovables,2026-07-01T00:00:00.000+02:00,2026-06-30T22:00:00Z,26.746,10
1488,Potencia instalada de generación otras renovables,2026-07-01T00:00:00.000+02:00,2026-06-30T22:00:00Z,46.045,13
1488,Potencia instalada de generación otras renovables,2026-08-01T00:00:00.000+02:00,2026-07-31T22:00:00Z,10.58,15
1488,Potencia instalada de generación otras renovables,2026-08-01T00:00:00.000+02:00,2026-07-31T22:00:00Z,0.0,8746
1488,Potencia instalada de generación otras renovables,2026-08-01T00:00:00.000+02:00,2026-07-31T22:00:00Z,8.715,21
1488,Potencia instalada de generación otras renovables,2026-08-01T00:00:00.000+02:00,2026-07-31T22:00:00Z,2.477,20
1488,Potencia instalada de generación otras renovables,2026-08-01T00:00:00.000+02:00,2026-07-31T22:00:00Z,8.806,19
1488,Potencia instalada de generación otras renovables,2026-08-01T00:00:00.000+02:00,2026-07-31T22:00:00Z,7.916,18
1488,Potencia instalada de generación otras renovables,2026-08-01T00:00:00.000+02:00,2026-07-31T22:00:00Z,63.217,17
1488,Potencia instalada de generación otras renovables,2026-08-01T00:00:00.000+02:00,2026-07-31T22:00:00Z,89.185,16
1488,Potencia instalada de generación otras renovables,2026-08-01T00:00:00.000+02:00,2026-07-31T22:00:00Z,42.851,14
1488,Potencia instalada de generación otras renovables,2026-08-01T00:00:00.000+02:00,2026-07-31T22:00:00Z,46.045,13
1488,Potencia instalada de generación otras renovables,2026-08-01T00:00:00.000+02:00,2026-07-31T22:00:00Z,90.535,11
1488,Potencia instalada de generación otras renovables,2026-08-01T00:00:00.000+02:00,2026-07-31T22:00:00Z,26.746,10
1488,Potencia instalada de generación otras renovables,2026-08-01T00:00:00.000+02:00,2026-07-31T22:00:00Z,59.436,9
1488,Potencia instalada de generación otras renovables,2026-08-01T00:00:00.000+02:00,2026-07-31T22:00:00Z,103.981,8
1488,Potencia instalada de generación otras renovables,2026-08-01T00:00:00.000+02:00,2026-07-31T22:00:00Z,98.064,7
1488,Potencia instalada de generación otras renovables,2026-08-01T00:00:00.000+02:00,2026-07-31T22:00:00Z,12.862,6
1488,Potencia instalada de generación otras renovables,2026-08-01T00:00:00.000+02:00,2026-07-31T22:00:00Z,16.877,5
1488,Potencia instalada de generación otras renovables,2026-08-01T00:00:00.000+02:00,2026-07-31T22:00:00Z,455.854,4
1488,Potencia instalada de generación otras renovables,2026-09-01T00:00:00.000+02:00,2026-08-31T22:00:00Z,89.185,16
1488,Potencia instalada de generación otras renovables,2026-09-01T00:00:00.000+02:00,2026-08-31T22:00:00Z,63.217,17
1488,Potencia instalada de generación otras renovables,2026-09-01T00:00:00.000+02:00,2026-08-31T22:00:00Z,0.0,8746
1488,Potencia instalada de generación otras renovables,2026-09-01T00:00:00.000+02:00,2026-08-31T22:00:00Z,8.715,21
1488,Potencia instalada de generación otras renovables,2026-09-01T00:00:00.000+02:00,2026-08-31T22:00:00Z,8.806,19
1488,Potencia instalada de generación otras renovables,2026-09-01T00:00:00.000+02:00,2026-08-31T22:00:00Z,2.477,20
1488,Potencia instalada de generación otras renovables,2026-09-01T00:00:00.000+02:00,2026-08-31T22:00:00Z,10.58,15
1488,Potencia instalada de generación otras renovables,2026-09-01T00:00:00.000+02:00,2026-08-31T22:00:00Z,7.916,18
1488,Potencia instalada de generación otras renovables,2026-09-01T00:00:00.000+02:00,2026-08-31T22:00:00Z,42.851,14
1488,Potencia instalada de generación otras renovables,2026-09-01T00:00:00.000+02:00,2026-08-31T22:00:00Z,103.981,8
1488,Potencia instalada de generación otras renovables,2026-09-01T00:00:00.000+02:00,2026-08-31T22:00:00Z,90.535,11
1488,Potencia instalada de generación otras renovables,2026-09-01T00:00:00.000+02:00,2026-08-31T22:00:00Z,26.746,10
1488,Potencia instalada de generación otras renovables,2026-09-01T00:00:00.000+02:00,2026-08-31T22:00:00Z,59.436,9
1488,Potencia instalada de generación otras renovables,2026-09-01T00:00:00.000+02:00,2026-08-31T22:00:00Z,98.064,7
1488,Potencia instalada de generación otras renovables,2026-09-01T00:00:00.000+02:00,2026-08-31T22:00:00Z,12.862,6
1488,Potencia instalada de generación otras renovables,2026-09-01T00:00:00.000+02:00,2026-08-31T22:00:00Z,16.877,5
1488,Potencia instalada de generación otras renovables,2026-09-01T00:00:00.000+02:00,2026-08-31T22:00:00Z,455.854,4
1488,Potencia instalada de generación otras renovables,2026-09-01T00:00:00.000+02:00,2026-08-31T22:00:00Z,46.045,13
1488,Potencia instalada de generación otras renovables,2026-10-01T00:00:00.000+02:00,2026-09-30T22:00:00Z,2.477,20
1488,Potencia instalada de generación otras renovables,2026-10-01T00:00:00.000+02:00,2026-09-30T22:00:00Z,8.806,19
1488,Potencia instalada de generación otras renovables,2026-10-01T00:00:00.000+02:00,2026-09-30T22:00:00Z,7.916,18
1488,Potencia instalada de generación otras renovables,2026-10-01T00:00:00.000+02:00,2026-09-30T22:00:00Z,63.217,17
1488,Potencia instalada de generación otras renovables,2026-10-01T00:00:00.000+02:00,2026-09-30T22:00:00Z,89.185,16
1488,Potencia instalada de generación otras renovables,2026-10-01T00:00:00.000+02:00,2026-09-30T22:00:00Z,10.58,15
1488,Potencia instalada de generación otras renovables,2026-10-01T00:00:00.000+02:00,2026-09-30T22:00:00Z,42.851,14
1488,Potencia instalada de generación otras renovables,2026-10-01T00:00:00.000+02:00,2026-09-30T22:00:00Z,46.045,13
1488,Potencia instalada de generación otras renovables,2026-10-01T00:00:00.000+02:00,2026-09-30T22:00:00Z,103.981,8
1488,Potencia instalada de generación otras renovables,2026-10-01T00:00:00.000+02:00,2026-09-30T22:00:00Z,26.746,10
1488,Potencia instalada de generación otras renovables,2026-10-01T00:00:00.000+02:00,2026-09-30T22:00:00Z,59.436,9
1488,Potencia instalada de generación otras renovables,2026-10-01T00:00:00.000+02:00,2026-09-30T22:00:00Z,98.064,7
1488,Potencia instalada de generación otras renovables,2026-10-01T00:00:00.000+02:00,2026-09-30T22:00:00Z,12.862,6
1488,Potencia instalada de generación otras renovables,2026-10-01T00:00:00.000+02:00,2026-09-30T22:00:00Z,16.877,5
1488,Potencia instalada de generación otras renovables,2026-10-01T00:00:00.000+02:00,2026-09-30T22:00:00Z,458.728,4
1488,Potencia instalada de generación otras renovables,2026-10-01T00:00:00.000+02:00,2026-09-30T22:00:00Z,8.715,21
1488,Potencia instalada de generación otras renovables,2026-10-01T00:00:00.000+02:00,2026-09-30T22:00:00Z,90.535,11
1488,Potencia instalada de generación otras renovables,2026-10-01T00:00:00.000+02:00,2026-09-30T22:00:00Z,0.0,8746
1489,Potencia instalada de generación cogeneración,2025-10-01T00:00:00.000+02:00,2025-09-30T22:00:00Z,627.495,4
1489,Potencia instalada de generación cogeneración,2025-10-01T00:00:00.000+02:00,2025-09-30T22:00:00Z,295.494,21
1489,Potencia instalada de generación cogeneración,2025-10-01T00:00:00.000+02:00,2025-09-30T22:00:00Z,14.409,20
1489,Potencia instalada de generación cogeneración,2025-10-01T00:00:00.000+02:00,2025-09-30T22:00:00Z,38.2,19
1489,Potencia instalada de generación cogeneración,2025-10-01T00:00:00.000+02:00,2025-09-30T22:00:00Z,10.523,18
1489,Potencia instalada de generación cogeneración,2025-10-01T00:00:00.000+02:00,2025-09-30T22:00:00Z,8.351,16
1489,Potencia instalada de generación cogeneración,2025-10-01T00:00:00.000+02:00,2025-09-30T22:00:00Z,435.046,15
1489,Potencia instalada de generación cogeneración,2025-10-01T00:00:00.000+02:00,2025-09-30T22:00:00Z,139.421,14
1489,Potencia instalada de generación cogeneración,2025-10-01T00:00:00.000+02:00,2025-09-30T22:00:00Z,491.231,17
1489,Potencia instalada de generación cogeneración,2025-10-01T00:00:00.000+02:00,2025-09-30T22:00:00Z,61.067,11
1489,Potencia instalada de generación cogeneración,2025-10-01T00:00:00.000+02:00,2025-09-30T22:00:00Z,430.326,10
1489,Potencia instalada de generación cogeneración,2025-10-01T00:00:00.000+02:00,2025-09-30T22:00:00Z,916.454,9
1489,Potencia instalada de generación cogeneración,2025-10-01T00:00:00.000+02:00,2025-09-30T22:00:00Z,520.177,8
1489,Potencia instalada de generación cogeneración,2025-10-01T00:00:00.000+02:00,2025-09-30T22:00:00Z,344.078,7
1489,Potencia instalada de generación cogeneración,2025-10-01T00:00:00.000+02:00,2025-09-30T22:00:00Z,272.84,6
1489,Potencia instalada de generación cogeneración,2025-10-01T00:00:00.000+02:00,2025-09-30T22:00:00Z,482.293,5
1489,Potencia instalada de generación cogeneración,2025-10-01T00:00:00.000+02:00,2025-09-30T22:00:00Z,193.427,13
1489,Potencia instalada de generación cogeneración,2025-11-01T00:00:00.000+01:00,2025-10-31T23:00:00Z,139.421,14
1489,Potencia instalada de generación cogeneración,2025-11-01T00:00:00.000+01:00,2025-10-31T23:00:00Z,295.494,21
1489,Potencia instalada de generación cogeneración,2025-11-01T00:00:00.000+01:00,2025-10-31T23:00:00Z,14.409,20
1489,Potencia instalada de generación cogeneración,2025-11-01T00:00:00.000+01:00,2025-10-31T23:00:00Z,38.2,19
1489,Potencia instalada de generación cogeneración,2025-11-01T00:00:00.000+01:00,2025-10-31T23:00:00Z,10.523,18
1489,Potencia instalada de generación cogeneración,2025-11-01T00:00:00.000+01:00,2025-10-31T23:00:00Z,8.351,16
1489,Potencia instalada de generación cogeneración,2025-11-01T00:00:00.000+01:00,2025-10-31T23:00:00Z,435.046,15
1489,Potencia instalada de generación cogeneración,2025-11-01T00:00:00.000+01:00,2025-10-31T23:00:00Z,193.427,13
1489,Potencia instalada de generación cogeneración,2025-11-01T00:00:00.000+01:00,2025-10-31T23:00:00Z,491.231,17
1489,Potencia instalada de generación cogeneración,2025-11-01T00:00:00.000+01:00,2025-10-31T23:00:00Z,430.326,10
1489,Potencia instalada de generación cogeneración,2025-11-01T00:00:00.000+01:00,2025-10-31T23:00:00Z,916.454,9
1489,Potencia instalada de generación cogeneración,2025-11-01T00:00:00.000+01:00,2025-10-31T23:00:00Z,513.487,8
1489,Potencia instalada de generación cogeneración,2025-11-01T00:00:00.000+01:00,2025-10-31T23:00:00Z,344.078,7
1489,Potencia instalada de generación cogeneración,2025-11-01T00:00:00.000+01:00,2025-10-31T23:00:00Z,272.84,6
1489,Potencia instalada de generación cogeneración,2025-11-01T00:00:00.000+01:00,2025-10-31T23:00:00Z,482.293,5
1489,Potencia instalada de generación cogeneración,2025-11-01T00:00:00.000+01:00,2025-10-31T23:00:00Z,627.495,4
1489,Potencia instalada de generación cogeneración,2025-11-01T00:00:00.000+01:00,2025-10-31T23:00:00Z,61.067,11
1489,Potencia instalada de generación cogeneración,2025-12-01T00:00:00.000+01:00,2025-11-30T23:00:00Z,295.494,21
1489,Potencia instalada de generación cogeneración,2025-12-01T00:00:00.000+01:00,2025-11-30T23:00:00Z,14.409,20
1489,Potencia instalada de generación cogeneración,2025-12-01T00:00:00.000+01:00,2025-11-30T23:00:00Z,38.2,19
1489,Potencia instalada de generación cogeneración,2025-12-01T00:00:00.000+01:00,2025-11-30T23:00:00Z,10.523,18
1489,Potencia instalada de generación cogeneración,2025-12-01T00:00:00.000+01:00,2025-11-30T23:00:00Z,491.231,17
1489,Potencia instalada de generación cogeneración,2025-12-01T00:00:00.000+01:00,2025-11-30T23:00:00Z,8.351,16
1489,Potencia instalada de generación cogeneración,2025-12-01T00:00:00.000+01:00,2025-11-30T23:00:00Z,435.046,15
1489,Potencia instalada de generación cogeneración,2025-12-01T00:00:00.000+01:00,2025-11-30T23:00:00Z,139.421,14
1489,Potencia instalada de generación cogeneración,2025-12-01T00:00:00.000+01:00,2025-11-30T23:00:00Z,193.427,13
1489,Potencia instalada de generación cogeneración,2025-12-01T00:00:00.000+01:00,2025-11-30T23:00:00Z,430.326,10
1489,Potencia instalada de generación cogeneración,2025-12-01T00:00:00.000+01:00,2025-11-30T23:00:00Z,911.258,9
1489,Potencia instalada de generación cogeneración,2025-12-01T00:00:00.000+01:00,2025-11-30T23:00:00Z,513.487,8
1489,Potencia instalada de generación cogeneración,2025-12-01T00:00:00.000+01:00,2025-11-30T23:00:00Z,344.078,7
1489,Potencia instalada de generación cogeneración,2025-12-01T00:00:00.000+01:00,2025-11-30T23:00:00Z,272.84,6
1489,Potencia instalada de generación cogeneración,2025-12-01T00:00:00.000+01:00,2025-11-30T23:00:00Z,482.293,5
1489,Potencia instalada de generación cogeneración,2025-12-01T00:00:00.000+01:00,2025-11-30T23:00:00Z,627.495,4
1489,Potencia instalada de generación cogeneración,2025-12-01T00:00:00.000+01:00,2025-11-30T23:00:00Z,61.067,11
1489,Potencia instalada de generación cogeneración,2026-01-01T00:00:00.000+01:00,2025-12-31T23:00:00Z,435.046,15
1489,Potencia instalada de generación cogeneración,2026-01-01T00:00:00.000+01:00,2025-12-31T23:00:00Z,295.494,21
1489,Potencia instalada de generación cogeneración,2026-01-01T00:00:00.000+01:00,2025-12-31T23:00:00Z,14.409,20
1489,Potencia instalada de generación cogeneración,2026-01-01T00:00:00.000+01:00,2025-12-31T23:00:00Z,38.2,19
1489,Potencia instalada de generación cogeneración,2026-01-01T00:00:00.000+01:00,2025-12-31T23:00:00Z,10.523,18
1489,Potencia instalada de generación cogeneración,2026-01-01T00:00:00.000+01:00,2025-12-31T23:00:00Z,491.231,17
1489,Potencia instalada de generación cogeneración,2026-01-01T00:00:00.000+01:00,2025-12-31T23:00:00Z,8.351,16
1489,Potencia instalada de generación cogeneración,2026-01-01T00:00:00.000+01:00,2025-12-31T23:00:00Z,139.421,14
1489,Potencia instalada de generación cogeneración,2026-01-01T00:00:00.000+01:00,2025-12-31T23:00:00Z,344.099,7
1489,Potencia instalada de generación cogeneración,2026-01-01T00:00:00.000+01:00,2025-12-31T23:00:00Z,61.067,11
1489,Potencia instalada de generación cogeneración,2026-01-01T00:00:00.000+01:00,2025-12-31T23:00:00Z,430.326,10
1489,Potencia instalada de generación cogeneración,2026-01-01T00:00:00.000+01:00,2025-12-31T23:00:00Z,911.258,9
1489,Potencia instalada de generación cogeneración,2026-01-01T00:00:00.000+01:00,2025-12-31T23:00:00Z,513.487,8
1489,Potencia instalada de generación cogeneración,2026-01-01T00:00:00.000+01:00,2025-12-31T23:00:00Z,193.441,13
1489,Potencia instalada de generación cogeneración,2026-01-01T00:00:00.000+01:00,2025-12-31T23:00:00Z,272.84,6
1489,Potencia instalada de generación cogeneración,2026-01-01T00:00:00.000+01:00,2025-12-31T23:00:00Z,482.293,5
1489,Potencia instalada de generación cogeneración,2026-01-01T00:00:00.000+01:00,2025-12-31T23:00:00Z,627.495,4
1489,Potencia instalada de generación cogeneración,2026-02-01T00:00:00.000+01:00,2026-01-31T23:00:00Z,14.409,20
1489,Potencia instalada de generación cogeneración,2026-02-01T00:00:00.000+01:00,2026-01-31T23:00:00Z,38.2,19
1489,Potencia instalada de generación cogeneración,2026-02-01T00:00:00.000+01:00,2026-01-31T23:00:00Z,10.523,18
1489,Potencia instalada de generación cogeneración,2026-02-01T00:00:00.000+01:00,2026-01-31T23:00:00Z,490.244,17
1489,Potencia instalada de generación cogeneración,2026-02-01T00:00:00.000+01:00,2026-01-31T23:00:00Z,8.351,16
1489,Potencia instalada de generación cogeneración,2026-02-01T00:00:00.000+01:00,2026-01-31T23:00:00Z,431.182,15
1489,Potencia instalada de generación cogeneración,2026-02-01T00:00:00.000+01:00,2026-01-31T23:00:00Z,138.422,14
1489,Potencia instalada de generación cogeneración,2026-02-01T00:00:00.000+01:00,2026-01-31T23:00:00Z,191.989,13
1489,Potencia instalada de generación cogeneración,2026-02-01T00:00:00.000+01:00,2026-01-31T23:00:00Z,295.494,21
1489,Potencia instalada de generación cogeneración,2026-02-01T00:00:00.000+01:00,2026-01-31T23:00:00Z,430.326,10
1489,Potencia instalada de generación cogeneración,2026-02-01T00:00:00.000+01:00,2026-01-31T23:00:00Z,911.258,9
1489,Potencia instalada de generación cogeneración,2026-02-01T00:00:00.000+01:00,2026-01-31T23:00:00Z,513.487,8
1489,Potencia instalada de generación cogeneración,2026-02-01T00:00:00.000+01:00,2026-01-31T23:00:00Z,330.139,7
1489,Potencia instalada de generación cogeneración,2026-02-01T00:00:00.000+01:00,2026-01-31T23:00:00Z,272.84,6
1489,Potencia instalada de generación cogeneración,2026-02-01T00:00:00.000+01:00,2026-01-31T23:00:00Z,507.038,5
1489,Potencia instalada de generación cogeneración,2026-02-01T00:00:00.000+01:00,2026-01-31T23:00:00Z,627.495,4
1489,Potencia instalada de generación cogeneración,2026-02-01T00:00:00.000+01:00,2026-01-31T23:00:00Z,61.04,11
1489,Potencia instalada de generación cogeneración,2026-03-01T00:00:00.000+01:00,2026-02-28T23:00:00Z,295.494,21
1489,Potencia instalada de generación cogeneración,2026-03-01T00:00:00.000+01:00,2026-02-28T23:00:00Z,14.409,20
1489,Potencia instalada de generación cogeneración,2026-03-01T00:00:00.000+01:00,2026-02-28T23:00:00Z,38.2,19
1489,Potencia instalada de generación cogeneración,2026-03-01T00:00:00.000+01:00,2026-02-28T23:00:00Z,10.523,18
1489,Potencia instalada de generación cogeneración,2026-03-01T00:00:00.000+01:00,2026-02-28T23:00:00Z,490.244,17
1489,Potencia instalada de generación cogeneración,2026-03-01T00:00:00.000+01:00,2026-02-28T23:00:00Z,8.351,16
1489,Potencia instalada de generación cogeneración,2026-03-01T00:00:00.000+01:00,2026-02-28T23:00:00Z,431.182,15
1489,Potencia instalada de generación cogeneración,2026-03-01T00:00:00.000+01:00,2026-02-28T23:00:00Z,138.422,14
1489,Potencia instalada de generación cogeneración,2026-03-01T00:00:00.000+01:00,2026-02-28T23:00:00Z,191.989,13
1489,Potencia instalada de generación cogeneración,2026-03-01T00:00:00.000+01:00,2026-02-28T23:00:00Z,430.326,10
1489,Potencia instalada de generación cogeneración,2026-03-01T00:00:00.000+01:00,2026-02-28T23:00:00Z,911.258,9
1489,Potencia instalada de generación cogeneración,2026-03-01T00:00:00.000+01:00,2026-02-28T23:00:00Z,513.487,8
1489,Potencia instalada de generación cogeneración,2026-03-01T00:00:00.000+01:00,2026-02-28T23:00:00Z,330.145,7
1489,Potencia instalada de generación cogeneración,2026-03-01T00:00:00.000+01:00,2026-02-28T23:00:00Z,272.84,6
1489,Potencia instalada de generación cogeneración,2026-03-01T00:00:00.000+01:00,2026-02-28T23:00:00Z,507.038,5
1489,Potencia instalada de generación cogeneración,2026-03-01T00:00:00.000+01:00,2026-02-28T23:00:00Z,627.495,4
1489,Potencia instalada de generación cogeneración,2026-03-01T00:00:00.000+01:00,2026-02-28T23:00:00Z,61.04,11
1489,Potencia instalada de generación cogeneración,2026-04-01T00:00:00.000+02:00,2026-03-31T22:00:00Z,430.183,15
1489,Potencia instalada de generación cogeneración,2026-04-01T00:00:00.000+02:00,2026-03-31T22:00:00Z,295.494,21
1489,Potencia instalada de generación cogeneración,2026-04-01T00:00:00.000+02:00,2026-03-31T22:00:00Z,14.409,20
1489,Potencia instalada de generación cogeneración,2026-04-01T00:00:00.000+02:00,2026-03-31T22:00:00Z,38.2,19
1489,Potencia instalada de generación cogeneración,2026-04-01T00:00:00.000+02:00,2026-03-31T22:00:00Z,10.523,18
1489,Potencia instalada de generación cogeneración,2026-04-01T00:00:00.000+02:00,2026-03-31T22:00:00Z,490.244,17
1489,Potencia instalada de generación cogeneración,2026-04-01T00:00:00.000+02:00,2026-03-31T22:00:00Z,8.351,16
1489,Potencia instalada de generación cogeneración,2026-04-01T00:00:00.000+02:00,2026-03-31T22:00:00Z,138.422,14
1489,Potencia instalada de generación cogeneración,2026-04-01T00:00:00.000+02:00,2026-03-31T22:00:00Z,85.04,11
1489,Potencia instalada de generación cogeneración,2026-04-01T00:00:00.000+02:00,2026-03-31T22:00:00Z,430.326,10
1489,Potencia instalada de generación cogeneración,2026-04-01T00:00:00.000+02:00,2026-03-31T22:00:00Z,911.258,9
1489,Potencia instalada de generación cogeneración,2026-04-01T00:00:00.000+02:00,2026-03-31T22:00:00Z,513.487,8
1489,Potencia instalada de generación cogeneración,2026-04-01T00:00:00.000+02:00,2026-03-31T22:00:00Z,330.145,7
1489,Potencia instalada de generación cogeneración,2026-04-01T00:00:00.000+02:00,2026-03-31T22:00:00Z,272.84,6
1489,Potencia instalada de generación cogeneración,2026-04-01T00:00:00.000+02:00,2026-03-31T22:00:00Z,507.038,5
1489,Potencia instalada de generación cogeneración,2026-04-01T00:00:00.000+02:00,2026-03-31T22:00:00Z,627.495,4
1489,Potencia instalada de generación cogeneración,2026-04-01T00:00:00.000+02:00,2026-03-31T22:00:00Z,191.989,13
1489,Potencia instalada de generación cogeneración,2026-05-01T00:00:00.000+02:00,2026-04-30T22:00:00Z,295.494,21
1489,Potencia instalada de generación cogeneración,2026-05-01T00:00:00.000+02:00,2026-04-30T22:00:00Z,14.409,20
1489,Potencia instalada de generación cogeneración,2026-05-01T00:00:00.000+02:00,2026-04-30T22:00:00Z,38.2,19
1489,Potencia instalada de generación cogeneración,2026-05-01T00:00:00.000+02:00,2026-04-30T22:00:00Z,490.244,17
1489,Potencia instalada de generación cogeneración,2026-05-01T00:00:00.000+02:00,2026-04-30T22:00:00Z,8.351,16
1489,Potencia instalada de generación cogeneración,2026-05-01T00:00:00.000+02:00,2026-04-30T22:00:00Z,431.009,15
1489,Potencia instalada de generación cogeneración,2026-05-01T00:00:00.000+02:00,2026-04-30T22:00:00Z,138.422,14
1489,Potencia instalada de generación cogeneración,2026-05-01T00:00:00.000+02:00,2026-04-30T22:00:00Z,191.989,13
1489,Potencia instalada de generación cogeneración,2026-05-01T00:00:00.000+02:00,2026-04-30T22:00:00Z,10.523,18
1489,Potencia instalada de generación cogeneración,2026-05-01T00:00:00.000+02:00,2026-04-30T22:00:00Z,430.326,10
1489,Potencia instalada de generación cogeneración,2026-05-01T00:00:00.000+02:00,2026-04-30T22:00:00Z,911.258,9
1489,Potencia instalada de generación cogeneración,2026-05-01T00:00:00.000+02:00,2026-04-30T22:00:00Z,513.487,8
1489,Potencia instalada de generación cogeneración,2026-05-01T00:00:00.000+02:00,2026-04-30T22:00:00Z,330.145,7
1489,Potencia instalada de generación cogeneración,2026-05-01T00:00:00.000+02:00,2026-04-30T22:00:00Z,272.84,6
1489,Potencia instalada de generación cogeneración,2026-05-01T00:00:00.000+02:00,2026-04-30T22:00:00Z,507.038,5
1489,Potencia instalada de generación cogeneración,2026-05-01T00:00:00.000+02:00,2026-04-30T22:00:00Z,627.495,4
1489,Potencia instalada de generación cogeneración,2026-05-01T00:00:00.000+02:00,2026-04-30T22:00:00Z,85.04,11
1489,Potencia instalada de generación cogeneración,2026-06-01T00:00:00.000+02:00,2026-05-31T22:00:00Z,295.494,21
1489,Potencia instalada de generación cogeneración,2026-06-01T00:00:00.000+02:00,2026-05-31T22:00:00Z,14.409,20
1489,Potencia instalada de generación cogeneración,2026-06-01T00:00:00.000+02:00,2026-05-31T22:00:00Z,38.2,19
1489,Potencia instalada de generación cogeneración,2026-06-01T00:00:00.000+02:00,2026-05-31T22:00:00Z,10.523,18
1489,Potencia instalada de generación cogeneración,2026-06-01T00:00:00.000+02:00,2026-05-31T22:00:00Z,490.244,17
1489,Potencia instalada de generación cogeneración,2026-06-01T00:00:00.000+02:00,2026-05-31T22:00:00Z,8.351,16
1489,Potencia instalada de generación cogeneración,2026-06-01T00:00:00.000+02:00,2026-05-31T22:00:00Z,412.387,15
1489,Potencia instalada de generación cogeneración,2026-06-01T00:00:00.000+02:00,2026-05-31T22:00:00Z,138.422,14
1489,Potencia instalada de generación cogeneración,2026-06-01T00:00:00.000+02:00,2026-05-31T22:00:00Z,911.258,9
1489,Potencia instalada de generación cogeneración,2026-06-01T00:00:00.000+02:00,2026-05-31T22:00:00Z,85.04,11
1489,Potencia instalada de generación cogeneración,2026-06-01T00:00:00.000+02:00,2026-05-31T22:00:00Z,430.326,10
1489,Potencia instalada de generación cogeneración,2026-06-01T00:00:00.000+02:00,2026-05-31T22:00:00Z,513.487,8
1489,Potencia instalada de generación cogeneración,2026-06-01T00:00:00.000+02:00,2026-05-31T22:00:00Z,330.145,7
1489,Potencia instalada de generación cogeneración,2026-06-01T00:00:00.000+02:00,2026-05-31T22:00:00Z,272.84,6
1489,Potencia instalada de generación cogeneración,2026-06-01T00:00:00.000+02:00,2026-05-31T22:00:00Z,507.038,5
1489,Potencia instalada de generación cogeneración,2026-06-01T00:00:00.000+02:00,2026-05-31T22:00:00Z,627.495,4
1489,Potencia instalada de generación cogeneración,2026-06-01T00:00:00.000+02:00,2026-05-31T22:00:00Z,191.989,13
1489,Potencia instalada de generación cogeneración,2026-07-01T00:00:00.000+02:00,2026-06-30T22:00:00Z,8.351,16
1489,Potencia instalada de generación cogeneración,2026-07-01T00:00:00.000+02:00,2026-06-30T22:00:00Z,10.523,18
1489,Potencia instalada de generación cogeneración,2026-07-01T00:00:00.000+02:00,2026-06-30T22:00:00Z,490.244,17
1489,Potencia instalada de generación cogeneración,2026-07-01T00:00:00.000+02:00,2026-06-30T22:00:00Z,14.409,20
1489,Potencia instalada de generación cogeneración,2026-07-01T00:00:00.000+02:00,2026-06-30T22:00:00Z,293.494,21
1489,Potencia instalada de generación cogeneración,2026-07-01T00:00:00.000+02:00,2026-06-30T22:00:00Z,411.387,15
1489,Potencia instalada de generación cogeneración,2026-07-01T00:00:00.000+02:00,2026-06-30T22:00:00Z,38.2,19
1489,Potencia instalada de generación cogeneración,2026-07-01T00:00:00.000+02:00,2026-06-30T22:00:00Z,138.422,14
1489,Potencia instalada de generación cogeneración,2026-07-01T00:00:00.000+02:00,2026-06-30T22:00:00Z,85.04,11
1489,Potencia instalada de generación cogeneración,2026-07-01T00:00:00.000+02:00,2026-06-30T22:00:00Z,430.326,10
1489,Potencia instalada de generación cogeneración,2026-07-01T00:00:00.000+02:00,2026-06-30T22:00:00Z,906.798,9
1489,Potencia instalada de generación cogeneración,2026-07-01T00:00:00.000+02:00,2026-06-30T22:00:00Z,513.487,8
1489,Potencia instalada de generación cogeneración,2026-07-01T00:00:00.000+02:00,2026-06-30T22:00:00Z,330.155,7
1489,Potencia instalada de generación cogeneración,2026-07-01T00:00:00.000+02:00,2026-06-30T22:00:00Z,272.84,6
1489,Potencia instalada de generación cogeneración,2026-07-01T00:00:00.000+02:00,2026-06-30T22:00:00Z,507.038,5
1489,Potencia instalada de generación cogeneración,2026-07-01T00:00:00.000+02:00,2026-06-30T22:00:00Z,627.495,4
1489,Potencia instalada de generación cogeneración,2026-07-01T00:00:00.000+02:00,2026-06-30T22:00:00Z,191.996,13
1489,Potencia instalada de generación cogeneración,2026-08-01T00:00:00.000+02:00,2026-07-31T22:00:00Z,293.494,21
1489,Potencia instalada de generación cogeneración,2026-08-01T00:00:00.000+02:00,2026-07-31T22:00:00Z,14.409,20
1489,Potencia instalada de generación cogeneración,2026-08-01T00:00:00.000+02:00,2026-07-31T22:00:00Z,38.2,19
1489,Potencia instalada de generación cogeneración,2026-08-01T00:00:00.000+02:00,2026-07-31T22:00:00Z,490.244,17
1489,Potencia instalada de generación cogeneración,2026-08-01T00:00:00.000+02:00,2026-07-31T22:00:00Z,8.351,16
1489,Potencia instalada de generación cogeneración,2026-08-01T00:00:00.000+02:00,2026-07-31T22:00:00Z,411.387,15
1489,Potencia instalada de generación cogeneración,2026-08-01T00:00:00.000+02:00,2026-07-31T22:00:00Z,138.422,14
1489,Potencia instalada de generación cogeneración,2026-08-01T00:00:00.000+02:00,2026-07-31T22:00:00Z,192.007,13
1489,Potencia instalada de generación cogeneración,2026-08-01T00:00:00.000+02:00,2026-07-31T22:00:00Z,10.523,18
1489,Potencia instalada de generación cogeneración,2026-08-01T00:00:00.000+02:00,2026-07-31T22:00:00Z,430.326,10
1489,Potencia instalada de generación cogeneración,2026-08-01T00:00:00.000+02:00,2026-07-31T22:00:00Z,906.798,9
1489,Potencia instalada de generación cogeneración,2026-08-01T00:00:00.000+02:00,2026-07-31T22:00:00Z,513.487,8
1489,Potencia instalada de generación cogeneración,2026-08-01T00:00:00.000+02:00,2026-07-31T22:00:00Z,330.16,7
1489,Potencia instalada de generación cogeneración,2026-08-01T00:00:00.000+02:00,2026-07-31T22:00:00Z,272.84,6
1489,Potencia instalada de generación cogeneración,2026-08-01T00:00:00.000+02:00,2026-07-31T22:00:00Z,507.038,5
1489,Potencia instalada de generación cogeneración,2026-08-01T00:00:00.000+02:00,2026-07-31T22:00:00Z,627.495,4
1489,Potencia instalada de generación cogeneración,2026-08-01T00:00:00.000+02:00,2026-07-31T22:00:00Z,85.04,11
1489,Potencia instalada de generación cogeneración,2026-09-01T00:00:00.000+02:00,2026-08-31T22:00:00Z,293.494,21
1489,Potencia instalada de generación cogeneración,2026-09-01T00:00:00.000+02:00,2026-08-31T22:00:00Z,14.409,20
1489,Potencia instalada de generación cogeneración,2026-09-01T00:00:00.000+02:00,2026-08-31T22:00:00Z,38.2,19
1489,Potencia instalada de generación cogeneración,2026-09-01T00:00:00.000+02:00,2026-08-31T22:00:00Z,10.523,18
1489,Potencia instalada de generación cogeneración,2026-09-01T00:00:00.000+02:00,2026-08-31T22:00:00Z,490.244,17
1489,Potencia instalada de generación cogeneración,2026-09-01T00:00:00.000+02:00,2026-08-31T22:00:00Z,8.351,16
1489,Potencia instalada de generación cogeneración,2026-09-01T00:00:00.000+02:00,2026-08-31T22:00:00Z,411.387,15
1489,Potencia instalada de generación cogeneración,2026-09-01T00:00:00.000+02:00,2026-08-31T22:00:00Z,138.422,14
1489,Potencia instalada de generación cogeneración,2026-09-01T00:00:00.000+02:00,2026-08-31T22:00:00Z,892.048,9
1489,Potencia instalada de generación cogeneración,2026-09-01T00:00:00.000+02:00,2026-08-31T22:00:00Z,85.04,11
1489,Potencia instalada de generación cogeneración,2026-09-01T00:00:00.000+02:00,2026-08-31T22:00:00Z,430.326,10
1489,Potencia instalada de generación cogeneración,2026-09-01T00:00:00.000+02:00,2026-08-31T22:00:00Z,513.487,8
1489,Potencia instalada de generación cogeneración,2026-09-01T00:00:00.000+02:00,2026-08-31T22:00:00Z,330.16,7
1489,Potencia instalada de generación cogeneración,2026-09-01T00:00:00.000+02:00,2026-08-31T22:00:00Z,272.84,6
1489,Potencia instalada de generación cogeneración,2026-09-01T00:00:00.000+02:00,2026-08-31T22:00:00Z,507.038,5
1489,Potencia instalada de generación cogeneración,2026-09-01T00:00:00.000+02:00,2026-08-31T22:00:00Z,593.895,4
1489,Potencia instalada de generación cogeneración,2026-09-01T00:00:00.000+02:00,2026-08-31T22:00:00Z,192.007,13
1489,Potencia instalada de generación cogeneración,2026-10-01T00:00:00.000+02:00,2026-09-30T22:00:00Z,138.422,14
1489,Potencia instalada de generación cogeneración,2026-10-01T00:00:00.000+02:00,2026-09-30T22:00:00Z,407.371,15
1489,Potencia instalada de generación cogeneración,2026-10-01T00:00:00.000+02:00,2026-09-30T22:00:00Z,192.015,13
1489,Potencia instalada de generación cogeneración,2026-10-01T00:00:00.000+02:00,2026-09-30T22:00:00Z,490.244,17
1489,Potencia instalada de generación cogeneración,2026-10-01T00:00:00.000+02:00,2026-09-30T22:00:00Z,10.523,18
1489,Potencia instalada de generación cogeneración,2026-10-01T00:00:00.000+02:00,2026-09-30T22:00:00Z,8.351,16
1489,Potencia instalada de generación cogeneración,2026-10-01T00:00:00.000+02:00,2026-09-30T22:00:00Z,85.04,11
1489,Potencia instalada de generación cogeneración,2026-10-01T00:00:00.000+02:00,2026-09-30T22:00:00Z,14.409,20
1489,Potencia instalada de generación cogeneración,2026-10-01T00:00:00.000+02:00,2026-09-30T22:00:00Z,884.707,9
1489,Potencia instalada de generación cogeneración,2026-10-01T00:00:00.000+02:00,2026-09-30T22:00:00Z,513.487,8
1489,Potencia instalada de generación cogeneración,2026-10-01T00:00:00.000+02:00,2026-09-30T22:00:00Z,326.64,7
1489,Potencia instalada de generación cogeneración,2026-10-01T00:00:00.000+02:00,2026-09-30T22:00:00Z,272.84,6
1489,Potencia instalada de generación cogeneración,2026-10-01T00:00:00.000+02:00,2026-09-30T22:00:00Z,507.038,5
1489,Potencia instalada de generación cogeneración,2026-10-01T00:00:00.000+02:00,2026-09-30T22:00:00Z,593.895,4
1489,Potencia instalada de generación cogeneración,2026-10-01T00:00:00.000+02:00,2026-09-30T22:00:00Z,430.326,10
1489,Potencia instalada de generación cogeneración,2026-10-01T00:00:00.000+02:00,2026-09-30T22:00:00Z,293.494,21
1490,Potencia instalada de generación residuos no renovables,2025-10-01T00:00:00.000+02:00,2025-09-30T22:00:00Z,56.75,4
1490,Potencia instalada de generación residuos no renovables,2025-10-01T00:00:00.000+02:00,2025-09-30T22:00:00Z,1.084,8746
1490,Potencia instalada de generación residuos no renovables,2025-10-01T00:00:00.000+02:00,2025-09-30T22:00:00Z,0.1,21
1490,Potencia instalada de generación residuos no renovables,2025-10-01T00:00:00.000+02:00,2025-09-30T22:00:00Z,37.4,18
1490,Potencia instalada de generación residuos no renovables,2025-10-01T00:00:00.000+02:00,2025-09-30T22:00:00Z,54.15,15
1490,Potencia instalada de generación residuos no renovables,2025-10-01T00:00:00.000+02:00,2025-09-30T22:00:00Z,14.9,13
1490,Potencia instalada de generación residuos no renovables,2025-10-01T00:00:00.000+02:00,2025-09-30T22:00:00Z,40.68,17
1490,Potencia instalada de generación residuos no renovables,2025-10-01T00:00:00.000+02:00,2025-09-30T22:00:00Z,71.786,10
1490,Potencia instalada de generación residuos no renovables,2025-10-01T00:00:00.000+02:00,2025-09-30T22:00:00Z,36.617,9
1490,Potencia instalada de generación residuos no renovables,2025-10-01T00:00:00.000+02:00,2025-09-30T22:00:00Z,4.967,6
1490,Potencia instalada de generación residuos no renovables,2025-10-01T00:00:00.000+02:00,2025-09-30T22:00:00Z,26.9,5
1490,Potencia instalada de generación residuos no renovables,2025-10-01T00:00:00.000+02:00,2025-09-30T22:00:00Z,53.948,11
1490,Potencia instalada de generación residuos no renovables,2025-11-01T00:00:00.000+01:00,2025-10-31T23:00:00Z,54.15,15
1490,Potencia instalada de generación residuos no renovables,2025-11-01T00:00:00.000+01:00,2025-10-31T23:00:00Z,1.084,8746
1490,Potencia instalada de generación residuos no renovables,2025-11-01T00:00:00.000+01:00,2025-10-31T23:00:00Z,0.1,21
1490,Potencia instalada de generación residuos no renovables,2025-11-01T00:00:00.000+01:00,2025-10-31T23:00:00Z,37.4,18
1490,Potencia instalada de generación residuos no renovables,2025-11-01T00:00:00.000+01:00,2025-10-31T23:00:00Z,14.9,13
1490,Potencia instalada de generación residuos no renovables,2025-11-01T00:00:00.000+01:00,2025-10-31T23:00:00Z,40.68,17
1490,Potencia instalada de generación residuos no renovables,2025-11-01T00:00:00.000+01:00,2025-10-31T23:00:00Z,71.786,10
1490,Potencia instalada de generación residuos no renovables,2025-11-01T00:00:00.000+01:00,2025-10-31T23:00:00Z,36.617,9
1490,Potencia instalada de generación residuos no renovables,2025-11-01T00:00:00.000+01:00,2025-10-31T23:00:00Z,4.967,6
1490,Potencia instalada de generación residuos no renovables,2025-11-01T00:00:00.000+01:00,2025-10-31T23:00:00Z,26.9,5
1490,Potencia instalada de generación residuos no renovables,2025-11-01T00:00:00.000+01:00,2025-10-31T23:00:00Z,56.75,4
1490,Potencia instalada de generación residuos no renovables,2025-11-01T00:00:00.000+01:00,2025-10-31T23:00:00Z,53.948,11
1490,Potencia instalada de generación residuos no renovables,2025-12-01T00:00:00.000+01:00,2025-11-30T23:00:00Z,1.084,8746
1490,Potencia instalada de generación residuos no renovables,2025-12-01T00:00:00.000+01:00,2025-11-30T23:00:00Z,0.1,21
1490,Potencia instalada de generación residuos no renovables,2025-12-01T00:00:00.000+01:00,2025-11-30T23:00:00Z,37.4,18
1490,Potencia instalada de generación residuos no renovables,2025-12-01T00:00:00.000+01:00,2025-11-30T23:00:00Z,40.68,17
1490,Potencia instalada de generación residuos no renovables,2025-12-01T00:00:00.000+01:00,2025-11-30T23:00:00Z,54.15,15
1490,Potencia instalada de generación residuos no renovables,2025-12-01T00:00:00.000+01:00,2025-11-30T23:00:00Z,14.9,13
1490,Potencia instalada de generación residuos no renovables,2025-12-01T00:00:00.000+01:00,2025-11-30T23:00:00Z,53.948,11
1490,Potencia instalada de generación residuos no renovables,2025-12-01T00:00:00.000+01:00,2025-11-30T23:00:00Z,36.617,9
1490,Potencia instalada de generación residuos no renovables,2025-12-01T00:00:00.000+01:00,2025-11-30T23:00:00Z,4.967,6
1490,Potencia instalada de generación residuos no renovables,2025-12-01T00:00:00.000+01:00,2025-11-30T23:00:00Z,26.9,5
1490,Potencia instalada de generación residuos no renovables,2025-12-01T00:00:00.000+01:00,2025-11-30T23:00:00Z,56.75,4
1490,Potencia instalada de generación residuos no renovables,2025-12-01T00:00:00.000+01:00,2025-11-30T23:00:00Z,71.786,10
1490,Potencia instalada de generación residuos no renovables,2026-01-01T00:00:00.000+01:00,2025-12-31T23:00:00Z,54.15,15
1490,Potencia instalada de generación residuos no renovables,2026-01-01T00:00:00.000+01:00,2025-12-31T23:00:00Z,1.084,8746
1490,Potencia instalada de generación residuos no renovables,2026-01-01T00:00:00.000+01:00,2025-12-31T23:00:00Z,0.1,21
1490,Potencia instalada de generación residuos no renovables,2026-01-01T00:00:00.000+01:00,2025-12-31T23:00:00Z,37.4,18
1490,Potencia instalada de generación residuos no renovables,2026-01-01T00:00:00.000+01:00,2025-12-31T23:00:00Z,40.68,17
1490,Potencia instalada de generación residuos no renovables,2026-01-01T00:00:00.000+01:00,2025-12-31T23:00:00Z,14.9,13
1490,Potencia instalada de generación residuos no renovables,2026-01-01T00:00:00.000+01:00,2025-12-31T23:00:00Z,4.967,6
1490,Potencia instalada de generación residuos no renovables,2026-01-01T00:00:00.000+01:00,2025-12-31T23:00:00Z,71.786,10
1490,Potencia instalada de generación residuos no renovables,2026-01-01T00:00:00.000+01:00,2025-12-31T23:00:00Z,36.617,9
1490,Potencia instalada de generación residuos no renovables,2026-01-01T00:00:00.000+01:00,2025-12-31T23:00:00Z,53.948,11
1490,Potencia instalada de generación residuos no renovables,2026-01-01T00:00:00.000+01:00,2025-12-31T23:00:00Z,26.9,5
1490,Potencia instalada de generación residuos no renovables,2026-01-01T00:00:00.000+01:00,2025-12-31T23:00:00Z,56.75,4
1490,Potencia instalada de generación residuos no renovables,2026-02-01T00:00:00.000+01:00,2026-01-31T23:00:00Z,0.1,21
1490,Potencia instalada de generación residuos no renovables,2026-02-01T00:00:00.000+01:00,2026-01-31T23:00:00Z,37.4,18
1490,Potencia instalada de generación residuos no renovables,2026-02-01T00:00:00.000+01:00,2026-01-31T23:00:00Z,40.68,17
1490,Potencia instalada de generación residuos no renovables,2026-02-01T00:00:00.000+01:00,2026-01-31T23:00:00Z,54.15,15
1490,Potencia instalada de generación residuos no renovables,2026-02-01T00:00:00.000+01:00,2026-01-31T23:00:00Z,14.9,13
1490,Potencia instalada de generación residuos no renovables,2026-02-01T00:00:00.000+01:00,2026-01-31T23:00:00Z,1.084,8746
1490,Potencia instalada de generación residuos no renovables,2026-02-01T00:00:00.000+01:00,2026-01-31T23:00:00Z,71.786,10
1490,Potencia instalada de generación residuos no renovables,2026-02-01T00:00:00.000+01:00,2026-01-31T23:00:00Z,36.617,9
1490,Potencia instalada de generación residuos no renovables,2026-02-01T00:00:00.000+01:00,2026-01-31T23:00:00Z,4.967,6
1490,Potencia instalada de generación residuos no renovables,2026-02-01T00:00:00.000+01:00,2026-01-31T23:00:00Z,26.9,5
1490,Potencia instalada de generación residuos no renovables,2026-02-01T00:00:00.000+01:00,2026-01-31T23:00:00Z,56.75,4
1490,Potencia instalada de generación residuos no renovables,2026-02-01T00:00:00.000+01:00,2026-01-31T23:00:00Z,53.948,11
1490,Potencia instalada de generación residuos no renovables,2026-03-01T00:00:00.000+01:00,2026-02-28T23:00:00Z,1.084,8746
1490,Potencia instalada de generación residuos no renovables,2026-03-01T00:00:00.000+01:00,2026-02-28T23:00:00Z,0.1,21
1490,Potencia instalada de generación residuos no renovables,2026-03-01T00:00:00.000+01:00,2026-02-28T23:00:00Z,37.4,18
1490,Potencia instalada de generación residuos no renovables,2026-03-01T00:00:00.000+01:00,2026-02-28T23:00:00Z,40.68,17
1490,Potencia instalada de generación residuos no renovables,2026-03-01T00:00:00.000+01:00,2026-02-28T23:00:00Z,54.15,15
1490,Potencia instalada de generación residuos no renovables,2026-03-01T00:00:00.000+01:00,2026-02-28T23:00:00Z,14.9,13
1490,Potencia instalada de generación residuos no renovables,2026-03-01T00:00:00.000+01:00,2026-02-28T23:00:00Z,53.948,11
1490,Potencia instalada de generación residuos no renovables,2026-03-01T00:00:00.000+01:00,2026-02-28T23:00:00Z,36.617,9
1490,Potencia instalada de generación residuos no renovables,2026-03-01T00:00:00.000+01:00,2026-02-28T23:00:00Z,4.967,6
1490,Potencia instalada de generación residuos no renovables,2026-03-01T00:00:00.000+01:00,2026-02-28T23:00:00Z,26.9,5
1490,Potencia instalada de generación residuos no renovables,2026-03-01T00:00:00.000+01:00,2026-02-28T23:00:00Z,56.75,4
1490,Potencia instalada de generación residuos no renovables,2026-03-01T00:00:00.000+01:00,2026-02-28T23:00:00Z,71.786,10
1490,Potencia instalada de generación residuos no renovables,2026-04-01T00:00:00.000+02:00,2026-03-31T22:00:00Z,40.68,17
1490,Potencia instalada de generación residuos no renovables,2026-04-01T00:00:00.000+02:00,2026-03-31T22:00:00Z,1.084,8746
1490,Potencia instalada de generación residuos no renovables,2026-04-01T00:00:00.000+02:00,2026-03-31T22:00:00Z,0.1,21
1490,Potencia instalada de generación residuos no renovables,2026-04-01T00:00:00.000+02:00,2026-03-31T22:00:00Z,37.4,18
1490,Potencia instalada de generación residuos no renovables,2026-04-01T00:00:00.000+02:00,2026-03-31T22:00:00Z,14.9,13
1490,Potencia instalada de generación residuos no renovables,2026-04-01T00:00:00.000+02:00,2026-03-31T22:00:00Z,54.15,15
1490,Potencia instalada de generación residuos no renovables,2026-04-01T00:00:00.000+02:00,2026-03-31T22:00:00Z,71.786,10
1490,Potencia instalada de generación residuos no renovables,2026-04-01T00:00:00.000+02:00,2026-03-31T22:00:00Z,53.948,11
1490,Potencia instalada de generación residuos no renovables,2026-04-01T00:00:00.000+02:00,2026-03-31T22:00:00Z,36.617,9
1490,Potencia instalada de generación residuos no renovables,2026-04-01T00:00:00.000+02:00,2026-03-31T22:00:00Z,4.967,6
1490,Potencia instalada de generación residuos no renovables,2026-04-01T00:00:00.000+02:00,2026-03-31T22:00:00Z,26.9,5
1490,Potencia instalada de generación residuos no renovables,2026-04-01T00:00:00.000+02:00,2026-03-31T22:00:00Z,56.75,4
1490,Potencia instalada de generación residuos no renovables,2026-05-01T00:00:00.000+02:00,2026-04-30T22:00:00Z,0.1,21
1490,Potencia instalada de generación residuos no renovables,2026-05-01T00:00:00.000+02:00,2026-04-30T22:00:00Z,37.4,18
1490,Potencia instalada de generación residuos no renovables,2026-05-01T00:00:00.000+02:00,2026-04-30T22:00:00Z,40.68,17
1490,Potencia instalada de generación residuos no renovables,2026-05-01T00:00:00.000+02:00,2026-04-30T22:00:00Z,54.15,15
1490,Potencia instalada de generación residuos no renovables,2026-05-01T00:00:00.000+02:00,2026-04-30T22:00:00Z,14.9,13
1490,Potencia instalada de generación residuos no renovables,2026-05-01T00:00:00.000+02:00,2026-04-30T22:00:00Z,1.084,8746
1490,Potencia instalada de generación residuos no renovables,2026-05-01T00:00:00.000+02:00,2026-04-30T22:00:00Z,71.786,10
1490,Potencia instalada de generación residuos no renovables,2026-05-01T00:00:00.000+02:00,2026-04-30T22:00:00Z,36.617,9
1490,Potencia instalada de generación residuos no renovables,2026-05-01T00:00:00.000+02:00,2026-04-30T22:00:00Z,4.967,6
1490,Potencia instalada de generación residuos no renovables,2026-05-01T00:00:00.000+02:00,2026-04-30T22:00:00Z,26.9,5
1490,Potencia instalada de generación residuos no renovables,2026-05-01T00:00:00.000+02:00,2026-04-30T22:00:00Z,56.75,4
1490,Potencia instalada de generación residuos no renovables,2026-05-01T00:00:00.000+02:00,2026-04-30T22:00:00Z,53.948,11
1490,Potencia instalada de generación residuos no renovables,2026-06-01T00:00:00.000+02:00,2026-05-31T22:00:00Z,1.084,8746
1490,Potencia instalada de generación residuos no renovables,2026-06-01T00:00:00.000+02:00,2026-05-31T22:00:00Z,0.1,21
1490,Potencia instalada de generación residuos no renovables,2026-06-01T00:00:00.000+02:00,2026-05-31T22:00:00Z,37.4,18
1490,Potencia instalada de generación residuos no renovables,2026-06-01T00:00:00.000+02:00,2026-05-31T22:00:00Z,40.68,17
1490,Potencia instalada de generación residuos no renovables,2026-06-01T00:00:00.000+02:00,2026-05-31T22:00:00Z,54.15,15
1490,Potencia instalada de generación residuos no renovables,2026-06-01T00:00:00.000+02:00,2026-05-31T22:00:00Z,14.9,13
1490,Potencia instalada de generación residuos no renovables,2026-06-01T00:00:00.000+02:00,2026-05-31T22:00:00Z,53.948,11
1490,Potencia instalada de generación residuos no renovables,2026-06-01T00:00:00.000+02:00,2026-05-31T22:00:00Z,36.617,9
1490,Potencia instalada de generación residuos no renovables,2026-06-01T00:00:00.000+02:00,2026-05-31T22:00:00Z,4.967,6
1490,Potencia instalada de generación residuos no renovables,2026-06-01T00:00:00.000+02:00,2026-05-31T22:00:00Z,26.9,5
1490,Potencia instalada de generación residuos no renovables,2026-06-01T00:00:00.000+02:00,2026-05-31T22:00:00Z,56.75,4
1490,Potencia instalada de generación residuos no renovables,2026-06-01T00:00:00.000+02:00,2026-05-31T22:00:00Z,71.786,10
1490,Potencia instalada de generación residuos no renovables,2026-07-01T00:00:00.000+02:00,2026-06-30T22:00:00Z,0.006,14
1490,Potencia instalada de generación residuos no renovables,2026-07-01T00:00:00.000+02:00,2026-06-30T22:00:00Z,0.1,21
1490,Potencia instalada de generación residuos no renovables,2026-07-01T00:00:00.000+02:00,2026-06-30T22:00:00Z,1.084,8746
1490,Potencia instalada de generación residuos no renovables,2026-07-01T00:00:00.000+02:00,2026-06-30T22:00:00Z,40.68,17
1490,Potencia instalada de generación residuos no renovables,2026-07-01T00:00:00.000+02:00,2026-06-30T22:00:00Z,54.15,15
1490,Potencia instalada de generación residuos no renovables,2026-07-01T00:00:00.000+02:00,2026-06-30T22:00:00Z,14.9,13
1490,Potencia instalada de generación residuos no renovables,2026-07-01T00:00:00.000+02:00,2026-06-30T22:00:00Z,37.4,18
1490,Potencia instalada de generación residuos no renovables,2026-07-01T00:00:00.000+02:00,2026-06-30T22:00:00Z,71.786,10
1490,Potencia instalada de generación residuos no renovables,2026-07-01T00:00:00.000+02:00,2026-06-30T22:00:00Z,36.617,9
1490,Potencia instalada de generación residuos no renovables,2026-07-01T00:00:00.000+02:00,2026-06-30T22:00:00Z,4.967,6
1490,Potencia instalada de generación residuos no renovables,2026-07-01T00:00:00.000+02:00,2026-06-30T22:00:00Z,26.9,5
1490,Potencia instalada de generación residuos no renovables,2026-07-01T00:00:00.000+02:00,2026-06-30T22:00:00Z,56.75,4
1490,Potencia instalada de generación residuos no renovables,2026-07-01T00:00:00.000+02:00,2026-06-30T22:00:00Z,53.948,11
1490,Potencia instalada de generación residuos no renovables,2026-08-01T00:00:00.000+02:00,2026-07-31T22:00:00Z,1.084,8746
1490,Potencia instalada de generación residuos no renovables,2026-08-01T00:00:00.000+02:00,2026-07-31T22:00:00Z,0.1,21
1490,Potencia instalada de generación residuos no renovables,2026-08-01T00:00:00.000+02:00,2026-07-31T22:00:00Z,37.4,18
1490,Potencia instalada de generación residuos no renovables,2026-08-01T00:00:00.000+02:00,2026-07-31T22:00:00Z,40.68,17
1490,Potencia instalada de generación residuos no renovables,2026-08-01T00:00:00.000+02:00,2026-07-31T22:00:00Z,54.15,15
1490,Potencia instalada de generación residuos no renovables,2026-08-01T00:00:00.000+02:00,2026-07-31T22:00:00Z,0.006,14
1490,Potencia instalada de generación residuos no renovables,2026-08-01T00:00:00.000+02:00,2026-07-31T22:00:00Z,14.9,13
1490,Potencia instalada de generación residuos no renovables,2026-08-01T00:00:00.000+02:00,2026-07-31T22:00:00Z,53.948,11
1490,Potencia instalada de generación residuos no renovables,2026-08-01T00:00:00.000+02:00,2026-07-31T22:00:00Z,71.786,10
1490,Potencia instalada de generación residuos no renovables,2026-08-01T00:00:00.000+02:00,2026-07-31T22:00:00Z,36.617,9
1490,Potencia instalada de generación residuos no renovables,2026-08-01T00:00:00.000+02:00,2026-07-31T22:00:00Z,4.967,6
1490,Potencia instalada de generación residuos no renovables,2026-08-01T00:00:00.000+02:00,2026-07-31T22:00:00Z,26.9,5
1490,Potencia instalada de generación residuos no renovables,2026-08-01T00:00:00.000+02:00,2026-07-31T22:00:00Z,56.75,4
1490,Potencia instalada de generación residuos no renovables,2026-09-01T00:00:00.000+02:00,2026-08-31T22:00:00Z,0.1,21
1490,Potencia instalada de generación residuos no renovables,2026-09-01T00:00:00.000+02:00,2026-08-31T22:00:00Z,37.4,18
1490,Potencia instalada de generación residuos no renovables,2026-09-01T00:00:00.000+02:00,2026-08-31T22:00:00Z,40.68,17
1490,Potencia instalada de generación residuos no renovables,2026-09-01T00:00:00.000+02:00,2026-08-31T22:00:00Z,1.084,8746
1490,Potencia instalada de generación residuos no renovables,2026-09-01T00:00:00.000+02:00,2026-08-31T22:00:00Z,54.15,15
1490,Potencia instalada de generación residuos no renovables,2026-09-01T00:00:00.000+02:00,2026-08-31T22:00:00Z,0.006,14
1490,Potencia instalada de generación residuos no renovables,2026-09-01T00:00:00.000+02:00,2026-08-31T22:00:00Z,36.617,9
1490,Potencia instalada de generación residuos no renovables,2026-09-01T00:00:00.000+02:00,2026-08-31T22:00:00Z,53.948,11
1490,Potencia instalada de generación residuos no renovables,2026-09-01T00:00:00.000+02:00,2026-08-31T22:00:00Z,71.786,10
1490,Potencia instalada de generación residuos no renovables,2026-09-01T00:00:00.000+02:00,2026-08-31T22:00:00Z,4.967,6
1490,Potencia instalada de generación residuos no renovables,2026-09-01T00:00:00.000+02:00,2026-08-31T22:00:00Z,26.9,5
1490,Potencia instalada de generación residuos no renovables,2026-09-01T00:00:00.000+02:00,2026-08-31T22:00:00Z,56.75,4
1490,Potencia instalada de generación residuos no renovables,2026-09-01T00:00:00.000+02:00,2026-08-31T22:00:00Z,14.9,13
1490,Potencia instalada de generación residuos no renovables,2026-10-01T00:00:00.000+02:00,2026-09-30T22:00:00Z,37.4,18
1490,Potencia instalada de generación residuos no renovables,2026-10-01T00:00:00.000+02:00,2026-09-30T22:00:00Z,40.68,17
1490,Potencia instalada de generación residuos no renovables,2026-10-01T00:00:00.000+02:00,2026-09-30T22:00:00Z,54.15,15
1490,Potencia instalada de generación residuos no renovables,2026-10-01T00:00:00.000+02:00,2026-09-30T22:00:00Z,0.006,14
1490,Potencia instalada de generación residuos no renovables,2026-10-01T00:00:00.000+02:00,2026-09-30T22:00:00Z,14.9,13
1490,Potencia instalada de generación residuos no renovables,2026-10-01T00:00:00.000+02:00,2026-09-30T22:00:00Z,36.617,9
1490,Potencia instalada de generación residuos no renovables,2026-10-01T00:00:00.000+02:00,2026-09-30T22:00:00Z,71.786,10
1490,Potencia instalada de generación residuos no renovables,2026-10-01T00:00:00.000+02:00,2026-09-30T22:00:00Z,4.967,6
1490,Potencia instalada de generación residuos no renovables,2026-10-01T00:00:00.000+02:00,2026-09-30T22:00:00Z,26.9,5
1490,Potencia instalada de generación residuos no renovables,2026-10-01T00:00:00.000+02:00,2026-09-30T22:00:00Z,56.75,4
1490,Potencia instalada de generación residuos no renovables,2026-10-01T00:00:00.000+02:00,2026-09-30T22:00:00Z,0.1,21
1490,Potencia instalada de generación residuos no renovables,2026-10-01T00:00:00.000+02:00,2026-09-30T22:00:00Z,53.948,11
1490,Potencia instalada de generación residuos no renovables,2026-10-01T00:00:00.000+02:00,2026-09-30T22:00:00Z,1.084,8746
1491,Potencia instalada de generación residuos renovables,2025-10-01T00:00:00.000+02:00,2025-09-30T22:00:00Z,0.003,4
1491,Potencia instalada de generación residuos renovables,2025-10-01T00:00:00.000+02:00,2025-09-30T22:00:00Z,4.967,6
1491,Potencia instalada de generación residuos renovables,2025-10-01T00:00:00.000+02:00,2025-09-30T22:00:00Z,27.175,9
1491,Potencia instalada de generación residuos renovables,2025-10-01T00:00:00.000+02:00,2025-09-30T22:00:00Z,59.586,10
1491,Potencia instalada de generación residuos renovables,2025-10-01T00:00:00.000+02:00,2025-09-30T22:00:00Z,14.9,13
1491,Potencia instalada de generación residuos renovables,2025-10-01T00:00:00.000+02:00,2025-09-30T22:00:00Z,25.0,17
1491,Potencia instalada de generación residuos renovables,2025-10-01T00:00:00.000+02:00,2025-09-30T22:00:00Z,37.4,18
1491,Potencia instalada de generación residuos renovables,2025-10-01T00:00:00.000+02:00,2025-09-30T22:00:00Z,1.084,8746
1491,Potencia instalada de generación residuos renovables,2025-11-01T00:00:00.000+01:00,2025-10-31T23:00:00Z,1.084,8746
1491,Potencia instalada de generación residuos renovables,2025-11-01T00:00:00.000+01:00,2025-10-31T23:00:00Z,37.4,18
1491,Potencia instalada de generación residuos renovables,2025-11-01T00:00:00.000+01:00,2025-10-31T23:00:00Z,14.9,13
1491,Potencia instalada de generación residuos renovables,2025-11-01T00:00:00.000+01:00,2025-10-31T23:00:00Z,25.0,17
1491,Potencia instalada de generación residuos renovables,2025-11-01T00:00:00.000+01:00,2025-10-31T23:00:00Z,27.175,9
1491,Potencia instalada de generación residuos renovables,2025-11-01T00:00:00.000+01:00,2025-10-31T23:00:00Z,4.967,6
1491,Potencia instalada de generación residuos renovables,2025-11-01T00:00:00.000+01:00,2025-10-31T23:00:00Z,0.003,4
1491,Potencia instalada de generación residuos renovables,2025-11-01T00:00:00.000+01:00,2025-10-31T23:00:00Z,59.586,10
1491,Potencia instalada de generación residuos renovables,2025-12-01T00:00:00.000+01:00,2025-11-30T23:00:00Z,0.003,4
1491,Potencia instalada de generación residuos renovables,2025-12-01T00:00:00.000+01:00,2025-11-30T23:00:00Z,4.967,6
1491,Potencia instalada de generación residuos renovables,2025-12-01T00:00:00.000+01:00,2025-11-30T23:00:00Z,27.175,9
1491,Potencia instalada de generación residuos renovables,2025-12-01T00:00:00.000+01:00,2025-11-30T23:00:00Z,59.586,10
1491,Potencia instalada de generación residuos renovables,2025-12-01T00:00:00.000+01:00,2025-11-30T23:00:00Z,14.9,13
1491,Potencia instalada de generación residuos renovables,2025-12-01T00:00:00.000+01:00,2025-11-30T23:00:00Z,25.0,17
1491,Potencia instalada de generación residuos renovables,2025-12-01T00:00:00.000+01:00,2025-11-30T23:00:00Z,37.4,18
1491,Potencia instalada de generación residuos renovables,2025-12-01T00:00:00.000+01:00,2025-11-30T23:00:00Z,1.084,8746
1491,Potencia instalada de generación residuos renovables,2026-01-01T00:00:00.000+01:00,2025-12-31T23:00:00Z,25.0,17
1491,Potencia instalada de generación residuos renovables,2026-01-01T00:00:00.000+01:00,2025-12-31T23:00:00Z,1.084,8746
1491,Potencia instalada de generación residuos renovables,2026-01-01T00:00:00.000+01:00,2025-12-31T23:00:00Z,37.4,18
1491,Potencia instalada de generación residuos renovables,2026-01-01T00:00:00.000+01:00,2025-12-31T23:00:00Z,14.9,13
1491,Potencia instalada de generación residuos renovables,2026-01-01T00:00:00.000+01:00,2025-12-31T23:00:00Z,4.967,6
1491,Potencia instalada de generación residuos renovables,2026-01-01T00:00:00.000+01:00,2025-12-31T23:00:00Z,27.175,9
1491,Potencia instalada de generación residuos renovables,2026-01-01T00:00:00.000+01:00,2025-12-31T23:00:00Z,0.003,4
1491,Potencia instalada de generación residuos renovables,2026-01-01T00:00:00.000+01:00,2025-12-31T23:00:00Z,59.586,10
1491,Potencia instalada de generación residuos renovables,2026-02-01T00:00:00.000+01:00,2026-01-31T23:00:00Z,0.003,4
1491,Potencia instalada de generación residuos renovables,2026-02-01T00:00:00.000+01:00,2026-01-31T23:00:00Z,4.967,6
1491,Potencia instalada de generación residuos renovables,2026-02-01T00:00:00.000+01:00,2026-01-31T23:00:00Z,27.175,9
1491,Potencia instalada de generación residuos renovables,2026-02-01T00:00:00.000+01:00,2026-01-31T23:00:00Z,59.586,10
1491,Potencia instalada de generación residuos renovables,2026-02-01T00:00:00.000+01:00,2026-01-31T23:00:00Z,14.9,13
1491,Potencia instalada de generación residuos renovables,2026-02-01T00:00:00.000+01:00,2026-01-31T23:00:00Z,25.0,17
1491,Potencia instalada de generación residuos renovables,2026-02-01T00:00:00.000+01:00,2026-01-31T23:00:00Z,37.4,18
1491,Potencia instalada de generación residuos renovables,2026-02-01T00:00:00.000+01:00,2026-01-31T23:00:00Z,1.084,8746
1491,Potencia instalada de generación residuos renovables,2026-03-01T00:00:00.000+01:00,2026-02-28T23:00:00Z,1.084,8746
1491,Potencia instalada de generación residuos renovables,2026-03-01T00:00:00.000+01:00,2026-02-28T23:00:00Z,37.4,18
1491,Potencia instalada de generación residuos renovables,2026-03-01T00:00:00.000+01:00,2026-02-28T23:00:00Z,25.0,17
1491,Potencia instalada de generación residuos renovables,2026-03-01T00:00:00.000+01:00,2026-02-28T23:00:00Z,14.9,13
1491,Potencia instalada de generación residuos renovables,2026-03-01T00:00:00.000+01:00,2026-02-28T23:00:00Z,0.003,4
1491,Potencia instalada de generación residuos renovables,2026-03-01T00:00:00.000+01:00,2026-02-28T23:00:00Z,27.175,9
1491,Potencia instalada de generación residuos renovables,2026-03-01T00:00:00.000+01:00,2026-02-28T23:00:00Z,4.967,6
1491,Potencia instalada de generación residuos renovables,2026-03-01T00:00:00.000+01:00,2026-02-28T23:00:00Z,59.586,10
1491,Potencia instalada de generación residuos renovables,2026-04-01T00:00:00.000+02:00,2026-03-31T22:00:00Z,25.0,17
1491,Potencia instalada de generación residuos renovables,2026-04-01T00:00:00.000+02:00,2026-03-31T22:00:00Z,1.084,8746
1491,Potencia instalada de generación residuos renovables,2026-04-01T00:00:00.000+02:00,2026-03-31T22:00:00Z,37.4,18
1491,Potencia instalada de generación residuos renovables,2026-04-01T00:00:00.000+02:00,2026-03-31T22:00:00Z,14.9,13
1491,Potencia instalada de generación residuos renovables,2026-04-01T00:00:00.000+02:00,2026-03-31T22:00:00Z,59.586,10
1491,Potencia instalada de generación residuos renovables,2026-04-01T00:00:00.000+02:00,2026-03-31T22:00:00Z,27.175,9
1491,Potencia instalada de generación residuos renovables,2026-04-01T00:00:00.000+02:00,2026-03-31T22:00:00Z,4.967,6
1491,Potencia instalada de generación residuos renovables,2026-04-01T00:00:00.000+02:00,2026-03-31T22:00:00Z,0.003,4
1491,Potencia instalada de generación residuos renovables,2026-05-01T00:00:00.000+02:00,2026-04-30T22:00:00Z,37.4,18
1491,Potencia instalada de generación residuos renovables,2026-05-01T00:00:00.000+02:00,2026-04-30T22:00:00Z,25.0,17
1491,Potencia instalada de generación residuos renovables,2026-05-01T00:00:00.000+02:00,2026-04-30T22:00:00Z,14.9,13
1491,Potencia instalada de generación residuos renovables,2026-05-01T00:00:00.000+02:00,2026-04-30T22:00:00Z,1.084,8746
1491,Potencia instalada de generación residuos renovables,2026-05-01T00:00:00.000+02:00,2026-04-30T22:00:00Z,27.175,9
1491,Potencia instalada de generación residuos renovables,2026-05-01T00:00:00.000+02:00,2026-04-30T22:00:00Z,4.967,6
1491,Potencia instalada de generación residuos renovables,2026-05-01T00:00:00.000+02:00,2026-04-30T22:00:00Z,0.003,4
1491,Potencia instalada de generación residuos renovables,2026-05-01T00:00:00.000+02:00,2026-04-30T22:00:00Z,59.586,10
1491,Potencia instalada de generación residuos renovables,2026-06-01T00:00:00.000+02:00,2026-05-31T22:00:00Z,0.003,4
1491,Potencia instalada de generación residuos renovables,2026-06-01T00:00:00.000+02:00,2026-05-31T22:00:00Z,4.967,6
1491,Potencia instalada de generación residuos renovables,2026-06-01T00:00:00.000+02:00,2026-05-31T22:00:00Z,27.175,9
1491,Potencia instalada de generación residuos renovables,2026-06-01T00:00:00.000+02:00,2026-05-31T22:00:00Z,59.586,10
1491,Potencia instalada de generación residuos renovables,2026-06-01T00:00:00.000+02:00,2026-05-31T22:00:00Z,14.9,13
1491,Potencia instalada de generación residuos renovables,2026-06-01T00:00:00.000+02:00,2026-05-31T22:00:00Z,25.0,17
1491,Potencia instalada de generación residuos renovables,2026-06-01T00:00:00.000+02:00,2026-05-31T22:00:00Z,37.4,18
1491,Potencia instalada de generación residuos renovables,2026-06-01T00:00:00.000+02:00,2026-05-31T22:00:00Z,1.084,8746
1491,Potencia instalada de generación residuos renovables,2026-07-01T00:00:00.000+02:00,2026-06-30T22:00:00Z,25.0,17
1491,Potencia instalada de generación residuos renovables,2026-07-01T00:00:00.000+02:00,2026-06-30T22:00:00Z,1.084,8746
1491,Potencia instalada de generación residuos renovables,2026-07-01T00:00:00.000+02:00,2026-06-30T22:00:00Z,14.9,13
1491,Potencia instalada de generación residuos renovables,2026-07-01T00:00:00.000+02:00,2026-06-30T22:00:00Z,37.4,18
1491,Potencia instalada de generación residuos renovables,2026-07-01T00:00:00.000+02:00,2026-06-30T22:00:00Z,27.175,9
1491,Potencia instalada de generación residuos renovables,2026-07-01T00:00:00.000+02:00,2026-06-30T22:00:00Z,4.967,6
1491,Potencia instalada de generación residuos renovables,2026-07-01T00:00:00.000+02:00,2026-06-30T22:00:00Z,0.003,4
1491,Potencia instalada de generación residuos renovables,2026-07-01T00:00:00.000+02:00,2026-06-30T22:00:00Z,59.586,10
1491,Potencia instalada de generación residuos renovables,2026-08-01T00:00:00.000+02:00,2026-07-31T22:00:00Z,0.003,4
1491,Potencia instalada de generación residuos renovables,2026-08-01T00:00:00.000+02:00,2026-07-31T22:00:00Z,4.967,6
1491,Potencia instalada de generación residuos renovables,2026-08-01T00:00:00.000+02:00,2026-07-31T22:00:00Z,27.175,9
1491,Potencia instalada de generación residuos renovables,2026-08-01T00:00:00.000+02:00,2026-07-31T22:00:00Z,59.586,10
1491,Potencia instalada de generación residuos renovables,2026-08-01T00:00:00.000+02:00,2026-07-31T22:00:00Z,14.9,13
1491,Potencia instalada de generación residuos renovables,2026-08-01T00:00:00.000+02:00,2026-07-31T22:00:00Z,25.0,17
1491,Potencia instalada de generación residuos renovables,2026-08-01T00:00:00.000+02:00,2026-07-31T22:00:00Z,37.4,18
1491,Potencia instalada de generación residuos renovables,2026-08-01T00:00:00.000+02:00,2026-07-31T22:00:00Z,1.084,8746
1491,Potencia instalada de generación residuos renovables,2026-09-01T00:00:00.000+02:00,2026-08-31T22:00:00Z,1.084,8746
1491,Potencia instalada de generación residuos renovables,2026-09-01T00:00:00.000+02:00,2026-08-31T22:00:00Z,37.4,18
1491,Potencia instalada de generación residuos renovables,2026-09-01T00:00:00.000+02:00,2026-08-31T22:00:00Z,25.0,17
1491,Potencia instalada de generación residuos renovables,2026-09-01T00:00:00.000+02:00,2026-08-31T22:00:00Z,14.9,13
1491,Potencia instalada de generación residuos renovables,2026-09-01T00:00:00.000+02:00,2026-08-31T22:00:00Z,4.967,6
1491,Potencia instalada de generación residuos renovables,2026-09-01T00:00:00.000+02:00,2026-08-31T22:00:00Z,27.175,9
1491,Potencia instalada de generación residuos renovables,2026-09-01T00:00:00.000+02:00,2026-08-31T22:00:00Z,0.003,4
1491,Potencia instalada de generación residuos renovables,2026-09-01T00:00:00.000+02:00,2026-08-31T22:00:00Z,59.586,10
1491,Potencia instalada de generación residuos renovables,2026-10-01T00:00:00.000+02:00,2026-09-30T22:00:00Z,37.4,18
1491,Potencia instalada de generación residuos renovables,2026-10-01T00:00:00.000+02:00,2026-09-30T22:00:00Z,0.003,4
1491,Potencia instalada de generación residuos renovables,2026-10-01T00:00:00.000+02:00,2026-09-30T22:00:00Z,4.967,6
1491,Potencia instalada de generación residuos renovables,2026-10-01T00:00:00.000+02:00,2026-09-30T22:00:00Z,27.175,9
1491,Potencia instalada de generación residuos renovables,2026-10-01T00:00:00.000+02:00,2026-09-30T22:00:00Z,59.586,10
1491,Potencia instalada de generación residuos renovables,2026-10-01T00:00:00.000+02:00,2026-09-30T22:00:00Z,14.9,13
1491,Potencia instalada de generación residuos renovables,2026-10-01T00:00:00.000+02:00,2026-09-30T22:00:00Z,25.0,17
1491,Potencia instalada de generación residuos renovables,2026-10-01T00:00:00.000+02:00,2026-09-30T22:00:00Z,1.084,8746
1943,Potencia instalada de generación autoconsumo hidráulica,2025-10-01T00:00:00.000+02:00,2025-09-30T22:00:00Z,4.731,4
1943,Potencia instalada de generación autoconsumo hidráulica,2025-10-01T00:00:00.000+02:00,2025-09-30T22:00:00Z,0.026,5
1943,Potencia instalada de generación autoconsumo hidráulica,2025-10-01T00:00:00.000+02:00,2025-09-30T22:00:00Z,4.4,7
1943,Potencia instalada de generación autoconsumo hidráulica,2025-10-01T00:00:00.000+02:00,2025-09-30T22:00:00Z,3.402,8
1943,Potencia instalada de generación autoconsumo hidráulica,2025-10-01T00:00:00.000+02:00,2025-09-30T22:00:00Z,0.203,9
1943,Potencia instalada de generación autoconsumo hidráulica,2025-10-01T00:00:00.000+02:00,2025-09-30T22:00:00Z,4.249,10
1943,Potencia instalada de generación autoconsumo hidráulica,2025-10-01T00:00:00.000+02:00,2025-09-30T22:00:00Z,0.998,14
1943,Potencia instalada de generación autoconsumo hidráulica,2025-10-01T00:00:00.000+02:00,2025-09-30T22:00:00Z,0.108,15
1943,Potencia instalada de generación autoconsumo hidráulica,2025-10-01T00:00:00.000+02:00,2025-09-30T22:00:00Z,0.015,19
1943,Potencia instalada de generación autoconsumo hidráulica,2025-11-01T00:00:00.000+01:00,2025-10-31T23:00:00Z,0.015,19
1943,Potencia instalada de generación autoconsumo hidráulica,2025-11-01T00:00:00.000+01:00,2025-10-31T23:00:00Z,0.118,15
1943,Potencia instalada de generación autoconsumo hidráulica,2025-11-01T00:00:00.000+01:00,2025-10-31T23:00:00Z,4.249,10
1943,Potencia instalada de generación autoconsumo hidráulica,2025-11-01T00:00:00.000+01:00,2025-10-31T23:00:00Z,0.203,9
1943,Potencia instalada de generación autoconsumo hidráulica,2025-11-01T00:00:00.000+01:00,2025-10-31T23:00:00Z,0.998,14
1943,Potencia instalada de generación autoconsumo hidráulica,2025-11-01T00:00:00.000+01:00,2025-10-31T23:00:00Z,4.4,7
1943,Potencia instalada de generación autoconsumo hidráulica,2025-11-01T00:00:00.000+01:00,2025-10-31T23:00:00Z,0.026,5
1943,Potencia instalada de generación autoconsumo hidráulica,2025-11-01T00:00:00.000+01:00,2025-10-31T23:00:00Z,4.731,4
1943,Potencia instalada de generación autoconsumo hidráulica,2025-11-01T00:00:00.000+01:00,2025-10-31T23:00:00Z,3.402,8
1943,Potencia instalada de generación autoconsumo hidráulica,2025-12-01T00:00:00.000+01:00,2025-11-30T23:00:00Z,0.015,19
1943,Potencia instalada de generación autoconsumo hidráulica,2025-12-01T00:00:00.000+01:00,2025-11-30T23:00:00Z,0.118,15
1943,Potencia instalada de generación autoconsumo hidráulica,2025-12-01T00:00:00.000+01:00,2025-11-30T23:00:00Z,0.998,14
1943,Potencia instalada de generación autoconsumo hidráulica,2025-12-01T00:00:00.000+01:00,2025-11-30T23:00:00Z,4.249,10
1943,Potencia instalada de generación autoconsumo hidráulica,2025-12-01T00:00:00.000+01:00,2025-11-30T23:00:00Z,0.203,9
1943,Potencia instalada de generación autoconsumo hidráulica,2025-12-01T00:00:00.000+01:00,2025-11-30T23:00:00Z,4.4,7
1943,Potencia instalada de generación autoconsumo hidráulica,2025-12-01T00:00:00.000+01:00,2025-11-30T23:00:00Z,0.026,5
1943,Potencia instalada de generación autoconsumo hidráulica,2025-12-01T00:00:00.000+01:00,2025-11-30T23:00:00Z,4.731,4
1943,Potencia instalada de generación autoconsumo hidráulica,2025-12-01T00:00:00.000+01:00,2025-11-30T23:00:00Z,3.402,8
1943,Potencia instalada de generación autoconsumo hidráulica,2026-01-01T00:00:00.000+01:00,2025-12-31T23:00:00Z,0.998,14
1943,Potencia instalada de generación autoconsumo hidráulica,2026-01-01T00:00:00.000+01:00,2025-12-31T23:00:00Z,0.015,19
1943,Potencia instalada de generación autoconsumo hidráulica,2026-01-01T00:00:00.000+01:00,2025-12-31T23:00:00Z,0.118,15
1943,Potencia instalada de generación autoconsumo hidráulica,2026-01-01T00:00:00.000+01:00,2025-12-31T23:00:00Z,4.249,10
1943,Potencia instalada de generación autoconsumo hidráulica,2026-01-01T00:00:00.000+01:00,2025-12-31T23:00:00Z,0.026,5
1943,Potencia instalada de generación autoconsumo hidráulica,2026-01-01T00:00:00.000+01:00,2025-12-31T23:00:00Z,3.402,8
1943,Potencia instalada de generación autoconsumo hidráulica,2026-01-01T00:00:00.000+01:00,2025-12-31T23:00:00Z,4.4,7
1943,Potencia instalada de generación autoconsumo hidráulica,2026-01-01T00:00:00.000+01:00,2025-12-31T23:00:00Z,0.203,9
1943,Potencia instalada de generación autoconsumo hidráulica,2026-01-01T00:00:00.000+01:00,2025-12-31T23:00:00Z,4.731,4
1943,Potencia instalada de generación autoconsumo hidráulica,2026-02-01T00:00:00.000+01:00,2026-01-31T23:00:00Z,0.118,15
1943,Potencia instalada de generación autoconsumo hidráulica,2026-02-01T00:00:00.000+01:00,2026-01-31T23:00:00Z,0.998,14
1943,Potencia instalada de generación autoconsumo hidráulica,2026-02-01T00:00:00.000+01:00,2026-01-31T23:00:00Z,4.249,10
1943,Potencia instalada de generación autoconsumo hidráulica,2026-02-01T00:00:00.000+01:00,2026-01-31T23:00:00Z,0.203,9
1943,Potencia instalada de generación autoconsumo hidráulica,2026-02-01T00:00:00.000+01:00,2026-01-31T23:00:00Z,0.015,19
1943,Potencia instalada de generación autoconsumo hidráulica,2026-02-01T00:00:00.000+01:00,2026-01-31T23:00:00Z,4.4,7
1943,Potencia instalada de generación autoconsumo hidráulica,2026-02-01T00:00:00.000+01:00,2026-01-31T23:00:00Z,0.026,5
1943,Potencia instalada de generación autoconsumo hidráulica,2026-02-01T00:00:00.000+01:00,2026-01-31T23:00:00Z,4.731,4
1943,Potencia instalada de generación autoconsumo hidráulica,2026-02-01T00:00:00.000+01:00,2026-01-31T23:00:00Z,3.402,8
1943,Potencia instalada de generación autoconsumo hidráulica,2026-03-01T00:00:00.000+01:00,2026-02-28T23:00:00Z,0.015,19
1943,Potencia instalada de generación autoconsumo hidráulica,2026-03-01T00:00:00.000+01:00,2026-02-28T23:00:00Z,0.118,15
1943,Potencia instalada de generación autoconsumo hidráulica,2026-03-01T00:00:00.000+01:00,2026-02-28T23:00:00Z,0.998,14
1943,Potencia instalada de generación autoconsumo hidráulica,2026-03-01T00:00:00.000+01:00,2026-02-28T23:00:00Z,4.249,10
1943,Potencia instalada de generación autoconsumo hidráulica,2026-03-01T00:00:00.000+01:00,2026-02-28T23:00:00Z,0.203,9
1943,Potencia instalada de generación autoconsumo hidráulica,2026-03-01T00:00:00.000+01:00,2026-02-28T23:00:00Z,4.4,7
1943,Potencia instalada de generación autoconsumo hidráulica,2026-03-01T00:00:00.000+01:00,2026-02-28T23:00:00Z,0.026,5
1943,Potencia instalada de generación autoconsumo hidráulica,2026-03-01T00:00:00.000+01:00,2026-02-28T23:00:00Z,4.731,4
1943,Potencia instalada de generación autoconsumo hidráulica,2026-03-01T00:00:00.000+01:00,2026-02-28T23:00:00Z,3.402,8
1943,Potencia instalada de generación autoconsumo hidráulica,2026-04-01T00:00:00.000+02:00,2026-03-31T22:00:00Z,0.998,14
1943,Potencia instalada de generación autoconsumo hidráulica,2026-04-01T00:00:00.000+02:00,2026-03-31T22:00:00Z,0.015,19
1943,Potencia instalada de generación autoconsumo hidráulica,2026-04-01T00:00:00.000+02:00,2026-03-31T22:00:00Z,0.118,15
1943,Potencia instalada de generación autoconsumo hidráulica,2026-04-01T00:00:00.000+02:00,2026-03-31T22:00:00Z,4.249,10
1943,Potencia instalada de generación autoconsumo hidráulica,2026-04-01T00:00:00.000+02:00,2026-03-31T22:00:00Z,0.203,9
1943,Potencia instalada de generación autoconsumo hidráulica,2026-04-01T00:00:00.000+02:00,2026-03-31T22:00:00Z,3.402,8
1943,Potencia instalada de generación autoconsumo hidráulica,2026-04-01T00:00:00.000+02:00,2026-03-31T22:00:00Z,4.4,7
1943,Potencia instalada de generación autoconsumo hidráulica,2026-04-01T00:00:00.000+02:00,2026-03-31T22:00:00Z,0.026,5
1943,Potencia instalada de generación autoconsumo hidráulica,2026-04-01T00:00:00.000+02:00,2026-03-31T22:00:00Z,4.731,4
1943,Potencia instalada de generación autoconsumo hidráulica,2026-05-01T00:00:00.000+02:00,2026-04-30T22:00:00Z,0.118,15
1943,Potencia instalada de generación autoconsumo hidráulica,2026-05-01T00:00:00.000+02:00,2026-04-30T22:00:00Z,0.998,14
1943,Potencia instalada de generación autoconsumo hidráulica,2026-05-01T00:00:00.000+02:00,2026-04-30T22:00:00Z,4.249,10
1943,Potencia instalada de generación autoconsumo hidráulica,2026-05-01T00:00:00.000+02:00,2026-04-30T22:00:00Z,0.203,9
1943,Potencia instalada de generación autoconsumo hidráulica,2026-05-01T00:00:00.000+02:00,2026-04-30T22:00:00Z,0.015,19
1943,Potencia instalada de generación autoconsumo hidráulica,2026-05-01T00:00:00.000+02:00,2026-04-30T22:00:00Z,4.4,7
1943,Potencia instalada de generación autoconsumo hidráulica,2026-05-01T00:00:00.000+02:00,2026-04-30T22:00:00Z,0.026,5
1943,Potencia instalada de generación autoconsumo hidráulica,2026-05-01T00:00:00.000+02:00,2026-04-30T22:00:00Z,4.731,4
1943,Potencia instalada de generación autoconsumo hidráulica,2026-05-01T00:00:00.000+02:00,2026-04-30T22:00:00Z,3.432,8
1943,Potencia instalada de generación autoconsumo hidráulica,2026-06-01T00:00:00.000+02:00,2026-05-31T22:00:00Z,0.015,19
1943,Potencia instalada de generación autoconsumo hidráulica,2026-06-01T00:00:00.000+02:00,2026-05-31T22:00:00Z,0.118,15
1943,Potencia instalada de generación autoconsumo hidráulica,2026-06-01T00:00:00.000+02:00,2026-05-31T22:00:00Z,0.998,14
1943,Potencia instalada de generación autoconsumo hidráulica,2026-06-01T00:00:00.000+02:00,2026-05-31T22:00:00Z,4.249,10
1943,Potencia instalada de generación autoconsumo hidráulica,2026-06-01T00:00:00.000+02:00,2026-05-31T22:00:00Z,0.203,9
1943,Potencia instalada de generación autoconsumo hidráulica,2026-06-01T00:00:00.000+02:00,2026-05-31T22:00:00Z,4.4,7
1943,Potencia instalada de generación autoconsumo hidráulica,2026-06-01T00:00:00.000+02:00,2026-05-31T22:00:00Z,0.026,5
1943,Potencia instalada de generación autoconsumo hidráulica,2026-06-01T00:00:00.000+02:00,2026-05-31T22:00:00Z,4.731,4
1943,Potencia instalada de generación autoconsumo hidráulica,2026-06-01T00:00:00.000+02:00,2026-05-31T22:00:00Z,3.432,8
1943,Potencia instalada de generación autoconsumo hidráulica,2026-07-01T00:00:00.000+02:00,2026-06-30T22:00:00Z,4.249,10
1943,Potencia instalada de generación autoconsumo hidráulica,2026-07-01T00:00:00.000+02:00,2026-06-30T22:00:00Z,0.015,19
1943,Potencia instalada de generación autoconsumo hidráulica,2026-07-01T00:00:00.000+02:00,2026-06-30T22:00:00Z,0.118,15
1943,Potencia instalada de generación autoconsumo hidráulica,2026-07-01T00:00:00.000+02:00,2026-06-30T22:00:00Z,0.203,9
1943,Potencia instalada de generación autoconsumo hidráulica,2026-07-01T00:00:00.000+02:00,2026-06-30T22:00:00Z,0.998,14
1943,Potencia instalada de generación autoconsumo hidráulica,2026-07-01T00:00:00.000+02:00,2026-06-30T22:00:00Z,4.4,7
1943,Potencia instalada de generación autoconsumo hidráulica,2026-07-01T00:00:00.000+02:00,2026-06-30T22:00:00Z,0.026,5
1943,Potencia instalada de generación autoconsumo hidráulica,2026-07-01T00:00:00.000+02:00,2026-06-30T22:00:00Z,4.731,4
1943,Potencia instalada de generación autoconsumo hidráulica,2026-07-01T00:00:00.000+02:00,2026-06-30T22:00:00Z,3.432,8
1943,Potencia instalada de generación autoconsumo hidráulica,2026-08-01T00:00:00.000+02:00,2026-07-31T22:00:00Z,0.015,19
1943,Potencia instalada de generación autoconsumo hidráulica,2026-08-01T00:00:00.000+02:00,2026-07-31T22:00:00Z,0.118,15
1943,Potencia instalada de generación autoconsumo hidráulica,2026-08-01T00:00:00.000+02:00,2026-07-31T22:00:00Z,0.998,14
1943,Potencia instalada de generación autoconsumo hidráulica,2026-08-01T00:00:00.000+02:00,2026-07-31T22:00:00Z,4.249,10
1943,Potencia instalada de generación autoconsumo hidráulica,2026-08-01T00:00:00.000+02:00,2026-07-31T22:00:00Z,0.203,9
1943,Potencia instalada de generación autoconsumo hidráulica,2026-08-01T00:00:00.000+02:00,2026-07-31T22:00:00Z,4.4,7
1943,Potencia instalada de generación autoconsumo hidráulica,2026-08-01T00:00:00.000+02:00,2026-07-31T22:00:00Z,0.026,5
1943,Potencia instalada de generación autoconsumo hidráulica,2026-08-01T00:00:00.000+02:00,2026-07-31T22:00:00Z,4.731,4
1943,Potencia instalada de generación autoconsumo hidráulica,2026-08-01T00:00:00.000+02:00,2026-07-31T22:00:00Z,3.432,8
1943,Potencia instalada de generación autoconsumo hidráulica,2026-09-01T00:00:00.000+02:00,2026-08-31T22:00:00Z,0.015,19
1943,Potencia instalada de generación autoconsumo hidráulica,2026-09-01T00:00:00.000+02:00,2026-08-31T22:00:00Z,0.118,15
1943,Potencia instalada de generación autoconsumo hidráulica,2026-09-01T00:00:00.000+02:00,2026-08-31T22:00:00Z,0.998,14
1943,Potencia instalada de generación autoconsumo hidráulica,2026-09-01T00:00:00.000+02:00,2026-08-31T22:00:00Z,4.249,10
1943,Potencia instalada de generación autoconsumo hidráulica,2026-09-01T00:00:00.000+02:00,2026-08-31T22:00:00Z,4.4,7
1943,Potencia instalada de generación autoconsumo hidráulica,2026-09-01T00:00:00.000+02:00,2026-08-31T22:00:00Z,3.432,8
1943,Potencia instalada de generación autoconsumo hidráulica,2026-09-01T00:00:00.000+02:00,2026-08-31T22:00:00Z,0.026,5
1943,Potencia instalada de generación autoconsumo hidráulica,2026-09-01T00:00:00.000+02:00,2026-08-31T22:00:00Z,4.731,4
1943,Potencia instalada de generación autoconsumo hidráulica,2026-09-01T00:00:00.000+02:00,2026-08-31T22:00:00Z,0.203,9
1943,Potencia instalada de generación autoconsumo hidráulica,2026-10-01T00:00:00.000+02:00,2026-09-30T22:00:00Z,0.118,15
1943,Potencia instalada de generación autoconsumo hidráulica,2026-10-01T00:00:00.000+02:00,2026-09-30T22:00:00Z,4.731,4
1943,Potencia instalada de generación autoconsumo hidráulica,2026-10-01T00:00:00.000+02:00,2026-09-30T22:00:00Z,0.026,5
1943,Potencia instalada de generación autoconsumo hidráulica,2026-10-01T00:00:00.000+02:00,2026-09-30T22:00:00Z,4.4,7
1943,Potencia instalada de generación autoconsumo hidráulica,2026-10-01T00:00:00.000+02:00,2026-09-30T22:00:00Z,3.432,8
1943,Potencia instalada de generación autoconsumo hidráulica,2026-10-01T00:00:00.000+02:00,2026-09-30T22:00:00Z,0.203,9
1943,Potencia instalada de generación autoconsumo hidráulica,2026-10-01T00:00:00.000+02:00,2026-09-30T22:00:00Z,4.249,10
1943,Potencia instalada de generación autoconsumo hidráulica,2026-10-01T00:00:00.000+02:00,2026-09-30T22:00:00Z,0.998,14
1943,Potencia instalada de generación autoconsumo hidráulica,2026-10-01T00:00:00.000+02:00,2026-09-30T22:00:00Z,0.015,19
1944,Potencia instalada de generación autoconsumo eólica,2025-10-01T00:00:00.000+02:00,2025-09-30T22:00:00Z,0.084,4
1944,Potencia instalada de generación autoconsumo eólica,2025-10-01T00:00:00.000+02:00,2025-09-30T22:00:00Z,0.011,5
1944,Potencia instalada de generación autoconsumo eólica,2025-10-01T00:00:00.000+02:00,2025-09-30T22:00:00Z,0.01,7
1944,Potencia instalada de generación autoconsumo eólica,2025-10-01T00:00:00.000+02:00,2025-09-30T22:00:00Z,0.03,8
1944,Potencia instalada de generación autoconsumo eólica,2025-10-01T00:00:00.000+02:00,2025-09-30T22:00:00Z,0.074,9
1944,Potencia instalada de generación autoconsumo eólica,2025-10-01T00:00:00.000+02:00,2025-09-30T22:00:00Z,0.01,10
1944,Potencia instalada de generación autoconsumo eólica,2025-10-01T00:00:00.000+02:00,2025-09-30T22:00:00Z,0.003,13
1944,Potencia instalada de generación autoconsumo eólica,2025-10-01T00:00:00.000+02:00,2025-09-30T22:00:00Z,0.012,15
1944,Potencia instalada de generación autoconsumo eólica,2025-10-01T00:00:00.000+02:00,2025-09-30T22:00:00Z,0.005,18
1944,Potencia instalada de generación autoconsumo eólica,2025-10-01T00:00:00.000+02:00,2025-09-30T22:00:00Z,18.11,19
1944,Potencia instalada de generación autoconsumo eólica,2025-10-01T00:00:00.000+02:00,2025-09-30T22:00:00Z,0.007,21
1944,Potencia instalada de generación autoconsumo eólica,2025-11-01T00:00:00.000+01:00,2025-10-31T23:00:00Z,0.007,21
1944,Potencia instalada de generación autoconsumo eólica,2025-11-01T00:00:00.000+01:00,2025-10-31T23:00:00Z,18.11,19
1944,Potencia instalada de generación autoconsumo eólica,2025-11-01T00:00:00.000+01:00,2025-10-31T23:00:00Z,0.005,18
1944,Potencia instalada de generación autoconsumo eólica,2025-11-01T00:00:00.000+01:00,2025-10-31T23:00:00Z,0.003,13
1944,Potencia instalada de generación autoconsumo eólica,2025-11-01T00:00:00.000+01:00,2025-10-31T23:00:00Z,0.11,10
1944,Potencia instalada de generación autoconsumo eólica,2025-11-01T00:00:00.000+01:00,2025-10-31T23:00:00Z,0.012,15
1944,Potencia instalada de generación autoconsumo eólica,2025-11-01T00:00:00.000+01:00,2025-10-31T23:00:00Z,0.03,8
1944,Potencia instalada de generación autoconsumo eólica,2025-11-01T00:00:00.000+01:00,2025-10-31T23:00:00Z,0.01,7
1944,Potencia instalada de generación autoconsumo eólica,2025-11-01T00:00:00.000+01:00,2025-10-31T23:00:00Z,0.011,5
1944,Potencia instalada de generación autoconsumo eólica,2025-11-01T00:00:00.000+01:00,2025-10-31T23:00:00Z,0.084,4
1944,Potencia instalada de generación autoconsumo eólica,2025-11-01T00:00:00.000+01:00,2025-10-31T23:00:00Z,0.074,9
1944,Potencia instalada de generación autoconsumo eólica,2025-12-01T00:00:00.000+01:00,2025-11-30T23:00:00Z,0.007,21
1944,Potencia instalada de generación autoconsumo eólica,2025-12-01T00:00:00.000+01:00,2025-11-30T23:00:00Z,18.11,19
1944,Potencia instalada de generación autoconsumo eólica,2025-12-01T00:00:00.000+01:00,2025-11-30T23:00:00Z,0.005,18
1944,Potencia instalada de generación autoconsumo eólica,2025-12-01T00:00:00.000+01:00,2025-11-30T23:00:00Z,0.012,15
1944,Potencia instalada de generación autoconsumo eólica,2025-12-01T00:00:00.000+01:00,2025-11-30T23:00:00Z,0.003,13
1944,Potencia instalada de generación autoconsumo eólica,2025-12-01T00:00:00.000+01:00,2025-11-30T23:00:00Z,0.11,10
1944,Potencia instalada de generación autoconsumo eólica,2025-12-01T00:00:00.000+01:00,2025-11-30T23:00:00Z,0.03,8
1944,Potencia instalada de generación autoconsumo eólica,2025-12-01T00:00:00.000+01:00,2025-11-30T23:00:00Z,0.01,7
1944,Potencia instalada de generación autoconsumo eólica,2025-12-01T00:00:00.000+01:00,2025-11-30T23:00:00Z,0.011,5
1944,Potencia instalada de generación autoconsumo eólica,2025-12-01T00:00:00.000+01:00,2025-11-30T23:00:00Z,0.084,4
1944,Potencia instalada de generación autoconsumo eólica,2025-12-01T00:00:00.000+01:00,2025-11-30T23:00:00Z,0.074,9
1944,Potencia instalada de generación autoconsumo eólica,2026-01-01T00:00:00.000+01:00,2025-12-31T23:00:00Z,0.012,15
1944,Potencia instalada de generación autoconsumo eólica,2026-01-01T00:00:00.000+01:00,2025-12-31T23:00:00Z,0.007,21
1944,Potencia instalada de generación autoconsumo eólica,2026-01-01T00:00:00.000+01:00,2025-12-31T23:00:00Z,18.11,19
1944,Potencia instalada de generación autoconsumo eólica,2026-01-01T00:00:00.000+01:00,2025-12-31T23:00:00Z,0.005,18
1944,Potencia instalada de generación autoconsumo eólica,2026-01-01T00:00:00.000+01:00,2025-12-31T23:00:00Z,0.003,13
1944,Potencia instalada de generación autoconsumo eólica,2026-01-01T00:00:00.000+01:00,2025-12-31T23:00:00Z,0.01,7
1944,Potencia instalada de generación autoconsumo eólica,2026-01-01T00:00:00.000+01:00,2025-12-31T23:00:00Z,0.074,9
1944,Potencia instalada de generación autoconsumo eólica,2026-01-01T00:00:00.000+01:00,2025-12-31T23:00:00Z,0.03,8
1944,Potencia instalada de generación autoconsumo eólica,2026-01-01T00:00:00.000+01:00,2025-12-31T23:00:00Z,0.11,10
1944,Potencia instalada de generación autoconsumo eólica,2026-01-01T00:00:00.000+01:00,2025-12-31T23:00:00Z,0.011,5
1944,Potencia instalada de generación autoconsumo eólica,2026-01-01T00:00:00.000+01:00,2025-12-31T23:00:00Z,0.084,4
1944,Potencia instalada de generación autoconsumo eólica,2026-02-01T00:00:00.000+01:00,2026-01-31T23:00:00Z,18.11,19
1944,Potencia instalada de generación autoconsumo eólica,2026-02-01T00:00:00.000+01:00,2026-01-31T23:00:00Z,0.005,18
1944,Potencia instalada de generación autoconsumo eólica,2026-02-01T00:00:00.000+01:00,2026-01-31T23:00:00Z,0.012,15
1944,Potencia instalada de generación autoconsumo eólica,2026-02-01T00:00:00.000+01:00,2026-01-31T23:00:00Z,0.003,13
1944,Potencia instalada de generación autoconsumo eólica,2026-02-01T00:00:00.000+01:00,2026-01-31T23:00:00Z,0.11,10
1944,Potencia instalada de generación autoconsumo eólica,2026-02-01T00:00:00.000+01:00,2026-01-31T23:00:00Z,0.007,21
1944,Potencia instalada de generación autoconsumo eólica,2026-02-01T00:00:00.000+01:00,2026-01-31T23:00:00Z,0.03,8
1944,Potencia instalada de generación autoconsumo eólica,2026-02-01T00:00:00.000+01:00,2026-01-31T23:00:00Z,0.01,7
1944,Potencia instalada de generación autoconsumo eólica,2026-02-01T00:00:00.000+01:00,2026-01-31T23:00:00Z,0.011,5
1944,Potencia instalada de generación autoconsumo eólica,2026-02-01T00:00:00.000+01:00,2026-01-31T23:00:00Z,0.084,4
1944,Potencia instalada de generación autoconsumo eólica,2026-02-01T00:00:00.000+01:00,2026-01-31T23:00:00Z,0.074,9
1944,Potencia instalada de generación autoconsumo eólica,2026-03-01T00:00:00.000+01:00,2026-02-28T23:00:00Z,0.007,21
1944,Potencia instalada de generación autoconsumo eólica,2026-03-01T00:00:00.000+01:00,2026-02-28T23:00:00Z,18.11,19
1944,Potencia instalada de generación autoconsumo eólica,2026-03-01T00:00:00.000+01:00,2026-02-28T23:00:00Z,0.005,18
1944,Potencia instalada de generación autoconsumo eólica,2026-03-01T00:00:00.000+01:00,2026-02-28T23:00:00Z,0.012,15
1944,Potencia instalada de generación autoconsumo eólica,2026-03-01T00:00:00.000+01:00,2026-02-28T23:00:00Z,0.003,13
1944,Potencia instalada de generación autoconsumo eólica,2026-03-01T00:00:00.000+01:00,2026-02-28T23:00:00Z,0.11,10
1944,Potencia instalada de generación autoconsumo eólica,2026-03-01T00:00:00.000+01:00,2026-02-28T23:00:00Z,0.03,8
1944,Potencia instalada de generación autoconsumo eólica,2026-03-01T00:00:00.000+01:00,2026-02-28T23:00:00Z,0.01,7
1944,Potencia instalada de generación autoconsumo eólica,2026-03-01T00:00:00.000+01:00,2026-02-28T23:00:00Z,0.011,5
1944,Potencia instalada de generación autoconsumo eólica,2026-03-01T00:00:00.000+01:00,2026-02-28T23:00:00Z,0.084,4
1944,Potencia instalada de generación autoconsumo eólica,2026-03-01T00:00:00.000+01:00,2026-02-28T23:00:00Z,0.074,9
1944,Potencia instalada de generación autoconsumo eólica,2026-04-01T00:00:00.000+02:00,2026-03-31T22:00:00Z,0.012,15
1944,Potencia instalada de generación autoconsumo eólica,2026-04-01T00:00:00.000+02:00,2026-03-31T22:00:00Z,0.007,21
1944,Potencia instalada de generación autoconsumo eólica,2026-04-01T00:00:00.000+02:00,2026-03-31T22:00:00Z,18.11,19
1944,Potencia instalada de generación autoconsumo eólica,2026-04-01T00:00:00.000+02:00,2026-03-31T22:00:00Z,0.005,18
1944,Potencia instalada de generación autoconsumo eólica,2026-04-01T00:00:00.000+02:00,2026-03-31T22:00:00Z,0.003,13
1944,Potencia instalada de generación autoconsumo eólica,2026-04-01T00:00:00.000+02:00,2026-03-31T22:00:00Z,0.11,10
1944,Potencia instalada de generación autoconsumo eólica,2026-04-01T00:00:00.000+02:00,2026-03-31T22:00:00Z,0.074,9
1944,Potencia instalada de generación autoconsumo eólica,2026-04-01T00:00:00.000+02:00,2026-03-31T22:00:00Z,0.03,8
1944,Potencia instalada de generación autoconsumo eólica,2026-04-01T00:00:00.000+02:00,2026-03-31T22:00:00Z,0.01,7
1944,Potencia instalada de generación autoconsumo eólica,2026-04-01T00:00:00.000+02:00,2026-03-31T22:00:00Z,0.011,5
1944,Potencia instalada de generación autoconsumo eólica,2026-04-01T00:00:00.000+02:00,2026-03-31T22:00:00Z,0.084,4
1944,Potencia instalada de generación autoconsumo eólica,2026-05-01T00:00:00.000+02:00,2026-04-30T22:00:00Z,18.11,19
1944,Potencia instalada de generación autoconsumo eólica,2026-05-01T00:00:00.000+02:00,2026-04-30T22:00:00Z,0.005,18
1944,Potencia instalada de generación autoconsumo eólica,2026-05-01T00:00:00.000+02:00,2026-04-30T22:00:00Z,0.012,15
1944,Potencia instalada de generación autoconsumo eólica,2026-05-01T00:00:00.000+02:00,2026-04-30T22:00:00Z,0.003,13
1944,Potencia instalada de generación autoconsumo eólica,2026-05-01T00:00:00.000+02:00,2026-04-30T22:00:00Z,0.11,10
1944,Potencia instalada de generación autoconsumo eólica,2026-05-01T00:00:00.000+02:00,2026-04-30T22:00:00Z,0.007,21
1944,Potencia instalada de generación autoconsumo eólica,2026-05-01T00:00:00.000+02:00,2026-04-30T22:00:00Z,0.03,8
1944,Potencia instalada de generación autoconsumo eólica,2026-05-01T00:00:00.000+02:00,2026-04-30T22:00:00Z,0.01,7
1944,Potencia instalada de generación autoconsumo eólica,2026-05-01T00:00:00.000+02:00,2026-04-30T22:00:00Z,0.011,5
1944,Potencia instalada de generación autoconsumo eólica,2026-05-01T00:00:00.000+02:00,2026-04-30T22:00:00Z,0.084,4
1944,Potencia instalada de generación autoconsumo eólica,2026-05-01T00:00:00.000+02:00,2026-04-30T22:00:00Z,0.074,9
1944,Potencia instalada de generación autoconsumo eólica,2026-06-01T00:00:00.000+02:00,2026-05-31T22:00:00Z,0.007,21
1944,Potencia instalada de generación autoconsumo eólica,2026-06-01T00:00:00.000+02:00,2026-05-31T22:00:00Z,18.11,19
1944,Potencia instalada de generación autoconsumo eólica,2026-06-01T00:00:00.000+02:00,2026-05-31T22:00:00Z,0.005,18
1944,Potencia instalada de generación autoconsumo eólica,2026-06-01T00:00:00.000+02:00,2026-05-31T22:00:00Z,0.012,15
1944,Potencia instalada de generación autoconsumo eólica,2026-06-01T00:00:00.000+02:00,2026-05-31T22:00:00Z,0.003,13
1944,Potencia instalada de generación autoconsumo eólica,2026-06-01T00:00:00.000+02:00,2026-05-31T22:00:00Z,0.11,10
1944,Potencia instalada de generación autoconsumo eólica,2026-06-01T00:00:00.000+02:00,2026-05-31T22:00:00Z,0.03,8
1944,Potencia instalada de generación autoconsumo eólica,2026-06-01T00:00:00.000+02:00,2026-05-31T22:00:00Z,0.01,7
1944,Potencia instalada de generación autoconsumo eólica,2026-06-01T00:00:00.000+02:00,2026-05-31T22:00:00Z,0.011,5
1944,Potencia instalada de generación autoconsumo eólica,2026-06-01T00:00:00.000+02:00,2026-05-31T22:00:00Z,0.084,4
1944,Potencia instalada de generación autoconsumo eólica,2026-06-01T00:00:00.000+02:00,2026-05-31T22:00:00Z,0.074,9
1944,Potencia instalada de generación autoconsumo eólica,2026-07-01T00:00:00.000+02:00,2026-06-30T22:00:00Z,0.003,13
1944,Potencia instalada de generación autoconsumo eólica,2026-07-01T00:00:00.000+02:00,2026-06-30T22:00:00Z,0.011,21
1944,Potencia instalada de generación autoconsumo eólica,2026-07-01T00:00:00.000+02:00,2026-06-30T22:00:00Z,18.11,19
1944,Potencia instalada de generación autoconsumo eólica,2026-07-01T00:00:00.000+02:00,2026-06-30T22:00:00Z,0.012,15
1944,Potencia instalada de generación autoconsumo eólica,2026-07-01T00:00:00.000+02:00,2026-06-30T22:00:00Z,0.11,10
1944,Potencia instalada de generación autoconsumo eólica,2026-07-01T00:00:00.000+02:00,2026-06-30T22:00:00Z,0.005,18
1944,Potencia instalada de generación autoconsumo eólica,2026-07-01T00:00:00.000+02:00,2026-06-30T22:00:00Z,0.03,8
1944,Potencia instalada de generación autoconsumo eólica,2026-07-01T00:00:00.000+02:00,2026-06-30T22:00:00Z,0.01,7
1944,Potencia instalada de generación autoconsumo eólica,2026-07-01T00:00:00.000+02:00,2026-06-30T22:00:00Z,0.074,9
1944,Potencia instalada de generación autoconsumo eólica,2026-07-01T00:00:00.000+02:00,2026-06-30T22:00:00Z,0.011,5
1944,Potencia instalada de generación autoconsumo eólica,2026-07-01T00:00:00.000+02:00,2026-06-30T22:00:00Z,0.084,4
1944,Potencia instalada de generación autoconsumo eólica,2026-08-01T00:00:00.000+02:00,2026-07-31T22:00:00Z,0.011,21
1944,Potencia instalada de generación autoconsumo eólica,2026-08-01T00:00:00.000+02:00,2026-07-31T22:00:00Z,18.11,19
1944,Potencia instalada de generación autoconsumo eólica,2026-08-01T00:00:00.000+02:00,2026-07-31T22:00:00Z,0.005,18
1944,Potencia instalada de generación autoconsumo eólica,2026-08-01T00:00:00.000+02:00,2026-07-31T22:00:00Z,0.012,15
1944,Potencia instalada de generación autoconsumo eólica,2026-08-01T00:00:00.000+02:00,2026-07-31T22:00:00Z,0.003,13
1944,Potencia instalada de generación autoconsumo eólica,2026-08-01T00:00:00.000+02:00,2026-07-31T22:00:00Z,0.11,10
1944,Potencia instalada de generación autoconsumo eólica,2026-08-01T00:00:00.000+02:00,2026-07-31T22:00:00Z,0.074,9
1944,Potencia instalada de generación autoconsumo eólica,2026-08-01T00:00:00.000+02:00,2026-07-31T22:00:00Z,0.03,8
1944,Potencia instalada de generación autoconsumo eólica,2026-08-01T00:00:00.000+02:00,2026-07-31T22:00:00Z,0.01,7
1944,Potencia instalada de generación autoconsumo eólica,2026-08-01T00:00:00.000+02:00,2026-07-31T22:00:00Z,0.011,5
1944,Potencia instalada de generación autoconsumo eólica,2026-08-01T00:00:00.000+02:00,2026-07-31T22:00:00Z,0.084,4
1944,Potencia instalada de generación autoconsumo eólica,2026-09-01T00:00:00.000+02:00,2026-08-31T22:00:00Z,18.11,19
1944,Potencia instalada de generación autoconsumo eólica,2026-09-01T00:00:00.000+02:00,2026-08-31T22:00:00Z,0.005,18
1944,Potencia instalada de generación autoconsumo eólica,2026-09-01T00:00:00.000+02:00,2026-08-31T22:00:00Z,0.011,21
1944,Potencia instalada de generación autoconsumo eólica,2026-09-01T00:00:00.000+02:00,2026-08-31T22:00:00Z,0.012,15
1944,Potencia instalada de generación autoconsumo eólica,2026-09-01T00:00:00.000+02:00,2026-08-31T22:00:00Z,0.003,13
1944,Potencia instalada de generación autoconsumo eólica,2026-09-01T00:00:00.000+02:00,2026-08-31T22:00:00Z,0.01,7
1944,Potencia instalada de generación autoconsumo eólica,2026-09-01T00:00:00.000+02:00,2026-08-31T22:00:00Z,0.074,9
1944,Potencia instalada de generación autoconsumo eólica,2026-09-01T00:00:00.000+02:00,2026-08-31T22:00:00Z,0.03,8
1944,Potencia instalada de generación autoconsumo eólica,2026-09-01T00:00:00.000+02:00,2026-08-31T22:00:00Z,0.011,5
1944,Potencia instalada de generación autoconsumo eólica,2026-09-01T00:00:00.000+02:00,2026-08-31T22:00:00Z,0.084,4
1944,Potencia instalada de generación autoconsumo eólica,2026-09-01T00:00:00.000+02:00,2026-08-31T22:00:00Z,0.11,10
1944,Potencia instalada de generación autoconsumo eólica,2026-10-01T00:00:00.000+02:00,2026-09-30T22:00:00Z,18.11,19
1944,Potencia instalada de generación autoconsumo eólica,2026-10-01T00:00:00.000+02:00,2026-09-30T22:00:00Z,0.09,4
1944,Potencia instalada de generación autoconsumo eólica,2026-10-01T00:00:00.000+02:00,2026-09-30T22:00:00Z,0.011,5
1944,Potencia instalada de generación autoconsumo eólica,2026-10-01T00:00:00.000+02:00,2026-09-30T22:00:00Z,0.01,7
1944,Potencia instalada de generación autoconsumo eólica,2026-10-01T00:00:00.000+02:00,2026-09-30T22:00:00Z,0.03,8
1944,Potencia instalada de generación autoconsumo eólica,2026-10-01T00:00:00.000+02:00,2026-09-30T22:00:00Z,0.074,9
1944,Potencia instalada de generación autoconsumo eólica,2026-10-01T00:00:00.000+02:00,2026-09-30T22:00:00Z,0.11,10
1944,Potencia instalada de generación autoconsumo eólica,2026-10-01T00:00:00.000+02:00,2026-09-30T22:00:00Z,0.003,13
1944,Potencia instalada de generación autoconsumo eólica,2026-10-01T00:00:00.000+02:00,2026-09-30T22:00:00Z,0.012,15
1944,Potencia instalada de generación autoconsumo eólica,2026-10-01T00:00:00.000+02:00,2026-09-30T22:00:00Z,0.005,18
1944,Potencia instalada de generación autoconsumo eólica,2026-10-01T00:00:00.000+02:00,2026-09-30T22:00:00Z,0.011,21
1945,Potencia instalada de generación autoconsumo solar fotovoltaica,2025-10-01T00:00:00.000+02:00,2025-09-30T22:00:00Z,1654.162,4
1945,Potencia instalada de generación autoconsumo solar fotovoltaica,2025-10-01T00:00:00.000+02:00,2025-09-30T22:00:00Z,3.671,8746
1945,Potencia instalada de generación autoconsumo solar fotovoltaica,2025-10-01T00:00:00.000+02:00,2025-09-30T22:00:00Z,541.798,21
1945,Potencia instalada de generación autoconsumo solar fotovoltaica,2025-10-01T00:00:00.000+02:00,2025-09-30T22:00:00Z,60.601,20
1945,Potencia instalada de generación autoconsumo solar fotovoltaica,2025-10-01T00:00:00.000+02:00,2025-09-30T22:00:00Z,150.164,19
1945,Potencia instalada de generación autoconsumo solar fotovoltaica,2025-10-01T00:00:00.000+02:00,2025-09-30T22:00:00Z,194.583,18
1945,Potencia instalada de generación autoconsumo solar fotovoltaica,2025-10-01T00:00:00.000+02:00,2025-09-30T22:00:00Z,232.369,16
1945,Potencia instalada de generación autoconsumo solar fotovoltaica,2025-10-01T00:00:00.000+02:00,2025-09-30T22:00:00Z,1206.331,15
1945,Potencia instalada de generación autoconsumo solar fotovoltaica,2025-10-01T00:00:00.000+02:00,2025-09-30T22:00:00Z,189.796,14
1945,Potencia instalada de generación autoconsumo solar fotovoltaica,2025-10-01T00:00:00.000+02:00,2025-09-30T22:00:00Z,240.659,17
1945,Potencia instalada de generación autoconsumo solar fotovoltaica,2025-10-01T00:00:00.000+02:00,2025-09-30T22:00:00Z,0.036,12
1945,Potencia instalada de generación autoconsumo solar fotovoltaica,2025-10-01T00:00:00.000+02:00,2025-09-30T22:00:00Z,901.966,13
1945,Potencia instalada de generación autoconsumo solar fotovoltaica,2025-10-01T00:00:00.000+02:00,2025-09-30T22:00:00Z,43.474,6
1945,Potencia instalada de generación autoconsumo solar fotovoltaica,2025-10-01T00:00:00.000+02:00,2025-09-30T22:00:00Z,684.684,7
1945,Potencia instalada de generación autoconsumo solar fotovoltaica,2025-10-01T00:00:00.000+02:00,2025-09-30T22:00:00Z,441.203,8
1945,Potencia instalada de generación autoconsumo solar fotovoltaica,2025-10-01T00:00:00.000+02:00,2025-09-30T22:00:00Z,289.314,5
1945,Potencia instalada de generación autoconsumo solar fotovoltaica,2025-10-01T00:00:00.000+02:00,2025-09-30T22:00:00Z,295.204,10
1945,Potencia instalada de generación autoconsumo solar fotovoltaica,2025-10-01T00:00:00.000+02:00,2025-09-30T22:00:00Z,67.304,11
1945,Potencia instalada de generación autoconsumo solar fotovoltaica,2025-10-01T00:00:00.000+02:00,2025-09-30T22:00:00Z,1355.212,9
1945,Potencia instalada de generación autoconsumo solar fotovoltaica,2025-11-01T00:00:00.000+01:00,2025-10-31T23:00:00Z,191.158,14
1945,Potencia instalada de generación autoconsumo solar fotovoltaica,2025-11-01T00:00:00.000+01:00,2025-10-31T23:00:00Z,3.677,8746
1945,Potencia instalada de generación autoconsumo solar fotovoltaica,2025-11-01T00:00:00.000+01:00,2025-10-31T23:00:00Z,546.222,21
1945,Potencia instalada de generación autoconsumo solar fotovoltaica,2025-11-01T00:00:00.000+01:00,2025-10-31T23:00:00Z,61.428,20
1945,Potencia instalada de generación autoconsumo solar fotovoltaica,2025-11-01T00:00:00.000+01:00,2025-10-31T23:00:00Z,152.413,19
1945,Potencia instalada de generación autoconsumo solar fotovoltaica,2025-11-01T00:00:00.000+01:00,2025-10-31T23:00:00Z,196.888,18
1945,Potencia instalada de generación autoconsumo solar fotovoltaica,2025-11-01T00:00:00.000+01:00,2025-10-31T23:00:00Z,235.252,16
1945,Potencia instalada de generación autoconsumo solar fotovoltaica,2025-11-01T00:00:00.000+01:00,2025-10-31T23:00:00Z,1220.156,15
1945,Potencia instalada de generación autoconsumo solar fotovoltaica,2025-11-01T00:00:00.000+01:00,2025-10-31T23:00:00Z,909.964,13
1945,Potencia instalada de generación autoconsumo solar fotovoltaica,2025-11-01T00:00:00.000+01:00,2025-10-31T23:00:00Z,241.84,17
1945,Potencia instalada de generación autoconsumo solar fotovoltaica,2025-11-01T00:00:00.000+01:00,2025-10-31T23:00:00Z,68.683,11
1945,Potencia instalada de generación autoconsumo solar fotovoltaica,2025-11-01T00:00:00.000+01:00,2025-10-31T23:00:00Z,293.215,5
1945,Potencia instalada de generación autoconsumo solar fotovoltaica,2025-11-01T00:00:00.000+01:00,2025-10-31T23:00:00Z,43.971,6
1945,Potencia instalada de generación autoconsumo solar fotovoltaica,2025-11-01T00:00:00.000+01:00,2025-10-31T23:00:00Z,688.781,7
1945,Potencia instalada de generación autoconsumo solar fotovoltaica,2025-11-01T00:00:00.000+01:00,2025-10-31T23:00:00Z,1670.487,4
1945,Potencia instalada de generación autoconsumo solar fotovoltaica,2025-11-01T00:00:00.000+01:00,2025-10-31T23:00:00Z,1365.439,9
1945,Potencia instalada de generación autoconsumo solar fotovoltaica,2025-11-01T00:00:00.000+01:00,2025-10-31T23:00:00Z,298.087,10
1945,Potencia instalada de generación autoconsumo solar fotovoltaica,2025-11-01T00:00:00.000+01:00,2025-10-31T23:00:00Z,447.155,8
1945,Potencia instalada de generación autoconsumo solar fotovoltaica,2025-11-01T00:00:00.000+01:00,2025-10-31T23:00:00Z,0.036,12
1945,Potencia instalada de generación autoconsumo solar fotovoltaica,2025-12-01T00:00:00.000+01:00,2025-11-30T23:00:00Z,3.71,8746
1945,Potencia instalada de generación autoconsumo solar fotovoltaica,2025-12-01T00:00:00.000+01:00,2025-11-30T23:00:00Z,202.454,14
1945,Potencia instalada de generación autoconsumo solar fotovoltaica,2025-12-01T00:00:00.000+01:00,2025-11-30T23:00:00Z,565.866,21
1945,Potencia instalada de generación autoconsumo solar fotovoltaica,2025-12-01T00:00:00.000+01:00,2025-11-30T23:00:00Z,62.004,20
1945,Potencia instalada de generación autoconsumo solar fotovoltaica,2025-12-01T00:00:00.000+01:00,2025-11-30T23:00:00Z,154.67,19
1945,Potencia instalada de generación autoconsumo solar fotovoltaica,2025-12-01T00:00:00.000+01:00,2025-11-30T23:00:00Z,199.2,18
1945,Potencia instalada de generación autoconsumo solar fotovoltaica,2025-12-01T00:00:00.000+01:00,2025-11-30T23:00:00Z,247.988,17
1945,Potencia instalada de generación autoconsumo solar fotovoltaica,2025-12-01T00:00:00.000+01:00,2025-11-30T23:00:00Z,239.579,16
1945,Potencia instalada de generación autoconsumo solar fotovoltaica,2025-12-01T00:00:00.000+01:00,2025-11-30T23:00:00Z,1253.732,15
1945,Potencia instalada de generación autoconsumo solar fotovoltaica,2025-12-01T00:00:00.000+01:00,2025-11-30T23:00:00Z,931.932,13
1945,Potencia instalada de generación autoconsumo solar fotovoltaica,2025-12-01T00:00:00.000+01:00,2025-11-30T23:00:00Z,69.946,11
1945,Potencia instalada de generación autoconsumo solar fotovoltaica,2025-12-01T00:00:00.000+01:00,2025-11-30T23:00:00Z,302.045,10
1945,Potencia instalada de generación autoconsumo solar fotovoltaica,2025-12-01T00:00:00.000+01:00,2025-11-30T23:00:00Z,1390.908,9
1945,Potencia instalada de generación autoconsumo solar fotovoltaica,2025-12-01T00:00:00.000+01:00,2025-11-30T23:00:00Z,464.057,8
1945,Potencia instalada de generación autoconsumo solar fotovoltaica,2025-12-01T00:00:00.000+01:00,2025-11-30T23:00:00Z,700.486,7
1945,Potencia instalada de generación autoconsumo solar fotovoltaica,2025-12-01T00:00:00.000+01:00,2025-11-30T23:00:00Z,44.25,6
1945,Potencia instalada de generación autoconsumo solar fotovoltaica,2025-12-01T00:00:00.000+01:00,2025-11-30T23:00:00Z,298.344,5
1945,Potencia instalada de generación autoconsumo solar fotovoltaica,2025-12-01T00:00:00.000+01:00,2025-11-30T23:00:00Z,1703.135,4
1945,Potencia instalada de generación autoconsumo solar fotovoltaica,2025-12-01T00:00:00.000+01:00,2025-11-30T23:00:00Z,0.036,12
1945,Potencia instalada de generación autoconsumo solar fotovoltaica,2026-01-01T00:00:00.000+01:00,2025-12-31T23:00:00Z,241.902,16
1945,Potencia instalada de generación autoconsumo solar fotovoltaica,2026-01-01T00:00:00.000+01:00,2025-12-31T23:00:00Z,251.726,17
1945,Potencia instalada de generación autoconsumo solar fotovoltaica,2026-01-01T00:00:00.000+01:00,2025-12-31T23:00:00Z,201.098,18
1945,Potencia instalada de generación autoconsumo solar fotovoltaica,2026-01-01T00:00:00.000+01:00,2025-12-31T23:00:00Z,1270.392,15
1945,Potencia instalada de generación autoconsumo solar fotovoltaica,2026-01-01T00:00:00.000+01:00,2025-12-31T23:00:00Z,62.604,20
1945,Potencia instalada de generación autoconsumo solar fotovoltaica,2026-01-01T00:00:00.000+01:00,2025-12-31T23:00:00Z,571.168,21
1945,Potencia instalada de generación autoconsumo solar fotovoltaica,2026-01-01T00:00:00.000+01:00,2025-12-31T23:00:00Z,3.71,8746
1945,Potencia instalada de generación autoconsumo solar fotovoltaica,2026-01-01T00:00:00.000+01:00,2025-12-31T23:00:00Z,156.438,19
1945,Potencia instalada de generación autoconsumo solar fotovoltaica,2026-01-01T00:00:00.000+01:00,2025-12-31T23:00:00Z,211.749,14
1945,Potencia instalada de generación autoconsumo solar fotovoltaica,2026-01-01T00:00:00.000+01:00,2025-12-31T23:00:00Z,466.721,8
1945,Potencia instalada de generación autoconsumo solar fotovoltaica,2026-01-01T00:00:00.000+01:00,2025-12-31T23:00:00Z,0.036,12
1945,Potencia instalada de generación autoconsumo solar fotovoltaica,2026-01-01T00:00:00.000+01:00,2025-12-31T23:00:00Z,299.221,5
1945,Potencia instalada de generación autoconsumo solar fotovoltaica,2026-01-01T00:00:00.000+01:00,2025-12-31T23:00:00Z,44.596,6
1945,Potencia instalada de generación autoconsumo solar fotovoltaica,2026-01-01T00:00:00.000+01:00,2025-12-31T23:00:00Z,710.915,7
1945,Potencia instalada de generación autoconsumo solar fotovoltaica,2026-01-01T00:00:00.000+01:00,2025-12-31T23:00:00Z,1719.47,4
1945,Potencia instalada de generación autoconsumo solar fotovoltaica,2026-01-01T00:00:00.000+01:00,2025-12-31T23:00:00Z,1398.855,9
1945,Potencia instalada de generación autoconsumo solar fotovoltaica,2026-01-01T00:00:00.000+01:00,2025-12-31T23:00:00Z,304.522,10
1945,Potencia instalada de generación autoconsumo solar fotovoltaica,2026-01-01T00:00:00.000+01:00,2025-12-31T23:00:00Z,70.276,11
1945,Potencia instalada de generación autoconsumo solar fotovoltaica,2026-01-01T00:00:00.000+01:00,2025-12-31T23:00:00Z,940.796,13
1945,Potencia instalada de generación autoconsumo solar fotovoltaica,2026-02-01T00:00:00.000+01:00,2026-01-31T23:00:00Z,212.744,14
1945,Potencia instalada de generación autoconsumo solar fotovoltaica,2026-02-01T00:00:00.000+01:00,2026-01-31T23:00:00Z,575.538,21
1945,Potencia instalada de generación autoconsumo solar fotovoltaica,2026-02-01T00:00:00.000+01:00,2026-01-31T23:00:00Z,63.3,20
1945,Potencia instalada de generación autoconsumo solar fotovoltaica,2026-02-01T00:00:00.000+01:00,2026-01-31T23:00:00Z,159.066,19
1945,Potencia instalada de generación autoconsumo solar fotovoltaica,2026-02-01T00:00:00.000+01:00,2026-01-31T23:00:00Z,203.29,18
1945,Potencia instalada de generación autoconsumo solar fotovoltaica,2026-02-01T00:00:00.000+01:00,2026-01-31T23:00:00Z,256.039,17
1945,Potencia instalada de generación autoconsumo solar fotovoltaica,2026-02-01T00:00:00.000+01:00,2026-01-31T23:00:00Z,244.035,16
1945,Potencia instalada de generación autoconsumo solar fotovoltaica,2026-02-01T00:00:00.000+01:00,2026-01-31T23:00:00Z,1279.974,15
1945,Potencia instalada de generación autoconsumo solar fotovoltaica,2026-02-01T00:00:00.000+01:00,2026-01-31T23:00:00Z,947.059,13
1945,Potencia instalada de generación autoconsumo solar fotovoltaica,2026-02-01T00:00:00.000+01:00,2026-01-31T23:00:00Z,3.713,8746
1945,Potencia instalada de generación autoconsumo solar fotovoltaica,2026-02-01T00:00:00.000+01:00,2026-01-31T23:00:00Z,70.603,11
1945,Potencia instalada de generación autoconsumo solar fotovoltaica,2026-02-01T00:00:00.000+01:00,2026-01-31T23:00:00Z,1732.09,4
1945,Potencia instalada de generación autoconsumo solar fotovoltaica,2026-02-01T00:00:00.000+01:00,2026-01-31T23:00:00Z,287.923,5
1945,Potencia instalada de generación autoconsumo solar fotovoltaica,2026-02-01T00:00:00.000+01:00,2026-01-31T23:00:00Z,44.932,6
1945,Potencia instalada de generación autoconsumo solar fotovoltaica,2026-02-01T00:00:00.000+01:00,2026-01-31T23:00:00Z,0.036,12
1945,Potencia instalada de generación autoconsumo solar fotovoltaica,2026-02-01T00:00:00.000+01:00,2026-01-31T23:00:00Z,473.885,8
1945,Potencia instalada de generación autoconsumo solar fotovoltaica,2026-02-01T00:00:00.000+01:00,2026-01-31T23:00:00Z,1410.429,9
1945,Potencia instalada de generación autoconsumo solar fotovoltaica,2026-02-01T00:00:00.000+01:00,2026-01-31T23:00:00Z,307.2,10
1945,Potencia instalada de generación autoconsumo solar fotovoltaica,2026-02-01T00:00:00.000+01:00,2026-01-31T23:00:00Z,715.037,7
1945,Potencia instalada de generación autoconsumo solar fotovoltaica,2026-03-01T00:00:00.000+01:00,2026-02-28T23:00:00Z,214.412,14
1945,Potencia instalada de generación autoconsumo solar fotovoltaica,2026-03-01T00:00:00.000+01:00,2026-02-28T23:00:00Z,581.883,21
1945,Potencia instalada de generación autoconsumo solar fotovoltaica,2026-03-01T00:00:00.000+01:00,2026-02-28T23:00:00Z,63.972,20
1945,Potencia instalada de generación autoconsumo solar fotovoltaica,2026-03-01T00:00:00.000+01:00,2026-02-28T23:00:00Z,161.102,19
1945,Potencia instalada de generación autoconsumo solar fotovoltaica,2026-03-01T00:00:00.000+01:00,2026-02-28T23:00:00Z,205.867,18
1945,Potencia instalada de generación autoconsumo solar fotovoltaica,2026-03-01T00:00:00.000+01:00,2026-02-28T23:00:00Z,258.166,17
1945,Potencia instalada de generación autoconsumo solar fotovoltaica,2026-03-01T00:00:00.000+01:00,2026-02-28T23:00:00Z,246.453,16
1945,Potencia instalada de generación autoconsumo solar fotovoltaica,2026-03-01T00:00:00.000+01:00,2026-02-28T23:00:00Z,1297.088,15
1945,Potencia instalada de generación autoconsumo solar fotovoltaica,2026-03-01T00:00:00.000+01:00,2026-02-28T23:00:00Z,3.713,8746
1945,Potencia instalada de generación autoconsumo solar fotovoltaica,2026-03-01T00:00:00.000+01:00,2026-02-28T23:00:00Z,955.608,13
1945,Potencia instalada de generación autoconsumo solar fotovoltaica,2026-03-01T00:00:00.000+01:00,2026-02-28T23:00:00Z,70.889,11
1945,Potencia instalada de generación autoconsumo solar fotovoltaica,2026-03-01T00:00:00.000+01:00,2026-02-28T23:00:00Z,310.419,10
1945,Potencia instalada de generación autoconsumo solar fotovoltaica,2026-03-01T00:00:00.000+01:00,2026-02-28T23:00:00Z,1423.571,9
1945,Potencia instalada de generación autoconsumo solar fotovoltaica,2026-03-01T00:00:00.000+01:00,2026-02-28T23:00:00Z,479.79,8
1945,Potencia instalada de generación autoconsumo solar fotovoltaica,2026-03-01T00:00:00.000+01:00,2026-02-28T23:00:00Z,720.014,7
1945,Potencia instalada de generación autoconsumo solar fotovoltaica,2026-03-01T00:00:00.000+01:00,2026-02-28T23:00:00Z,45.233,6
1945,Potencia instalada de generación autoconsumo solar fotovoltaica,2026-03-01T00:00:00.000+01:00,2026-02-28T23:00:00Z,288.929,5
1945,Potencia instalada de generación autoconsumo solar fotovoltaica,2026-03-01T00:00:00.000+01:00,2026-02-28T23:00:00Z,1749.594,4
1945,Potencia instalada de generación autoconsumo solar fotovoltaica,2026-03-01T00:00:00.000+01:00,2026-02-28T23:00:00Z,0.036,12
1945,Potencia instalada de generación autoconsumo solar fotovoltaica,2026-04-01T00:00:00.000+02:00,2026-03-31T22:00:00Z,248.655,16
1945,Potencia instalada de generación autoconsumo solar fotovoltaica,2026-04-01T00:00:00.000+02:00,2026-03-31T22:00:00Z,260.618,17
1945,Potencia instalada de generación autoconsumo solar fotovoltaica,2026-04-01T00:00:00.000+02:00,2026-03-31T22:00:00Z,209.123,18
1945,Potencia instalada de generación autoconsumo solar fotovoltaica,2026-04-01T00:00:00.000+02:00,2026-03-31T22:00:00Z,1306.351,15
1945,Potencia instalada de generación autoconsumo solar fotovoltaica,2026-04-01T00:00:00.000+02:00,2026-03-31T22:00:00Z,64.246,20
1945,Potencia instalada de generación autoconsumo solar fotovoltaica,2026-04-01T00:00:00.000+02:00,2026-03-31T22:00:00Z,586.341,21
1945,Potencia instalada de generación autoconsumo solar fotovoltaica,2026-04-01T00:00:00.000+02:00,2026-03-31T22:00:00Z,3.727,8746
1945,Potencia instalada de generación autoconsumo solar fotovoltaica,2026-04-01T00:00:00.000+02:00,2026-03-31T22:00:00Z,163.1,19
1945,Potencia instalada de generación autoconsumo solar fotovoltaica,2026-04-01T00:00:00.000+02:00,2026-03-31T22:00:00Z,215.707,14
1945,Potencia instalada de generación autoconsumo solar fotovoltaica,2026-04-01T00:00:00.000+02:00,2026-03-31T22:00:00Z,963.81,13
1945,Potencia instalada de generación autoconsumo solar fotovoltaica,2026-04-01T00:00:00.000+02:00,2026-03-31T22:00:00Z,0.036,12
1945,Potencia instalada de generación autoconsumo solar fotovoltaica,2026-04-01T00:00:00.000+02:00,2026-03-31T22:00:00Z,290.554,5
1945,Potencia instalada de generación autoconsumo solar fotovoltaica,2026-04-01T00:00:00.000+02:00,2026-03-31T22:00:00Z,45.566,6
1945,Potencia instalada de generación autoconsumo solar fotovoltaica,2026-04-01T00:00:00.000+02:00,2026-03-31T22:00:00Z,725.461,7
1945,Potencia instalada de generación autoconsumo solar fotovoltaica,2026-04-01T00:00:00.000+02:00,2026-03-31T22:00:00Z,1766.628,4
1945,Potencia instalada de generación autoconsumo solar fotovoltaica,2026-04-01T00:00:00.000+02:00,2026-03-31T22:00:00Z,1436.745,9
1945,Potencia instalada de generación autoconsumo solar fotovoltaica,2026-04-01T00:00:00.000+02:00,2026-03-31T22:00:00Z,313.471,10
1945,Potencia instalada de generación autoconsumo solar fotovoltaica,2026-04-01T00:00:00.000+02:00,2026-03-31T22:00:00Z,71.439,11
1945,Potencia instalada de generación autoconsumo solar fotovoltaica,2026-04-01T00:00:00.000+02:00,2026-03-31T22:00:00Z,483.21,8
1945,Potencia instalada de generación autoconsumo solar fotovoltaica,2026-05-01T00:00:00.000+02:00,2026-04-30T22:00:00Z,217.13,14
1945,Potencia instalada de generación autoconsumo solar fotovoltaica,2026-05-01T00:00:00.000+02:00,2026-04-30T22:00:00Z,592.711,21
1945,Potencia instalada de generación autoconsumo solar fotovoltaica,2026-05-01T00:00:00.000+02:00,2026-04-30T22:00:00Z,64.558,20
1945,Potencia instalada de generación autoconsumo solar fotovoltaica,2026-05-01T00:00:00.000+02:00,2026-04-30T22:00:00Z,164.537,19
1945,Potencia instalada de generación autoconsumo solar fotovoltaica,2026-05-01T00:00:00.000+02:00,2026-04-30T22:00:00Z,210.914,18
1945,Potencia instalada de generación autoconsumo solar fotovoltaica,2026-05-01T00:00:00.000+02:00,2026-04-30T22:00:00Z,263.284,17
1945,Potencia instalada de generación autoconsumo solar fotovoltaica,2026-05-01T00:00:00.000+02:00,2026-04-30T22:00:00Z,250.899,16
1945,Potencia instalada de generación autoconsumo solar fotovoltaica,2026-05-01T00:00:00.000+02:00,2026-04-30T22:00:00Z,1318.317,15
1945,Potencia instalada de generación autoconsumo solar fotovoltaica,2026-05-01T00:00:00.000+02:00,2026-04-30T22:00:00Z,971.648,13
1945,Potencia instalada de generación autoconsumo solar fotovoltaica,2026-05-01T00:00:00.000+02:00,2026-04-30T22:00:00Z,3.763,8746
1945,Potencia instalada de generación autoconsumo solar fotovoltaica,2026-05-01T00:00:00.000+02:00,2026-04-30T22:00:00Z,71.648,11
1945,Potencia instalada de generación autoconsumo solar fotovoltaica,2026-05-01T00:00:00.000+02:00,2026-04-30T22:00:00Z,1775.044,4
1945,Potencia instalada de generación autoconsumo solar fotovoltaica,2026-05-01T00:00:00.000+02:00,2026-04-30T22:00:00Z,291.306,5
1945,Potencia instalada de generación autoconsumo solar fotovoltaica,2026-05-01T00:00:00.000+02:00,2026-04-30T22:00:00Z,45.572,6
1945,Potencia instalada de generación autoconsumo solar fotovoltaica,2026-05-01T00:00:00.000+02:00,2026-04-30T22:00:00Z,0.036,12
1945,Potencia instalada de generación autoconsumo solar fotovoltaica,2026-05-01T00:00:00.000+02:00,2026-04-30T22:00:00Z,487.879,8
1945,Potencia instalada de generación autoconsumo solar fotovoltaica,2026-05-01T00:00:00.000+02:00,2026-04-30T22:00:00Z,1443.683,9
1945,Potencia instalada de generación autoconsumo solar fotovoltaica,2026-05-01T00:00:00.000+02:00,2026-04-30T22:00:00Z,317.537,10
1945,Potencia instalada de generación autoconsumo solar fotovoltaica,2026-05-01T00:00:00.000+02:00,2026-04-30T22:00:00Z,733.735,7
1945,Potencia instalada de generación autoconsumo solar fotovoltaica,2026-06-01T00:00:00.000+02:00,2026-05-31T22:00:00Z,225.78,14
1945,Potencia instalada de generación autoconsumo solar fotovoltaica,2026-06-01T00:00:00.000+02:00,2026-05-31T22:00:00Z,683.171,21
1945,Potencia instalada de generación autoconsumo solar fotovoltaica,2026-06-01T00:00:00.000+02:00,2026-05-31T22:00:00Z,65.007,20
1945,Potencia instalada de generación autoconsumo solar fotovoltaica,2026-06-01T00:00:00.000+02:00,2026-05-31T22:00:00Z,166.511,19
1945,Potencia instalada de generación autoconsumo solar fotovoltaica,2026-06-01T00:00:00.000+02:00,2026-05-31T22:00:00Z,213.504,18
1945,Potencia instalada de generación autoconsumo solar fotovoltaica,2026-06-01T00:00:00.000+02:00,2026-05-31T22:00:00Z,266.091,17
1945,Potencia instalada de generación autoconsumo solar fotovoltaica,2026-06-01T00:00:00.000+02:00,2026-05-31T22:00:00Z,253.292,16
1945,Potencia instalada de generación autoconsumo solar fotovoltaica,2026-06-01T00:00:00.000+02:00,2026-05-31T22:00:00Z,1331.558,15
1945,Potencia instalada de generación autoconsumo solar fotovoltaica,2026-06-01T00:00:00.000+02:00,2026-05-31T22:00:00Z,3.763,8746
1945,Potencia instalada de generación autoconsumo solar fotovoltaica,2026-06-01T00:00:00.000+02:00,2026-05-31T22:00:00Z,980.12,13
1945,Potencia instalada de generación autoconsumo solar fotovoltaica,2026-06-01T00:00:00.000+02:00,2026-05-31T22:00:00Z,72.109,11
1945,Potencia instalada de generación autoconsumo solar fotovoltaica,2026-06-01T00:00:00.000+02:00,2026-05-31T22:00:00Z,320.815,10
1945,Potencia instalada de generación autoconsumo solar fotovoltaica,2026-06-01T00:00:00.000+02:00,2026-05-31T22:00:00Z,1456.229,9
1945,Potencia instalada de generación autoconsumo solar fotovoltaica,2026-06-01T00:00:00.000+02:00,2026-05-31T22:00:00Z,492.054,8
1945,Potencia instalada de generación autoconsumo solar fotovoltaica,2026-06-01T00:00:00.000+02:00,2026-05-31T22:00:00Z,739.221,7
1945,Potencia instalada de generación autoconsumo solar fotovoltaica,2026-06-01T00:00:00.000+02:00,2026-05-31T22:00:00Z,45.719,6
1945,Potencia instalada de generación autoconsumo solar fotovoltaica,2026-06-01T00:00:00.000+02:00,2026-05-31T22:00:00Z,294.144,5
1945,Potencia instalada de generación autoconsumo solar fotovoltaica,2026-06-01T00:00:00.000+02:00,2026-05-31T22:00:00Z,1792.219,4
1945,Potencia instalada de generación autoconsumo solar fotovoltaica,2026-06-01T00:00:00.000+02:00,2026-05-31T22:00:00Z,0.036,12
1945,Potencia instalada de generación autoconsumo solar fotovoltaica,2026-07-01T00:00:00.000+02:00,2026-06-30T22:00:00Z,1345.391,15
1945,Potencia instalada de generación autoconsumo solar fotovoltaica,2026-07-01T00:00:00.000+02:00,2026-06-30T22:00:00Z,254.99,16
1945,Potencia instalada de generación autoconsumo solar fotovoltaica,2026-07-01T00:00:00.000+02:00,2026-06-30T22:00:00Z,269.218,17
1945,Potencia instalada de generación autoconsumo solar fotovoltaica,2026-07-01T00:00:00.000+02:00,2026-06-30T22:00:00Z,227.666,14
1945,Potencia instalada de generación autoconsumo solar fotovoltaica,2026-07-01T00:00:00.000+02:00,2026-06-30T22:00:00Z,65.781,20
1945,Potencia instalada de generación autoconsumo solar fotovoltaica,2026-07-01T00:00:00.000+02:00,2026-06-30T22:00:00Z,689.429,21
1945,Potencia instalada de generación autoconsumo solar fotovoltaica,2026-07-01T00:00:00.000+02:00,2026-06-30T22:00:00Z,3.928,8746
1945,Potencia instalada de generación autoconsumo solar fotovoltaica,2026-07-01T00:00:00.000+02:00,2026-06-30T22:00:00Z,168.37,19
1945,Potencia instalada de generación autoconsumo solar fotovoltaica,2026-07-01T00:00:00.000+02:00,2026-06-30T22:00:00Z,990.825,13
1945,Potencia instalada de generación autoconsumo solar fotovoltaica,2026-07-01T00:00:00.000+02:00,2026-06-30T22:00:00Z,215.365,18
1945,Potencia instalada de generación autoconsumo solar fotovoltaica,2026-07-01T00:00:00.000+02:00,2026-06-30T22:00:00Z,72.592,11
1945,Potencia instalada de generación autoconsumo solar fotovoltaica,2026-07-01T00:00:00.000+02:00,2026-06-30T22:00:00Z,295.291,5
1945,Potencia instalada de generación autoconsumo solar fotovoltaica,2026-07-01T00:00:00.000+02:00,2026-06-30T22:00:00Z,45.97,6
1945,Potencia instalada de generación autoconsumo solar fotovoltaica,2026-07-01T00:00:00.000+02:00,2026-06-30T22:00:00Z,744.783,7
1945,Potencia instalada de generación autoconsumo solar fotovoltaica,2026-07-01T00:00:00.000+02:00,2026-06-30T22:00:00Z,1802.599,4
1945,Potencia instalada de generación autoconsumo solar fotovoltaica,2026-07-01T00:00:00.000+02:00,2026-06-30T22:00:00Z,500.267,8
1945,Potencia instalada de generación autoconsumo solar fotovoltaica,2026-07-01T00:00:00.000+02:00,2026-06-30T22:00:00Z,1466.544,9
1945,Potencia instalada de generación autoconsumo solar fotovoltaica,2026-07-01T00:00:00.000+02:00,2026-06-30T22:00:00Z,324.659,10
1945,Potencia instalada de generación autoconsumo solar fotovoltaica,2026-07-01T00:00:00.000+02:00,2026-06-30T22:00:00Z,0.036,12
1945,Potencia instalada de generación autoconsumo solar fotovoltaica,2026-08-01T00:00:00.000+02:00,2026-07-31T22:00:00Z,1356.577,15
1945,Potencia instalada de generación autoconsumo solar fotovoltaica,2026-08-01T00:00:00.000+02:00,2026-07-31T22:00:00Z,3.928,8746
1945,Potencia instalada de generación autoconsumo solar fotovoltaica,2026-08-01T00:00:00.000+02:00,2026-07-31T22:00:00Z,696.095,21
1945,Potencia instalada de generación autoconsumo solar fotovoltaica,2026-08-01T00:00:00.000+02:00,2026-07-31T22:00:00Z,66.001,20
1945,Potencia instalada de generación autoconsumo solar fotovoltaica,2026-08-01T00:00:00.000+02:00,2026-07-31T22:00:00Z,170.33,19
1945,Potencia instalada de generación autoconsumo solar fotovoltaica,2026-08-01T00:00:00.000+02:00,2026-07-31T22:00:00Z,216.906,18
1945,Potencia instalada de generación autoconsumo solar fotovoltaica,2026-08-01T00:00:00.000+02:00,2026-07-31T22:00:00Z,270.93,17
1945,Potencia instalada de generación autoconsumo solar fotovoltaica,2026-08-01T00:00:00.000+02:00,2026-07-31T22:00:00Z,257.152,16
1945,Potencia instalada de generación autoconsumo solar fotovoltaica,2026-08-01T00:00:00.000+02:00,2026-07-31T22:00:00Z,228.87,14
1945,Potencia instalada de generación autoconsumo solar fotovoltaica,2026-08-01T00:00:00.000+02:00,2026-07-31T22:00:00Z,997.467,13
1945,Potencia instalada de generación autoconsumo solar fotovoltaica,2026-08-01T00:00:00.000+02:00,2026-07-31T22:00:00Z,0.036,12
1945,Potencia instalada de generación autoconsumo solar fotovoltaica,2026-08-01T00:00:00.000+02:00,2026-07-31T22:00:00Z,296.037,5
1945,Potencia instalada de generación autoconsumo solar fotovoltaica,2026-08-01T00:00:00.000+02:00,2026-07-31T22:00:00Z,46.377,6
1945,Potencia instalada de generación autoconsumo solar fotovoltaica,2026-08-01T00:00:00.000+02:00,2026-07-31T22:00:00Z,756.312,7
1945,Potencia instalada de generación autoconsumo solar fotovoltaica,2026-08-01T00:00:00.000+02:00,2026-07-31T22:00:00Z,1814.311,4
1945,Potencia instalada de generación autoconsumo solar fotovoltaica,2026-08-01T00:00:00.000+02:00,2026-07-31T22:00:00Z,1487.39,9
1945,Potencia instalada de generación autoconsumo solar fotovoltaica,2026-08-01T00:00:00.000+02:00,2026-07-31T22:00:00Z,328.438,10
1945,Potencia instalada de generación autoconsumo solar fotovoltaica,2026-08-01T00:00:00.000+02:00,2026-07-31T22:00:00Z,73.011,11
1945,Potencia instalada de generación autoconsumo solar fotovoltaica,2026-08-01T00:00:00.000+02:00,2026-07-31T22:00:00Z,504.154,8
1945,Potencia instalada de generación autoconsumo solar fotovoltaica,2026-09-01T00:00:00.000+02:00,2026-08-31T22:00:00Z,1366.149,15
1945,Potencia instalada de generación autoconsumo solar fotovoltaica,2026-09-01T00:00:00.000+02:00,2026-08-31T22:00:00Z,702.91,21
1945,Potencia instalada de generación autoconsumo solar fotovoltaica,2026-09-01T00:00:00.000+02:00,2026-08-31T22:00:00Z,66.352,20
1945,Potencia instalada de generación autoconsumo solar fotovoltaica,2026-09-01T00:00:00.000+02:00,2026-08-31T22:00:00Z,170.33,19
1945,Potencia instalada de generación autoconsumo solar fotovoltaica,2026-09-01T00:00:00.000+02:00,2026-08-31T22:00:00Z,216.906,18
1945,Potencia instalada de generación autoconsumo solar fotovoltaica,2026-09-01T00:00:00.000+02:00,2026-08-31T22:00:00Z,3.928,8746
1945,Potencia instalada de generación autoconsumo solar fotovoltaica,2026-09-01T00:00:00.000+02:00,2026-08-31T22:00:00Z,270.965,17
1945,Potencia instalada de generación autoconsumo solar fotovoltaica,2026-09-01T00:00:00.000+02:00,2026-08-31T22:00:00Z,258.149,16
1945,Potencia instalada de generación autoconsumo solar fotovoltaica,2026-09-01T00:00:00.000+02:00,2026-08-31T22:00:00Z,231.355,14
1945,Potencia instalada de generación autoconsumo solar fotovoltaica,2026-09-01T00:00:00.000+02:00,2026-08-31T22:00:00Z,506.838,8
1945,Potencia instalada de generación autoconsumo solar fotovoltaica,2026-09-01T00:00:00.000+02:00,2026-08-31T22:00:00Z,0.036,12
1945,Potencia instalada de generación autoconsumo solar fotovoltaica,2026-09-01T00:00:00.000+02:00,2026-08-31T22:00:00Z,73.011,11
1945,Potencia instalada de generación autoconsumo solar fotovoltaica,2026-09-01T00:00:00.000+02:00,2026-08-31T22:00:00Z,331.376,10
1945,Potencia instalada de generación autoconsumo solar fotovoltaica,2026-09-01T00:00:00.000+02:00,2026-08-31T22:00:00Z,1492.476,9
1945,Potencia instalada de generación autoconsumo solar fotovoltaica,2026-09-01T00:00:00.000+02:00,2026-08-31T22:00:00Z,758.43,7
1945,Potencia instalada de generación autoconsumo solar fotovoltaica,2026-09-01T00:00:00.000+02:00,2026-08-31T22:00:00Z,46.406,6
1945,Potencia instalada de generación autoconsumo solar fotovoltaica,2026-09-01T00:00:00.000+02:00,2026-08-31T22:00:00Z,296.917,5
1945,Potencia instalada de generación autoconsumo solar fotovoltaica,2026-09-01T00:00:00.000+02:00,2026-08-31T22:00:00Z,1814.178,4
1945,Potencia instalada de generación autoconsumo solar fotovoltaica,2026-09-01T00:00:00.000+02:00,2026-08-31T22:00:00Z,1003.12,13
1945,Potencia instalada de generación autoconsumo solar fotovoltaica,2026-10-01T00:00:00.000+02:00,2026-09-30T22:00:00Z,1367.435,15
1945,Potencia instalada de generación autoconsumo solar fotovoltaica,2026-10-01T00:00:00.000+02:00,2026-09-30T22:00:00Z,260.807,16
1945,Potencia instalada de generación autoconsumo solar fotovoltaica,2026-10-01T00:00:00.000+02:00,2026-09-30T22:00:00Z,66.548,20
1945,Potencia instalada de generación autoconsumo solar fotovoltaica,2026-10-01T00:00:00.000+02:00,2026-09-30T22:00:00Z,218.21,18
1945,Potencia instalada de generación autoconsumo solar fotovoltaica,2026-10-01T00:00:00.000+02:00,2026-09-30T22:00:00Z,171.83,19
1945,Potencia instalada de generación autoconsumo solar fotovoltaica,2026-10-01T00:00:00.000+02:00,2026-09-30T22:00:00Z,231.769,14
1945,Potencia instalada de generación autoconsumo solar fotovoltaica,2026-10-01T00:00:00.000+02:00,2026-09-30T22:00:00Z,270.118,17
1945,Potencia instalada de generación autoconsumo solar fotovoltaica,2026-10-01T00:00:00.000+02:00,2026-09-30T22:00:00Z,1004.478,13
1945,Potencia instalada de generación autoconsumo solar fotovoltaica,2026-10-01T00:00:00.000+02:00,2026-09-30T22:00:00Z,507.977,8
1945,Potencia instalada de generación autoconsumo solar fotovoltaica,2026-10-01T00:00:00.000+02:00,2026-09-30T22:00:00Z,73.021,11
1945,Potencia instalada de generación autoconsumo solar fotovoltaica,2026-10-01T00:00:00.000+02:00,2026-09-30T22:00:00Z,331.983,10
1945,Potencia instalada de generación autoconsumo solar fotovoltaica,2026-10-01T00:00:00.000+02:00,2026-09-30T22:00:00Z,1499.923,9
1945,Potencia instalada de generación autoconsumo solar fotovoltaica,2026-10-01T00:00:00.000+02:00,2026-09-30T22:00:00Z,759.886,7
1945,Potencia instalada de generación autoconsumo solar fotovoltaica,2026-10-01T00:00:00.000+02:00,2026-09-30T22:00:00Z,46.409,6
1945,Potencia instalada de generación autoconsumo solar fotovoltaica,2026-10-01T00:00:00.000+02:00,2026-09-30T22:00:00Z,303.645,5
1945,Potencia instalada de generación autoconsumo solar fotovoltaica,2026-10-01T00:00:00.000+02:00,2026-09-30T22:00:00Z,1826.482,4
1945,Potencia instalada de generación autoconsumo solar fotovoltaica,2026-10-01T00:00:00.000+02:00,2026-09-30T22:00:00Z,703.934,21
1945,Potencia instalada de generación autoconsumo solar fotovoltaica,2026-10-01T00:00:00.000+02:00,2026-09-30T22:00:00Z,0.036,12
1945,Potencia instalada de generación autoconsumo solar fotovoltaica,2026-10-01T00:00:00.000+02:00,2026-09-30T22:00:00Z,3.988,8746
1946,Potencia instalada de generación autoconsumo cogeneración,2025-10-01T00:00:00.000+02:00,2025-09-30T22:00:00Z,267.475,4
1946,Potencia instalada de generación autoconsumo cogeneración,2025-10-01T00:00:00.000+02:00,2025-09-30T22:00:00Z,67.196,21
1946,Potencia instalada de generación autoconsumo cogeneración,2025-10-01T00:00:00.000+02:00,2025-09-30T22:00:00Z,0.384,20
1946,Potencia instalada de generación autoconsumo cogeneración,2025-10-01T00:00:00.000+02:00,2025-09-30T22:00:00Z,3.649,18
1946,Potencia instalada de generación autoconsumo cogeneración,2025-10-01T00:00:00.000+02:00,2025-09-30T22:00:00Z,75.419,17
1946,Potencia instalada de generación autoconsumo cogeneración,2025-10-01T00:00:00.000+02:00,2025-09-30T22:00:00Z,221.129,15
1946,Potencia instalada de generación autoconsumo cogeneración,2025-10-01T00:00:00.000+02:00,2025-09-30T22:00:00Z,13.834,14
1946,Potencia instalada de generación autoconsumo cogeneración,2025-10-01T00:00:00.000+02:00,2025-09-30T22:00:00Z,20.996,13
1946,Potencia instalada de generación autoconsumo cogeneración,2025-10-01T00:00:00.000+02:00,2025-09-30T22:00:00Z,3.848,16
1946,Potencia instalada de generación autoconsumo cogeneración,2025-10-01T00:00:00.000+02:00,2025-09-30T22:00:00Z,116.931,10
1946,Potencia instalada de generación autoconsumo cogeneración,2025-10-01T00:00:00.000+02:00,2025-09-30T22:00:00Z,349.795,9
1946,Potencia instalada de generación autoconsumo cogeneración,2025-10-01T00:00:00.000+02:00,2025-09-30T22:00:00Z,104.059,8
1946,Potencia instalada de generación autoconsumo cogeneración,2025-10-01T00:00:00.000+02:00,2025-09-30T22:00:00Z,132.317,7
1946,Potencia instalada de generación autoconsumo cogeneración,2025-10-01T00:00:00.000+02:00,2025-09-30T22:00:00Z,97.21,6
1946,Potencia instalada de generación autoconsumo cogeneración,2025-10-01T00:00:00.000+02:00,2025-09-30T22:00:00Z,137.071,5
1946,Potencia instalada de generación autoconsumo cogeneración,2025-10-01T00:00:00.000+02:00,2025-09-30T22:00:00Z,51.022,11
1946,Potencia instalada de generación autoconsumo cogeneración,2025-11-01T00:00:00.000+01:00,2025-10-31T23:00:00Z,20.044,14
1946,Potencia instalada de generación autoconsumo cogeneración,2025-11-01T00:00:00.000+01:00,2025-10-31T23:00:00Z,60.532,21
1946,Potencia instalada de generación autoconsumo cogeneración,2025-11-01T00:00:00.000+01:00,2025-10-31T23:00:00Z,0.384,20
1946,Potencia instalada de generación autoconsumo cogeneración,2025-11-01T00:00:00.000+01:00,2025-10-31T23:00:00Z,3.649,18
1946,Potencia instalada de generación autoconsumo cogeneración,2025-11-01T00:00:00.000+01:00,2025-10-31T23:00:00Z,75.419,17
1946,Potencia instalada de generación autoconsumo cogeneración,2025-11-01T00:00:00.000+01:00,2025-10-31T23:00:00Z,220.134,15
1946,Potencia instalada de generación autoconsumo cogeneración,2025-11-01T00:00:00.000+01:00,2025-10-31T23:00:00Z,20.996,13
1946,Potencia instalada de generación autoconsumo cogeneración,2025-11-01T00:00:00.000+01:00,2025-10-31T23:00:00Z,3.848,16
1946,Potencia instalada de generación autoconsumo cogeneración,2025-11-01T00:00:00.000+01:00,2025-10-31T23:00:00Z,116.931,10
1946,Potencia instalada de generación autoconsumo cogeneración,2025-11-01T00:00:00.000+01:00,2025-10-31T23:00:00Z,349.795,9
1946,Potencia instalada de generación autoconsumo cogeneración,2025-11-01T00:00:00.000+01:00,2025-10-31T23:00:00Z,93.139,8
1946,Potencia instalada de generación autoconsumo cogeneración,2025-11-01T00:00:00.000+01:00,2025-10-31T23:00:00Z,132.317,7
1946,Potencia instalada de generación autoconsumo cogeneración,2025-11-01T00:00:00.000+01:00,2025-10-31T23:00:00Z,97.21,6
1946,Potencia instalada de generación autoconsumo cogeneración,2025-11-01T00:00:00.000+01:00,2025-10-31T23:00:00Z,137.071,5
1946,Potencia instalada de generación autoconsumo cogeneración,2025-11-01T00:00:00.000+01:00,2025-10-31T23:00:00Z,266.553,4
1946,Potencia instalada de generación autoconsumo cogeneración,2025-11-01T00:00:00.000+01:00,2025-10-31T23:00:00Z,51.022,11
1946,Potencia instalada de generación autoconsumo cogeneración,2025-12-01T00:00:00.000+01:00,2025-11-30T23:00:00Z,60.532,21
1946,Potencia instalada de generación autoconsumo cogeneración,2025-12-01T00:00:00.000+01:00,2025-11-30T23:00:00Z,0.384,20
1946,Potencia instalada de generación autoconsumo cogeneración,2025-12-01T00:00:00.000+01:00,2025-11-30T23:00:00Z,3.649,18
1946,Potencia instalada de generación autoconsumo cogeneración,2025-12-01T00:00:00.000+01:00,2025-11-30T23:00:00Z,75.419,17
1946,Potencia instalada de generación autoconsumo cogeneración,2025-12-01T00:00:00.000+01:00,2025-11-30T23:00:00Z,3.848,16
1946,Potencia instalada de generación autoconsumo cogeneración,2025-12-01T00:00:00.000+01:00,2025-11-30T23:00:00Z,220.134,15
1946,Potencia instalada de generación autoconsumo cogeneración,2025-12-01T00:00:00.000+01:00,2025-11-30T23:00:00Z,20.044,14
1946,Potencia instalada de generación autoconsumo cogeneración,2025-12-01T00:00:00.000+01:00,2025-11-30T23:00:00Z,20.996,13
1946,Potencia instalada de generación autoconsumo cogeneración,2025-12-01T00:00:00.000+01:00,2025-11-30T23:00:00Z,51.022,11
1946,Potencia instalada de generación autoconsumo cogeneración,2025-12-01T00:00:00.000+01:00,2025-11-30T23:00:00Z,344.599,9
1946,Potencia instalada de generación autoconsumo cogeneración,2025-12-01T00:00:00.000+01:00,2025-11-30T23:00:00Z,93.139,8
1946,Potencia instalada de generación autoconsumo cogeneración,2025-12-01T00:00:00.000+01:00,2025-11-30T23:00:00Z,132.317,7
1946,Potencia instalada de generación autoconsumo cogeneración,2025-12-01T00:00:00.000+01:00,2025-11-30T23:00:00Z,97.21,6
1946,Potencia instalada de generación autoconsumo cogeneración,2025-12-01T00:00:00.000+01:00,2025-11-30T23:00:00Z,137.071,5
1946,Potencia instalada de generación autoconsumo cogeneración,2025-12-01T00:00:00.000+01:00,2025-11-30T23:00:00Z,266.553,4
1946,Potencia instalada de generación autoconsumo cogeneración,2025-12-01T00:00:00.000+01:00,2025-11-30T23:00:00Z,116.931,10
1946,Potencia instalada de generación autoconsumo cogeneración,2026-01-01T00:00:00.000+01:00,2025-12-31T23:00:00Z,20.044,14
1946,Potencia instalada de generación autoconsumo cogeneración,2026-01-01T00:00:00.000+01:00,2025-12-31T23:00:00Z,60.532,21
1946,Potencia instalada de generación autoconsumo cogeneración,2026-01-01T00:00:00.000+01:00,2025-12-31T23:00:00Z,0.384,20
1946,Potencia instalada de generación autoconsumo cogeneración,2026-01-01T00:00:00.000+01:00,2025-12-31T23:00:00Z,3.649,18
1946,Potencia instalada de generación autoconsumo cogeneración,2026-01-01T00:00:00.000+01:00,2025-12-31T23:00:00Z,75.419,17
1946,Potencia instalada de generación autoconsumo cogeneración,2026-01-01T00:00:00.000+01:00,2025-12-31T23:00:00Z,3.848,16
1946,Potencia instalada de generación autoconsumo cogeneración,2026-01-01T00:00:00.000+01:00,2025-12-31T23:00:00Z,220.134,15
1946,Potencia instalada de generación autoconsumo cogeneración,2026-01-01T00:00:00.000+01:00,2025-12-31T23:00:00Z,21.01,13
1946,Potencia instalada de generación autoconsumo cogeneración,2026-01-01T00:00:00.000+01:00,2025-12-31T23:00:00Z,125.298,7
1946,Potencia instalada de generación autoconsumo cogeneración,2026-01-01T00:00:00.000+01:00,2025-12-31T23:00:00Z,116.931,10
1946,Potencia instalada de generación autoconsumo cogeneración,2026-01-01T00:00:00.000+01:00,2025-12-31T23:00:00Z,428.169,9
1946,Potencia instalada de generación autoconsumo cogeneración,2026-01-01T00:00:00.000+01:00,2025-12-31T23:00:00Z,93.139,8
1946,Potencia instalada de generación autoconsumo cogeneración,2026-01-01T00:00:00.000+01:00,2025-12-31T23:00:00Z,51.022,11
1946,Potencia instalada de generación autoconsumo cogeneración,2026-01-01T00:00:00.000+01:00,2025-12-31T23:00:00Z,97.21,6
1946,Potencia instalada de generación autoconsumo cogeneración,2026-01-01T00:00:00.000+01:00,2025-12-31T23:00:00Z,137.571,5
1946,Potencia instalada de generación autoconsumo cogeneración,2026-01-01T00:00:00.000+01:00,2025-12-31T23:00:00Z,266.553,4
1946,Potencia instalada de generación autoconsumo cogeneración,2026-02-01T00:00:00.000+01:00,2026-01-31T23:00:00Z,60.532,21
1946,Potencia instalada de generación autoconsumo cogeneración,2026-02-01T00:00:00.000+01:00,2026-01-31T23:00:00Z,0.384,20
1946,Potencia instalada de generación autoconsumo cogeneración,2026-02-01T00:00:00.000+01:00,2026-01-31T23:00:00Z,3.649,18
1946,Potencia instalada de generación autoconsumo cogeneración,2026-02-01T00:00:00.000+01:00,2026-01-31T23:00:00Z,75.419,17
1946,Potencia instalada de generación autoconsumo cogeneración,2026-02-01T00:00:00.000+01:00,2026-01-31T23:00:00Z,3.848,16
1946,Potencia instalada de generación autoconsumo cogeneración,2026-02-01T00:00:00.000+01:00,2026-01-31T23:00:00Z,220.134,15
1946,Potencia instalada de generación autoconsumo cogeneración,2026-02-01T00:00:00.000+01:00,2026-01-31T23:00:00Z,20.044,14
1946,Potencia instalada de generación autoconsumo cogeneración,2026-02-01T00:00:00.000+01:00,2026-01-31T23:00:00Z,21.01,13
1946,Potencia instalada de generación autoconsumo cogeneración,2026-02-01T00:00:00.000+01:00,2026-01-31T23:00:00Z,116.931,10
1946,Potencia instalada de generación autoconsumo cogeneración,2026-02-01T00:00:00.000+01:00,2026-01-31T23:00:00Z,427.174,9
1946,Potencia instalada de generación autoconsumo cogeneración,2026-02-01T00:00:00.000+01:00,2026-01-31T23:00:00Z,93.139,8
1946,Potencia instalada de generación autoconsumo cogeneración,2026-02-01T00:00:00.000+01:00,2026-01-31T23:00:00Z,125.298,7
1946,Potencia instalada de generación autoconsumo cogeneración,2026-02-01T00:00:00.000+01:00,2026-01-31T23:00:00Z,97.21,6
1946,Potencia instalada de generación autoconsumo cogeneración,2026-02-01T00:00:00.000+01:00,2026-01-31T23:00:00Z,162.316,5
1946,Potencia instalada de generación autoconsumo cogeneración,2026-02-01T00:00:00.000+01:00,2026-01-31T23:00:00Z,266.553,4
1946,Potencia instalada de generación autoconsumo cogeneración,2026-02-01T00:00:00.000+01:00,2026-01-31T23:00:00Z,51.022,11
1946,Potencia instalada de generación autoconsumo cogeneración,2026-03-01T00:00:00.000+01:00,2026-02-28T23:00:00Z,18.046,14
1946,Potencia instalada de generación autoconsumo cogeneración,2026-03-01T00:00:00.000+01:00,2026-02-28T23:00:00Z,58.532,21
1946,Potencia instalada de generación autoconsumo cogeneración,2026-03-01T00:00:00.000+01:00,2026-02-28T23:00:00Z,0.384,20
1946,Potencia instalada de generación autoconsumo cogeneración,2026-03-01T00:00:00.000+01:00,2026-02-28T23:00:00Z,3.649,18
1946,Potencia instalada de generación autoconsumo cogeneración,2026-03-01T00:00:00.000+01:00,2026-02-28T23:00:00Z,73.445,17
1946,Potencia instalada de generación autoconsumo cogeneración,2026-03-01T00:00:00.000+01:00,2026-02-28T23:00:00Z,3.848,16
1946,Potencia instalada de generación autoconsumo cogeneración,2026-03-01T00:00:00.000+01:00,2026-02-28T23:00:00Z,212.907,15
1946,Potencia instalada de generación autoconsumo cogeneración,2026-03-01T00:00:00.000+01:00,2026-02-28T23:00:00Z,18.568,13
1946,Potencia instalada de generación autoconsumo cogeneración,2026-03-01T00:00:00.000+01:00,2026-02-28T23:00:00Z,232.953,4
1946,Potencia instalada de generación autoconsumo cogeneración,2026-03-01T00:00:00.000+01:00,2026-02-28T23:00:00Z,116.931,10
1946,Potencia instalada de generación autoconsumo cogeneración,2026-03-01T00:00:00.000+01:00,2026-02-28T23:00:00Z,410.444,9
1946,Potencia instalada de generación autoconsumo cogeneración,2026-03-01T00:00:00.000+01:00,2026-02-28T23:00:00Z,93.139,8
1946,Potencia instalada de generación autoconsumo cogeneración,2026-03-01T00:00:00.000+01:00,2026-02-28T23:00:00Z,97.384,7
1946,Potencia instalada de generación autoconsumo cogeneración,2026-03-01T00:00:00.000+01:00,2026-02-28T23:00:00Z,97.21,6
1946,Potencia instalada de generación autoconsumo cogeneración,2026-03-01T00:00:00.000+01:00,2026-02-28T23:00:00Z,162.316,5
1946,Potencia instalada de generación autoconsumo cogeneración,2026-03-01T00:00:00.000+01:00,2026-02-28T23:00:00Z,51.022,11
1946,Potencia instalada de generación autoconsumo cogeneración,2026-04-01T00:00:00.000+02:00,2026-03-31T22:00:00Z,18.046,14
1946,Potencia instalada de generación autoconsumo cogeneración,2026-04-01T00:00:00.000+02:00,2026-03-31T22:00:00Z,58.532,21
1946,Potencia instalada de generación autoconsumo cogeneración,2026-04-01T00:00:00.000+02:00,2026-03-31T22:00:00Z,0.384,20
1946,Potencia instalada de generación autoconsumo cogeneración,2026-04-01T00:00:00.000+02:00,2026-03-31T22:00:00Z,3.649,18
1946,Potencia instalada de generación autoconsumo cogeneración,2026-04-01T00:00:00.000+02:00,2026-03-31T22:00:00Z,73.445,17
1946,Potencia instalada de generación autoconsumo cogeneración,2026-04-01T00:00:00.000+02:00,2026-03-31T22:00:00Z,3.848,16
1946,Potencia instalada de generación autoconsumo cogeneración,2026-04-01T00:00:00.000+02:00,2026-03-31T22:00:00Z,212.907,15
1946,Potencia instalada de generación autoconsumo cogeneración,2026-04-01T00:00:00.000+02:00,2026-03-31T22:00:00Z,18.568,13
1946,Potencia instalada de generación autoconsumo cogeneración,2026-04-01T00:00:00.000+02:00,2026-03-31T22:00:00Z,75.022,11
1946,Potencia instalada de generación autoconsumo cogeneración,2026-04-01T00:00:00.000+02:00,2026-03-31T22:00:00Z,116.931,10
1946,Potencia instalada de generación autoconsumo cogeneración,2026-04-01T00:00:00.000+02:00,2026-03-31T22:00:00Z,410.444,9
1946,Potencia instalada de generación autoconsumo cogeneración,2026-04-01T00:00:00.000+02:00,2026-03-31T22:00:00Z,93.139,8
1946,Potencia instalada de generación autoconsumo cogeneración,2026-04-01T00:00:00.000+02:00,2026-03-31T22:00:00Z,97.384,7
1946,Potencia instalada de generación autoconsumo cogeneración,2026-04-01T00:00:00.000+02:00,2026-03-31T22:00:00Z,97.21,6
1946,Potencia instalada de generación autoconsumo cogeneración,2026-04-01T00:00:00.000+02:00,2026-03-31T22:00:00Z,162.316,5
1946,Potencia instalada de generación autoconsumo cogeneración,2026-04-01T00:00:00.000+02:00,2026-03-31T22:00:00Z,232.953,4
1946,Potencia instalada de generación autoconsumo cogeneración,2026-05-01T00:00:00.000+02:00,2026-04-30T22:00:00Z,0.384,20
1946,Potencia instalada de generación autoconsumo cogeneración,2026-05-01T00:00:00.000+02:00,2026-04-30T22:00:00Z,3.649,18
1946,Potencia instalada de generación autoconsumo cogeneración,2026-05-01T00:00:00.000+02:00,2026-04-30T22:00:00Z,73.445,17
1946,Potencia instalada de generación autoconsumo cogeneración,2026-05-01T00:00:00.000+02:00,2026-04-30T22:00:00Z,3.848,16
1946,Potencia instalada de generación autoconsumo cogeneración,2026-05-01T00:00:00.000+02:00,2026-04-30T22:00:00Z,213.733,15
1946,Potencia instalada de generación autoconsumo cogeneración,2026-05-01T00:00:00.000+02:00,2026-04-30T22:00:00Z,18.046,14
1946,Potencia instalada de generación autoconsumo cogeneración,2026-05-01T00:00:00.000+02:00,2026-04-30T22:00:00Z,18.568,13
1946,Potencia instalada de generación autoconsumo cogeneración,2026-05-01T00:00:00.000+02:00,2026-04-30T22:00:00Z,58.532,21
1946,Potencia instalada de generación autoconsumo cogeneración,2026-05-01T00:00:00.000+02:00,2026-04-30T22:00:00Z,116.931,10
1946,Potencia instalada de generación autoconsumo cogeneración,2026-05-01T00:00:00.000+02:00,2026-04-30T22:00:00Z,410.444,9
1946,Potencia instalada de generación autoconsumo cogeneración,2026-05-01T00:00:00.000+02:00,2026-04-30T22:00:00Z,93.139,8
1946,Potencia instalada de generación autoconsumo cogeneración,2026-05-01T00:00:00.000+02:00,2026-04-30T22:00:00Z,97.384,7
1946,Potencia instalada de generación autoconsumo cogeneración,2026-05-01T00:00:00.000+02:00,2026-04-30T22:00:00Z,97.21,6
1946,Potencia instalada de generación autoconsumo cogeneración,2026-05-01T00:00:00.000+02:00,2026-04-30T22:00:00Z,162.316,5
1946,Potencia instalada de generación autoconsumo cogeneración,2026-05-01T00:00:00.000+02:00,2026-04-30T22:00:00Z,232.953,4
1946,Potencia instalada de generación autoconsumo cogeneración,2026-05-01T00:00:00.000+02:00,2026-04-30T22:00:00Z,75.022,11
1946,Potencia instalada de generación autoconsumo cogeneración,2026-06-01T00:00:00.000+02:00,2026-05-31T22:00:00Z,58.532,21
1946,Potencia instalada de generación autoconsumo cogeneración,2026-06-01T00:00:00.000+02:00,2026-05-31T22:00:00Z,0.384,20
1946,Potencia instalada de generación autoconsumo cogeneración,2026-06-01T00:00:00.000+02:00,2026-05-31T22:00:00Z,3.649,18
1946,Potencia instalada de generación autoconsumo cogeneración,2026-06-01T00:00:00.000+02:00,2026-05-31T22:00:00Z,73.445,17
1946,Potencia instalada de generación autoconsumo cogeneración,2026-06-01T00:00:00.000+02:00,2026-05-31T22:00:00Z,3.848,16
1946,Potencia instalada de generación autoconsumo cogeneración,2026-06-01T00:00:00.000+02:00,2026-05-31T22:00:00Z,213.74,15
1946,Potencia instalada de generación autoconsumo cogeneración,2026-06-01T00:00:00.000+02:00,2026-05-31T22:00:00Z,18.046,14
1946,Potencia instalada de generación autoconsumo cogeneración,2026-06-01T00:00:00.000+02:00,2026-05-31T22:00:00Z,18.568,13
1946,Potencia instalada de generación autoconsumo cogeneración,2026-06-01T00:00:00.000+02:00,2026-05-31T22:00:00Z,75.022,11
1946,Potencia instalada de generación autoconsumo cogeneración,2026-06-01T00:00:00.000+02:00,2026-05-31T22:00:00Z,401.524,9
1946,Potencia instalada de generación autoconsumo cogeneración,2026-06-01T00:00:00.000+02:00,2026-05-31T22:00:00Z,93.139,8
1946,Potencia instalada de generación autoconsumo cogeneración,2026-06-01T00:00:00.000+02:00,2026-05-31T22:00:00Z,97.384,7
1946,Potencia instalada de generación autoconsumo cogeneración,2026-06-01T00:00:00.000+02:00,2026-05-31T22:00:00Z,97.21,6
1946,Potencia instalada de generación autoconsumo cogeneración,2026-06-01T00:00:00.000+02:00,2026-05-31T22:00:00Z,162.316,5
1946,Potencia instalada de generación autoconsumo cogeneración,2026-06-01T00:00:00.000+02:00,2026-05-31T22:00:00Z,232.953,4
1946,Potencia instalada de generación autoconsumo cogeneración,2026-06-01T00:00:00.000+02:00,2026-05-31T22:00:00Z,116.931,10
1946,Potencia instalada de generación autoconsumo cogeneración,2026-07-01T00:00:00.000+02:00,2026-06-30T22:00:00Z,18.046,14
1946,Potencia instalada de generación autoconsumo cogeneración,2026-07-01T00:00:00.000+02:00,2026-06-30T22:00:00Z,58.532,21
1946,Potencia instalada de generación autoconsumo cogeneración,2026-07-01T00:00:00.000+02:00,2026-06-30T22:00:00Z,0.384,20
1946,Potencia instalada de generación autoconsumo cogeneración,2026-07-01T00:00:00.000+02:00,2026-06-30T22:00:00Z,3.649,18
1946,Potencia instalada de generación autoconsumo cogeneración,2026-07-01T00:00:00.000+02:00,2026-06-30T22:00:00Z,3.848,16
1946,Potencia instalada de generación autoconsumo cogeneración,2026-07-01T00:00:00.000+02:00,2026-06-30T22:00:00Z,213.74,15
1946,Potencia instalada de generación autoconsumo cogeneración,2026-07-01T00:00:00.000+02:00,2026-06-30T22:00:00Z,18.576,13
1946,Potencia instalada de generación autoconsumo cogeneración,2026-07-01T00:00:00.000+02:00,2026-06-30T22:00:00Z,73.445,17
1946,Potencia instalada de generación autoconsumo cogeneración,2026-07-01T00:00:00.000+02:00,2026-06-30T22:00:00Z,116.931,10
1946,Potencia instalada de generación autoconsumo cogeneración,2026-07-01T00:00:00.000+02:00,2026-06-30T22:00:00Z,396.134,9
1946,Potencia instalada de generación autoconsumo cogeneración,2026-07-01T00:00:00.000+02:00,2026-06-30T22:00:00Z,93.139,8
1946,Potencia instalada de generación autoconsumo cogeneración,2026-07-01T00:00:00.000+02:00,2026-06-30T22:00:00Z,97.394,7
1946,Potencia instalada de generación autoconsumo cogeneración,2026-07-01T00:00:00.000+02:00,2026-06-30T22:00:00Z,75.022,11
1946,Potencia instalada de generación autoconsumo cogeneración,2026-07-01T00:00:00.000+02:00,2026-06-30T22:00:00Z,97.21,6
1946,Potencia instalada de generación autoconsumo cogeneración,2026-07-01T00:00:00.000+02:00,2026-06-30T22:00:00Z,162.316,5
1946,Potencia instalada de generación autoconsumo cogeneración,2026-07-01T00:00:00.000+02:00,2026-06-30T22:00:00Z,232.953,4
1946,Potencia instalada de generación autoconsumo cogeneración,2026-08-01T00:00:00.000+02:00,2026-07-31T22:00:00Z,58.532,21
1946,Potencia instalada de generación autoconsumo cogeneración,2026-08-01T00:00:00.000+02:00,2026-07-31T22:00:00Z,0.384,20
1946,Potencia instalada de generación autoconsumo cogeneración,2026-08-01T00:00:00.000+02:00,2026-07-31T22:00:00Z,3.649,18
1946,Potencia instalada de generación autoconsumo cogeneración,2026-08-01T00:00:00.000+02:00,2026-07-31T22:00:00Z,73.445,17
1946,Potencia instalada de generación autoconsumo cogeneración,2026-08-01T00:00:00.000+02:00,2026-07-31T22:00:00Z,3.848,16
1946,Potencia instalada de generación autoconsumo cogeneración,2026-08-01T00:00:00.000+02:00,2026-07-31T22:00:00Z,213.74,15
1946,Potencia instalada de generación autoconsumo cogeneración,2026-08-01T00:00:00.000+02:00,2026-07-31T22:00:00Z,18.046,14
1946,Potencia instalada de generación autoconsumo cogeneración,2026-08-01T00:00:00.000+02:00,2026-07-31T22:00:00Z,18.587,13
1946,Potencia instalada de generación autoconsumo cogeneración,2026-08-01T00:00:00.000+02:00,2026-07-31T22:00:00Z,75.022,11
1946,Potencia instalada de generación autoconsumo cogeneración,2026-08-01T00:00:00.000+02:00,2026-07-31T22:00:00Z,116.931,10
1946,Potencia instalada de generación autoconsumo cogeneración,2026-08-01T00:00:00.000+02:00,2026-07-31T22:00:00Z,396.134,9
1946,Potencia instalada de generación autoconsumo cogeneración,2026-08-01T00:00:00.000+02:00,2026-07-31T22:00:00Z,93.139,8
1946,Potencia instalada de generación autoconsumo cogeneración,2026-08-01T00:00:00.000+02:00,2026-07-31T22:00:00Z,97.399,7
1946,Potencia instalada de generación autoconsumo cogeneración,2026-08-01T00:00:00.000+02:00,2026-07-31T22:00:00Z,97.21,6
1946,Potencia instalada de generación autoconsumo cogeneración,2026-08-01T00:00:00.000+02:00,2026-07-31T22:00:00Z,160.316,5
1946,Potencia instalada de generación autoconsumo cogeneración,2026-08-01T00:00:00.000+02:00,2026-07-31T22:00:00Z,214.509,4
1946,Potencia instalada de generación autoconsumo cogeneración,2026-09-01T00:00:00.000+02:00,2026-08-31T22:00:00Z,0.384,20
1946,Potencia instalada de generación autoconsumo cogeneración,2026-09-01T00:00:00.000+02:00,2026-08-31T22:00:00Z,3.649,18
1946,Potencia instalada de generación autoconsumo cogeneración,2026-09-01T00:00:00.000+02:00,2026-08-31T22:00:00Z,73.445,17
1946,Potencia instalada de generación autoconsumo cogeneración,2026-09-01T00:00:00.000+02:00,2026-08-31T22:00:00Z,58.532,21
1946,Potencia instalada de generación autoconsumo cogeneración,2026-09-01T00:00:00.000+02:00,2026-08-31T22:00:00Z,3.848,16
1946,Potencia instalada de generación autoconsumo cogeneración,2026-09-01T00:00:00.000+02:00,2026-08-31T22:00:00Z,213.74,15
1946,Potencia instalada de generación autoconsumo cogeneración,2026-09-01T00:00:00.000+02:00,2026-08-31T22:00:00Z,18.046,14
1946,Potencia instalada de generación autoconsumo cogeneración,2026-09-01T00:00:00.000+02:00,2026-08-31T22:00:00Z,18.587,13
1946,Potencia instalada de generación autoconsumo cogeneración,2026-09-01T00:00:00.000+02:00,2026-08-31T22:00:00Z,97.399,7
1946,Potencia instalada de generación autoconsumo cogeneración,2026-09-01T00:00:00.000+02:00,2026-08-31T22:00:00Z,116.931,10
1946,Potencia instalada de generación autoconsumo cogeneración,2026-09-01T00:00:00.000+02:00,2026-08-31T22:00:00Z,396.134,9
1946,Potencia instalada de generación autoconsumo cogeneración,2026-09-01T00:00:00.000+02:00,2026-08-31T22:00:00Z,93.139,8
1946,Potencia instalada de generación autoconsumo cogeneración,2026-09-01T00:00:00.000+02:00,2026-08-31T22:00:00Z,97.21,6
1946,Potencia instalada de generación autoconsumo cogeneración,2026-09-01T00:00:00.000+02:00,2026-08-31T22:00:00Z,160.316,5
1946,Potencia instalada de generación autoconsumo cogeneración,2026-09-01T00:00:00.000+02:00,2026-08-31T22:00:00Z,214.509,4
1946,Potencia instalada de generación autoconsumo cogeneración,2026-09-01T00:00:00.000+02:00,2026-08-31T22:00:00Z,75.022,11
1946,Potencia instalada de generación autoconsumo cogeneración,2026-10-01T00:00:00.000+02:00,2026-09-30T22:00:00Z,3.649,18
1946,Potencia instalada de generación autoconsumo cogeneración,2026-10-01T00:00:00.000+02:00,2026-09-30T22:00:00Z,73.445,17
1946,Potencia instalada de generación autoconsumo cogeneración,2026-10-01T00:00:00.000+02:00,2026-09-30T22:00:00Z,3.848,16
1946,Potencia instalada de generación autoconsumo cogeneración,2026-10-01T00:00:00.000+02:00,2026-09-30T22:00:00Z,213.74,15
1946,Potencia instalada de generación autoconsumo cogeneración,2026-10-01T00:00:00.000+02:00,2026-09-30T22:00:00Z,18.046,14
1946,Potencia instalada de generación autoconsumo cogeneración,2026-10-01T00:00:00.000+02:00,2026-09-30T22:00:00Z,18.595,13
1946,Potencia instalada de generación autoconsumo cogeneración,2026-10-01T00:00:00.000+02:00,2026-09-30T22:00:00Z,75.022,11
1946,Potencia instalada de generación autoconsumo cogeneración,2026-10-01T00:00:00.000+02:00,2026-09-30T22:00:00Z,93.139,8
1946,Potencia instalada de generación autoconsumo cogeneración,2026-10-01T00:00:00.000+02:00,2026-09-30T22:00:00Z,388.793,9
1946,Potencia instalada de generación autoconsumo cogeneración,2026-10-01T00:00:00.000+02:00,2026-09-30T22:00:00Z,97.399,7
1946,Potencia instalada de generación autoconsumo cogeneración,2026-10-01T00:00:00.000+02:00,2026-09-30T22:00:00Z,97.21,6
1946,Potencia instalada de generación autoconsumo cogeneración,2026-10-01T00:00:00.000+02:00,2026-09-30T22:00:00Z,160.316,5
1946,Potencia instalada de generación autoconsumo cogeneración,2026-10-01T00:00:00.000+02:00,2026-09-30T22:00:00Z,214.509,4
1946,Potencia instalada de generación autoconsumo cogeneración,2026-10-01T00:00:00.000+02:00,2026-09-30T22:00:00Z,0.384,20
1946,Potencia instalada de generación autoconsumo cogeneración,2026-10-01T00:00:00.000+02:00,2026-09-30T22:00:00Z,116.931,10
1946,Potencia instalada de generación autoconsumo cogeneración,2026-10-01T00:00:00.000+02:00,2026-09-30T22:00:00Z,58.532,21
1947,Potencia instalada de generación autoconsumo otras renovables,2025-10-01T00:00:00.000+02:00,2025-09-30T22:00:00Z,121.495,4
1947,Potencia instalada de generación autoconsumo otras renovables,2025-10-01T00:00:00.000+02:00,2025-09-30T22:00:00Z,0.35,21
1947,Potencia instalada de generación autoconsumo otras renovables,2025-10-01T00:00:00.000+02:00,2025-09-30T22:00:00Z,2.287,20
1947,Potencia instalada de generación autoconsumo otras renovables,2025-10-01T00:00:00.000+02:00,2025-09-30T22:00:00Z,5.012,19
1947,Potencia instalada de generación autoconsumo otras renovables,2025-10-01T00:00:00.000+02:00,2025-09-30T22:00:00Z,7.916,18
1947,Potencia instalada de generación autoconsumo otras renovables,2025-10-01T00:00:00.000+02:00,2025-09-30T22:00:00Z,0.03,16
1947,Potencia instalada de generación autoconsumo otras renovables,2025-10-01T00:00:00.000+02:00,2025-09-30T22:00:00Z,1.356,15
1947,Potencia instalada de generación autoconsumo otras renovables,2025-10-01T00:00:00.000+02:00,2025-09-30T22:00:00Z,3.016,14
1947,Potencia instalada de generación autoconsumo otras renovables,2025-10-01T00:00:00.000+02:00,2025-09-30T22:00:00Z,6.7,17
1947,Potencia instalada de generación autoconsumo otras renovables,2025-10-01T00:00:00.000+02:00,2025-09-30T22:00:00Z,0.368,11
1947,Potencia instalada de generación autoconsumo otras renovables,2025-10-01T00:00:00.000+02:00,2025-09-30T22:00:00Z,6.245,10
1947,Potencia instalada de generación autoconsumo otras renovables,2025-10-01T00:00:00.000+02:00,2025-09-30T22:00:00Z,81.906,9
1947,Potencia instalada de generación autoconsumo otras renovables,2025-10-01T00:00:00.000+02:00,2025-09-30T22:00:00Z,21.691,8
1947,Potencia instalada de generación autoconsumo otras renovables,2025-10-01T00:00:00.000+02:00,2025-09-30T22:00:00Z,1.05,7
1947,Potencia instalada de generación autoconsumo otras renovables,2025-10-01T00:00:00.000+02:00,2025-09-30T22:00:00Z,51.457,5
1947,Potencia instalada de generación autoconsumo otras renovables,2025-10-01T00:00:00.000+02:00,2025-09-30T22:00:00Z,3.461,13
1947,Potencia instalada de generación autoconsumo otras renovables,2025-11-01T00:00:00.000+01:00,2025-10-31T23:00:00Z,1.356,15
1947,Potencia instalada de generación autoconsumo otras renovables,2025-11-01T00:00:00.000+01:00,2025-10-31T23:00:00Z,0.35,21
1947,Potencia instalada de generación autoconsumo otras renovables,2025-11-01T00:00:00.000+01:00,2025-10-31T23:00:00Z,2.287,20
1947,Potencia instalada de generación autoconsumo otras renovables,2025-11-01T00:00:00.000+01:00,2025-10-31T23:00:00Z,5.012,19
1947,Potencia instalada de generación autoconsumo otras renovables,2025-11-01T00:00:00.000+01:00,2025-10-31T23:00:00Z,7.916,18
1947,Potencia instalada de generación autoconsumo otras renovables,2025-11-01T00:00:00.000+01:00,2025-10-31T23:00:00Z,0.03,16
1947,Potencia instalada de generación autoconsumo otras renovables,2025-11-01T00:00:00.000+01:00,2025-10-31T23:00:00Z,3.176,14
1947,Potencia instalada de generación autoconsumo otras renovables,2025-11-01T00:00:00.000+01:00,2025-10-31T23:00:00Z,6.7,17
1947,Potencia instalada de generación autoconsumo otras renovables,2025-11-01T00:00:00.000+01:00,2025-10-31T23:00:00Z,0.368,11
1947,Potencia instalada de generación autoconsumo otras renovables,2025-11-01T00:00:00.000+01:00,2025-10-31T23:00:00Z,6.245,10
1947,Potencia instalada de generación autoconsumo otras renovables,2025-11-01T00:00:00.000+01:00,2025-10-31T23:00:00Z,81.906,9
1947,Potencia instalada de generación autoconsumo otras renovables,2025-11-01T00:00:00.000+01:00,2025-10-31T23:00:00Z,21.691,8
1947,Potencia instalada de generación autoconsumo otras renovables,2025-11-01T00:00:00.000+01:00,2025-10-31T23:00:00Z,1.05,7
1947,Potencia instalada de generación autoconsumo otras renovables,2025-11-01T00:00:00.000+01:00,2025-10-31T23:00:00Z,51.457,5
1947,Potencia instalada de generación autoconsumo otras renovables,2025-11-01T00:00:00.000+01:00,2025-10-31T23:00:00Z,121.495,4
1947,Potencia instalada de generación autoconsumo otras renovables,2025-11-01T00:00:00.000+01:00,2025-10-31T23:00:00Z,3.461,13
1947,Potencia instalada de generación autoconsumo otras renovables,2025-12-01T00:00:00.000+01:00,2025-11-30T23:00:00Z,0.35,21
1947,Potencia instalada de generación autoconsumo otras renovables,2025-12-01T00:00:00.000+01:00,2025-11-30T23:00:00Z,2.287,20
1947,Potencia instalada de generación autoconsumo otras renovables,2025-12-01T00:00:00.000+01:00,2025-11-30T23:00:00Z,5.012,19
1947,Potencia instalada de generación autoconsumo otras renovables,2025-12-01T00:00:00.000+01:00,2025-11-30T23:00:00Z,7.916,18
1947,Potencia instalada de generación autoconsumo otras renovables,2025-12-01T00:00:00.000+01:00,2025-11-30T23:00:00Z,6.7,17
1947,Potencia instalada de generación autoconsumo otras renovables,2025-12-01T00:00:00.000+01:00,2025-11-30T23:00:00Z,0.03,16
1947,Potencia instalada de generación autoconsumo otras renovables,2025-12-01T00:00:00.000+01:00,2025-11-30T23:00:00Z,1.356,15
1947,Potencia instalada de generación autoconsumo otras renovables,2025-12-01T00:00:00.000+01:00,2025-11-30T23:00:00Z,3.176,14
1947,Potencia instalada de generación autoconsumo otras renovables,2025-12-01T00:00:00.000+01:00,2025-11-30T23:00:00Z,3.461,13
1947,Potencia instalada de generación autoconsumo otras renovables,2025-12-01T00:00:00.000+01:00,2025-11-30T23:00:00Z,6.245,10
1947,Potencia instalada de generación autoconsumo otras renovables,2025-12-01T00:00:00.000+01:00,2025-11-30T23:00:00Z,81.906,9
1947,Potencia instalada de generación autoconsumo otras renovables,2025-12-01T00:00:00.000+01:00,2025-11-30T23:00:00Z,21.691,8
1947,Potencia instalada de generación autoconsumo otras renovables,2025-12-01T00:00:00.000+01:00,2025-11-30T23:00:00Z,1.05,7
1947,Potencia instalada de generación autoconsumo otras renovables,2025-12-01T00:00:00.000+01:00,2025-11-30T23:00:00Z,51.457,5
1947,Potencia instalada de generación autoconsumo otras renovables,2025-12-01T00:00:00.000+01:00,2025-11-30T23:00:00Z,121.495,4
1947,Potencia instalada de generación autoconsumo otras renovables,2025-12-01T00:00:00.000+01:00,2025-11-30T23:00:00Z,0.368,11
1947,Potencia instalada de generación autoconsumo otras renovables,2026-01-01T00:00:00.000+01:00,2025-12-31T23:00:00Z,1.356,15
1947,Potencia instalada de generación autoconsumo otras renovables,2026-01-01T00:00:00.000+01:00,2025-12-31T23:00:00Z,0.35,21
1947,Potencia instalada de generación autoconsumo otras renovables,2026-01-01T00:00:00.000+01:00,2025-12-31T23:00:00Z,2.287,20
1947,Potencia instalada de generación autoconsumo otras renovables,2026-01-01T00:00:00.000+01:00,2025-12-31T23:00:00Z,5.012,19
1947,Potencia instalada de generación autoconsumo otras renovables,2026-01-01T00:00:00.000+01:00,2025-12-31T23:00:00Z,7.916,18
1947,Potencia instalada de generación autoconsumo otras renovables,2026-01-01T00:00:00.000+01:00,2025-12-31T23:00:00Z,6.7,17
1947,Potencia instalada de generación autoconsumo otras renovables,2026-01-01T00:00:00.000+01:00,2025-12-31T23:00:00Z,0.03,16
1947,Potencia instalada de generación autoconsumo otras renovables,2026-01-01T00:00:00.000+01:00,2025-12-31T23:00:00Z,3.176,14
1947,Potencia instalada de generación autoconsumo otras renovables,2026-01-01T00:00:00.000+01:00,2025-12-31T23:00:00Z,21.691,8
1947,Potencia instalada de generación autoconsumo otras renovables,2026-01-01T00:00:00.000+01:00,2025-12-31T23:00:00Z,0.368,11
1947,Potencia instalada de generación autoconsumo otras renovables,2026-01-01T00:00:00.000+01:00,2025-12-31T23:00:00Z,6.245,10
1947,Potencia instalada de generación autoconsumo otras renovables,2026-01-01T00:00:00.000+01:00,2025-12-31T23:00:00Z,81.906,9
1947,Potencia instalada de generación autoconsumo otras renovables,2026-01-01T00:00:00.000+01:00,2025-12-31T23:00:00Z,3.461,13
1947,Potencia instalada de generación autoconsumo otras renovables,2026-01-01T00:00:00.000+01:00,2025-12-31T23:00:00Z,1.05,7
1947,Potencia instalada de generación autoconsumo otras renovables,2026-01-01T00:00:00.000+01:00,2025-12-31T23:00:00Z,51.457,5
1947,Potencia instalada de generación autoconsumo otras renovables,2026-01-01T00:00:00.000+01:00,2025-12-31T23:00:00Z,121.495,4
1947,Potencia instalada de generación autoconsumo otras renovables,2026-02-01T00:00:00.000+01:00,2026-01-31T23:00:00Z,0.35,21
1947,Potencia instalada de generación autoconsumo otras renovables,2026-02-01T00:00:00.000+01:00,2026-01-31T23:00:00Z,2.287,20
1947,Potencia instalada de generación autoconsumo otras renovables,2026-02-01T00:00:00.000+01:00,2026-01-31T23:00:00Z,5.012,19
1947,Potencia instalada de generación autoconsumo otras renovables,2026-02-01T00:00:00.000+01:00,2026-01-31T23:00:00Z,7.916,18
1947,Potencia instalada de generación autoconsumo otras renovables,2026-02-01T00:00:00.000+01:00,2026-01-31T23:00:00Z,6.7,17
1947,Potencia instalada de generación autoconsumo otras renovables,2026-02-01T00:00:00.000+01:00,2026-01-31T23:00:00Z,0.03,16
1947,Potencia instalada de generación autoconsumo otras renovables,2026-02-01T00:00:00.000+01:00,2026-01-31T23:00:00Z,1.356,15
1947,Potencia instalada de generación autoconsumo otras renovables,2026-02-01T00:00:00.000+01:00,2026-01-31T23:00:00Z,3.176,14
1947,Potencia instalada de generación autoconsumo otras renovables,2026-02-01T00:00:00.000+01:00,2026-01-31T23:00:00Z,0.368,11
1947,Potencia instalada de generación autoconsumo otras renovables,2026-02-01T00:00:00.000+01:00,2026-01-31T23:00:00Z,6.245,10
1947,Potencia instalada de generación autoconsumo otras renovables,2026-02-01T00:00:00.000+01:00,2026-01-31T23:00:00Z,81.906,9
1947,Potencia instalada de generación autoconsumo otras renovables,2026-02-01T00:00:00.000+01:00,2026-01-31T23:00:00Z,21.691,8
1947,Potencia instalada de generación autoconsumo otras renovables,2026-02-01T00:00:00.000+01:00,2026-01-31T23:00:00Z,1.05,7
1947,Potencia instalada de generación autoconsumo otras renovables,2026-02-01T00:00:00.000+01:00,2026-01-31T23:00:00Z,51.457,5
1947,Potencia instalada de generación autoconsumo otras renovables,2026-02-01T00:00:00.000+01:00,2026-01-31T23:00:00Z,121.495,4
1947,Potencia instalada de generación autoconsumo otras renovables,2026-02-01T00:00:00.000+01:00,2026-01-31T23:00:00Z,3.461,13
1947,Potencia instalada de generación autoconsumo otras renovables,2026-03-01T00:00:00.000+01:00,2026-02-28T23:00:00Z,1.356,15
1947,Potencia instalada de generación autoconsumo otras renovables,2026-03-01T00:00:00.000+01:00,2026-02-28T23:00:00Z,0.35,21
1947,Potencia instalada de generación autoconsumo otras renovables,2026-03-01T00:00:00.000+01:00,2026-02-28T23:00:00Z,2.287,20
1947,Potencia instalada de generación autoconsumo otras renovables,2026-03-01T00:00:00.000+01:00,2026-02-28T23:00:00Z,5.012,19
1947,Potencia instalada de generación autoconsumo otras renovables,2026-03-01T00:00:00.000+01:00,2026-02-28T23:00:00Z,7.916,18
1947,Potencia instalada de generación autoconsumo otras renovables,2026-03-01T00:00:00.000+01:00,2026-02-28T23:00:00Z,6.7,17
1947,Potencia instalada de generación autoconsumo otras renovables,2026-03-01T00:00:00.000+01:00,2026-02-28T23:00:00Z,0.03,16
1947,Potencia instalada de generación autoconsumo otras renovables,2026-03-01T00:00:00.000+01:00,2026-02-28T23:00:00Z,3.176,14
1947,Potencia instalada de generación autoconsumo otras renovables,2026-03-01T00:00:00.000+01:00,2026-02-28T23:00:00Z,121.495,4
1947,Potencia instalada de generación autoconsumo otras renovables,2026-03-01T00:00:00.000+01:00,2026-02-28T23:00:00Z,0.368,11
1947,Potencia instalada de generación autoconsumo otras renovables,2026-03-01T00:00:00.000+01:00,2026-02-28T23:00:00Z,6.245,10
1947,Potencia instalada de generación autoconsumo otras renovables,2026-03-01T00:00:00.000+01:00,2026-02-28T23:00:00Z,81.906,9
1947,Potencia instalada de generación autoconsumo otras renovables,2026-03-01T00:00:00.000+01:00,2026-02-28T23:00:00Z,21.691,8
1947,Potencia instalada de generación autoconsumo otras renovables,2026-03-01T00:00:00.000+01:00,2026-02-28T23:00:00Z,1.05,7
1947,Potencia instalada de generación autoconsumo otras renovables,2026-03-01T00:00:00.000+01:00,2026-02-28T23:00:00Z,51.457,5
1947,Potencia instalada de generación autoconsumo otras renovables,2026-03-01T00:00:00.000+01:00,2026-02-28T23:00:00Z,3.461,13
1947,Potencia instalada de generación autoconsumo otras renovables,2026-04-01T00:00:00.000+02:00,2026-03-31T22:00:00Z,1.356,15
1947,Potencia instalada de generación autoconsumo otras renovables,2026-04-01T00:00:00.000+02:00,2026-03-31T22:00:00Z,0.51,21
1947,Potencia instalada de generación autoconsumo otras renovables,2026-04-01T00:00:00.000+02:00,2026-03-31T22:00:00Z,2.287,20
1947,Potencia instalada de generación autoconsumo otras renovables,2026-04-01T00:00:00.000+02:00,2026-03-31T22:00:00Z,5.012,19
1947,Potencia instalada de generación autoconsumo otras renovables,2026-04-01T00:00:00.000+02:00,2026-03-31T22:00:00Z,7.916,18
1947,Potencia instalada de generación autoconsumo otras renovables,2026-04-01T00:00:00.000+02:00,2026-03-31T22:00:00Z,6.7,17
1947,Potencia instalada de generación autoconsumo otras renovables,2026-04-01T00:00:00.000+02:00,2026-03-31T22:00:00Z,0.03,16
1947,Potencia instalada de generación autoconsumo otras renovables,2026-04-01T00:00:00.000+02:00,2026-03-31T22:00:00Z,3.176,14
1947,Potencia instalada de generación autoconsumo otras renovables,2026-04-01T00:00:00.000+02:00,2026-03-31T22:00:00Z,3.461,13
1947,Potencia instalada de generación autoconsumo otras renovables,2026-04-01T00:00:00.000+02:00,2026-03-31T22:00:00Z,0.368,11
1947,Potencia instalada de generación autoconsumo otras renovables,2026-04-01T00:00:00.000+02:00,2026-03-31T22:00:00Z,6.245,10
1947,Potencia instalada de generación autoconsumo otras renovables,2026-04-01T00:00:00.000+02:00,2026-03-31T22:00:00Z,81.906,9
1947,Potencia instalada de generación autoconsumo otras renovables,2026-04-01T00:00:00.000+02:00,2026-03-31T22:00:00Z,21.691,8
1947,Potencia instalada de generación autoconsumo otras renovables,2026-04-01T00:00:00.000+02:00,2026-03-31T22:00:00Z,1.05,7
1947,Potencia instalada de generación autoconsumo otras renovables,2026-04-01T00:00:00.000+02:00,2026-03-31T22:00:00Z,51.457,5
1947,Potencia instalada de generación autoconsumo otras renovables,2026-04-01T00:00:00.000+02:00,2026-03-31T22:00:00Z,121.495,4
1947,Potencia instalada de generación autoconsumo otras renovables,2026-05-01T00:00:00.000+02:00,2026-04-30T22:00:00Z,2.287,20
1947,Potencia instalada de generación autoconsumo otras renovables,2026-05-01T00:00:00.000+02:00,2026-04-30T22:00:00Z,5.012,19
1947,Potencia instalada de generación autoconsumo otras renovables,2026-05-01T00:00:00.000+02:00,2026-04-30T22:00:00Z,7.916,18
1947,Potencia instalada de generación autoconsumo otras renovables,2026-05-01T00:00:00.000+02:00,2026-04-30T22:00:00Z,6.7,17
1947,Potencia instalada de generación autoconsumo otras renovables,2026-05-01T00:00:00.000+02:00,2026-04-30T22:00:00Z,0.03,16
1947,Potencia instalada de generación autoconsumo otras renovables,2026-05-01T00:00:00.000+02:00,2026-04-30T22:00:00Z,1.356,15
1947,Potencia instalada de generación autoconsumo otras renovables,2026-05-01T00:00:00.000+02:00,2026-04-30T22:00:00Z,3.176,14
1947,Potencia instalada de generación autoconsumo otras renovables,2026-05-01T00:00:00.000+02:00,2026-04-30T22:00:00Z,0.51,21
1947,Potencia instalada de generación autoconsumo otras renovables,2026-05-01T00:00:00.000+02:00,2026-04-30T22:00:00Z,0.368,11
1947,Potencia instalada de generación autoconsumo otras renovables,2026-05-01T00:00:00.000+02:00,2026-04-30T22:00:00Z,6.245,10
1947,Potencia instalada de generación autoconsumo otras renovables,2026-05-01T00:00:00.000+02:00,2026-04-30T22:00:00Z,81.906,9
1947,Potencia instalada de generación autoconsumo otras renovables,2026-05-01T00:00:00.000+02:00,2026-04-30T22:00:00Z,21.691,8
1947,Potencia instalada de generación autoconsumo otras renovables,2026-05-01T00:00:00.000+02:00,2026-04-30T22:00:00Z,1.05,7
1947,Potencia instalada de generación autoconsumo otras renovables,2026-05-01T00:00:00.000+02:00,2026-04-30T22:00:00Z,51.457,5
1947,Potencia instalada de generación autoconsumo otras renovables,2026-05-01T00:00:00.000+02:00,2026-04-30T22:00:00Z,121.495,4
1947,Potencia instalada de generación autoconsumo otras renovables,2026-05-01T00:00:00.000+02:00,2026-04-30T22:00:00Z,3.461,13
1947,Potencia instalada de generación autoconsumo otras renovables,2026-06-01T00:00:00.000+02:00,2026-05-31T22:00:00Z,0.51,21
1947,Potencia instalada de generación autoconsumo otras renovables,2026-06-01T00:00:00.000+02:00,2026-05-31T22:00:00Z,2.287,20
1947,Potencia instalada de generación autoconsumo otras renovables,2026-06-01T00:00:00.000+02:00,2026-05-31T22:00:00Z,5.012,19
1947,Potencia instalada de generación autoconsumo otras renovables,2026-06-01T00:00:00.000+02:00,2026-05-31T22:00:00Z,7.916,18
1947,Potencia instalada de generación autoconsumo otras renovables,2026-06-01T00:00:00.000+02:00,2026-05-31T22:00:00Z,6.7,17
1947,Potencia instalada de generación autoconsumo otras renovables,2026-06-01T00:00:00.000+02:00,2026-05-31T22:00:00Z,0.03,16
1947,Potencia instalada de generación autoconsumo otras renovables,2026-06-01T00:00:00.000+02:00,2026-05-31T22:00:00Z,1.356,15
1947,Potencia instalada de generación autoconsumo otras renovables,2026-06-01T00:00:00.000+02:00,2026-05-31T22:00:00Z,3.176,14
1947,Potencia instalada de generación autoconsumo otras renovables,2026-06-01T00:00:00.000+02:00,2026-05-31T22:00:00Z,3.461,13
1947,Potencia instalada de generación autoconsumo otras renovables,2026-06-01T00:00:00.000+02:00,2026-05-31T22:00:00Z,6.245,10
1947,Potencia instalada de generación autoconsumo otras renovables,2026-06-01T00:00:00.000+02:00,2026-05-31T22:00:00Z,81.906,9
1947,Potencia instalada de generación autoconsumo otras renovables,2026-06-01T00:00:00.000+02:00,2026-05-31T22:00:00Z,21.691,8
1947,Potencia instalada de generación autoconsumo otras renovables,2026-06-01T00:00:00.000+02:00,2026-05-31T22:00:00Z,1.05,7
1947,Potencia instalada de generación autoconsumo otras renovables,2026-06-01T00:00:00.000+02:00,2026-05-31T22:00:00Z,51.457,5
1947,Potencia instalada de generación autoconsumo otras renovables,2026-06-01T00:00:00.000+02:00,2026-05-31T22:00:00Z,121.495,4
1947,Potencia instalada de generación autoconsumo otras renovables,2026-06-01T00:00:00.000+02:00,2026-05-31T22:00:00Z,0.368,11
1947,Potencia instalada de generación autoconsumo otras renovables,2026-07-01T00:00:00.000+02:00,2026-06-30T22:00:00Z,1.356,15
1947,Potencia instalada de generación autoconsumo otras renovables,2026-07-01T00:00:00.000+02:00,2026-06-30T22:00:00Z,0.51,21
1947,Potencia instalada de generación autoconsumo otras renovables,2026-07-01T00:00:00.000+02:00,2026-06-30T22:00:00Z,2.287,20
1947,Potencia instalada de generación autoconsumo otras renovables,2026-07-01T00:00:00.000+02:00,2026-06-30T22:00:00Z,5.012,19
1947,Potencia instalada de generación autoconsumo otras renovables,2026-07-01T00:00:00.000+02:00,2026-06-30T22:00:00Z,6.7,17
1947,Potencia instalada de generación autoconsumo otras renovables,2026-07-01T00:00:00.000+02:00,2026-06-30T22:00:00Z,0.03,16
1947,Potencia instalada de generación autoconsumo otras renovables,2026-07-01T00:00:00.000+02:00,2026-06-30T22:00:00Z,3.176,14
1947,Potencia instalada de generación autoconsumo otras renovables,2026-07-01T00:00:00.000+02:00,2026-06-30T22:00:00Z,7.916,18
1947,Potencia instalada de generación autoconsumo otras renovables,2026-07-01T00:00:00.000+02:00,2026-06-30T22:00:00Z,0.368,11
1947,Potencia instalada de generación autoconsumo otras renovables,2026-07-01T00:00:00.000+02:00,2026-06-30T22:00:00Z,6.265,10
1947,Potencia instalada de generación autoconsumo otras renovables,2026-07-01T00:00:00.000+02:00,2026-06-30T22:00:00Z,81.906,9
1947,Potencia instalada de generación autoconsumo otras renovables,2026-07-01T00:00:00.000+02:00,2026-06-30T22:00:00Z,21.691,8
1947,Potencia instalada de generación autoconsumo otras renovables,2026-07-01T00:00:00.000+02:00,2026-06-30T22:00:00Z,3.461,13
1947,Potencia instalada de generación autoconsumo otras renovables,2026-07-01T00:00:00.000+02:00,2026-06-30T22:00:00Z,1.05,7
1947,Potencia instalada de generación autoconsumo otras renovables,2026-07-01T00:00:00.000+02:00,2026-06-30T22:00:00Z,51.457,5
1947,Potencia instalada de generación autoconsumo otras renovables,2026-07-01T00:00:00.000+02:00,2026-06-30T22:00:00Z,121.495,4
1947,Potencia instalada de generación autoconsumo otras renovables,2026-08-01T00:00:00.000+02:00,2026-07-31T22:00:00Z,0.51,21
1947,Potencia instalada de generación autoconsumo otras renovables,2026-08-01T00:00:00.000+02:00,2026-07-31T22:00:00Z,2.287,20
1947,Potencia instalada de generación autoconsumo otras renovables,2026-08-01T00:00:00.000+02:00,2026-07-31T22:00:00Z,5.012,19
1947,Potencia instalada de generación autoconsumo otras renovables,2026-08-01T00:00:00.000+02:00,2026-07-31T22:00:00Z,7.916,18
1947,Potencia instalada de generación autoconsumo otras renovables,2026-08-01T00:00:00.000+02:00,2026-07-31T22:00:00Z,6.7,17
1947,Potencia instalada de generación autoconsumo otras renovables,2026-08-01T00:00:00.000+02:00,2026-07-31T22:00:00Z,0.03,16
1947,Potencia instalada de generación autoconsumo otras renovables,2026-08-01T00:00:00.000+02:00,2026-07-31T22:00:00Z,1.356,15
1947,Potencia instalada de generación autoconsumo otras renovables,2026-08-01T00:00:00.000+02:00,2026-07-31T22:00:00Z,3.176,14
1947,Potencia instalada de generación autoconsumo otras renovables,2026-08-01T00:00:00.000+02:00,2026-07-31T22:00:00Z,3.461,13
1947,Potencia instalada de generación autoconsumo otras renovables,2026-08-01T00:00:00.000+02:00,2026-07-31T22:00:00Z,0.368,11
1947,Potencia instalada de generación autoconsumo otras renovables,2026-08-01T00:00:00.000+02:00,2026-07-31T22:00:00Z,6.265,10
1947,Potencia instalada de generación autoconsumo otras renovables,2026-08-01T00:00:00.000+02:00,2026-07-31T22:00:00Z,81.906,9
1947,Potencia instalada de generación autoconsumo otras renovables,2026-08-01T00:00:00.000+02:00,2026-07-31T22:00:00Z,21.691,8
1947,Potencia instalada de generación autoconsumo otras renovables,2026-08-01T00:00:00.000+02:00,2026-07-31T22:00:00Z,1.05,7
1947,Potencia instalada de generación autoconsumo otras renovables,2026-08-01T00:00:00.000+02:00,2026-07-31T22:00:00Z,51.457,5
1947,Potencia instalada de generación autoconsumo otras renovables,2026-08-01T00:00:00.000+02:00,2026-07-31T22:00:00Z,121.495,4
1947,Potencia instalada de generación autoconsumo otras renovables,2026-09-01T00:00:00.000+02:00,2026-08-31T22:00:00Z,2.287,20
1947,Potencia instalada de generación autoconsumo otras renovables,2026-09-01T00:00:00.000+02:00,2026-08-31T22:00:00Z,5.012,19
1947,Potencia instalada de generación autoconsumo otras renovables,2026-09-01T00:00:00.000+02:00,2026-08-31T22:00:00Z,7.916,18
1947,Potencia instalada de generación autoconsumo otras renovables,2026-09-01T00:00:00.000+02:00,2026-08-31T22:00:00Z,0.51,21
1947,Potencia instalada de generación autoconsumo otras renovables,2026-09-01T00:00:00.000+02:00,2026-08-31T22:00:00Z,6.7,17
1947,Potencia instalada de generación autoconsumo otras renovables,2026-09-01T00:00:00.000+02:00,2026-08-31T22:00:00Z,0.03,16
1947,Potencia instalada de generación autoconsumo otras renovables,2026-09-01T00:00:00.000+02:00,2026-08-31T22:00:00Z,1.356,15
1947,Potencia instalada de generación autoconsumo otras renovables,2026-09-01T00:00:00.000+02:00,2026-08-31T22:00:00Z,3.176,14
1947,Potencia instalada de generación autoconsumo otras renovables,2026-09-01T00:00:00.000+02:00,2026-08-31T22:00:00Z,21.691,8
1947,Potencia instalada de generación autoconsumo otras renovables,2026-09-01T00:00:00.000+02:00,2026-08-31T22:00:00Z,0.368,11
1947,Potencia instalada de generación autoconsumo otras renovables,2026-09-01T00:00:00.000+02:00,2026-08-31T22:00:00Z,6.265,10
1947,Potencia instalada de generación autoconsumo otras renovables,2026-09-01T00:00:00.000+02:00,2026-08-31T22:00:00Z,81.906,9
1947,Potencia instalada de generación autoconsumo otras renovables,2026-09-01T00:00:00.000+02:00,2026-08-31T22:00:00Z,1.05,7
1947,Potencia instalada de generación autoconsumo otras renovables,2026-09-01T00:00:00.000+02:00,2026-08-31T22:00:00Z,51.457,5
1947,Potencia instalada de generación autoconsumo otras renovables,2026-09-01T00:00:00.000+02:00,2026-08-31T22:00:00Z,121.495,4
1947,Potencia instalada de generación autoconsumo otras renovables,2026-09-01T00:00:00.000+02:00,2026-08-31T22:00:00Z,3.461,13
1947,Potencia instalada de generación autoconsumo otras renovables,2026-10-01T00:00:00.000+02:00,2026-09-30T22:00:00Z,5.012,19
1947,Potencia instalada de generación autoconsumo otras renovables,2026-10-01T00:00:00.000+02:00,2026-09-30T22:00:00Z,7.916,18
1947,Potencia instalada de generación autoconsumo otras renovables,2026-10-01T00:00:00.000+02:00,2026-09-30T22:00:00Z,6.7,17
1947,Potencia instalada de generación autoconsumo otras renovables,2026-10-01T00:00:00.000+02:00,2026-09-30T22:00:00Z,0.03,16
1947,Potencia instalada de generación autoconsumo otras renovables,2026-10-01T00:00:00.000+02:00,2026-09-30T22:00:00Z,1.356,15
1947,Potencia instalada de generación autoconsumo otras renovables,2026-10-01T00:00:00.000+02:00,2026-09-30T22:00:00Z,3.176,14
1947,Potencia instalada de generación autoconsumo otras renovables,2026-10-01T00:00:00.000+02:00,2026-09-30T22:00:00Z,3.461,13
1947,Potencia instalada de generación autoconsumo otras renovables,2026-10-01T00:00:00.000+02:00,2026-09-30T22:00:00Z,81.906,9
1947,Potencia instalada de generación autoconsumo otras renovables,2026-10-01T00:00:00.000+02:00,2026-09-30T22:00:00Z,6.265,10
1947,Potencia instalada de generación autoconsumo otras renovables,2026-10-01T00:00:00.000+02:00,2026-09-30T22:00:00Z,21.691,8
1947,Potencia instalada de generación autoconsumo otras renovables,2026-10-01T00:00:00.000+02:00,2026-09-30T22:00:00Z,1.05,7
1947,Potencia instalada de generación autoconsumo otras renovables,2026-10-01T00:00:00.000+02:00,2026-09-30T22:00:00Z,51.457,5
1947,Potencia instalada de generación autoconsumo otras renovables,2026-10-01T00:00:00.000+02:00,2026-09-30T22:00:00Z,124.369,4
1947,Potencia instalada de generación autoconsumo otras renovables,2026-10-01T00:00:00.000+02:00,2026-09-30T22:00:00Z,2.287,20
1947,Potencia instalada de generación autoconsumo otras renovables,2026-10-01T00:00:00.000+02:00,2026-09-30T22:00:00Z,0.368,11
1947,Potencia instalada de generación autoconsumo otras renovables,2026-10-01T00:00:00.000+02:00,2026-09-30T22:00:00Z,0.51,21
1948,Potencia instalada de generación autoconsumo residuos renovables,2025-10-01T00:00:00.000+02:00,2025-09-30T22:00:00Z,0.003,4
1948,Potencia instalada de generación autoconsumo residuos renovables,2025-10-01T00:00:00.000+02:00,2025-09-30T22:00:00Z,4.965,6
1948,Potencia instalada de generación autoconsumo residuos renovables,2025-10-01T00:00:00.000+02:00,2025-09-30T22:00:00Z,27.175,9
1948,Potencia instalada de generación autoconsumo residuos renovables,2025-11-01T00:00:00.000+01:00,2025-10-31T23:00:00Z,0.003,4
1948,Potencia instalada de generación autoconsumo residuos renovables,2025-11-01T00:00:00.000+01:00,2025-10-31T23:00:00Z,4.965,6
1948,Potencia instalada de generación autoconsumo residuos renovables,2025-11-01T00:00:00.000+01:00,2025-10-31T23:00:00Z,27.175,9
1948,Potencia instalada de generación autoconsumo residuos renovables,2025-12-01T00:00:00.000+01:00,2025-11-30T23:00:00Z,0.003,4
1948,Potencia instalada de generación autoconsumo residuos renovables,2025-12-01T00:00:00.000+01:00,2025-11-30T23:00:00Z,4.965,6
1948,Potencia instalada de generación autoconsumo residuos renovables,2025-12-01T00:00:00.000+01:00,2025-11-30T23:00:00Z,27.175,9
1948,Potencia instalada de generación autoconsumo residuos renovables,2026-01-01T00:00:00.000+01:00,2025-12-31T23:00:00Z,27.175,9
1948,Potencia instalada de generación autoconsumo residuos renovables,2026-01-01T00:00:00.000+01:00,2025-12-31T23:00:00Z,0.003,4
1948,Potencia instalada de generación autoconsumo residuos renovables,2026-01-01T00:00:00.000+01:00,2025-12-31T23:00:00Z,4.965,6
1948,Potencia instalada de generación autoconsumo residuos renovables,2026-02-01T00:00:00.000+01:00,2026-01-31T23:00:00Z,0.003,4
1948,Potencia instalada de generación autoconsumo residuos renovables,2026-02-01T00:00:00.000+01:00,2026-01-31T23:00:00Z,4.965,6
1948,Potencia instalada de generación autoconsumo residuos renovables,2026-02-01T00:00:00.000+01:00,2026-01-31T23:00:00Z,27.175,9
1948,Potencia instalada de generación autoconsumo residuos renovables,2026-03-01T00:00:00.000+01:00,2026-02-28T23:00:00Z,27.175,9
1948,Potencia instalada de generación autoconsumo residuos renovables,2026-03-01T00:00:00.000+01:00,2026-02-28T23:00:00Z,0.003,4
1948,Potencia instalada de generación autoconsumo residuos renovables,2026-03-01T00:00:00.000+01:00,2026-02-28T23:00:00Z,4.965,6
1948,Potencia instalada de generación autoconsumo residuos renovables,2026-04-01T00:00:00.000+02:00,2026-03-31T22:00:00Z,27.175,9
1948,Potencia instalada de generación autoconsumo residuos renovables,2026-04-01T00:00:00.000+02:00,2026-03-31T22:00:00Z,4.965,6
1948,Potencia instalada de generación autoconsumo residuos renovables,2026-04-01T00:00:00.000+02:00,2026-03-31T22:00:00Z,0.003,4
1948,Potencia instalada de generación autoconsumo residuos renovables,2026-05-01T00:00:00.000+02:00,2026-04-30T22:00:00Z,0.003,4
1948,Potencia instalada de generación autoconsumo residuos renovables,2026-05-01T00:00:00.000+02:00,2026-04-30T22:00:00Z,4.965,6
1948,Potencia instalada de generación autoconsumo residuos renovables,2026-05-01T00:00:00.000+02:00,2026-04-30T22:00:00Z,27.175,9
1948,Potencia instalada de generación autoconsumo residuos renovables,2026-06-01T00:00:00.000+02:00,2026-05-31T22:00:00Z,0.003,4
1948,Potencia instalada de generación autoconsumo residuos renovables,2026-06-01T00:00:00.000+02:00,2026-05-31T22:00:00Z,4.965,6
1948,Potencia instalada de generación autoconsumo residuos renovables,2026-06-01T00:00:00.000+02:00,2026-05-31T22:00:00Z,27.175,9
1948,Potencia instalada de generación autoconsumo residuos renovables,2026-07-01T00:00:00.000+02:00,2026-06-30T22:00:00Z,4.965,6
1948,Potencia instalada de generación autoconsumo residuos renovables,2026-07-01T00:00:00.000+02:00,2026-06-30T22:00:00Z,27.175,9
1948,Potencia instalada de generación autoconsumo residuos renovables,2026-07-01T00:00:00.000+02:00,2026-06-30T22:00:00Z,0.003,4
1948,Potencia instalada de generación autoconsumo residuos renovables,2026-08-01T00:00:00.000+02:00,2026-07-31T22:00:00Z,0.003,4
1948,Potencia instalada de generación autoconsumo residuos renovables,2026-08-01T00:00:00.000+02:00,2026-07-31T22:00:00Z,4.965,6
1948,Potencia instalada de generación autoconsumo residuos renovables,2026-08-01T00:00:00.000+02:00,2026-07-31T22:00:00Z,27.175,9
1948,Potencia instalada de generación autoconsumo residuos renovables,2026-09-01T00:00:00.000+02:00,2026-08-31T22:00:00Z,0.003,4
1948,Potencia instalada de generación autoconsumo residuos renovables,2026-09-01T00:00:00.000+02:00,2026-08-31T22:00:00Z,4.965,6
1948,Potencia instalada de generación autoconsumo residuos renovables,2026-09-01T00:00:00.000+02:00,2026-08-31T22:00:00Z,27.175,9
1948,Potencia instalada de generación autoconsumo residuos renovables,2026-10-01T00:00:00.000+02:00,2026-09-30T22:00:00Z,4.965,6
1948,Potencia instalada de generación autoconsumo residuos renovables,2026-10-01T00:00:00.000+02:00,2026-09-30T22:00:00Z,0.003,4
1948,Potencia instalada de generación autoconsumo residuos renovables,2026-10-01T00:00:00.000+02:00,2026-09-30T22:00:00Z,27.175,9
2017,Potencia instalada de generación autoconsumo solar térmica,2025-10-01T00:00:00.000+02:00,2025-09-30T22:00:00Z,0.233,4
2017,Potencia instalada de generación autoconsumo solar térmica,2025-10-01T00:00:00.000+02:00,2025-09-30T22:00:00Z,0.039,21
2017,Potencia instalada de generación autoconsumo solar térmica,2025-10-01T00:00:00.000+02:00,2025-09-30T22:00:00Z,0.053,19
2017,Potencia instalada de generación autoconsumo solar térmica,2025-10-01T00:00:00.000+02:00,2025-09-30T22:00:00Z,0.005,18
2017,Potencia instalada de generación autoconsumo solar térmica,2025-10-01T00:00:00.000+02:00,2025-09-30T22:00:00Z,0.004,17
2017,Potencia instalada de generación autoconsumo solar térmica,2025-10-01T00:00:00.000+02:00,2025-09-30T22:00:00Z,0.041,15
2017,Potencia instalada de generación autoconsumo solar térmica,2025-10-01T00:00:00.000+02:00,2025-09-30T22:00:00Z,0.28,14
2017,Potencia instalada de generación autoconsumo solar térmica,2025-10-01T00:00:00.000+02:00,2025-09-30T22:00:00Z,0.026,16
2017,Potencia instalada de generación autoconsumo solar térmica,2025-10-01T00:00:00.000+02:00,2025-09-30T22:00:00Z,0.02,10
2017,Potencia instalada de generación autoconsumo solar térmica,2025-10-01T00:00:00.000+02:00,2025-09-30T22:00:00Z,0.125,9
2017,Potencia instalada de generación autoconsumo solar térmica,2025-10-01T00:00:00.000+02:00,2025-09-30T22:00:00Z,0.008,8
2017,Potencia instalada de generación autoconsumo solar térmica,2025-10-01T00:00:00.000+02:00,2025-09-30T22:00:00Z,0.156,7
2017,Potencia instalada de generación autoconsumo solar térmica,2025-10-01T00:00:00.000+02:00,2025-09-30T22:00:00Z,0.014,5
2017,Potencia instalada de generación autoconsumo solar térmica,2025-10-01T00:00:00.000+02:00,2025-09-30T22:00:00Z,0.178,13
2017,Potencia instalada de generación autoconsumo solar térmica,2025-11-01T00:00:00.000+01:00,2025-10-31T23:00:00Z,0.045,15
2017,Potencia instalada de generación autoconsumo solar térmica,2025-11-01T00:00:00.000+01:00,2025-10-31T23:00:00Z,0.039,21
2017,Potencia instalada de generación autoconsumo solar térmica,2025-11-01T00:00:00.000+01:00,2025-10-31T23:00:00Z,0.053,19
2017,Potencia instalada de generación autoconsumo solar térmica,2025-11-01T00:00:00.000+01:00,2025-10-31T23:00:00Z,0.005,18
2017,Potencia instalada de generación autoconsumo solar térmica,2025-11-01T00:00:00.000+01:00,2025-10-31T23:00:00Z,0.026,16
2017,Potencia instalada de generación autoconsumo solar térmica,2025-11-01T00:00:00.000+01:00,2025-10-31T23:00:00Z,0.29,14
2017,Potencia instalada de generación autoconsumo solar térmica,2025-11-01T00:00:00.000+01:00,2025-10-31T23:00:00Z,0.004,17
2017,Potencia instalada de generación autoconsumo solar térmica,2025-11-01T00:00:00.000+01:00,2025-10-31T23:00:00Z,0.02,10
2017,Potencia instalada de generación autoconsumo solar térmica,2025-11-01T00:00:00.000+01:00,2025-10-31T23:00:00Z,0.125,9
2017,Potencia instalada de generación autoconsumo solar térmica,2025-11-01T00:00:00.000+01:00,2025-10-31T23:00:00Z,0.008,8
2017,Potencia instalada de generación autoconsumo solar térmica,2025-11-01T00:00:00.000+01:00,2025-10-31T23:00:00Z,0.156,7
2017,Potencia instalada de generación autoconsumo solar térmica,2025-11-01T00:00:00.000+01:00,2025-10-31T23:00:00Z,0.014,5
2017,Potencia instalada de generación autoconsumo solar térmica,2025-11-01T00:00:00.000+01:00,2025-10-31T23:00:00Z,0.233,4
2017,Potencia instalada de generación autoconsumo solar térmica,2025-11-01T00:00:00.000+01:00,2025-10-31T23:00:00Z,0.178,13
2017,Potencia instalada de generación autoconsumo solar térmica,2025-12-01T00:00:00.000+01:00,2025-11-30T23:00:00Z,0.063,21
2017,Potencia instalada de generación autoconsumo solar térmica,2025-12-01T00:00:00.000+01:00,2025-11-30T23:00:00Z,0.073,19
2017,Potencia instalada de generación autoconsumo solar térmica,2025-12-01T00:00:00.000+01:00,2025-11-30T23:00:00Z,0.005,18
2017,Potencia instalada de generación autoconsumo solar térmica,2025-12-01T00:00:00.000+01:00,2025-11-30T23:00:00Z,0.004,17
2017,Potencia instalada de generación autoconsumo solar térmica,2025-12-01T00:00:00.000+01:00,2025-11-30T23:00:00Z,0.032,16
2017,Potencia instalada de generación autoconsumo solar térmica,2025-12-01T00:00:00.000+01:00,2025-11-30T23:00:00Z,0.045,15
2017,Potencia instalada de generación autoconsumo solar térmica,2025-12-01T00:00:00.000+01:00,2025-11-30T23:00:00Z,0.296,14
2017,Potencia instalada de generación autoconsumo solar térmica,2025-12-01T00:00:00.000+01:00,2025-11-30T23:00:00Z,0.184,13
2017,Potencia instalada de generación autoconsumo solar térmica,2025-12-01T00:00:00.000+01:00,2025-11-30T23:00:00Z,0.125,9
2017,Potencia instalada de generación autoconsumo solar térmica,2025-12-01T00:00:00.000+01:00,2025-11-30T23:00:00Z,0.008,8
2017,Potencia instalada de generación autoconsumo solar térmica,2025-12-01T00:00:00.000+01:00,2025-11-30T23:00:00Z,0.156,7
2017,Potencia instalada de generación autoconsumo solar térmica,2025-12-01T00:00:00.000+01:00,2025-11-30T23:00:00Z,0.014,5
2017,Potencia instalada de generación autoconsumo solar térmica,2025-12-01T00:00:00.000+01:00,2025-11-30T23:00:00Z,0.233,4
2017,Potencia instalada de generación autoconsumo solar térmica,2025-12-01T00:00:00.000+01:00,2025-11-30T23:00:00Z,0.02,10
2017,Potencia instalada de generación autoconsumo solar térmica,2026-01-01T00:00:00.000+01:00,2025-12-31T23:00:00Z,0.045,15
2017,Potencia instalada de generación autoconsumo solar térmica,2026-01-01T00:00:00.000+01:00,2025-12-31T23:00:00Z,0.063,21
2017,Potencia instalada de generación autoconsumo solar térmica,2026-01-01T00:00:00.000+01:00,2025-12-31T23:00:00Z,0.073,19
2017,Potencia instalada de generación autoconsumo solar térmica,2026-01-01T00:00:00.000+01:00,2025-12-31T23:00:00Z,0.005,18
2017,Potencia instalada de generación autoconsumo solar térmica,2026-01-01T00:00:00.000+01:00,2025-12-31T23:00:00Z,0.004,17
2017,Potencia instalada de generación autoconsumo solar térmica,2026-01-01T00:00:00.000+01:00,2025-12-31T23:00:00Z,0.032,16
2017,Potencia instalada de generación autoconsumo solar térmica,2026-01-01T00:00:00.000+01:00,2025-12-31T23:00:00Z,0.306,14
2017,Potencia instalada de generación autoconsumo solar térmica,2026-01-01T00:00:00.000+01:00,2025-12-31T23:00:00Z,0.008,8
2017,Potencia instalada de generación autoconsumo solar térmica,2026-01-01T00:00:00.000+01:00,2025-12-31T23:00:00Z,0.02,10
2017,Potencia instalada de generación autoconsumo solar térmica,2026-01-01T00:00:00.000+01:00,2025-12-31T23:00:00Z,0.125,9
2017,Potencia instalada de generación autoconsumo solar térmica,2026-01-01T00:00:00.000+01:00,2025-12-31T23:00:00Z,0.19,13
2017,Potencia instalada de generación autoconsumo solar térmica,2026-01-01T00:00:00.000+01:00,2025-12-31T23:00:00Z,0.156,7
2017,Potencia instalada de generación autoconsumo solar térmica,2026-01-01T00:00:00.000+01:00,2025-12-31T23:00:00Z,0.014,5
2017,Potencia instalada de generación autoconsumo solar térmica,2026-01-01T00:00:00.000+01:00,2025-12-31T23:00:00Z,0.233,4
2017,Potencia instalada de generación autoconsumo solar térmica,2026-02-01T00:00:00.000+01:00,2026-01-31T23:00:00Z,0.063,21
2017,Potencia instalada de generación autoconsumo solar térmica,2026-02-01T00:00:00.000+01:00,2026-01-31T23:00:00Z,0.073,19
2017,Potencia instalada de generación autoconsumo solar térmica,2026-02-01T00:00:00.000+01:00,2026-01-31T23:00:00Z,0.005,18
2017,Potencia instalada de generación autoconsumo solar térmica,2026-02-01T00:00:00.000+01:00,2026-01-31T23:00:00Z,0.004,17
2017,Potencia instalada de generación autoconsumo solar térmica,2026-02-01T00:00:00.000+01:00,2026-01-31T23:00:00Z,0.032,16
2017,Potencia instalada de generación autoconsumo solar térmica,2026-02-01T00:00:00.000+01:00,2026-01-31T23:00:00Z,0.05,15
2017,Potencia instalada de generación autoconsumo solar térmica,2026-02-01T00:00:00.000+01:00,2026-01-31T23:00:00Z,0.315,14
2017,Potencia instalada de generación autoconsumo solar térmica,2026-02-01T00:00:00.000+01:00,2026-01-31T23:00:00Z,0.02,10
2017,Potencia instalada de generación autoconsumo solar térmica,2026-02-01T00:00:00.000+01:00,2026-01-31T23:00:00Z,0.125,9
2017,Potencia instalada de generación autoconsumo solar térmica,2026-02-01T00:00:00.000+01:00,2026-01-31T23:00:00Z,0.008,8
2017,Potencia instalada de generación autoconsumo solar térmica,2026-02-01T00:00:00.000+01:00,2026-01-31T23:00:00Z,0.156,7
2017,Potencia instalada de generación autoconsumo solar térmica,2026-02-01T00:00:00.000+01:00,2026-01-31T23:00:00Z,0.014,5
2017,Potencia instalada de generación autoconsumo solar térmica,2026-02-01T00:00:00.000+01:00,2026-01-31T23:00:00Z,0.233,4
2017,Potencia instalada de generación autoconsumo solar térmica,2026-02-01T00:00:00.000+01:00,2026-01-31T23:00:00Z,0.19,13
2017,Potencia instalada de generación autoconsumo solar térmica,2026-03-01T00:00:00.000+01:00,2026-02-28T23:00:00Z,0.05,15
2017,Potencia instalada de generación autoconsumo solar térmica,2026-03-01T00:00:00.000+01:00,2026-02-28T23:00:00Z,0.063,21
2017,Potencia instalada de generación autoconsumo solar térmica,2026-03-01T00:00:00.000+01:00,2026-02-28T23:00:00Z,0.073,19
2017,Potencia instalada de generación autoconsumo solar térmica,2026-03-01T00:00:00.000+01:00,2026-02-28T23:00:00Z,0.005,18
2017,Potencia instalada de generación autoconsumo solar térmica,2026-03-01T00:00:00.000+01:00,2026-02-28T23:00:00Z,0.004,17
2017,Potencia instalada de generación autoconsumo solar térmica,2026-03-01T00:00:00.000+01:00,2026-02-28T23:00:00Z,0.032,16
2017,Potencia instalada de generación autoconsumo solar térmica,2026-03-01T00:00:00.000+01:00,2026-02-28T23:00:00Z,0.327,14
2017,Potencia instalada de generación autoconsumo solar térmica,2026-03-01T00:00:00.000+01:00,2026-02-28T23:00:00Z,0.233,4
2017,Potencia instalada de generación autoconsumo solar térmica,2026-03-01T00:00:00.000+01:00,2026-02-28T23:00:00Z,0.02,10
2017,Potencia instalada de generación autoconsumo solar térmica,2026-03-01T00:00:00.000+01:00,2026-02-28T23:00:00Z,0.125,9
2017,Potencia instalada de generación autoconsumo solar térmica,2026-03-01T00:00:00.000+01:00,2026-02-28T23:00:00Z,0.008,8
2017,Potencia instalada de generación autoconsumo solar térmica,2026-03-01T00:00:00.000+01:00,2026-02-28T23:00:00Z,0.156,7
2017,Potencia instalada de generación autoconsumo solar térmica,2026-03-01T00:00:00.000+01:00,2026-02-28T23:00:00Z,0.014,5
2017,Potencia instalada de generación autoconsumo solar térmica,2026-03-01T00:00:00.000+01:00,2026-02-28T23:00:00Z,0.19,13
2017,Potencia instalada de generación autoconsumo solar térmica,2026-04-01T00:00:00.000+02:00,2026-03-31T22:00:00Z,0.05,15
2017,Potencia instalada de generación autoconsumo solar térmica,2026-04-01T00:00:00.000+02:00,2026-03-31T22:00:00Z,0.063,21
2017,Potencia instalada de generación autoconsumo solar térmica,2026-04-01T00:00:00.000+02:00,2026-03-31T22:00:00Z,0.073,19
2017,Potencia instalada de generación autoconsumo solar térmica,2026-04-01T00:00:00.000+02:00,2026-03-31T22:00:00Z,0.005,18
2017,Potencia instalada de generación autoconsumo solar térmica,2026-04-01T00:00:00.000+02:00,2026-03-31T22:00:00Z,0.004,17
2017,Potencia instalada de generación autoconsumo solar térmica,2026-04-01T00:00:00.000+02:00,2026-03-31T22:00:00Z,0.032,16
2017,Potencia instalada de generación autoconsumo solar térmica,2026-04-01T00:00:00.000+02:00,2026-03-31T22:00:00Z,0.339,14
2017,Potencia instalada de generación autoconsumo solar térmica,2026-04-01T00:00:00.000+02:00,2026-03-31T22:00:00Z,0.19,13
2017,Potencia instalada de generación autoconsumo solar térmica,2026-04-01T00:00:00.000+02:00,2026-03-31T22:00:00Z,0.02,10
2017,Potencia instalada de generación autoconsumo solar térmica,2026-04-01T00:00:00.000+02:00,2026-03-31T22:00:00Z,0.125,9
2017,Potencia instalada de generación autoconsumo solar térmica,2026-04-01T00:00:00.000+02:00,2026-03-31T22:00:00Z,0.008,8
2017,Potencia instalada de generación autoconsumo solar térmica,2026-04-01T00:00:00.000+02:00,2026-03-31T22:00:00Z,0.156,7
2017,Potencia instalada de generación autoconsumo solar térmica,2026-04-01T00:00:00.000+02:00,2026-03-31T22:00:00Z,0.014,5
2017,Potencia instalada de generación autoconsumo solar térmica,2026-04-01T00:00:00.000+02:00,2026-03-31T22:00:00Z,0.233,4
2017,Potencia instalada de generación autoconsumo solar térmica,2026-05-01T00:00:00.000+02:00,2026-04-30T22:00:00Z,0.073,19
2017,Potencia instalada de generación autoconsumo solar térmica,2026-05-01T00:00:00.000+02:00,2026-04-30T22:00:00Z,0.005,18
2017,Potencia instalada de generación autoconsumo solar térmica,2026-05-01T00:00:00.000+02:00,2026-04-30T22:00:00Z,0.004,17
2017,Potencia instalada de generación autoconsumo solar térmica,2026-05-01T00:00:00.000+02:00,2026-04-30T22:00:00Z,0.032,16
2017,Potencia instalada de generación autoconsumo solar térmica,2026-05-01T00:00:00.000+02:00,2026-04-30T22:00:00Z,0.05,15
2017,Potencia instalada de generación autoconsumo solar térmica,2026-05-01T00:00:00.000+02:00,2026-04-30T22:00:00Z,0.339,14
2017,Potencia instalada de generación autoconsumo solar térmica,2026-05-01T00:00:00.000+02:00,2026-04-30T22:00:00Z,0.063,21
2017,Potencia instalada de generación autoconsumo solar térmica,2026-05-01T00:00:00.000+02:00,2026-04-30T22:00:00Z,0.02,10
2017,Potencia instalada de generación autoconsumo solar térmica,2026-05-01T00:00:00.000+02:00,2026-04-30T22:00:00Z,0.125,9
2017,Potencia instalada de generación autoconsumo solar térmica,2026-05-01T00:00:00.000+02:00,2026-04-30T22:00:00Z,0.008,8
2017,Potencia instalada de generación autoconsumo solar térmica,2026-05-01T00:00:00.000+02:00,2026-04-30T22:00:00Z,0.156,7
2017,Potencia instalada de generación autoconsumo solar térmica,2026-05-01T00:00:00.000+02:00,2026-04-30T22:00:00Z,0.014,5
2017,Potencia instalada de generación autoconsumo solar térmica,2026-05-01T00:00:00.000+02:00,2026-04-30T22:00:00Z,0.233,4
2017,Potencia instalada de generación autoconsumo solar térmica,2026-05-01T00:00:00.000+02:00,2026-04-30T22:00:00Z,0.194,13
2017,Potencia instalada de generación autoconsumo solar térmica,2026-06-01T00:00:00.000+02:00,2026-05-31T22:00:00Z,0.063,21
2017,Potencia instalada de generación autoconsumo solar térmica,2026-06-01T00:00:00.000+02:00,2026-05-31T22:00:00Z,0.073,19
2017,Potencia instalada de generación autoconsumo solar térmica,2026-06-01T00:00:00.000+02:00,2026-05-31T22:00:00Z,0.005,18
2017,Potencia instalada de generación autoconsumo solar térmica,2026-06-01T00:00:00.000+02:00,2026-05-31T22:00:00Z,0.004,17
2017,Potencia instalada de generación autoconsumo solar térmica,2026-06-01T00:00:00.000+02:00,2026-05-31T22:00:00Z,0.032,16
2017,Potencia instalada de generación autoconsumo solar térmica,2026-06-01T00:00:00.000+02:00,2026-05-31T22:00:00Z,0.05,15
2017,Potencia instalada de generación autoconsumo solar térmica,2026-06-01T00:00:00.000+02:00,2026-05-31T22:00:00Z,0.351,14
2017,Potencia instalada de generación autoconsumo solar térmica,2026-06-01T00:00:00.000+02:00,2026-05-31T22:00:00Z,0.194,13
2017,Potencia instalada de generación autoconsumo solar térmica,2026-06-01T00:00:00.000+02:00,2026-05-31T22:00:00Z,0.125,9
2017,Potencia instalada de generación autoconsumo solar térmica,2026-06-01T00:00:00.000+02:00,2026-05-31T22:00:00Z,0.008,8
2017,Potencia instalada de generación autoconsumo solar térmica,2026-06-01T00:00:00.000+02:00,2026-05-31T22:00:00Z,0.156,7
2017,Potencia instalada de generación autoconsumo solar térmica,2026-06-01T00:00:00.000+02:00,2026-05-31T22:00:00Z,0.014,5
2017,Potencia instalada de generación autoconsumo solar térmica,2026-06-01T00:00:00.000+02:00,2026-05-31T22:00:00Z,0.233,4
2017,Potencia instalada de generación autoconsumo solar térmica,2026-06-01T00:00:00.000+02:00,2026-05-31T22:00:00Z,0.02,10
2017,Potencia instalada de generación autoconsumo solar térmica,2026-07-01T00:00:00.000+02:00,2026-06-30T22:00:00Z,0.06,15
2017,Potencia instalada de generación autoconsumo solar térmica,2026-07-01T00:00:00.000+02:00,2026-06-30T22:00:00Z,0.063,21
2017,Potencia instalada de generación autoconsumo solar térmica,2026-07-01T00:00:00.000+02:00,2026-06-30T22:00:00Z,0.073,19
2017,Potencia instalada de generación autoconsumo solar térmica,2026-07-01T00:00:00.000+02:00,2026-06-30T22:00:00Z,0.005,18
2017,Potencia instalada de generación autoconsumo solar térmica,2026-07-01T00:00:00.000+02:00,2026-06-30T22:00:00Z,0.032,16
2017,Potencia instalada de generación autoconsumo solar térmica,2026-07-01T00:00:00.000+02:00,2026-06-30T22:00:00Z,0.359,14
2017,Potencia instalada de generación autoconsumo solar térmica,2026-07-01T00:00:00.000+02:00,2026-06-30T22:00:00Z,0.004,17
2017,Potencia instalada de generación autoconsumo solar térmica,2026-07-01T00:00:00.000+02:00,2026-06-30T22:00:00Z,0.02,10
2017,Potencia instalada de generación autoconsumo solar térmica,2026-07-01T00:00:00.000+02:00,2026-06-30T22:00:00Z,0.125,9
2017,Potencia instalada de generación autoconsumo solar térmica,2026-07-01T00:00:00.000+02:00,2026-06-30T22:00:00Z,0.008,8
2017,Potencia instalada de generación autoconsumo solar térmica,2026-07-01T00:00:00.000+02:00,2026-06-30T22:00:00Z,0.2,13
2017,Potencia instalada de generación autoconsumo solar térmica,2026-07-01T00:00:00.000+02:00,2026-06-30T22:00:00Z,0.161,7
2017,Potencia instalada de generación autoconsumo solar térmica,2026-07-01T00:00:00.000+02:00,2026-06-30T22:00:00Z,0.014,5
2017,Potencia instalada de generación autoconsumo solar térmica,2026-07-01T00:00:00.000+02:00,2026-06-30T22:00:00Z,0.233,4
2017,Potencia instalada de generación autoconsumo solar térmica,2026-08-01T00:00:00.000+02:00,2026-07-31T22:00:00Z,0.063,21
2017,Potencia instalada de generación autoconsumo solar térmica,2026-08-01T00:00:00.000+02:00,2026-07-31T22:00:00Z,0.073,19
2017,Potencia instalada de generación autoconsumo solar térmica,2026-08-01T00:00:00.000+02:00,2026-07-31T22:00:00Z,0.005,18
2017,Potencia instalada de generación autoconsumo solar térmica,2026-08-01T00:00:00.000+02:00,2026-07-31T22:00:00Z,0.004,17
2017,Potencia instalada de generación autoconsumo solar térmica,2026-08-01T00:00:00.000+02:00,2026-07-31T22:00:00Z,0.032,16
2017,Potencia instalada de generación autoconsumo solar térmica,2026-08-01T00:00:00.000+02:00,2026-07-31T22:00:00Z,0.066,15
2017,Potencia instalada de generación autoconsumo solar térmica,2026-08-01T00:00:00.000+02:00,2026-07-31T22:00:00Z,0.367,14
2017,Potencia instalada de generación autoconsumo solar térmica,2026-08-01T00:00:00.000+02:00,2026-07-31T22:00:00Z,0.2,13
2017,Potencia instalada de generación autoconsumo solar térmica,2026-08-01T00:00:00.000+02:00,2026-07-31T22:00:00Z,0.02,10
2017,Potencia instalada de generación autoconsumo solar térmica,2026-08-01T00:00:00.000+02:00,2026-07-31T22:00:00Z,0.125,9
2017,Potencia instalada de generación autoconsumo solar térmica,2026-08-01T00:00:00.000+02:00,2026-07-31T22:00:00Z,0.008,8
2017,Potencia instalada de generación autoconsumo solar térmica,2026-08-01T00:00:00.000+02:00,2026-07-31T22:00:00Z,0.169,7
2017,Potencia instalada de generación autoconsumo solar térmica,2026-08-01T00:00:00.000+02:00,2026-07-31T22:00:00Z,0.014,5
2017,Potencia instalada de generación autoconsumo solar térmica,2026-08-01T00:00:00.000+02:00,2026-07-31T22:00:00Z,0.233,4
2017,Potencia instalada de generación autoconsumo solar térmica,2026-09-01T00:00:00.000+02:00,2026-08-31T22:00:00Z,0.073,19
2017,Potencia instalada de generación autoconsumo solar térmica,2026-09-01T00:00:00.000+02:00,2026-08-31T22:00:00Z,0.005,18
2017,Potencia instalada de generación autoconsumo solar térmica,2026-09-01T00:00:00.000+02:00,2026-08-31T22:00:00Z,0.004,17
2017,Potencia instalada de generación autoconsumo solar térmica,2026-09-01T00:00:00.000+02:00,2026-08-31T22:00:00Z,0.063,21
2017,Potencia instalada de generación autoconsumo solar térmica,2026-09-01T00:00:00.000+02:00,2026-08-31T22:00:00Z,0.032,16
2017,Potencia instalada de generación autoconsumo solar térmica,2026-09-01T00:00:00.000+02:00,2026-08-31T22:00:00Z,0.066,15
2017,Potencia instalada de generación autoconsumo solar térmica,2026-09-01T00:00:00.000+02:00,2026-08-31T22:00:00Z,0.382,14
2017,Potencia instalada de generación autoconsumo solar térmica,2026-09-01T00:00:00.000+02:00,2026-08-31T22:00:00Z,0.008,8
2017,Potencia instalada de generación autoconsumo solar térmica,2026-09-01T00:00:00.000+02:00,2026-08-31T22:00:00Z,0.02,10
2017,Potencia instalada de generación autoconsumo solar térmica,2026-09-01T00:00:00.000+02:00,2026-08-31T22:00:00Z,0.125,9
2017,Potencia instalada de generación autoconsumo solar térmica,2026-09-01T00:00:00.000+02:00,2026-08-31T22:00:00Z,0.169,7
2017,Potencia instalada de generación autoconsumo solar térmica,2026-09-01T00:00:00.000+02:00,2026-08-31T22:00:00Z,0.014,5
2017,Potencia instalada de generación autoconsumo solar térmica,2026-09-01T00:00:00.000+02:00,2026-08-31T22:00:00Z,0.233,4
2017,Potencia instalada de generación autoconsumo solar térmica,2026-09-01T00:00:00.000+02:00,2026-08-31T22:00:00Z,0.2,13
2017,Potencia instalada de generación autoconsumo solar térmica,2026-10-01T00:00:00.000+02:00,2026-09-30T22:00:00Z,0.005,18
2017,Potencia instalada de generación autoconsumo solar térmica,2026-10-01T00:00:00.000+02:00,2026-09-30T22:00:00Z,0.004,17
2017,Potencia instalada de generación autoconsumo solar térmica,2026-10-01T00:00:00.000+02:00,2026-09-30T22:00:00Z,0.032,16
2017,Potencia instalada de generación autoconsumo solar térmica,2026-10-01T00:00:00.000+02:00,2026-09-30T22:00:00Z,0.066,15
2017,Potencia instalada de generación autoconsumo solar térmica,2026-10-01T00:00:00.000+02:00,2026-09-30T22:00:00Z,0.387,14
2017,Potencia instalada de generación autoconsumo solar térmica,2026-10-01T00:00:00.000+02:00,2026-09-30T22:00:00Z,0.2,13
2017,Potencia instalada de generación autoconsumo solar térmica,2026-10-01T00:00:00.000+02:00,2026-09-30T22:00:00Z,0.008,8
2017,Potencia instalada de generación autoconsumo solar térmica,2026-10-01T00:00:00.000+02:00,2026-09-30T22:00:00Z,0.025,9
2017,Potencia instalada de generación autoconsumo solar térmica,2026-10-01T00:00:00.000+02:00,2026-09-30T22:00:00Z,0.169,7
2017,Potencia instalada de generación autoconsumo solar térmica,2026-10-01T00:00:00.000+02:00,2026-09-30T22:00:00Z,0.014,5
2017,Potencia instalada de generación autoconsumo solar térmica,2026-10-01T00:00:00.000+02:00,2026-09-30T22:00:00Z,0.223,4
2017,Potencia instalada de generación autoconsumo solar térmica,2026-10-01T00:00:00.000+02:00,2026-09-30T22:00:00Z,0.07,19
2017,Potencia instalada de generación autoconsumo solar térmica,2026-10-01T00:00:00.000+02:00,2026-09-30T22:00:00Z,0.02,10
2017,Potencia instalada de generación autoconsumo solar térmica,2026-10-01T00:00:00.000+02:00,2026-09-30T22:00:00Z,0.063,21
2018,Potencia instalada de generación autoconsumo residuos no renovables,2025-10-01T00:00:00.000+02:00,2025-09-30T22:00:00Z,0.011,4
2018,Potencia instalada de generación autoconsumo residuos no renovables,2025-10-01T00:00:00.000+02:00,2025-09-30T22:00:00Z,4.965,6
2018,Potencia instalada de generación autoconsumo residuos no renovables,2025-10-01T00:00:00.000+02:00,2025-09-30T22:00:00Z,32.375,9
2018,Potencia instalada de generación autoconsumo residuos no renovables,2025-10-01T00:00:00.000+02:00,2025-09-30T22:00:00Z,12.2,10
2018,Potencia instalada de generación autoconsumo residuos no renovables,2025-10-01T00:00:00.000+02:00,2025-09-30T22:00:00Z,54.15,15
2018,Potencia instalada de generación autoconsumo residuos no renovables,2025-10-01T00:00:00.000+02:00,2025-09-30T22:00:00Z,0.1,21
2018,Potencia instalada de generación autoconsumo residuos no renovables,2025-11-01T00:00:00.000+01:00,2025-10-31T23:00:00Z,0.1,21
2018,Potencia instalada de generación autoconsumo residuos no renovables,2025-11-01T00:00:00.000+01:00,2025-10-31T23:00:00Z,12.2,10
2018,Potencia instalada de generación autoconsumo residuos no renovables,2025-11-01T00:00:00.000+01:00,2025-10-31T23:00:00Z,54.15,15
2018,Potencia instalada de generación autoconsumo residuos no renovables,2025-11-01T00:00:00.000+01:00,2025-10-31T23:00:00Z,4.965,6
2018,Potencia instalada de generación autoconsumo residuos no renovables,2025-11-01T00:00:00.000+01:00,2025-10-31T23:00:00Z,0.011,4
2018,Potencia instalada de generación autoconsumo residuos no renovables,2025-11-01T00:00:00.000+01:00,2025-10-31T23:00:00Z,32.375,9
2018,Potencia instalada de generación autoconsumo residuos no renovables,2025-12-01T00:00:00.000+01:00,2025-11-30T23:00:00Z,0.011,4
2018,Potencia instalada de generación autoconsumo residuos no renovables,2025-12-01T00:00:00.000+01:00,2025-11-30T23:00:00Z,4.965,6
2018,Potencia instalada de generación autoconsumo residuos no renovables,2025-12-01T00:00:00.000+01:00,2025-11-30T23:00:00Z,32.375,9
2018,Potencia instalada de generación autoconsumo residuos no renovables,2025-12-01T00:00:00.000+01:00,2025-11-30T23:00:00Z,12.2,10
2018,Potencia instalada de generación autoconsumo residuos no renovables,2025-12-01T00:00:00.000+01:00,2025-11-30T23:00:00Z,54.15,15
2018,Potencia instalada de generación autoconsumo residuos no renovables,2025-12-01T00:00:00.000+01:00,2025-11-30T23:00:00Z,0.1,21
2018,Potencia instalada de generación autoconsumo residuos no renovables,2026-01-01T00:00:00.000+01:00,2025-12-31T23:00:00Z,54.15,15
2018,Potencia instalada de generación autoconsumo residuos no renovables,2026-01-01T00:00:00.000+01:00,2025-12-31T23:00:00Z,0.1,21
2018,Potencia instalada de generación autoconsumo residuos no renovables,2026-01-01T00:00:00.000+01:00,2025-12-31T23:00:00Z,12.2,10
2018,Potencia instalada de generación autoconsumo residuos no renovables,2026-01-01T00:00:00.000+01:00,2025-12-31T23:00:00Z,0.011,4
2018,Potencia instalada de generación autoconsumo residuos no renovables,2026-01-01T00:00:00.000+01:00,2025-12-31T23:00:00Z,4.965,6
2018,Potencia instalada de generación autoconsumo residuos no renovables,2026-01-01T00:00:00.000+01:00,2025-12-31T23:00:00Z,32.375,9
2018,Potencia instalada de generación autoconsumo residuos no renovables,2026-02-01T00:00:00.000+01:00,2026-01-31T23:00:00Z,0.011,4
2018,Potencia instalada de generación autoconsumo residuos no renovables,2026-02-01T00:00:00.000+01:00,2026-01-31T23:00:00Z,4.965,6
2018,Potencia instalada de generación autoconsumo residuos no renovables,2026-02-01T00:00:00.000+01:00,2026-01-31T23:00:00Z,32.375,9
2018,Potencia instalada de generación autoconsumo residuos no renovables,2026-02-01T00:00:00.000+01:00,2026-01-31T23:00:00Z,12.2,10
2018,Potencia instalada de generación autoconsumo residuos no renovables,2026-02-01T00:00:00.000+01:00,2026-01-31T23:00:00Z,54.15,15
2018,Potencia instalada de generación autoconsumo residuos no renovables,2026-02-01T00:00:00.000+01:00,2026-01-31T23:00:00Z,0.1,21
2018,Potencia instalada de generación autoconsumo residuos no renovables,2026-03-01T00:00:00.000+01:00,2026-02-28T23:00:00Z,0.011,4
2018,Potencia instalada de generación autoconsumo residuos no renovables,2026-03-01T00:00:00.000+01:00,2026-02-28T23:00:00Z,4.965,6
2018,Potencia instalada de generación autoconsumo residuos no renovables,2026-03-01T00:00:00.000+01:00,2026-02-28T23:00:00Z,32.375,9
2018,Potencia instalada de generación autoconsumo residuos no renovables,2026-03-01T00:00:00.000+01:00,2026-02-28T23:00:00Z,12.2,10
2018,Potencia instalada de generación autoconsumo residuos no renovables,2026-03-01T00:00:00.000+01:00,2026-02-28T23:00:00Z,54.15,15
2018,Potencia instalada de generación autoconsumo residuos no renovables,2026-03-01T00:00:00.000+01:00,2026-02-28T23:00:00Z,0.1,21
2018,Potencia instalada de generación autoconsumo residuos no renovables,2026-04-01T00:00:00.000+02:00,2026-03-31T22:00:00Z,0.1,21
2018,Potencia instalada de generación autoconsumo residuos no renovables,2026-04-01T00:00:00.000+02:00,2026-03-31T22:00:00Z,12.2,10
2018,Potencia instalada de generación autoconsumo residuos no renovables,2026-04-01T00:00:00.000+02:00,2026-03-31T22:00:00Z,54.15,15
2018,Potencia instalada de generación autoconsumo residuos no renovables,2026-04-01T00:00:00.000+02:00,2026-03-31T22:00:00Z,4.965,6
2018,Potencia instalada de generación autoconsumo residuos no renovables,2026-04-01T00:00:00.000+02:00,2026-03-31T22:00:00Z,32.375,9
2018,Potencia instalada de generación autoconsumo residuos no renovables,2026-04-01T00:00:00.000+02:00,2026-03-31T22:00:00Z,0.011,4
2018,Potencia instalada de generación autoconsumo residuos no renovables,2026-05-01T00:00:00.000+02:00,2026-04-30T22:00:00Z,54.15,15
2018,Potencia instalada de generación autoconsumo residuos no renovables,2026-05-01T00:00:00.000+02:00,2026-04-30T22:00:00Z,12.2,10
2018,Potencia instalada de generación autoconsumo residuos no renovables,2026-05-01T00:00:00.000+02:00,2026-04-30T22:00:00Z,0.1,21
2018,Potencia instalada de generación autoconsumo residuos no renovables,2026-05-01T00:00:00.000+02:00,2026-04-30T22:00:00Z,4.965,6
2018,Potencia instalada de generación autoconsumo residuos no renovables,2026-05-01T00:00:00.000+02:00,2026-04-30T22:00:00Z,0.011,4
2018,Potencia instalada de generación autoconsumo residuos no renovables,2026-05-01T00:00:00.000+02:00,2026-04-30T22:00:00Z,32.375,9
2018,Potencia instalada de generación autoconsumo residuos no renovables,2026-06-01T00:00:00.000+02:00,2026-05-31T22:00:00Z,0.011,4
2018,Potencia instalada de generación autoconsumo residuos no renovables,2026-06-01T00:00:00.000+02:00,2026-05-31T22:00:00Z,4.965,6
2018,Potencia instalada de generación autoconsumo residuos no renovables,2026-06-01T00:00:00.000+02:00,2026-05-31T22:00:00Z,32.375,9
2018,Potencia instalada de generación autoconsumo residuos no renovables,2026-06-01T00:00:00.000+02:00,2026-05-31T22:00:00Z,12.2,10
2018,Potencia instalada de generación autoconsumo residuos no renovables,2026-06-01T00:00:00.000+02:00,2026-05-31T22:00:00Z,54.15,15
2018,Potencia instalada de generación autoconsumo residuos no renovables,2026-06-01T00:00:00.000+02:00,2026-05-31T22:00:00Z,0.1,21
2018,Potencia instalada de generación autoconsumo residuos no renovables,2026-07-01T00:00:00.000+02:00,2026-06-30T22:00:00Z,0.006,14
2018,Potencia instalada de generación autoconsumo residuos no renovables,2026-07-01T00:00:00.000+02:00,2026-06-30T22:00:00Z,54.15,15
2018,Potencia instalada de generación autoconsumo residuos no renovables,2026-07-01T00:00:00.000+02:00,2026-06-30T22:00:00Z,12.2,10
2018,Potencia instalada de generación autoconsumo residuos no renovables,2026-07-01T00:00:00.000+02:00,2026-06-30T22:00:00Z,0.1,21
2018,Potencia instalada de generación autoconsumo residuos no renovables,2026-07-01T00:00:00.000+02:00,2026-06-30T22:00:00Z,4.965,6
2018,Potencia instalada de generación autoconsumo residuos no renovables,2026-07-01T00:00:00.000+02:00,2026-06-30T22:00:00Z,0.011,4
2018,Potencia instalada de generación autoconsumo residuos no renovables,2026-07-01T00:00:00.000+02:00,2026-06-30T22:00:00Z,32.375,9
2018,Potencia instalada de generación autoconsumo residuos no renovables,2026-08-01T00:00:00.000+02:00,2026-07-31T22:00:00Z,0.011,4
2018,Potencia instalada de generación autoconsumo residuos no renovables,2026-08-01T00:00:00.000+02:00,2026-07-31T22:00:00Z,4.965,6
2018,Potencia instalada de generación autoconsumo residuos no renovables,2026-08-01T00:00:00.000+02:00,2026-07-31T22:00:00Z,32.375,9
2018,Potencia instalada de generación autoconsumo residuos no renovables,2026-08-01T00:00:00.000+02:00,2026-07-31T22:00:00Z,12.2,10
2018,Potencia instalada de generación autoconsumo residuos no renovables,2026-08-01T00:00:00.000+02:00,2026-07-31T22:00:00Z,0.006,14
2018,Potencia instalada de generación autoconsumo residuos no renovables,2026-08-01T00:00:00.000+02:00,2026-07-31T22:00:00Z,54.15,15
2018,Potencia instalada de generación autoconsumo residuos no renovables,2026-08-01T00:00:00.000+02:00,2026-07-31T22:00:00Z,0.1,21
2018,Potencia instalada de generación autoconsumo residuos no renovables,2026-09-01T00:00:00.000+02:00,2026-08-31T22:00:00Z,0.1,21
2018,Potencia instalada de generación autoconsumo residuos no renovables,2026-09-01T00:00:00.000+02:00,2026-08-31T22:00:00Z,54.15,15
2018,Potencia instalada de generación autoconsumo residuos no renovables,2026-09-01T00:00:00.000+02:00,2026-08-31T22:00:00Z,0.006,14
2018,Potencia instalada de generación autoconsumo residuos no renovables,2026-09-01T00:00:00.000+02:00,2026-08-31T22:00:00Z,4.965,6
2018,Potencia instalada de generación autoconsumo residuos no renovables,2026-09-01T00:00:00.000+02:00,2026-08-31T22:00:00Z,32.375,9
2018,Potencia instalada de generación autoconsumo residuos no renovables,2026-09-01T00:00:00.000+02:00,2026-08-31T22:00:00Z,0.011,4
2018,Potencia instalada de generación autoconsumo residuos no renovables,2026-09-01T00:00:00.000+02:00,2026-08-31T22:00:00Z,12.2,10
2018,Potencia instalada de generación autoconsumo residuos no renovables,2026-10-01T00:00:00.000+02:00,2026-09-30T22:00:00Z,54.15,15
2018,Potencia instalada de generación autoconsumo residuos no renovables,2026-10-01T00:00:00.000+02:00,2026-09-30T22:00:00Z,0.011,4
2018,Potencia instalada de generación autoconsumo residuos no renovables,2026-10-01T00:00:00.000+02:00,2026-09-30T22:00:00Z,4.965,6
2018,Potencia instalada de generación autoconsumo residuos no renovables,2026-10-01T00:00:00.000+02:00,2026-09-30T22:00:00Z,32.375,9
2018,Potencia instalada de generación autoconsumo residuos no renovables,2026-10-01T00:00:00.000+02:00,2026-09-30T22:00:00Z,12.2,10
2018,Potencia instalada de generación autoconsumo residuos no renovables,2026-10-01T00:00:00.000+02:00,2026-09-30T22:00:00Z,0.006,14
2018,Potencia instalada de generación autoconsumo residuos no renovables,2026-10-01T00:00:00.000+02:00,2026-09-30T22:00:00Z,0.1,21
2267,Potencia instalada híbrida renovable,2025-10-01T00:00:00.000+02:00,2025-09-30T22:00:00Z,39.735,5
2267,Potencia instalada híbrida renovable,2025-10-01T00:00:00.000+02:00,2025-09-30T22:00:00Z,243.767,7
2267,Potencia instalada híbrida renovable,2025-10-01T00:00:00.000+02:00,2025-09-30T22:00:00Z,204.042,8
2267,Potencia instalada híbrida renovable,2025-11-01T00:00:00.000+01:00,2025-10-31T23:00:00Z,148.635,5
2267,Potencia instalada híbrida renovable,2025-11-01T00:00:00.000+01:00,2025-10-31T23:00:00Z,243.767,7
2267,Potencia instalada híbrida renovable,2025-11-01T00:00:00.000+01:00,2025-10-31T23:00:00Z,204.042,8
2267,Potencia instalada híbrida renovable,2025-12-01T00:00:00.000+01:00,2025-11-30T23:00:00Z,148.635,5
2267,Potencia instalada híbrida renovable,2025-12-01T00:00:00.000+01:00,2025-11-30T23:00:00Z,243.767,7
2267,Potencia instalada híbrida renovable,2025-12-01T00:00:00.000+01:00,2025-11-30T23:00:00Z,204.042,8
2267,Potencia instalada híbrida renovable,2026-01-01T00:00:00.000+01:00,2025-12-31T23:00:00Z,243.767,7
2267,Potencia instalada híbrida renovable,2026-01-01T00:00:00.000+01:00,2025-12-31T23:00:00Z,204.042,8
2267,Potencia instalada híbrida renovable,2026-01-01T00:00:00.000+01:00,2025-12-31T23:00:00Z,255.375,5
2267,Potencia instalada híbrida renovable,2026-02-01T00:00:00.000+01:00,2026-01-31T23:00:00Z,287.775,5
2267,Potencia instalada híbrida renovable,2026-02-01T00:00:00.000+01:00,2026-01-31T23:00:00Z,243.767,7
2267,Potencia instalada híbrida renovable,2026-02-01T00:00:00.000+01:00,2026-01-31T23:00:00Z,204.042,8
2267,Potencia instalada híbrida renovable,2026-03-01T00:00:00.000+01:00,2026-02-28T23:00:00Z,491.935,5
2267,Potencia instalada híbrida renovable,2026-03-01T00:00:00.000+01:00,2026-02-28T23:00:00Z,243.767,7
2267,Potencia instalada híbrida renovable,2026-03-01T00:00:00.000+01:00,2026-02-28T23:00:00Z,204.042,8
2267,Potencia instalada híbrida renovable,2026-03-01T00:00:00.000+01:00,2026-02-28T23:00:00Z,16.03,14
2267,Potencia instalada híbrida renovable,2026-04-01T00:00:00.000+02:00,2026-03-31T22:00:00Z,16.03,14
2267,Potencia instalada híbrida renovable,2026-04-01T00:00:00.000+02:00,2026-03-31T22:00:00Z,491.935,5
2267,Potencia instalada híbrida renovable,2026-04-01T00:00:00.000+02:00,2026-03-31T22:00:00Z,243.767,7
2267,Potencia instalada híbrida renovable,2026-04-01T00:00:00.000+02:00,2026-03-31T22:00:00Z,204.042,8
2267,Potencia instalada híbrida renovable,2026-05-01T00:00:00.000+02:00,2026-04-30T22:00:00Z,16.03,14
2267,Potencia instalada híbrida renovable,2026-05-01T00:00:00.000+02:00,2026-04-30T22:00:00Z,204.042,8
2267,Potencia instalada híbrida renovable,2026-05-01T00:00:00.000+02:00,2026-04-30T22:00:00Z,491.935,5
2267,Potencia instalada híbrida renovable,2026-05-01T00:00:00.000+02:00,2026-04-30T22:00:00Z,243.767,7
2267,Potencia instalada híbrida renovable,2026-06-01T00:00:00.000+02:00,2026-05-31T22:00:00Z,491.935,5
2267,Potencia instalada híbrida renovable,2026-06-01T00:00:00.000+02:00,2026-05-31T22:00:00Z,243.767,7
2267,Potencia instalada híbrida renovable,2026-06-01T00:00:00.000+02:00,2026-05-31T22:00:00Z,204.042,8
2267,Potencia instalada híbrida renovable,2026-06-01T00:00:00.000+02:00,2026-05-31T22:00:00Z,16.03,14
2267,Potencia instalada híbrida renovable,2026-07-01T00:00:00.000+02:00,2026-06-30T22:00:00Z,23.2,17
2267,Potencia instalada híbrida renovable,2026-07-01T00:00:00.000+02:00,2026-06-30T22:00:00Z,491.935,5
2267,Potencia instalada híbrida renovable,2026-07-01T00:00:00.000+02:00,2026-06-30T22:00:00Z,279.407,7
2267,Potencia instalada híbrida renovable,2026-07-01T00:00:00.000+02:00,2026-06-30T22:00:00Z,204.042,8
2267,Potencia instalada híbrida renovable,2026-07-01T00:00:00.000+02:00,2026-06-30T22:00:00Z,16.03,14
2267,Potencia instalada híbrida renovable,2026-08-01T00:00:00.000+02:00,2026-07-31T22:00:00Z,23.2,17
2267,Potencia instalada híbrida renovable,2026-08-01T00:00:00.000+02:00,2026-07-31T22:00:00Z,16.03,14
2267,Potencia instalada híbrida renovable,2026-08-01T00:00:00.000+02:00,2026-07-31T22:00:00Z,279.407,7
2267,Potencia instalada híbrida renovable,2026-08-01T00:00:00.000+02:00,2026-07-31T22:00:00Z,491.935,5
2267,Potencia instalada híbrida renovable,2026-08-01T00:00:00.000+02:00,2026-07-31T22:00:00Z,204.042,8
2267,Potencia instalada híbrida renovable,2026-09-01T00:00:00.000+02:00,2026-08-31T22:00:00Z,23.2,17
2267,Potencia instalada híbrida renovable,2026-09-01T00:00:00.000+02:00,2026-08-31T22:00:00Z,598.985,5
2267,Potencia instalada híbrida renovable,2026-09-01T00:00:00.000+02:00,2026-08-31T22:00:00Z,157.502,7
2267,Potencia instalada híbrida renovable,2026-09-01T00:00:00.000+02:00,2026-08-31T22:00:00Z,204.042,8
2267,Potencia instalada híbrida renovable,2026-09-01T00:00:00.000+02:00,2026-08-31T22:00:00Z,16.03,14
2267,Potencia instalada híbrida renovable,2026-10-01T00:00:00.000+02:00,2026-09-30T22:00:00Z,204.042,8
2267,Potencia instalada híbrida renovable,2026-10-01T00:00:00.000+02:00,2026-09-30T22:00:00Z,16.03,14
2267,Potencia instalada híbrida renovable,2026-10-01T00:00:00.000+02:00,2026-09-30T22:00:00Z,598.985,5
2267,Potencia instalada híbrida renovable,2026-10-01T00:00:00.000+02:00,2026-09-30T22:00:00Z,157.502,7
2267,Potencia instalada híbrida renovable,2026-10-01T00:00:00.000+02:00,2026-09-30T22:00:00Z,23.2,17
2268,Potencia instalada híbrida renovable-térmica no renovable,2025-10-01T00:00:00.000+02:00,2025-09-30T22:00:00Z,13.459,4
2268,Potencia instalada híbrida renovable-térmica no renovable,2025-10-01T00:00:00.000+02:00,2025-09-30T22:00:00Z,6.16,8
2268,Potencia instalada híbrida renovable-térmica no renovable,2025-10-01T00:00:00.000+02:00,2025-09-30T22:00:00Z,11.793,16
2268,Potencia instalada híbrida renovable-térmica no renovable,2025-10-01T00:00:00.000+02:00,2025-09-30T22:00:00Z,6.545,17
2268,Potencia instalada híbrida renovable-térmica no renovable,2025-11-01T00:00:00.000+01:00,2025-10-31T23:00:00Z,13.459,4
2268,Potencia instalada híbrida renovable-térmica no renovable,2025-11-01T00:00:00.000+01:00,2025-10-31T23:00:00Z,6.16,8
2268,Potencia instalada híbrida renovable-térmica no renovable,2025-11-01T00:00:00.000+01:00,2025-10-31T23:00:00Z,11.793,16
2268,Potencia instalada híbrida renovable-térmica no renovable,2025-11-01T00:00:00.000+01:00,2025-10-31T23:00:00Z,6.545,17
2268,Potencia instalada híbrida renovable-térmica no renovable,2025-12-01T00:00:00.000+01:00,2025-11-30T23:00:00Z,13.459,4
2268,Potencia instalada híbrida renovable-térmica no renovable,2025-12-01T00:00:00.000+01:00,2025-11-30T23:00:00Z,6.16,8
2268,Potencia instalada híbrida renovable-térmica no renovable,2025-12-01T00:00:00.000+01:00,2025-11-30T23:00:00Z,11.793,16
2268,Potencia instalada híbrida renovable-térmica no renovable,2025-12-01T00:00:00.000+01:00,2025-11-30T23:00:00Z,6.545,17
2268,Potencia instalada híbrida renovable-térmica no renovable,2026-01-01T00:00:00.000+01:00,2025-12-31T23:00:00Z,6.545,17
2268,Potencia instalada híbrida renovable-térmica no renovable,2026-01-01T00:00:00.000+01:00,2025-12-31T23:00:00Z,11.793,16
2268,Potencia instalada híbrida renovable-térmica no renovable,2026-01-01T00:00:00.000+01:00,2025-12-31T23:00:00Z,13.459,4
2268,Potencia instalada híbrida renovable-térmica no renovable,2026-01-01T00:00:00.000+01:00,2025-12-31T23:00:00Z,6.16,8
2268,Potencia instalada híbrida renovable-térmica no renovable,2026-02-01T00:00:00.000+01:00,2026-01-31T23:00:00Z,13.459,4
2268,Potencia instalada híbrida renovable-térmica no renovable,2026-02-01T00:00:00.000+01:00,2026-01-31T23:00:00Z,6.16,8
2268,Potencia instalada híbrida renovable-térmica no renovable,2026-02-01T00:00:00.000+01:00,2026-01-31T23:00:00Z,11.793,16
2268,Potencia instalada híbrida renovable-térmica no renovable,2026-02-01T00:00:00.000+01:00,2026-01-31T23:00:00Z,6.545,17
2268,Potencia instalada híbrida renovable-térmica no renovable,2026-03-01T00:00:00.000+01:00,2026-02-28T23:00:00Z,13.459,4
2268,Potencia instalada híbrida renovable-térmica no renovable,2026-03-01T00:00:00.000+01:00,2026-02-28T23:00:00Z,6.16,8
2268,Potencia instalada híbrida renovable-térmica no renovable,2026-03-01T00:00:00.000+01:00,2026-02-28T23:00:00Z,11.793,16
2268,Potencia instalada híbrida renovable-térmica no renovable,2026-03-01T00:00:00.000+01:00,2026-02-28T23:00:00Z,6.545,17
2268,Potencia instalada híbrida renovable-térmica no renovable,2026-04-01T00:00:00.000+02:00,2026-03-31T22:00:00Z,6.545,17
2268,Potencia instalada híbrida renovable-térmica no renovable,2026-04-01T00:00:00.000+02:00,2026-03-31T22:00:00Z,11.793,16
2268,Potencia instalada híbrida renovable-térmica no renovable,2026-04-01T00:00:00.000+02:00,2026-03-31T22:00:00Z,6.16,8
2268,Potencia instalada híbrida renovable-térmica no renovable,2026-04-01T00:00:00.000+02:00,2026-03-31T22:00:00Z,13.459,4
2268,Potencia instalada híbrida renovable-térmica no renovable,2026-05-01T00:00:00.000+02:00,2026-04-30T22:00:00Z,13.459,4
2268,Potencia instalada híbrida renovable-térmica no renovable,2026-05-01T00:00:00.000+02:00,2026-04-30T22:00:00Z,39.61,8
2268,Potencia instalada híbrida renovable-térmica no renovable,2026-05-01T00:00:00.000+02:00,2026-04-30T22:00:00Z,11.793,16
2268,Potencia instalada híbrida renovable-térmica no renovable,2026-05-01T00:00:00.000+02:00,2026-04-30T22:00:00Z,6.545,17
2268,Potencia instalada híbrida renovable-térmica no renovable,2026-06-01T00:00:00.000+02:00,2026-05-31T22:00:00Z,13.459,4
2268,Potencia instalada híbrida renovable-térmica no renovable,2026-06-01T00:00:00.000+02:00,2026-05-31T22:00:00Z,39.61,8
2268,Potencia instalada híbrida renovable-térmica no renovable,2026-06-01T00:00:00.000+02:00,2026-05-31T22:00:00Z,11.793,16
2268,Potencia instalada híbrida renovable-térmica no renovable,2026-06-01T00:00:00.000+02:00,2026-05-31T22:00:00Z,6.545,17
2268,Potencia instalada híbrida renovable-térmica no renovable,2026-07-01T00:00:00.000+02:00,2026-06-30T22:00:00Z,11.793,16
2268,Potencia instalada híbrida renovable-térmica no renovable,2026-07-01T00:00:00.000+02:00,2026-06-30T22:00:00Z,6.545,17
2268,Potencia instalada híbrida renovable-térmica no renovable,2026-07-01T00:00:00.000+02:00,2026-06-30T22:00:00Z,13.459,4
2268,Potencia instalada híbrida renovable-térmica no renovable,2026-07-01T00:00:00.000+02:00,2026-06-30T22:00:00Z,44.41,8
2268,Potencia instalada híbrida renovable-térmica no renovable,2026-08-01T00:00:00.000+02:00,2026-07-31T22:00:00Z,13.459,4
2268,Potencia instalada híbrida renovable-térmica no renovable,2026-08-01T00:00:00.000+02:00,2026-07-31T22:00:00Z,44.41,8
2268,Potencia instalada híbrida renovable-térmica no renovable,2026-08-01T00:00:00.000+02:00,2026-07-31T22:00:00Z,11.793,16
2268,Potencia instalada híbrida renovable-térmica no renovable,2026-08-01T00:00:00.000+02:00,2026-07-31T22:00:00Z,6.545,17
2268,Potencia instalada híbrida renovable-térmica no renovable,2026-09-01T00:00:00.000+02:00,2026-08-31T22:00:00Z,13.459,4
2268,Potencia instalada híbrida renovable-térmica no renovable,2026-09-01T00:00:00.000+02:00,2026-08-31T22:00:00Z,44.41,8
2268,Potencia instalada híbrida renovable-térmica no renovable,2026-09-01T00:00:00.000+02:00,2026-08-31T22:00:00Z,11.793,16
2268,Potencia instalada híbrida renovable-térmica no renovable,2026-09-01T00:00:00.000+02:00,2026-08-31T22:00:00Z,6.545,17
2268,Potencia instalada híbrida renovable-térmica no renovable,2026-10-01T00:00:00.000+02:00,2026-09-30T22:00:00Z,11.793,16
2268,Potencia instalada híbrida renovable-térmica no renovable,2026-10-01T00:00:00.000+02:00,2026-09-30T22:00:00Z,13.459,4
2268,Potencia instalada híbrida renovable-térmica no renovable,2026-10-01T00:00:00.000+02:00,2026-09-30T22:00:00Z,44.41,8
2268,Potencia instalada híbrida renovable-térmica no renovable,2026-10-01T00:00:00.000+02:00,2026-09-30T22:00:00Z,6.545,17
2269,Potencia instalada híbrida renovable-almacenamiento,2025-10-01T00:00:00.000+02:00,2025-09-30T22:00:00Z,94.91,7
2269,Potencia instalada híbrida renovable-almacenamiento,2025-10-01T00:00:00.000+02:00,2025-09-30T22:00:00Z,37.83,10
2269,Potencia instalada híbrida renovable-almacenamiento,2025-10-01T00:00:00.000+02:00,2025-09-30T22:00:00Z,62.905,16
2269,Potencia instalada híbrida renovable-almacenamiento,2025-10-01T00:00:00.000+02:00,2025-09-30T22:00:00Z,3.975,18
2269,Potencia instalada híbrida renovable-almacenamiento,2025-11-01T00:00:00.000+01:00,2025-10-31T23:00:00Z,94.91,7
2269,Potencia instalada híbrida renovable-almacenamiento,2025-11-01T00:00:00.000+01:00,2025-10-31T23:00:00Z,37.83,10
2269,Potencia instalada híbrida renovable-almacenamiento,2025-11-01T00:00:00.000+01:00,2025-10-31T23:00:00Z,62.905,16
2269,Potencia instalada híbrida renovable-almacenamiento,2025-11-01T00:00:00.000+01:00,2025-10-31T23:00:00Z,3.975,18
2269,Potencia instalada híbrida renovable-almacenamiento,2025-12-01T00:00:00.000+01:00,2025-11-30T23:00:00Z,3.975,18
2269,Potencia instalada híbrida renovable-almacenamiento,2025-12-01T00:00:00.000+01:00,2025-11-30T23:00:00Z,62.905,16
2269,Potencia instalada híbrida renovable-almacenamiento,2025-12-01T00:00:00.000+01:00,2025-11-30T23:00:00Z,37.83,10
2269,Potencia instalada híbrida renovable-almacenamiento,2025-12-01T00:00:00.000+01:00,2025-11-30T23:00:00Z,94.91,7
2269,Potencia instalada híbrida renovable-almacenamiento,2026-01-01T00:00:00.000+01:00,2025-12-31T23:00:00Z,94.91,7
2269,Potencia instalada híbrida renovable-almacenamiento,2026-01-01T00:00:00.000+01:00,2025-12-31T23:00:00Z,37.83,10
2269,Potencia instalada híbrida renovable-almacenamiento,2026-01-01T00:00:00.000+01:00,2025-12-31T23:00:00Z,62.905,16
2269,Potencia instalada híbrida renovable-almacenamiento,2026-01-01T00:00:00.000+01:00,2025-12-31T23:00:00Z,3.975,18
2269,Potencia instalada híbrida renovable-almacenamiento,2026-02-01T00:00:00.000+01:00,2026-01-31T23:00:00Z,13.33,19
2269,Potencia instalada híbrida renovable-almacenamiento,2026-02-01T00:00:00.000+01:00,2026-01-31T23:00:00Z,3.975,18
2269,Potencia instalada híbrida renovable-almacenamiento,2026-02-01T00:00:00.000+01:00,2026-01-31T23:00:00Z,62.905,16
2269,Potencia instalada híbrida renovable-almacenamiento,2026-02-01T00:00:00.000+01:00,2026-01-31T23:00:00Z,37.83,10
2269,Potencia instalada híbrida renovable-almacenamiento,2026-02-01T00:00:00.000+01:00,2026-01-31T23:00:00Z,72.979,8
2269,Potencia instalada híbrida renovable-almacenamiento,2026-02-01T00:00:00.000+01:00,2026-01-31T23:00:00Z,236.47,7
2269,Potencia instalada híbrida renovable-almacenamiento,2026-03-01T00:00:00.000+01:00,2026-02-28T23:00:00Z,236.47,7
2269,Potencia instalada híbrida renovable-almacenamiento,2026-03-01T00:00:00.000+01:00,2026-02-28T23:00:00Z,72.979,8
2269,Potencia instalada híbrida renovable-almacenamiento,2026-03-01T00:00:00.000+01:00,2026-02-28T23:00:00Z,37.83,10
2269,Potencia instalada híbrida renovable-almacenamiento,2026-03-01T00:00:00.000+01:00,2026-02-28T23:00:00Z,62.905,16
2269,Potencia instalada híbrida renovable-almacenamiento,2026-03-01T00:00:00.000+01:00,2026-02-28T23:00:00Z,3.975,18
2269,Potencia instalada híbrida renovable-almacenamiento,2026-03-01T00:00:00.000+01:00,2026-02-28T23:00:00Z,13.33,19
2269,Potencia instalada híbrida renovable-almacenamiento,2026-04-01T00:00:00.000+02:00,2026-03-31T22:00:00Z,13.33,19
2269,Potencia instalada híbrida renovable-almacenamiento,2026-04-01T00:00:00.000+02:00,2026-03-31T22:00:00Z,3.975,18
2269,Potencia instalada híbrida renovable-almacenamiento,2026-04-01T00:00:00.000+02:00,2026-03-31T22:00:00Z,62.905,16
2269,Potencia instalada híbrida renovable-almacenamiento,2026-04-01T00:00:00.000+02:00,2026-03-31T22:00:00Z,236.47,7
2269,Potencia instalada híbrida renovable-almacenamiento,2026-04-01T00:00:00.000+02:00,2026-03-31T22:00:00Z,110.579,8
2269,Potencia instalada híbrida renovable-almacenamiento,2026-04-01T00:00:00.000+02:00,2026-03-31T22:00:00Z,37.83,10
2269,Potencia instalada híbrida renovable-almacenamiento,2026-05-01T00:00:00.000+02:00,2026-04-30T22:00:00Z,3.975,18
2269,Potencia instalada híbrida renovable-almacenamiento,2026-05-01T00:00:00.000+02:00,2026-04-30T22:00:00Z,13.33,19
2269,Potencia instalada híbrida renovable-almacenamiento,2026-05-01T00:00:00.000+02:00,2026-04-30T22:00:00Z,205.745,16
2269,Potencia instalada híbrida renovable-almacenamiento,2026-05-01T00:00:00.000+02:00,2026-04-30T22:00:00Z,37.83,10
2269,Potencia instalada híbrida renovable-almacenamiento,2026-05-01T00:00:00.000+02:00,2026-04-30T22:00:00Z,110.579,8
2269,Potencia instalada híbrida renovable-almacenamiento,2026-05-01T00:00:00.000+02:00,2026-04-30T22:00:00Z,236.47,7
2269,Potencia instalada híbrida renovable-almacenamiento,2026-05-01T00:00:00.000+02:00,2026-04-30T22:00:00Z,71.342,4
2269,Potencia instalada híbrida renovable-almacenamiento,2026-06-01T00:00:00.000+02:00,2026-05-31T22:00:00Z,3.975,18
2269,Potencia instalada híbrida renovable-almacenamiento,2026-06-01T00:00:00.000+02:00,2026-05-31T22:00:00Z,205.745,16
2269,Potencia instalada híbrida renovable-almacenamiento,2026-06-01T00:00:00.000+02:00,2026-05-31T22:00:00Z,37.83,10
2269,Potencia instalada híbrida renovable-almacenamiento,2026-06-01T00:00:00.000+02:00,2026-05-31T22:00:00Z,13.33,19
2269,Potencia instalada híbrida renovable-almacenamiento,2026-06-01T00:00:00.000+02:00,2026-05-31T22:00:00Z,236.47,7
2269,Potencia instalada híbrida renovable-almacenamiento,2026-06-01T00:00:00.000+02:00,2026-05-31T22:00:00Z,71.342,4
2269,Potencia instalada híbrida renovable-almacenamiento,2026-06-01T00:00:00.000+02:00,2026-05-31T22:00:00Z,110.579,8
2269,Potencia instalada híbrida renovable-almacenamiento,2026-07-01T00:00:00.000+02:00,2026-06-30T22:00:00Z,71.342,4
2269,Potencia instalada híbrida renovable-almacenamiento,2026-07-01T00:00:00.000+02:00,2026-06-30T22:00:00Z,236.47,7
2269,Potencia instalada híbrida renovable-almacenamiento,2026-07-01T00:00:00.000+02:00,2026-06-30T22:00:00Z,110.579,8
2269,Potencia instalada híbrida renovable-almacenamiento,2026-07-01T00:00:00.000+02:00,2026-06-30T22:00:00Z,37.83,10
2269,Potencia instalada híbrida renovable-almacenamiento,2026-07-01T00:00:00.000+02:00,2026-06-30T22:00:00Z,205.745,16
2269,Potencia instalada híbrida renovable-almacenamiento,2026-07-01T00:00:00.000+02:00,2026-06-30T22:00:00Z,10.296,18
2269,Potencia instalada híbrida renovable-almacenamiento,2026-07-01T00:00:00.000+02:00,2026-06-30T22:00:00Z,13.33,19
2269,Potencia instalada híbrida renovable-almacenamiento,2026-08-01T00:00:00.000+02:00,2026-07-31T22:00:00Z,10.296,18
2269,Potencia instalada híbrida renovable-almacenamiento,2026-08-01T00:00:00.000+02:00,2026-07-31T22:00:00Z,13.33,19
2269,Potencia instalada híbrida renovable-almacenamiento,2026-08-01T00:00:00.000+02:00,2026-07-31T22:00:00Z,205.745,16
2269,Potencia instalada híbrida renovable-almacenamiento,2026-08-01T00:00:00.000+02:00,2026-07-31T22:00:00Z,236.47,7
2269,Potencia instalada híbrida renovable-almacenamiento,2026-08-01T00:00:00.000+02:00,2026-07-31T22:00:00Z,110.579,8
2269,Potencia instalada híbrida renovable-almacenamiento,2026-08-01T00:00:00.000+02:00,2026-07-31T22:00:00Z,71.342,4
2269,Potencia instalada híbrida renovable-almacenamiento,2026-08-01T00:00:00.000+02:00,2026-07-31T22:00:00Z,37.83,10
2269,Potencia instalada híbrida renovable-almacenamiento,2026-09-01T00:00:00.000+02:00,2026-08-31T22:00:00Z,13.33,19
2269,Potencia instalada híbrida renovable-almacenamiento,2026-09-01T00:00:00.000+02:00,2026-08-31T22:00:00Z,205.745,16
2269,Potencia instalada híbrida renovable-almacenamiento,2026-09-01T00:00:00.000+02:00,2026-08-31T22:00:00Z,37.83,10
2269,Potencia instalada híbrida renovable-almacenamiento,2026-09-01T00:00:00.000+02:00,2026-08-31T22:00:00Z,10.296,18
2269,Potencia instalada híbrida renovable-almacenamiento,2026-09-01T00:00:00.000+02:00,2026-08-31T22:00:00Z,358.375,7
2269,Potencia instalada híbrida renovable-almacenamiento,2026-09-01T00:00:00.000+02:00,2026-08-31T22:00:00Z,71.342,4
2269,Potencia instalada híbrida renovable-almacenamiento,2026-09-01T00:00:00.000+02:00,2026-08-31T22:00:00Z,152.918,8
2269,Potencia instalada híbrida renovable-almacenamiento,2026-10-01T00:00:00.000+02:00,2026-09-30T22:00:00Z,10.296,18
2269,Potencia instalada híbrida renovable-almacenamiento,2026-10-01T00:00:00.000+02:00,2026-09-30T22:00:00Z,211.422,4
2269,Potencia instalada híbrida renovable-almacenamiento,2026-10-01T00:00:00.000+02:00,2026-09-30T22:00:00Z,358.375,7
2269,Potencia instalada híbrida renovable-almacenamiento,2026-10-01T00:00:00.000+02:00,2026-09-30T22:00:00Z,152.918,8
2269,Potencia instalada híbrida renovable-almacenamiento,2026-10-01T00:00:00.000+02:00,2026-09-30T22:00:00Z,37.83,10
2269,Potencia instalada híbrida renovable-almacenamiento,2026-10-01T00:00:00.000+02:00,2026-09-30T22:00:00Z,205.745,16
2269,Potencia instalada híbrida renovable-almacenamiento,2026-10-01T00:00:00.000+02:00,2026-09-30T22:00:00Z,13.33,19
2272,Potencia instalada de generación solar fotovoltaica híbridada,2025-10-01T00:00:00.000+02:00,2025-09-30T22:00:00Z,5.972,4
2272,Potencia instalada de generación solar fotovoltaica híbridada,2025-10-01T00:00:00.000+02:00,2025-09-30T22:00:00Z,8.385,5
2272,Potencia instalada de generación solar fotovoltaica híbridada,2025-10-01T00:00:00.000+02:00,2025-09-30T22:00:00Z,196.677,7
2272,Potencia instalada de generación solar fotovoltaica híbridada,2025-10-01T00:00:00.000+02:00,2025-09-30T22:00:00Z,97.942,8
2272,Potencia instalada de generación solar fotovoltaica híbridada,2025-10-01T00:00:00.000+02:00,2025-09-30T22:00:00Z,61.192,16
2272,Potencia instalada de generación solar fotovoltaica híbridada,2025-10-01T00:00:00.000+02:00,2025-09-30T22:00:00Z,2.45,17
2272,Potencia instalada de generación solar fotovoltaica híbridada,2025-10-01T00:00:00.000+02:00,2025-09-30T22:00:00Z,2.775,18
2272,Potencia instalada de generación solar fotovoltaica híbridada,2025-11-01T00:00:00.000+01:00,2025-10-31T23:00:00Z,2.775,18
2272,Potencia instalada de generación solar fotovoltaica híbridada,2025-11-01T00:00:00.000+01:00,2025-10-31T23:00:00Z,2.45,17
2272,Potencia instalada de generación solar fotovoltaica híbridada,2025-11-01T00:00:00.000+01:00,2025-10-31T23:00:00Z,97.942,8
2272,Potencia instalada de generación solar fotovoltaica híbridada,2025-11-01T00:00:00.000+01:00,2025-10-31T23:00:00Z,61.192,16
2272,Potencia instalada de generación solar fotovoltaica híbridada,2025-11-01T00:00:00.000+01:00,2025-10-31T23:00:00Z,40.085,5
2272,Potencia instalada de generación solar fotovoltaica híbridada,2025-11-01T00:00:00.000+01:00,2025-10-31T23:00:00Z,5.972,4
2272,Potencia instalada de generación solar fotovoltaica híbridada,2025-11-01T00:00:00.000+01:00,2025-10-31T23:00:00Z,196.677,7
2272,Potencia instalada de generación solar fotovoltaica híbridada,2025-12-01T00:00:00.000+01:00,2025-11-30T23:00:00Z,5.972,4
2272,Potencia instalada de generación solar fotovoltaica híbridada,2025-12-01T00:00:00.000+01:00,2025-11-30T23:00:00Z,40.085,5
2272,Potencia instalada de generación solar fotovoltaica híbridada,2025-12-01T00:00:00.000+01:00,2025-11-30T23:00:00Z,196.677,7
2272,Potencia instalada de generación solar fotovoltaica híbridada,2025-12-01T00:00:00.000+01:00,2025-11-30T23:00:00Z,97.942,8
2272,Potencia instalada de generación solar fotovoltaica híbridada,2025-12-01T00:00:00.000+01:00,2025-11-30T23:00:00Z,61.192,16
2272,Potencia instalada de generación solar fotovoltaica híbridada,2025-12-01T00:00:00.000+01:00,2025-11-30T23:00:00Z,2.45,17
2272,Potencia instalada de generación solar fotovoltaica híbridada,2025-12-01T00:00:00.000+01:00,2025-11-30T23:00:00Z,2.775,18
2272,Potencia instalada de generación solar fotovoltaica híbridada,2026-01-01T00:00:00.000+01:00,2025-12-31T23:00:00Z,2.45,17
2272,Potencia instalada de generación solar fotovoltaica híbridada,2026-01-01T00:00:00.000+01:00,2025-12-31T23:00:00Z,2.775,18
2272,Potencia instalada de generación solar fotovoltaica híbridada,2026-01-01T00:00:00.000+01:00,2025-12-31T23:00:00Z,61.192,16
2272,Potencia instalada de generación solar fotovoltaica híbridada,2026-01-01T00:00:00.000+01:00,2025-12-31T23:00:00Z,97.942,8
2272,Potencia instalada de generación solar fotovoltaica híbridada,2026-01-01T00:00:00.000+01:00,2025-12-31T23:00:00Z,196.677,7
2272,Potencia instalada de generación solar fotovoltaica híbridada,2026-01-01T00:00:00.000+01:00,2025-12-31T23:00:00Z,74.585,5
2272,Potencia instalada de generación solar fotovoltaica híbridada,2026-01-01T00:00:00.000+01:00,2025-12-31T23:00:00Z,5.972,4
2272,Potencia instalada de generación solar fotovoltaica híbridada,2026-02-01T00:00:00.000+01:00,2026-01-31T23:00:00Z,5.972,4
2272,Potencia instalada de generación solar fotovoltaica híbridada,2026-02-01T00:00:00.000+01:00,2026-01-31T23:00:00Z,87.485,5
2272,Potencia instalada de generación solar fotovoltaica híbridada,2026-02-01T00:00:00.000+01:00,2026-01-31T23:00:00Z,280.677,7
2272,Potencia instalada de generación solar fotovoltaica híbridada,2026-02-01T00:00:00.000+01:00,2026-01-31T23:00:00Z,142.141,8
2272,Potencia instalada de generación solar fotovoltaica híbridada,2026-02-01T00:00:00.000+01:00,2026-01-31T23:00:00Z,61.192,16
2272,Potencia instalada de generación solar fotovoltaica híbridada,2026-02-01T00:00:00.000+01:00,2026-01-31T23:00:00Z,2.45,17
2272,Potencia instalada de generación solar fotovoltaica híbridada,2026-02-01T00:00:00.000+01:00,2026-01-31T23:00:00Z,2.775,18
2272,Potencia instalada de generación solar fotovoltaica híbridada,2026-02-01T00:00:00.000+01:00,2026-01-31T23:00:00Z,8.25,19
2272,Potencia instalada de generación solar fotovoltaica híbridada,2026-03-01T00:00:00.000+01:00,2026-02-28T23:00:00Z,8.25,19
2272,Potencia instalada de generación solar fotovoltaica híbridada,2026-03-01T00:00:00.000+01:00,2026-02-28T23:00:00Z,2.775,18
2272,Potencia instalada de generación solar fotovoltaica híbridada,2026-03-01T00:00:00.000+01:00,2026-02-28T23:00:00Z,2.45,17
2272,Potencia instalada de generación solar fotovoltaica híbridada,2026-03-01T00:00:00.000+01:00,2026-02-28T23:00:00Z,61.192,16
2272,Potencia instalada de generación solar fotovoltaica híbridada,2026-03-01T00:00:00.000+01:00,2026-02-28T23:00:00Z,5.972,4
2272,Potencia instalada de generación solar fotovoltaica híbridada,2026-03-01T00:00:00.000+01:00,2026-02-28T23:00:00Z,142.141,8
2272,Potencia instalada de generación solar fotovoltaica híbridada,2026-03-01T00:00:00.000+01:00,2026-02-28T23:00:00Z,280.677,7
2272,Potencia instalada de generación solar fotovoltaica híbridada,2026-03-01T00:00:00.000+01:00,2026-02-28T23:00:00Z,124.445,5
2272,Potencia instalada de generación solar fotovoltaica híbridada,2026-03-01T00:00:00.000+01:00,2026-02-28T23:00:00Z,7.75,14
2272,Potencia instalada de generación solar fotovoltaica híbridada,2026-04-01T00:00:00.000+02:00,2026-03-31T22:00:00Z,61.192,16
2272,Potencia instalada de generación solar fotovoltaica híbridada,2026-04-01T00:00:00.000+02:00,2026-03-31T22:00:00Z,2.775,18
2272,Potencia instalada de generación solar fotovoltaica híbridada,2026-04-01T00:00:00.000+02:00,2026-03-31T22:00:00Z,2.45,17
2272,Potencia instalada de generación solar fotovoltaica híbridada,2026-04-01T00:00:00.000+02:00,2026-03-31T22:00:00Z,7.75,14
2272,Potencia instalada de generación solar fotovoltaica híbridada,2026-04-01T00:00:00.000+02:00,2026-03-31T22:00:00Z,8.25,19
2272,Potencia instalada de generación solar fotovoltaica híbridada,2026-04-01T00:00:00.000+02:00,2026-03-31T22:00:00Z,280.677,7
2272,Potencia instalada de generación solar fotovoltaica híbridada,2026-04-01T00:00:00.000+02:00,2026-03-31T22:00:00Z,124.445,5
2272,Potencia instalada de generación solar fotovoltaica híbridada,2026-04-01T00:00:00.000+02:00,2026-03-31T22:00:00Z,5.972,4
2272,Potencia instalada de generación solar fotovoltaica híbridada,2026-04-01T00:00:00.000+02:00,2026-03-31T22:00:00Z,168.741,8
2272,Potencia instalada de generación solar fotovoltaica híbridada,2026-05-01T00:00:00.000+02:00,2026-04-30T22:00:00Z,2.775,18
2272,Potencia instalada de generación solar fotovoltaica híbridada,2026-05-01T00:00:00.000+02:00,2026-04-30T22:00:00Z,2.45,17
2272,Potencia instalada de generación solar fotovoltaica híbridada,2026-05-01T00:00:00.000+02:00,2026-04-30T22:00:00Z,146.472,16
2272,Potencia instalada de generación solar fotovoltaica híbridada,2026-05-01T00:00:00.000+02:00,2026-04-30T22:00:00Z,7.75,14
2272,Potencia instalada de generación solar fotovoltaica híbridada,2026-05-01T00:00:00.000+02:00,2026-04-30T22:00:00Z,8.25,19
2272,Potencia instalada de generación solar fotovoltaica híbridada,2026-05-01T00:00:00.000+02:00,2026-04-30T22:00:00Z,280.677,7
2272,Potencia instalada de generación solar fotovoltaica híbridada,2026-05-01T00:00:00.000+02:00,2026-04-30T22:00:00Z,124.445,5
2272,Potencia instalada de generación solar fotovoltaica híbridada,2026-05-01T00:00:00.000+02:00,2026-04-30T22:00:00Z,48.534,4
2272,Potencia instalada de generación solar fotovoltaica híbridada,2026-05-01T00:00:00.000+02:00,2026-04-30T22:00:00Z,177.441,8
2272,Potencia instalada de generación solar fotovoltaica híbridada,2026-06-01T00:00:00.000+02:00,2026-05-31T22:00:00Z,8.25,19
2272,Potencia instalada de generación solar fotovoltaica híbridada,2026-06-01T00:00:00.000+02:00,2026-05-31T22:00:00Z,2.775,18
2272,Potencia instalada de generación solar fotovoltaica híbridada,2026-06-01T00:00:00.000+02:00,2026-05-31T22:00:00Z,2.45,17
2272,Potencia instalada de generación solar fotovoltaica híbridada,2026-06-01T00:00:00.000+02:00,2026-05-31T22:00:00Z,146.472,16
2272,Potencia instalada de generación solar fotovoltaica híbridada,2026-06-01T00:00:00.000+02:00,2026-05-31T22:00:00Z,7.75,14
2272,Potencia instalada de generación solar fotovoltaica híbridada,2026-06-01T00:00:00.000+02:00,2026-05-31T22:00:00Z,280.677,7
2272,Potencia instalada de generación solar fotovoltaica híbridada,2026-06-01T00:00:00.000+02:00,2026-05-31T22:00:00Z,124.445,5
2272,Potencia instalada de generación solar fotovoltaica híbridada,2026-06-01T00:00:00.000+02:00,2026-05-31T22:00:00Z,48.534,4
2272,Potencia instalada de generación solar fotovoltaica híbridada,2026-06-01T00:00:00.000+02:00,2026-05-31T22:00:00Z,177.441,8
2272,Potencia instalada de generación solar fotovoltaica híbridada,2026-07-01T00:00:00.000+02:00,2026-06-30T22:00:00Z,146.472,16
2272,Potencia instalada de generación solar fotovoltaica híbridada,2026-07-01T00:00:00.000+02:00,2026-06-30T22:00:00Z,6.86,18
2272,Potencia instalada de generación solar fotovoltaica híbridada,2026-07-01T00:00:00.000+02:00,2026-06-30T22:00:00Z,8.25,19
2272,Potencia instalada de generación solar fotovoltaica híbridada,2026-07-01T00:00:00.000+02:00,2026-06-30T22:00:00Z,7.75,14
2272,Potencia instalada de generación solar fotovoltaica híbridada,2026-07-01T00:00:00.000+02:00,2026-06-30T22:00:00Z,5.65,17
2272,Potencia instalada de generación solar fotovoltaica híbridada,2026-07-01T00:00:00.000+02:00,2026-06-30T22:00:00Z,280.677,7
2272,Potencia instalada de generación solar fotovoltaica híbridada,2026-07-01T00:00:00.000+02:00,2026-06-30T22:00:00Z,124.445,5
2272,Potencia instalada de generación solar fotovoltaica híbridada,2026-07-01T00:00:00.000+02:00,2026-06-30T22:00:00Z,48.534,4
2272,Potencia instalada de generación solar fotovoltaica híbridada,2026-07-01T00:00:00.000+02:00,2026-06-30T22:00:00Z,182.241,8
2272,Potencia instalada de generación solar fotovoltaica híbridada,2026-08-01T00:00:00.000+02:00,2026-07-31T22:00:00Z,8.25,19
2272,Potencia instalada de generación solar fotovoltaica híbridada,2026-08-01T00:00:00.000+02:00,2026-07-31T22:00:00Z,6.86,18
2272,Potencia instalada de generación solar fotovoltaica híbridada,2026-08-01T00:00:00.000+02:00,2026-07-31T22:00:00Z,5.65,17
2272,Potencia instalada de generación solar fotovoltaica híbridada,2026-08-01T00:00:00.000+02:00,2026-07-31T22:00:00Z,146.472,16
2272,Potencia instalada de generación solar fotovoltaica híbridada,2026-08-01T00:00:00.000+02:00,2026-07-31T22:00:00Z,7.75,14
2272,Potencia instalada de generación solar fotovoltaica híbridada,2026-08-01T00:00:00.000+02:00,2026-07-31T22:00:00Z,280.677,7
2272,Potencia instalada de generación solar fotovoltaica híbridada,2026-08-01T00:00:00.000+02:00,2026-07-31T22:00:00Z,124.445,5
2272,Potencia instalada de generación solar fotovoltaica híbridada,2026-08-01T00:00:00.000+02:00,2026-07-31T22:00:00Z,48.534,4
2272,Potencia instalada de generación solar fotovoltaica híbridada,2026-08-01T00:00:00.000+02:00,2026-07-31T22:00:00Z,182.241,8
2272,Potencia instalada de generación solar fotovoltaica híbridada,2026-09-01T00:00:00.000+02:00,2026-08-31T22:00:00Z,8.25,19
2272,Potencia instalada de generación solar fotovoltaica híbridada,2026-09-01T00:00:00.000+02:00,2026-08-31T22:00:00Z,6.86,18
2272,Potencia instalada de generación solar fotovoltaica híbridada,2026-09-01T00:00:00.000+02:00,2026-08-31T22:00:00Z,5.65,17
2272,Potencia instalada de generación solar fotovoltaica híbridada,2026-09-01T00:00:00.000+02:00,2026-08-31T22:00:00Z,146.472,16
2272,Potencia instalada de generación solar fotovoltaica híbridada,2026-09-01T00:00:00.000+02:00,2026-08-31T22:00:00Z,280.677,7
2272,Potencia instalada de generación solar fotovoltaica híbridada,2026-09-01T00:00:00.000+02:00,2026-08-31T22:00:00Z,212.22,8
2272,Potencia instalada de generación solar fotovoltaica híbridada,2026-09-01T00:00:00.000+02:00,2026-08-31T22:00:00Z,162.095,5
2272,Potencia instalada de generación solar fotovoltaica híbridada,2026-09-01T00:00:00.000+02:00,2026-08-31T22:00:00Z,48.534,4
2272,Potencia instalada de generación solar fotovoltaica híbridada,2026-09-01T00:00:00.000+02:00,2026-08-31T22:00:00Z,7.75,14
2272,Potencia instalada de generación solar fotovoltaica híbridada,2026-10-01T00:00:00.000+02:00,2026-09-30T22:00:00Z,6.86,18
2272,Potencia instalada de generación solar fotovoltaica híbridada,2026-10-01T00:00:00.000+02:00,2026-09-30T22:00:00Z,146.134,4
2272,Potencia instalada de generación solar fotovoltaica híbridada,2026-10-01T00:00:00.000+02:00,2026-09-30T22:00:00Z,162.095,5
2272,Potencia instalada de generación solar fotovoltaica híbridada,2026-10-01T00:00:00.000+02:00,2026-09-30T22:00:00Z,280.677,7
2272,Potencia instalada de generación solar fotovoltaica híbridada,2026-10-01T00:00:00.000+02:00,2026-09-30T22:00:00Z,212.22,8
2272,Potencia instalada de generación solar fotovoltaica híbridada,2026-10-01T00:00:00.000+02:00,2026-09-30T22:00:00Z,7.75,14
2272,Potencia instalada de generación solar fotovoltaica híbridada,2026-10-01T00:00:00.000+02:00,2026-09-30T22:00:00Z,146.472,16
2272,Potencia instalada de generación solar fotovoltaica híbridada,2026-10-01T00:00:00.000+02:00,2026-09-30T22:00:00Z,5.65,17
2272,Potencia instalada de generación solar fotovoltaica híbridada,2026-10-01T00:00:00.000+02:00,2026-09-30T22:00:00Z,8.25,19
2273,Potencia instalada de generación eólica híbridada,2025-10-01T00:00:00.000+02:00,2025-09-30T22:00:00Z,31.35,5
2273,Potencia instalada de generación eólica híbridada,2025-10-01T00:00:00.000+02:00,2025-09-30T22:00:00Z,137.0,7
2273,Potencia instalada de generación eólica híbridada,2025-10-01T00:00:00.000+02:00,2025-09-30T22:00:00Z,98.34,8
2273,Potencia instalada de generación eólica híbridada,2025-10-01T00:00:00.000+02:00,2025-09-30T22:00:00Z,32.3,10
2273,Potencia instalada de generación eólica híbridada,2025-11-01T00:00:00.000+01:00,2025-10-31T23:00:00Z,108.55,5
2273,Potencia instalada de generación eólica híbridada,2025-11-01T00:00:00.000+01:00,2025-10-31T23:00:00Z,137.0,7
2273,Potencia instalada de generación eólica híbridada,2025-11-01T00:00:00.000+01:00,2025-10-31T23:00:00Z,98.34,8
2273,Potencia instalada de generación eólica híbridada,2025-11-01T00:00:00.000+01:00,2025-10-31T23:00:00Z,32.3,10
2273,Potencia instalada de generación eólica híbridada,2025-12-01T00:00:00.000+01:00,2025-11-30T23:00:00Z,108.55,5
2273,Potencia instalada de generación eólica híbridada,2025-12-01T00:00:00.000+01:00,2025-11-30T23:00:00Z,137.0,7
2273,Potencia instalada de generación eólica híbridada,2025-12-01T00:00:00.000+01:00,2025-11-30T23:00:00Z,98.34,8
2273,Potencia instalada de generación eólica híbridada,2025-12-01T00:00:00.000+01:00,2025-11-30T23:00:00Z,32.3,10
2273,Potencia instalada de generación eólica híbridada,2026-01-01T00:00:00.000+01:00,2025-12-31T23:00:00Z,32.3,10
2273,Potencia instalada de generación eólica híbridada,2026-01-01T00:00:00.000+01:00,2025-12-31T23:00:00Z,98.34,8
2273,Potencia instalada de generación eólica híbridada,2026-01-01T00:00:00.000+01:00,2025-12-31T23:00:00Z,180.79,5
2273,Potencia instalada de generación eólica híbridada,2026-01-01T00:00:00.000+01:00,2025-12-31T23:00:00Z,137.0,7
2273,Potencia instalada de generación eólica híbridada,2026-02-01T00:00:00.000+01:00,2026-01-31T23:00:00Z,200.29,5
2273,Potencia instalada de generación eólica híbridada,2026-02-01T00:00:00.000+01:00,2026-01-31T23:00:00Z,137.0,7
2273,Potencia instalada de generación eólica híbridada,2026-02-01T00:00:00.000+01:00,2026-01-31T23:00:00Z,98.34,8
2273,Potencia instalada de generación eólica híbridada,2026-02-01T00:00:00.000+01:00,2026-01-31T23:00:00Z,32.3,10
2273,Potencia instalada de generación eólica híbridada,2026-03-01T00:00:00.000+01:00,2026-02-28T23:00:00Z,32.3,10
2273,Potencia instalada de generación eólica híbridada,2026-03-01T00:00:00.000+01:00,2026-02-28T23:00:00Z,367.49,5
2273,Potencia instalada de generación eólica híbridada,2026-03-01T00:00:00.000+01:00,2026-02-28T23:00:00Z,137.0,7
2273,Potencia instalada de generación eólica híbridada,2026-03-01T00:00:00.000+01:00,2026-02-28T23:00:00Z,98.34,8
2273,Potencia instalada de generación eólica híbridada,2026-04-01T00:00:00.000+02:00,2026-03-31T22:00:00Z,98.34,8
2273,Potencia instalada de generación eólica híbridada,2026-04-01T00:00:00.000+02:00,2026-03-31T22:00:00Z,32.3,10
2273,Potencia instalada de generación eólica híbridada,2026-04-01T00:00:00.000+02:00,2026-03-31T22:00:00Z,367.49,5
2273,Potencia instalada de generación eólica híbridada,2026-04-01T00:00:00.000+02:00,2026-03-31T22:00:00Z,137.0,7
2273,Potencia instalada de generación eólica híbridada,2026-05-01T00:00:00.000+02:00,2026-04-30T22:00:00Z,367.49,5
2273,Potencia instalada de generación eólica híbridada,2026-05-01T00:00:00.000+02:00,2026-04-30T22:00:00Z,137.0,7
2273,Potencia instalada de generación eólica híbridada,2026-05-01T00:00:00.000+02:00,2026-04-30T22:00:00Z,98.34,8
2273,Potencia instalada de generación eólica híbridada,2026-05-01T00:00:00.000+02:00,2026-04-30T22:00:00Z,32.3,10
2273,Potencia instalada de generación eólica híbridada,2026-06-01T00:00:00.000+02:00,2026-05-31T22:00:00Z,367.49,5
2273,Potencia instalada de generación eólica híbridada,2026-06-01T00:00:00.000+02:00,2026-05-31T22:00:00Z,137.0,7
2273,Potencia instalada de generación eólica híbridada,2026-06-01T00:00:00.000+02:00,2026-05-31T22:00:00Z,98.34,8
2273,Potencia instalada de generación eólica híbridada,2026-06-01T00:00:00.000+02:00,2026-05-31T22:00:00Z,32.3,10
2273,Potencia instalada de generación eólica híbridada,2026-07-01T00:00:00.000+02:00,2026-06-30T22:00:00Z,32.3,10
2273,Potencia instalada de generación eólica híbridada,2026-07-01T00:00:00.000+02:00,2026-06-30T22:00:00Z,98.34,8
2273,Potencia instalada de generación eólica híbridada,2026-07-01T00:00:00.000+02:00,2026-06-30T22:00:00Z,20.0,17
2273,Potencia instalada de generación eólica híbridada,2026-07-01T00:00:00.000+02:00,2026-06-30T22:00:00Z,367.49,5
2273,Potencia instalada de generación eólica híbridada,2026-07-01T00:00:00.000+02:00,2026-06-30T22:00:00Z,137.0,7
2273,Potencia instalada de generación eólica híbridada,2026-08-01T00:00:00.000+02:00,2026-07-31T22:00:00Z,367.49,5
2273,Potencia instalada de generación eólica híbridada,2026-08-01T00:00:00.000+02:00,2026-07-31T22:00:00Z,137.0,7
2273,Potencia instalada de generación eólica híbridada,2026-08-01T00:00:00.000+02:00,2026-07-31T22:00:00Z,98.34,8
2273,Potencia instalada de generación eólica híbridada,2026-08-01T00:00:00.000+02:00,2026-07-31T22:00:00Z,32.3,10
2273,Potencia instalada de generación eólica híbridada,2026-08-01T00:00:00.000+02:00,2026-07-31T22:00:00Z,20.0,17
2273,Potencia instalada de generación eólica híbridada,2026-09-01T00:00:00.000+02:00,2026-08-31T22:00:00Z,20.0,17
2273,Potencia instalada de generación eólica híbridada,2026-09-01T00:00:00.000+02:00,2026-08-31T22:00:00Z,32.3,10
2273,Potencia instalada de generación eólica híbridada,2026-09-01T00:00:00.000+02:00,2026-08-31T22:00:00Z,137.0,7
2273,Potencia instalada de generación eólica híbridada,2026-09-01T00:00:00.000+02:00,2026-08-31T22:00:00Z,436.89,5
2273,Potencia instalada de generación eólica híbridada,2026-09-01T00:00:00.000+02:00,2026-08-31T22:00:00Z,98.34,8
2273,Potencia instalada de generación eólica híbridada,2026-10-01T00:00:00.000+02:00,2026-09-30T22:00:00Z,32.3,10
2273,Potencia instalada de generación eólica híbridada,2026-10-01T00:00:00.000+02:00,2026-09-30T22:00:00Z,436.89,5
2273,Potencia instalada de generación eólica híbridada,2026-10-01T00:00:00.000+02:00,2026-09-30T22:00:00Z,137.0,7
2273,Potencia instalada de generación eólica híbridada,2026-10-01T00:00:00.000+02:00,2026-09-30T22:00:00Z,98.34,8
2273,Potencia instalada de generación eólica híbridada,2026-10-01T00:00:00.000+02:00,2026-09-30T22:00:00Z,20.0,17
2274,Potencia instalada de generación cogeneración híbridada,2025-10-01T00:00:00.000+02:00,2025-09-30T22:00:00Z,7.487,4
2274,Potencia instalada de generación cogeneración híbridada,2025-10-01T00:00:00.000+02:00,2025-09-30T22:00:00Z,6.16,8
2274,Potencia instalada de generación cogeneración híbridada,2025-10-01T00:00:00.000+02:00,2025-09-30T22:00:00Z,8.328,16
2274,Potencia instalada de generación cogeneración híbridada,2025-10-01T00:00:00.000+02:00,2025-09-30T22:00:00Z,4.095,17
2274,Potencia instalada de generación cogeneración híbridada,2025-11-01T00:00:00.000+01:00,2025-10-31T23:00:00Z,7.487,4
2274,Potencia instalada de generación cogeneración híbridada,2025-11-01T00:00:00.000+01:00,2025-10-31T23:00:00Z,6.16,8
2274,Potencia instalada de generación cogeneración híbridada,2025-11-01T00:00:00.000+01:00,2025-10-31T23:00:00Z,8.328,16
2274,Potencia instalada de generación cogeneración híbridada,2025-11-01T00:00:00.000+01:00,2025-10-31T23:00:00Z,4.095,17
2274,Potencia instalada de generación cogeneración híbridada,2025-12-01T00:00:00.000+01:00,2025-11-30T23:00:00Z,7.487,4
2274,Potencia instalada de generación cogeneración híbridada,2025-12-01T00:00:00.000+01:00,2025-11-30T23:00:00Z,6.16,8
2274,Potencia instalada de generación cogeneración híbridada,2025-12-01T00:00:00.000+01:00,2025-11-30T23:00:00Z,8.328,16
2274,Potencia instalada de generación cogeneración híbridada,2025-12-01T00:00:00.000+01:00,2025-11-30T23:00:00Z,4.095,17
2274,Potencia instalada de generación cogeneración híbridada,2026-01-01T00:00:00.000+01:00,2025-12-31T23:00:00Z,4.095,17
2274,Potencia instalada de generación cogeneración híbridada,2026-01-01T00:00:00.000+01:00,2025-12-31T23:00:00Z,8.328,16
2274,Potencia instalada de generación cogeneración híbridada,2026-01-01T00:00:00.000+01:00,2025-12-31T23:00:00Z,6.16,8
2274,Potencia instalada de generación cogeneración híbridada,2026-01-01T00:00:00.000+01:00,2025-12-31T23:00:00Z,7.487,4
2274,Potencia instalada de generación cogeneración híbridada,2026-02-01T00:00:00.000+01:00,2026-01-31T23:00:00Z,7.487,4
2274,Potencia instalada de generación cogeneración híbridada,2026-02-01T00:00:00.000+01:00,2026-01-31T23:00:00Z,6.16,8
2274,Potencia instalada de generación cogeneración híbridada,2026-02-01T00:00:00.000+01:00,2026-01-31T23:00:00Z,8.328,16
2274,Potencia instalada de generación cogeneración híbridada,2026-02-01T00:00:00.000+01:00,2026-01-31T23:00:00Z,4.095,17
2274,Potencia instalada de generación cogeneración híbridada,2026-03-01T00:00:00.000+01:00,2026-02-28T23:00:00Z,7.487,4
2274,Potencia instalada de generación cogeneración híbridada,2026-03-01T00:00:00.000+01:00,2026-02-28T23:00:00Z,6.16,8
2274,Potencia instalada de generación cogeneración híbridada,2026-03-01T00:00:00.000+01:00,2026-02-28T23:00:00Z,8.28,14
2274,Potencia instalada de generación cogeneración híbridada,2026-03-01T00:00:00.000+01:00,2026-02-28T23:00:00Z,8.328,16
2274,Potencia instalada de generación cogeneración híbridada,2026-03-01T00:00:00.000+01:00,2026-02-28T23:00:00Z,4.095,17
2274,Potencia instalada de generación cogeneración híbridada,2026-04-01T00:00:00.000+02:00,2026-03-31T22:00:00Z,8.328,16
2274,Potencia instalada de generación cogeneración híbridada,2026-04-01T00:00:00.000+02:00,2026-03-31T22:00:00Z,8.28,14
2274,Potencia instalada de generación cogeneración híbridada,2026-04-01T00:00:00.000+02:00,2026-03-31T22:00:00Z,4.095,17
2274,Potencia instalada de generación cogeneración híbridada,2026-04-01T00:00:00.000+02:00,2026-03-31T22:00:00Z,7.487,4
2274,Potencia instalada de generación cogeneración híbridada,2026-04-01T00:00:00.000+02:00,2026-03-31T22:00:00Z,6.16,8
2274,Potencia instalada de generación cogeneración híbridada,2026-05-01T00:00:00.000+02:00,2026-04-30T22:00:00Z,7.487,4
2274,Potencia instalada de generación cogeneración híbridada,2026-05-01T00:00:00.000+02:00,2026-04-30T22:00:00Z,30.91,8
2274,Potencia instalada de generación cogeneración híbridada,2026-05-01T00:00:00.000+02:00,2026-04-30T22:00:00Z,8.28,14
2274,Potencia instalada de generación cogeneración híbridada,2026-05-01T00:00:00.000+02:00,2026-04-30T22:00:00Z,8.328,16
2274,Potencia instalada de generación cogeneración híbridada,2026-05-01T00:00:00.000+02:00,2026-04-30T22:00:00Z,4.095,17
2274,Potencia instalada de generación cogeneración híbridada,2026-06-01T00:00:00.000+02:00,2026-05-31T22:00:00Z,7.487,4
2274,Potencia instalada de generación cogeneración híbridada,2026-06-01T00:00:00.000+02:00,2026-05-31T22:00:00Z,30.91,8
2274,Potencia instalada de generación cogeneración híbridada,2026-06-01T00:00:00.000+02:00,2026-05-31T22:00:00Z,8.28,14
2274,Potencia instalada de generación cogeneración híbridada,2026-06-01T00:00:00.000+02:00,2026-05-31T22:00:00Z,8.328,16
2274,Potencia instalada de generación cogeneración híbridada,2026-06-01T00:00:00.000+02:00,2026-05-31T22:00:00Z,4.095,17
2274,Potencia instalada de generación cogeneración híbridada,2026-07-01T00:00:00.000+02:00,2026-06-30T22:00:00Z,4.095,17
2274,Potencia instalada de generación cogeneración híbridada,2026-07-01T00:00:00.000+02:00,2026-06-30T22:00:00Z,8.28,14
2274,Potencia instalada de generación cogeneración híbridada,2026-07-01T00:00:00.000+02:00,2026-06-30T22:00:00Z,8.328,16
2274,Potencia instalada de generación cogeneración híbridada,2026-07-01T00:00:00.000+02:00,2026-06-30T22:00:00Z,7.487,4
2274,Potencia instalada de generación cogeneración híbridada,2026-07-01T00:00:00.000+02:00,2026-06-30T22:00:00Z,30.91,8
2274,Potencia instalada de generación cogeneración híbridada,2026-08-01T00:00:00.000+02:00,2026-07-31T22:00:00Z,7.487,4
2274,Potencia instalada de generación cogeneración híbridada,2026-08-01T00:00:00.000+02:00,2026-07-31T22:00:00Z,30.91,8
2274,Potencia instalada de generación cogeneración híbridada,2026-08-01T00:00:00.000+02:00,2026-07-31T22:00:00Z,8.28,14
2274,Potencia instalada de generación cogeneración híbridada,2026-08-01T00:00:00.000+02:00,2026-07-31T22:00:00Z,8.328,16
2274,Potencia instalada de generación cogeneración híbridada,2026-08-01T00:00:00.000+02:00,2026-07-31T22:00:00Z,4.095,17
2274,Potencia instalada de generación cogeneración híbridada,2026-09-01T00:00:00.000+02:00,2026-08-31T22:00:00Z,4.095,17
2274,Potencia instalada de generación cogeneración híbridada,2026-09-01T00:00:00.000+02:00,2026-08-31T22:00:00Z,8.328,16
2274,Potencia instalada de generación cogeneración híbridada,2026-09-01T00:00:00.000+02:00,2026-08-31T22:00:00Z,30.91,8
2274,Potencia instalada de generación cogeneración híbridada,2026-09-01T00:00:00.000+02:00,2026-08-31T22:00:00Z,7.487,4
2274,Potencia instalada de generación cogeneración híbridada,2026-09-01T00:00:00.000+02:00,2026-08-31T22:00:00Z,8.28,14
2274,Potencia instalada de generación cogeneración híbridada,2026-10-01T00:00:00.000+02:00,2026-09-30T22:00:00Z,8.328,16
2274,Potencia instalada de generación cogeneración híbridada,2026-10-01T00:00:00.000+02:00,2026-09-30T22:00:00Z,7.487,4
2274,Potencia instalada de generación cogeneración híbridada,2026-10-01T00:00:00.000+02:00,2026-09-30T22:00:00Z,30.91,8
2274,Potencia instalada de generación cogeneración híbridada,2026-10-01T00:00:00.000+02:00,2026-09-30T22:00:00Z,8.28,14
2274,Potencia instalada de generación cogeneración híbridada,2026-10-01T00:00:00.000+02:00,2026-09-30T22:00:00Z,4.095,17
2275,Potencia instalada de baterías híbridada,2025-10-01T00:00:00.000+02:00,2025-09-30T22:00:00Z,5.0,7
2275,Potencia instalada de baterías híbridada,2025-10-01T00:00:00.000+02:00,2025-09-30T22:00:00Z,5.53,10
2275,Potencia instalada de baterías híbridada,2025-10-01T00:00:00.000+02:00,2025-09-30T22:00:00Z,5.178,16
2275,Potencia instalada de baterías híbridada,2025-10-01T00:00:00.000+02:00,2025-09-30T22:00:00Z,1.2,18
2275,Potencia instalada de baterías híbridada,2025-11-01T00:00:00.000+01:00,2025-10-31T23:00:00Z,5.0,7
2275,Potencia instalada de baterías híbridada,2025-11-01T00:00:00.000+01:00,2025-10-31T23:00:00Z,5.53,10
2275,Potencia instalada de baterías híbridada,2025-11-01T00:00:00.000+01:00,2025-10-31T23:00:00Z,5.178,16
2275,Potencia instalada de baterías híbridada,2025-11-01T00:00:00.000+01:00,2025-10-31T23:00:00Z,1.2,18
2275,Potencia instalada de baterías híbridada,2025-12-01T00:00:00.000+01:00,2025-11-30T23:00:00Z,1.2,18
2275,Potencia instalada de baterías híbridada,2025-12-01T00:00:00.000+01:00,2025-11-30T23:00:00Z,5.178,16
2275,Potencia instalada de baterías híbridada,2025-12-01T00:00:00.000+01:00,2025-11-30T23:00:00Z,5.53,10
2275,Potencia instalada de baterías híbridada,2025-12-01T00:00:00.000+01:00,2025-11-30T23:00:00Z,5.0,7
2275,Potencia instalada de baterías híbridada,2026-01-01T00:00:00.000+01:00,2025-12-31T23:00:00Z,5.0,7
2275,Potencia instalada de baterías híbridada,2026-01-01T00:00:00.000+01:00,2025-12-31T23:00:00Z,5.53,10
2275,Potencia instalada de baterías híbridada,2026-01-01T00:00:00.000+01:00,2025-12-31T23:00:00Z,5.178,16
2275,Potencia instalada de baterías híbridada,2026-01-01T00:00:00.000+01:00,2025-12-31T23:00:00Z,1.2,18
2275,Potencia instalada de baterías híbridada,2026-02-01T00:00:00.000+01:00,2026-01-31T23:00:00Z,5.08,19
2275,Potencia instalada de baterías híbridada,2026-02-01T00:00:00.000+01:00,2026-01-31T23:00:00Z,1.2,18
2275,Potencia instalada de baterías híbridada,2026-02-01T00:00:00.000+01:00,2026-01-31T23:00:00Z,5.178,16
2275,Potencia instalada de baterías híbridada,2026-02-01T00:00:00.000+01:00,2026-01-31T23:00:00Z,5.53,10
2275,Potencia instalada de baterías híbridada,2026-02-01T00:00:00.000+01:00,2026-01-31T23:00:00Z,28.78,8
2275,Potencia instalada de baterías híbridada,2026-02-01T00:00:00.000+01:00,2026-01-31T23:00:00Z,62.56,7
2275,Potencia instalada de baterías híbridada,2026-03-01T00:00:00.000+01:00,2026-02-28T23:00:00Z,62.56,7
2275,Potencia instalada de baterías híbridada,2026-03-01T00:00:00.000+01:00,2026-02-28T23:00:00Z,28.78,8
2275,Potencia instalada de baterías híbridada,2026-03-01T00:00:00.000+01:00,2026-02-28T23:00:00Z,5.53,10
2275,Potencia instalada de baterías híbridada,2026-03-01T00:00:00.000+01:00,2026-02-28T23:00:00Z,5.178,16
2275,Potencia instalada de baterías híbridada,2026-03-01T00:00:00.000+01:00,2026-02-28T23:00:00Z,1.2,18
2275,Potencia instalada de baterías híbridada,2026-03-01T00:00:00.000+01:00,2026-02-28T23:00:00Z,5.08,19
2275,Potencia instalada de baterías híbridada,2026-04-01T00:00:00.000+02:00,2026-03-31T22:00:00Z,5.08,19
2275,Potencia instalada de baterías híbridada,2026-04-01T00:00:00.000+02:00,2026-03-31T22:00:00Z,1.2,18
2275,Potencia instalada de baterías híbridada,2026-04-01T00:00:00.000+02:00,2026-03-31T22:00:00Z,5.178,16
2275,Potencia instalada de baterías híbridada,2026-04-01T00:00:00.000+02:00,2026-03-31T22:00:00Z,62.56,7
2275,Potencia instalada de baterías híbridada,2026-04-01T00:00:00.000+02:00,2026-03-31T22:00:00Z,39.78,8
2275,Potencia instalada de baterías híbridada,2026-04-01T00:00:00.000+02:00,2026-03-31T22:00:00Z,5.53,10
2275,Potencia instalada de baterías híbridada,2026-05-01T00:00:00.000+02:00,2026-04-30T22:00:00Z,1.2,18
2275,Potencia instalada de baterías híbridada,2026-05-01T00:00:00.000+02:00,2026-04-30T22:00:00Z,5.08,19
2275,Potencia instalada de baterías híbridada,2026-05-01T00:00:00.000+02:00,2026-04-30T22:00:00Z,62.738,16
2275,Potencia instalada de baterías híbridada,2026-05-01T00:00:00.000+02:00,2026-04-30T22:00:00Z,5.53,10
2275,Potencia instalada de baterías híbridada,2026-05-01T00:00:00.000+02:00,2026-04-30T22:00:00Z,39.78,8
2275,Potencia instalada de baterías híbridada,2026-05-01T00:00:00.000+02:00,2026-04-30T22:00:00Z,62.56,7
2275,Potencia instalada de baterías híbridada,2026-05-01T00:00:00.000+02:00,2026-04-30T22:00:00Z,28.78,4
2275,Potencia instalada de baterías híbridada,2026-06-01T00:00:00.000+02:00,2026-05-31T22:00:00Z,1.2,18
2275,Potencia instalada de baterías híbridada,2026-06-01T00:00:00.000+02:00,2026-05-31T22:00:00Z,62.738,16
2275,Potencia instalada de baterías híbridada,2026-06-01T00:00:00.000+02:00,2026-05-31T22:00:00Z,5.53,10
2275,Potencia instalada de baterías híbridada,2026-06-01T00:00:00.000+02:00,2026-05-31T22:00:00Z,5.08,19
2275,Potencia instalada de baterías híbridada,2026-06-01T00:00:00.000+02:00,2026-05-31T22:00:00Z,62.56,7
2275,Potencia instalada de baterías híbridada,2026-06-01T00:00:00.000+02:00,2026-05-31T22:00:00Z,28.78,4
2275,Potencia instalada de baterías híbridada,2026-06-01T00:00:00.000+02:00,2026-05-31T22:00:00Z,39.78,8
2275,Potencia instalada de baterías híbridada,2026-07-01T00:00:00.000+02:00,2026-06-30T22:00:00Z,28.78,4
2275,Potencia instalada de baterías híbridada,2026-07-01T00:00:00.000+02:00,2026-06-30T22:00:00Z,98.2,7
2275,Potencia instalada de baterías híbridada,2026-07-01T00:00:00.000+02:00,2026-06-30T22:00:00Z,39.78,8
2275,Potencia instalada de baterías híbridada,2026-07-01T00:00:00.000+02:00,2026-06-30T22:00:00Z,5.53,10
2275,Potencia instalada de baterías híbridada,2026-07-01T00:00:00.000+02:00,2026-06-30T22:00:00Z,62.738,16
2275,Potencia instalada de baterías híbridada,2026-07-01T00:00:00.000+02:00,2026-06-30T22:00:00Z,3.436,18
2275,Potencia instalada de baterías híbridada,2026-07-01T00:00:00.000+02:00,2026-06-30T22:00:00Z,5.08,19
2275,Potencia instalada de baterías híbridada,2026-08-01T00:00:00.000+02:00,2026-07-31T22:00:00Z,3.436,18
2275,Potencia instalada de baterías híbridada,2026-08-01T00:00:00.000+02:00,2026-07-31T22:00:00Z,5.08,19
2275,Potencia instalada de baterías híbridada,2026-08-01T00:00:00.000+02:00,2026-07-31T22:00:00Z,62.738,16
2275,Potencia instalada de baterías híbridada,2026-08-01T00:00:00.000+02:00,2026-07-31T22:00:00Z,98.2,7
2275,Potencia instalada de baterías híbridada,2026-08-01T00:00:00.000+02:00,2026-07-31T22:00:00Z,39.78,8
2275,Potencia instalada de baterías híbridada,2026-08-01T00:00:00.000+02:00,2026-07-31T22:00:00Z,28.78,4
2275,Potencia instalada de baterías híbridada,2026-08-01T00:00:00.000+02:00,2026-07-31T22:00:00Z,5.53,10
2275,Potencia instalada de baterías híbridada,2026-09-01T00:00:00.000+02:00,2026-08-31T22:00:00Z,5.08,19
2275,Potencia instalada de baterías híbridada,2026-09-01T00:00:00.000+02:00,2026-08-31T22:00:00Z,62.738,16
2275,Potencia instalada de baterías híbridada,2026-09-01T00:00:00.000+02:00,2026-08-31T22:00:00Z,5.53,10
2275,Potencia instalada de baterías híbridada,2026-09-01T00:00:00.000+02:00,2026-08-31T22:00:00Z,3.436,18
2275,Potencia instalada de baterías híbridada,2026-09-01T00:00:00.000+02:00,2026-08-31T22:00:00Z,98.2,7
2275,Potencia instalada de baterías híbridada,2026-09-01T00:00:00.000+02:00,2026-08-31T22:00:00Z,28.78,4
2275,Potencia instalada de baterías híbridada,2026-09-01T00:00:00.000+02:00,2026-08-31T22:00:00Z,52.14,8
2275,Potencia instalada de baterías híbridada,2026-10-01T00:00:00.000+02:00,2026-09-30T22:00:00Z,3.436,18
2275,Potencia instalada de baterías híbridada,2026-10-01T00:00:00.000+02:00,2026-09-30T22:00:00Z,71.26,4
2275,Potencia instalada de baterías híbridada,2026-10-01T00:00:00.000+02:00,2026-09-30T22:00:00Z,98.2,7
2275,Potencia instalada de baterías híbridada,2026-10-01T00:00:00.000+02:00,2026-09-30T22:00:00Z,52.14,8
2275,Potencia instalada de baterías híbridada,2026-10-01T00:00:00.000+02:00,2026-09-30T22:00:00Z,5.53,10
2275,Potencia instalada de baterías híbridada,2026-10-01T00:00:00.000+02:00,2026-09-30T22:00:00Z,62.738,16
2275,Potencia instalada de baterías híbridada,2026-10-01T00:00:00.000+02:00,2026-09-30T22:00:00Z,5.08,19
2358,Potencia instalada de híbrida hidráulica,2025-10-01T00:00:00.000+02:00,2025-09-30T22:00:00Z,7.76,8
2358,Potencia instalada de híbrida hidráulica,2025-11-01T00:00:00.000+01:00,2025-10-31T23:00:00Z,7.76,8
2358,Potencia instalada de híbrida hidráulica,2025-12-01T00:00:00.000+01:00,2025-11-30T23:00:00Z,7.76,8
2358,Potencia instalada de híbrida hidráulica,2026-01-01T00:00:00.000+01:00,2025-12-31T23:00:00Z,7.76,8
2358,Potencia instalada de híbrida hidráulica,2026-02-01T00:00:00.000+01:00,2026-01-31T23:00:00Z,7.76,8
2358,Potencia instalada de híbrida hidráulica,2026-03-01T00:00:00.000+01:00,2026-02-28T23:00:00Z,7.76,8
2358,Potencia instalada de híbrida hidráulica,2026-04-01T00:00:00.000+02:00,2026-03-31T22:00:00Z,7.76,8
2358,Potencia instalada de híbrida hidráulica,2026-05-01T00:00:00.000+02:00,2026-04-30T22:00:00Z,7.76,8
2358,Potencia instalada de híbrida hidráulica,2026-06-01T00:00:00.000+02:00,2026-05-31T22:00:00Z,7.76,8
2358,Potencia instalada de híbrida hidráulica,2026-07-01T00:00:00.000+02:00,2026-06-30T22:00:00Z,7.76,8
2358,Potencia instalada de híbrida hidráulica,2026-08-01T00:00:00.000+02:00,2026-07-31T22:00:00Z,7.76,8
2358,Potencia instalada de híbrida hidráulica,2026-09-01T00:00:00.000+02:00,2026-08-31T22:00:00Z,7.76,8
2358,Potencia instalada de híbrida hidráulica,2026-10-01T00:00:00.000+02:00,2026-09-30T22:00:00Z,7.76,8
2366,Potencia instalada de autoconsumo baterías,2025-10-01T00:00:00.000+02:00,2025-09-30T22:00:00Z,5.0,7
2366,Potencia instalada de autoconsumo baterías,2025-11-01T00:00:00.000+01:00,2025-10-31T23:00:00Z,5.0,7
2366,Potencia instalada de autoconsumo baterías,2025-12-01T00:00:00.000+01:00,2025-11-30T23:00:00Z,5.0,7
2366,Potencia instalada de autoconsumo baterías,2026-01-01T00:00:00.000+01:00,2025-12-31T23:00:00Z,5.0,7
2366,Potencia instalada de autoconsumo baterías,2026-02-01T00:00:00.000+01:00,2026-01-31T23:00:00Z,5.0,7
2366,Potencia instalada de autoconsumo baterías,2026-03-01T00:00:00.000+01:00,2026-02-28T23:00:00Z,5.0,7
2366,Potencia instalada de autoconsumo baterías,2026-04-01T00:00:00.000+02:00,2026-03-31T22:00:00Z,5.0,7
2366,Potencia instalada de autoconsumo baterías,2026-05-01T00:00:00.000+02:00,2026-04-30T22:00:00Z,5.0,7
2366,Potencia instalada de autoconsumo baterías,2026-06-01T00:00:00.000+02:00,2026-05-31T22:00:00Z,5.0,7
2366,Potencia instalada de autoconsumo baterías,2026-07-01T00:00:00.000+02:00,2026-06-30T22:00:00Z,5.0,7
2366,Potencia instalada de autoconsumo baterías,2026-08-01T00:00:00.000+02:00,2026-07-31T22:00:00Z,5.0,7
2366,Potencia instalada de autoconsumo baterías,2026-09-01T00:00:00.000+02:00,2026-08-31T22:00:00Z,5.0,7
2366,Potencia instalada de autoconsumo baterías,2026-10-01T00:00:00.000+02:00,2026-09-30T22:00:00Z,5.0,7
10489,Porcentaje de energía renovable no integrable por Balance SNP,2025-09-01T00:00:00.000+02:00,2025-08-31T22:00:00Z,0.0,8800
10489,Porcentaje de energía renovable no integrable por Balance SNP,2025-09-01T00:00:00.000+02:00,2025-08-31T22:00:00Z,0.0,8795
10489,Porcentaje de energía renovable no integrable por Balance SNP,2025-09-01T00:00:00.000+02:00,2025-08-31T22:00:00Z,0.0,8799
10489,Porcentaje de energía renovable no integrable por Balance SNP,2025-09-01T00:00:00.000+02:00,2025-08-31T22:00:00Z,0.0,8796
10489,Porcentaje de energía renovable no integrable por Balance SNP,2025-09-01T00:00:00.000+02:00,2025-08-31T22:00:00Z,0.0,8798
10489,Porcentaje de energía renovable no integrable por Balance SNP,2025-09-01T00:00:00.000+02:00,2025-08-31T22:00:00Z,0.0,8797
10489,Porcentaje de energía renovable no integrable por Balance SNP,2025-10-01T00:00:00.000+02:00,2025-09-30T22:00:00Z,6.453760625434419,8797
10489,Porcentaje de energía renovable no integrable por Balance SNP,2025-10-01T00:00:00.000+02:00,2025-09-30T22:00:00Z,5.469705065416159,8796
10489,Porcentaje de energía renovable no integrable por Balance SNP,2025-10-01T00:00:00.000+02:00,2025-09-30T22:00:00Z,0.8331260880378015,8798
10489,Porcentaje de energía renovable no integrable por Balance SNP,2025-10-01T00:00:00.000+02:00,2025-09-30T22:00:00Z,19.01086554758565,8795
10489,Porcentaje de energía renovable no integrable por Balance SNP,2025-10-01T00:00:00.000+02:00,2025-09-30T22:00:00Z,23.174350076639275,8800
10489,Porcentaje de energía renovable no integrable por Balance SNP,2025-10-01T00:00:00.000+02:00,2025-09-30T22:00:00Z,49.815743344295214,8799
10489,Porcentaje de energía renovable no integrable por Balance SNP,2025-11-01T00:00:00.000+01:00,2025-10-31T23:00:00Z,18.858133699157722,8800
10489,Porcentaje de energía renovable no integrable por Balance SNP,2025-11-01T00:00:00.000+01:00,2025-10-31T23:00:00Z,14.555885105948466,8795
10489,Porcentaje de energía renovable no integrable por Balance SNP,2025-11-01T00:00:00.000+01:00,2025-10-31T23:00:00Z,55.75796438252354,8799
10489,Porcentaje de energía renovable no integrable por Balance SNP,2025-11-01T00:00:00.000+01:00,2025-10-31T23:00:00Z,7.963716524226646,8796
10489,Porcentaje de energía renovable no integrable por Balance SNP,2025-11-01T00:00:00.000+01:00,2025-10-31T23:00:00Z,6.936061760415514,8798
10489,Porcentaje de energía renovable no integrable por Balance SNP,2025-11-01T00:00:00.000+01:00,2025-10-31T23:00:00Z,4.037372214080967,8797
10489,Porcentaje de energía renovable no integrable por Balance SNP,2025-12-01T00:00:00.000+01:00,2025-11-30T23:00:00Z,4.287171160110496,8798
10489,Porcentaje de energía renovable no integrable por Balance SNP,2025-12-01T00:00:00.000+01:00,2025-11-30T23:00:00Z,5.770616869859762,8797
10489,Porcentaje de energía renovable no integrable por Balance SNP,2025-12-01T00:00:00.000+01:00,2025-11-30T23:00:00Z,13.727945393519859,8796
10489,Porcentaje de energía renovable no integrable por Balance SNP,2025-12-01T00:00:00.000+01:00,2025-11-30T23:00:00Z,8.879660197820497,8795
10489,Porcentaje de energía renovable no integrable por Balance SNP,2025-12-01T00:00:00.000+01:00,2025-11-30T23:00:00Z,23.16818465646061,8800
10489,Porcentaje de energía renovable no integrable por Balance SNP,2025-12-01T00:00:00.000+01:00,2025-11-30T23:00:00Z,51.801504377206776,8799
10489,Porcentaje de energía renovable no integrable por Balance SNP,2026-01-01T00:00:00.000+01:00,2025-12-31T23:00:00Z,0.0,8831
10489,Porcentaje de energía renovable no integrable por Balance SNP,2026-01-01T00:00:00.000+01:00,2025-12-31T23:00:00Z,27.235163078297568,8800
10489,Porcentaje de energía renovable no integrable por Balance SNP,2026-01-01T00:00:00.000+01:00,2025-12-31T23:00:00Z,11.676196964323701,8795
10489,Porcentaje de energía renovable no integrable por Balance SNP,2026-01-01T00:00:00.000+01:00,2025-12-31T23:00:00Z,58.05437125187408,8799
10489,Porcentaje de energía renovable no integrable por Balance SNP,2026-01-01T00:00:00.000+01:00,2025-12-31T23:00:00Z,14.27872628104472,8796
10489,Porcentaje de energía renovable no integrable por Balance SNP,2026-01-01T00:00:00.000+01:00,2025-12-31T23:00:00Z,7.39050626411994,8798
10489,Porcentaje de energía renovable no integrable por Balance SNP,2026-01-01T00:00:00.000+01:00,2025-12-31T23:00:00Z,6.488927182997092,8797
10489,Porcentaje de energía renovable no integrable por Balance SNP,2026-02-01T00:00:00.000+01:00,2026-01-31T23:00:00Z,24.347716102919925,8800
10489,Porcentaje de energía renovable no integrable por Balance SNP,2026-02-01T00:00:00.000+01:00,2026-01-31T23:00:00Z,19.8875572783786,8795
10489,Porcentaje de energía renovable no integrable por Balance SNP,2026-02-01T00:00:00.000+01:00,2026-01-31T23:00:00Z,68.55136335948977,8799
10489,Porcentaje de energía renovable no integrable por Balance SNP,2026-02-01T00:00:00.000+01:00,2026-01-31T23:00:00Z,20.471915890875852,8796
10489,Porcentaje de energía renovable no integrable por Balance SNP,2026-02-01T00:00:00.000+01:00,2026-01-31T23:00:00Z,3.2402854983176472,8798
10489,Porcentaje de energía renovable no integrable por Balance SNP,2026-02-01T00:00:00.000+01:00,2026-01-31T23:00:00Z,9.191396875326387,8797
10489,Porcentaje de energía renovable no integrable por Balance SNP,2026-02-01T00:00:00.000+01:00,2026-01-31T23:00:00Z,0.0,8831
10489,Porcentaje de energía renovable no integrable por Balance SNP,2026-03-01T00:00:00.000+01:00,2026-02-28T23:00:00Z,11.615477334302804,8797
10489,Porcentaje de energía renovable no integrable por Balance SNP,2026-03-01T00:00:00.000+01:00,2026-02-28T23:00:00Z,6.945342155053881,8798
10489,Porcentaje de energía renovable no integrable por Balance SNP,2026-03-01T00:00:00.000+01:00,2026-02-28T23:00:00Z,19.601426477027633,8796
10489,Porcentaje de energía renovable no integrable por Balance SNP,2026-03-01T00:00:00.000+01:00,2026-02-28T23:00:00Z,22.228477018242227,8795
10489,Porcentaje de energía renovable no integrable por Balance SNP,2026-03-01T00:00:00.000+01:00,2026-02-28T23:00:00Z,25.60330614686529,8800
10489,Porcentaje de energía renovable no integrable por Balance SNP,2026-03-01T00:00:00.000+01:00,2026-02-28T23:00:00Z,71.19431643625194,8799
10489,Porcentaje de energía renovable no integrable por Balance SNP,2026-04-01T00:00:00.000+02:00,2026-03-31T22:00:00Z,4.872887790724682,8797
10489,Porcentaje de energía renovable no integrable por Balance SNP,2026-04-01T00:00:00.000+02:00,2026-03-31T22:00:00Z,24.196827137440707,8800
10489,Porcentaje de energía renovable no integrable por Balance SNP,2026-04-01T00:00:00.000+02:00,2026-03-31T22:00:00Z,12.472191446896643,8795
10489,Porcentaje de energía renovable no integrable por Balance SNP,2026-04-01T00:00:00.000+02:00,2026-03-31T22:00:00Z,64.42256706425009,8799
10489,Porcentaje de energía renovable no integrable por Balance SNP,2026-04-01T00:00:00.000+02:00,2026-03-31T22:00:00Z,15.384958154080485,8796
10489,Porcentaje de energía renovable no integrable por Balance SNP,2026-04-01T00:00:00.000+02:00,2026-03-31T22:00:00Z,9.539765447915638,8798
10489,Porcentaje de energía renovable no integrable por Balance SNP,2026-05-01T00:00:00.000+02:00,2026-04-30T22:00:00Z,23.846153846153843,8800
10489,Porcentaje de energía renovable no integrable por Balance SNP,2026-05-01T00:00:00.000+02:00,2026-04-30T22:00:00Z,14.121261269222343,8795
10489,Porcentaje de energía renovable no integrable por Balance SNP,2026-05-01T00:00:00.000+02:00,2026-04-30T22:00:00Z,67.78209616805319,8799
10489,Porcentaje de energía renovable no integrable por Balance SNP,2026-05-01T00:00:00.000+02:00,2026-04-30T22:00:00Z,17.31567333583405,8796
10489,Porcentaje de energía renovable no integrable por Balance SNP,2026-05-01T00:00:00.000+02:00,2026-04-30T22:00:00Z,6.287954493043278,8798
10489,Porcentaje de energía renovable no integrable por Balance SNP,2026-05-01T00:00:00.000+02:00,2026-04-30T22:00:00Z,7.872893983847881,8797
10489,Porcentaje de energía renovable no integrable por Balance SNP,2026-06-01T00:00:00.000+02:00,2026-05-31T22:00:00Z,10.97399936184191,8797
10489,Porcentaje de energía renovable no integrable por Balance SNP,2026-06-01T00:00:00.000+02:00,2026-05-31T22:00:00Z,3.5427584536869086,8798
10489,Porcentaje de energía renovable no integrable por Balance SNP,2026-06-01T00:00:00.000+02:00,2026-05-31T22:00:00Z,20.398436639565784,8796
10489,Porcentaje de energía renovable no integrable por Balance SNP,2026-06-01T00:00:00.000+02:00,2026-05-31T22:00:00Z,19.563381278725267,8795
10489,Porcentaje de energía renovable no integrable por Balance SNP,2026-06-01T00:00:00.000+02:00,2026-05-31T22:00:00Z,23.48599577293682,8800
10489,Porcentaje de energía renovable no integrable por Balance SNP,2026-06-01T00:00:00.000+02:00,2026-05-31T22:00:00Z,72.00217112954405,8799
10489,Porcentaje de energía renovable no integrable por Balance SNP,2026-07-01T00:00:00.000+02:00,2026-06-30T22:00:00Z,6.296536091415024,8831
10489,Porcentaje de energía renovable no integrable por Balance SNP,2026-07-01T00:00:00.000+02:00,2026-06-30T22:00:00Z,0.7497253030772126,8798
10489,Porcentaje de energía renovable no integrable por Balance SNP,2026-07-01T00:00:00.000+02:00,2026-06-30T22:00:00Z,13.228492765774238,8796
10489,Porcentaje de energía renovable no integrable por Balance SNP,2026-07-01T00:00:00.000+02:00,2026-06-30T22:00:00Z,0.0,8797
10489,Porcentaje de energía renovable no integrable por Balance SNP,2026-07-01T00:00:00.000+02:00,2026-06-30T22:00:00Z,15.589257214747297,8795
10489,Porcentaje de energía renovable no integrable por Balance SNP,2026-07-01T00:00:00.000+02:00,2026-06-30T22:00:00Z,10.919704123054391,8800
10489,Porcentaje de energía renovable no integrable por Balance SNP,2026-07-01T00:00:00.000+02:00,2026-06-30T22:00:00Z,0.0,8799
10489,Porcentaje de energía renovable no integrable por Balance SNP,2026-08-01T00:00:00.000+02:00,2026-07-31T22:00:00Z,0.0,8797
10489,Porcentaje de energía renovable no integrable por Balance SNP,2026-08-01T00:00:00.000+02:00,2026-07-31T22:00:00Z,10.761564360983973,8800
10489,Porcentaje de energía renovable no integrable por Balance SNP,2026-08-01T00:00:00.000+02:00,2026-07-31T22:00:00Z,16.001822515168467,8795
10489,Porcentaje de energía renovable no integrable por Balance SNP,2026-08-01T00:00:00.000+02:00,2026-07-31T22:00:00Z,0.0,8799
10489,Porcentaje de energía renovable no integrable por Balance SNP,2026-08-01T00:00:00.000+02:00,2026-07-31T22:00:00Z,11.990370001748463,8796
10489,Porcentaje de energía renovable no integrable por Balance SNP,2026-08-01T00:00:00.000+02:00,2026-07-31T22:00:00Z,0.3093539762362093,8798
10489,Porcentaje de energía renovable no integrable por Balance SNP,2026-08-01T00:00:00.000+02:00,2026-07-31T22:00:00Z,3.4617413175141913,8831
10489,Porcentaje de energía renovable no integrable por Balance SNP,2026-09-01T00:00:00.000+02:00,2026-08-31T22:00:00Z,0.0,8798
10489,Porcentaje de energía renovable no integrable por Balance SNP,2026-09-01T00:00:00.000+02:00,2026-08-31T22:00:00Z,0.0,8796
10489,Porcentaje de energía renovable no integrable por Balance SNP,2026-09-01T00:00:00.000+02:00,2026-08-31T22:00:00Z,0.0,8797
10489,Porcentaje de energía renovable no integrable por Balance SNP,2026-09-01T00:00:00.000+02:00,2026-08-31T22:00:00Z,0.0,8795
10489,Porcentaje de energía renovable no integrable por Balance SNP,2026-09-01T00:00:00.000+02:00,2026-08-31T22:00:00Z,0.0,8800
10489,Porcentaje de energía renovable no integrable por Balance SNP,2026-09-01T00:00:00.000+02:00,2026-08-31T22:00:00Z,0.0,8799
10489,Porcentaje de energía renovable no integrable por Balance SNP,2026-09-01T00:00:00.000+02:00,2026-08-31T22:00:00Z,0.0,8831
