id,grupo,nombre,descripcion,termino,visto
460,prevision,Previsión diaria de la demanda eléctrica peninsular,"<p>Es la previsión de consumo que Red Eléctrica elabora teniendo en cuenta los valores de consumo registrados en periodos precedentes similares, así como otros factores con influencia en el consumo eléctrico como la laboralidad, la climatología y la actividad económica.</p>

<p><strong>Importante:</strong> Esta curva incluye desde el 11/12/2025 la estimación del consumo alimentado por las instalaciones de autoconsumo.</p>

<p><strong>Publicación:</strong> diariamente se actualiza la previsión del día D hasta D+7. Valores cuarto horarios.</p>",previsión,2026-08-13
461,prevision,Previsión mensual de la demanda eléctrica peninsular,"<p>Previsi&oacute;n de la demanda del sistema peninsular espa&ntilde;ol.</p>

<p>En concreto este indicador muestra la previsi&oacute;n de la demanda para todo el a&ntilde;o m&oacute;vil siguiente.</p>

<p><b>Publicaci&oacute;n:</b> mensualmente con la informaci&oacute;n del total de demanda mensual desde el mes M+1 hasta el M+12 .</p>",previsión,2026-08-13
480,prevision,Potencia disponible de generación Hidráulica UGH horizonte año móvil,"<p>Calculada, para cada tipo de producci&oacute;n de generaci&oacute;n convencional, como diferencia entre la suma de potencias netas instaladas registradas en el sistema e&middot;sios y el total de la potencia indisponible declarada por los Sujetos del Mercado.</p>

<p>En concreto este indicador se refiere a los grupos con tipo de producci&oacute;n Hidr&aacute;ulica UGH. El horizonte a&ntilde;o m&oacute;vil muestra la disponibilidad en funci&oacute;n del plan anual de mantenimiento del equipo generador previsto para los doce meses siguientes.</p>

<p>Este indicador se puede desglosar por provincias.</p>

<p><b>Publicaci&oacute;n:</b> el d&iacute;a 1 de cada mes a partir de las 4:30 horas con los datos por d&iacute;a del mes M hasta M+11.</p>",previsto,2026-08-13
481,prevision,Potencia disponible de generación Turbinación bombeo horizonte año móvil,"<p>Calculada, para cada tipo de producci&oacute;n de generaci&oacute;n convencional, como diferencia entre la suma de potencias netas instaladas registradas en el sistema e&middot;sios y el total de la potencia indisponible declarada por los Sujetos del Mercado.</p>

<p>En concreto este indicador se refiere a los grupos con tipo de producci&oacute;n Turbinaci&oacute;n bombeo. El horizonte a&ntilde;o m&oacute;vil muestra la disponibilidad en funci&oacute;n del plan anual de mantenimiento del equipo generador previsto para los doce meses siguientes.</p>

<p>Este indicador se puede desglosar por provincias.</p>

<p><b>Publicaci&oacute;n:</b> el d&iacute;a 1 de cada mes a partir de las 4:30 horas con los datos por d&iacute;a del mes M hasta M+11.</p>",previsto,2026-08-13
482,prevision,Potencia disponible de generación Nuclear horizonte año móvil,"<p>Calculada, para cada tipo de producci&oacute;n de generaci&oacute;n convencional, como diferencia entre la suma de potencias netas instaladas registradas en el sistema e&middot;sios y el total de la potencia indisponible declarada por los Sujetos del Mercado.</p>

<p>En concreto este indicador se refiere a los grupos con tipo de producci&oacute;n Nuclear. El horizonte a&ntilde;o m&oacute;vil muestra la disponibilidad en funci&oacute;n del plan anual de mantenimiento del equipo generador previsto para los doce meses siguientes.</p>

<p>Este indicador se puede desglosar por provincias.</p>

<p><b>Publicaci&oacute;n:</b> el d&iacute;a 1 de cada mes a partir de las 4:30 horas con los datos por d&iacute;a del mes M hasta M+11.</p>",previsto,2026-08-13
483,prevision,Potencia disponible de generación Hulla antracita horizonte año móvil,"<p>Calculada, para cada tipo de producci&oacute;n de generaci&oacute;n convencional, como diferencia entre la suma de potencias netas instaladas registradas en el sistema e&middot;sios y el total de la potencia indisponible declarada por los Sujetos del Mercado.</p>

<p>En concreto este indicador se refiere a los grupos con tipo de producci&oacute;n Hulla antracita. El horizonte a&ntilde;o m&oacute;vil muestra la disponibilidad en funci&oacute;n del plan anual de mantenimiento del equipo generador previsto para los doce meses siguientes.</p>

<p>Este indicador se puede desglosar por provincias.</p>

<p><b>Publicaci&oacute;n:</b> el d&iacute;a 1 de cada mes a partir de las 4:30 horas con los datos por d&iacute;a del mes M hasta M+11.</p>",previsto,2026-08-13
484,prevision,Potencia disponible de generación Hulla sub-bituminosa horizonte año móvil,"<p>Calculada, para cada tipo de producci&oacute;n de generaci&oacute;n convencional, como diferencia entre la suma de potencias netas instaladas registradas en el sistema e&middot;sios y el total de la potencia indisponible declarada por los Sujetos del Mercado.</p>

<p>En concreto este indicador se refiere a los grupos con tipo de producci&oacute;n Hulla sub-bituminosa. El horizonte a&ntilde;o m&oacute;vil muestra la disponibilidad en funci&oacute;n del plan anual de mantenimiento del equipo generador previsto para los doce meses siguientes.</p>

<p>Este indicador se puede desglosar por provincias.</p>

<p><b>Publicaci&oacute;n:</b> el d&iacute;a 1 de cada mes a partir de las 4:30 horas con los datos por d&iacute;a del mes M hasta M+11.</p>",previsto,2026-08-13
485,prevision,Potencia disponible de generación Ciclo combinado horizonte año móvil,"<p>Calculada, para cada tipo de producci&oacute;n de generaci&oacute;n convencional como diferencia entre la suma de potencias netas instaladas registradas en el sistema e&middot;sios y el total de la potencia indisponible declarada por los Sujetos del Mercado.</p>

<p>En concreto este indicador se refiere a los grupos con tipo de producci&oacute;n Ciclo combinado. El horizonte a&ntilde;o m&oacute;vil muestra la disponibilidad en funci&oacute;n del plan anual de mantenimiento del equipo generador previsto para los doce meses siguientes.</p>

<p>Este indicador se puede desglosar por provincias.</p>

<p><b>Publicaci&oacute;n:</b> el d&iacute;a 1 de cada mes a partir de las 4:30 horas con los datos por d&iacute;a del mes M hasta M+11.</p>",previsto,2026-08-13
486,prevision,Potencia disponible de generación Fuel horizonte año móvil,"<p>Calculada, para cada tipo de producci&oacute;n de generaci&oacute;n convencional, como diferencia entre la suma de potencias netas instaladas registradas en el sistema e&middot;sios y el total de la potencia indisponible declarada por los Sujetos del Mercado.</p>

<p>En concreto este indicador se refiere a los grupos con tipo de producci&oacute;n Fuel. El horizonte a&ntilde;o m&oacute;vil muestra la disponibilidad en funci&oacute;n del plan anual de mantenimiento del equipo generador previsto para los doce meses siguientes.</p>

<p>Este indicador se puede desglosar por provincias.</p>

<p><b>Publicaci&oacute;n:</b> el d&iacute;a 1 de cada mes a partir de las 4:30 horas con los datos por d&iacute;a del mes M hasta M+11.</p>",previsto,2026-08-13
487,prevision,Potencia disponible de generación Gas Natural horizonte año móvil,"<p>Calculada, para cada tipo de producci&oacute;n de generaci&oacute;n convencional, como diferencia entre la suma de potencias netas instaladas registradas en el sistema e&middot;sios y el total de la potencia indisponible declarada por los Sujetos del Mercado.</p>

<p>En concreto este indicador se refiere a los grupos con tipo de producci&oacute;n Gas Natural. El horizonte a&ntilde;o m&oacute;vil muestra la disponibilidad en funci&oacute;n del plan anual de mantenimiento del equipo generador previsto para los doce meses siguientes.</p>

<p>Este indicador se puede desglosar por provincias.</p>

<p><b>Publicaci&oacute;n:</b> el d&iacute;a 1 de cada mes a partir de las 4:30 horas con los datos por d&iacute;a del mes M hasta M+11.</p>",previsto,2026-08-13
498,prevision,Capacidad de intercambio prevista (NTC) con Francia horizonte semanal importación,"<p>M&aacute;ximo valor admisible del programa de intercambio de energ&iacute;a entre dos sistemas el&eacute;ctricos interconectados, compatible con el cumplimiento de los criterios de seguridad y con las posibles incertidumbres t&eacute;cnicas sobre las condiciones futuras de funcionamiento.</p><p>El proceso de c&aacute;lculo de la capacidad de intercambio se recoge en el P.O.-4.0</p><p>En concreto este indicador se refiere a la previsi&oacute;n de capacidad en la interconexi&oacute;n [MW] con Francia en el sentido FR-&gt;ES para cada hora de la siguiente semana.</p><p><b>Publicaci&oacute;n:</b> Desde el pasado 13 de noviembre de 2020 este indicador dej&oacute; de incorporar nueva informaci&oacute;n.</p>",prevista,2026-08-13
499,prevision,Capacidad de intercambio prevista (NTC) con Portugal horizonte semanal importación,"<p>M&aacute;ximo valor admisible del programa de intercambio de energ&iacute;a entre dos sistemas el&eacute;ctricos interconectados, compatible con el cumplimiento de los criterios de seguridad y con las posibles incertidumbres t&eacute;cnicas sobre las condiciones futuras de funcionamiento.</p><p>El proceso de c&aacute;lculo de la capacidad de intercambio se recoge en el P.O.-4.0</p><p>En concreto este indicador se refiere a la previsi&oacute;n de capacidad en la interconexi&oacute;n [MW] con Portugal en el sentido PT-&gt;ES para cada hora de la siguiente semana.</p><p><b>Publicaci&oacute;n:</b> Desde el pasado 13 de noviembre de 2020 este indicador dej&oacute; de incorporar nueva informaci&oacute;n.</p>",prevista,2026-08-13
500,prevision,Capacidad de intercambio prevista (NTC) con Marruecos horizonte semanal importación,"<p>M&aacute;ximo valor admisible del programa de intercambio de energ&iacute;a entre dos sistemas el&eacute;ctricos interconectados, compatible con el cumplimiento de los criterios de seguridad y con las posibles incertidumbres t&eacute;cnicas sobre las condiciones futuras de funcionamiento.</p><p>El proceso de c&aacute;lculo de la capacidad de intercambio se recoge en el P.O.-4.0</p><p>En concreto este indicador se refiere a la previsi&oacute;n de capacidad en la interconexi&oacute;n [MW] con Marruecos en el sentido MA-&gt;ES para cada hora de la siguiente semana.</p><p><b>Publicaci&oacute;n:</b> Desde el pasado 13 de noviembre de 2020 este indicador dej&oacute; de incorporar nueva informaci&oacute;n.</p>",prevista,2026-08-13
501,prevision,Capacidad de intercambio prevista (NTC) con Andorra horizonte semanal importación,"<p>M&aacute;ximo valor admisible del programa de intercambio de energ&iacute;a entre dos sistemas el&eacute;ctricos interconectados, compatible con el cumplimiento de los criterios de seguridad y con las posibles incertidumbres t&eacute;cnicas sobre las condiciones futuras de funcionamiento.</p><p>El proceso de c&aacute;lculo de la capacidad de intercambio se recoge en el P.O.-4.0</p><p>En concreto este indicador se refiere a la previsi&oacute;n de capacidad en la interconexi&oacute;n [MW] con Andorra en el sentido AN-&gt;ES para cada hora de la siguiente semana.</p><p><b>Publicaci&oacute;n:</b> Desde el pasado 13 de noviembre de 2020 este indicador dej&oacute; de incorporar nueva informaci&oacute;n.</p>",prevista,2026-08-13
502,prevision,Capacidad de intercambio prevista (NTC) con Francia horizonte semanal exportación,"<p>M&aacute;ximo valor admisible del programa de intercambio de energ&iacute;a entre dos sistemas el&eacute;ctricos interconectados, compatible con el cumplimiento de los criterios de seguridad y con las posibles incertidumbres t&eacute;cnicas sobre las condiciones futuras de funcionamiento.</p><p>El proceso de c&aacute;lculo de la capacidad de intercambio se recoge en el P.O.-4.0</p><p>En concreto este indicador se refiere a la previsi&oacute;n de capacidad en la interconexi&oacute;n [MW] con Francia en el sentido ES-&gt;FR para cada hora de la siguiente semana.</p><p><b>Publicaci&oacute;n:</b> Desde el pasado 13 de noviembre de 2020 este indicador dej&oacute; de incorporar nueva informaci&oacute;n.</p>",prevista,2026-08-13
503,prevision,Capacidad de intercambio prevista (NTC) con Portugal horizonte semanal exportación,"<p>M&aacute;ximo valor admisible del programa de intercambio de energ&iacute;a entre dos sistemas el&eacute;ctricos interconectados, compatible con el cumplimiento de los criterios de seguridad y con las posibles incertidumbres t&eacute;cnicas sobre las condiciones futuras de funcionamiento.</p><p>El proceso de c&aacute;lculo de la capacidad de intercambio se recoge en el P.O.-4.0</p><p>En concreto este indicador se refiere a la previsi&oacute;n de capacidad en la interconexi&oacute;n [MW] con Portugal en el sentido ES-&gt;PT para cada hora de la siguiente semana.</p><p><b>Publicaci&oacute;n:</b> Desde el pasado 13 de noviembre de 2020 este indicador dej&oacute; de incorporar nueva informaci&oacute;n.</p>",prevista,2026-08-13
504,prevision,Capacidad de intercambio prevista (NTC) con Marruecos horizonte semanal exportación,"<p>M&aacute;ximo valor admisible del programa de intercambio de energ&iacute;a entre dos sistemas el&eacute;ctricos interconectados, compatible con el cumplimiento de los criterios de seguridad y con las posibles incertidumbres t&eacute;cnicas sobre las condiciones futuras de funcionamiento.</p><p>El proceso de c&aacute;lculo de la capacidad de intercambio se recoge en el P.O.-4.0</p><p>En concreto este indicador se refiere a la previsi&oacute;n de capacidad en la interconexi&oacute;n [MW] con Marruecos en el sentido ES-&gt;MA para cada hora de la siguiente semana.</p><p><b>Publicaci&oacute;n:</b> Desde el pasado 13 de noviembre de 2020 este indicador dej&oacute; de incorporar nueva informaci&oacute;n.</p>",prevista,2026-08-13
505,prevision,Capacidad de intercambio prevista (NTC) con Andorra horizonte semanal exportación,"<p>M&aacute;ximo valor admisible del programa de intercambio de energ&iacute;a entre dos sistemas el&eacute;ctricos interconectados, compatible con el cumplimiento de los criterios de seguridad y con las posibles incertidumbres t&eacute;cnicas sobre las condiciones futuras de funcionamiento.</p><p>El proceso de c&aacute;lculo de la capacidad de intercambio se recoge en el P.O.-4.0</p><p>En concreto este indicador se refiere a la previsi&oacute;n de capacidad en la interconexi&oacute;n [MW] con Andorra en el sentido ES-&gt;AN para cada hora de la siguiente semana.</p><p><b>Publicaci&oacute;n:</b> Desde el pasado 13 de noviembre de 2020 este indicador dej&oacute; de incorporar nueva informaci&oacute;n.</p>",prevista,2026-08-13
510,prevision,Capacidad de intercambio prevista (NTC) con Francia horizonte mensual importación,"<p>M&aacute;ximo valor admisible del programa de intercambio de energ&iacute;a entre dos sistemas el&eacute;ctricos interconectados, compatible con el cumplimiento de los criterios de seguridad y con las posibles incertidumbres t&eacute;cnicas sobre las condiciones futuras de funcionamiento.</p><p>El proceso de c&aacute;lculo de la capacidad de intercambio se recoge en el P.O.-4.0</p><p>En concreto este indicador se refiere a la previsi&oacute;n de capacidad en la interconexi&oacute;n [MW] con Francia en el sentido FR-&gt;ES para cada hora del siguiente mes.</p><p><b>Publicaci&oacute;n:</b> No m&aacute;s tarde de las 13:00 horas del tercer (3.er) d&iacute;a laborable previo a la fecha de ejecuci&oacute;n de las subastas mensuales de capacidad de intercambio correspondientes al mes inmediato siguiente.</p>",prevista,2026-08-13
511,prevision,Capacidad de intercambio prevista (NTC) con Portugal horizonte mensual importación,"<p>M&aacute;ximo valor admisible del programa de intercambio de energ&iacute;a entre dos sistemas el&eacute;ctricos interconectados, compatible con el cumplimiento de los criterios de seguridad y con las posibles incertidumbres t&eacute;cnicas sobre las condiciones futuras de funcionamiento.</p><p>El proceso de c&aacute;lculo de la capacidad de intercambio se recoge en el P.O.-4.0</p><p>En concreto este indicador se refiere a la previsi&oacute;n de capacidad en la interconexi&oacute;n [MW] con Portugal en el sentido PT-&gt;ES para cada hora del siguiente mes.</p><p><b>Publicaci&oacute;n:</b> No m&aacute;s tarde de las 13:00 horas del tercer (3.er) d&iacute;a laborable previo a la fecha de ejecuci&oacute;n de las subastas mensuales de capacidad de intercambio correspondientes al mes inmediato siguiente.</p>",prevista,2026-08-13
512,prevision,Capacidad de intercambio prevista (NTC) con Marruecos horizonte mensual importación,"<p>M&aacute;ximo valor admisible del programa de intercambio de energ&iacute;a entre dos sistemas el&eacute;ctricos interconectados, compatible con el cumplimiento de los criterios de seguridad y con las posibles incertidumbres t&eacute;cnicas sobre las condiciones futuras de funcionamiento.</p><p>El proceso de c&aacute;lculo de la capacidad de intercambio se recoge en el P.O.-4.0</p><p>En concreto este indicador se refiere a la previsi&oacute;n de capacidad en la interconexi&oacute;n [MW] con Marruecos en el sentido MA-&gt;ES para cada hora del siguiente mes.</p><p><b>Publicaci&oacute;n:</b> No m&aacute;s tarde de las 13:00 horas del tercer (3.er) d&iacute;a laborable previo a la fecha de ejecuci&oacute;n de las subastas mensuales de capacidad de intercambio correspondientes al mes inmediato siguiente.</p>",prevista,2026-08-13
513,prevision,Capacidad de intercambio prevista (NTC) con Andorra horizonte mensual importación,"<p>M&aacute;ximo valor admisible del programa de intercambio de energ&iacute;a entre dos sistemas el&eacute;ctricos interconectados, compatible con el cumplimiento de los criterios de seguridad y con las posibles incertidumbres t&eacute;cnicas sobre las condiciones futuras de funcionamiento.</p><p>El proceso de c&aacute;lculo de la capacidad de intercambio se recoge en el P.O.-4.0</p><p>En concreto este indicador se refiere a la previsi&oacute;n de capacidad en la interconexi&oacute;n [MW] con Andorra en el sentido AN-&gt;ES para cada hora del siguiente mes.</p><p><b>Publicaci&oacute;n:</b> No m&aacute;s tarde de las 13:00 horas del tercer (3.er) d&iacute;a laborable previo a la fecha de ejecuci&oacute;n de las subastas mensuales de capacidad de intercambio correspondientes al mes inmediato siguiente.</p>",prevista,2026-08-13
514,prevision,Capacidad de intercambio prevista (NTC) con Francia horizonte mensual exportación,"<p>M&aacute;ximo valor admisible del programa de intercambio de energ&iacute;a entre dos sistemas el&eacute;ctricos interconectados, compatible con el cumplimiento de los criterios de seguridad y con las posibles incertidumbres t&eacute;cnicas sobre las condiciones futuras de funcionamiento.</p><p>El proceso de c&aacute;lculo de la capacidad de intercambio se recoge en el P.O.-4.0</p><p>En concreto este indicador se refiere a la previsi&oacute;n de capacidad en la interconexi&oacute;n [MW] con Francia en el sentido ES-&gt;FR para cada hora del siguiente mes.</p><p><b>Publicaci&oacute;n:</b> No m&aacute;s tarde de las 13:00 horas del tercer (3.er) d&iacute;a laborable previo a la fecha de ejecuci&oacute;n de las subastas mensuales de capacidad de intercambio correspondientes al mes inmediato siguiente.</p>",prevista,2026-08-13
515,prevision,Capacidad de intercambio prevista (NTC) con Portugal horizonte mensual exportación,"<p>M&aacute;ximo valor admisible del programa de intercambio de energ&iacute;a entre dos sistemas el&eacute;ctricos interconectados, compatible con el cumplimiento de los criterios de seguridad y con las posibles incertidumbres t&eacute;cnicas sobre las condiciones futuras de funcionamiento.</p><p>El proceso de c&aacute;lculo de la capacidad de intercambio se recoge en el P.O.-4.0</p><p>En concreto este indicador se refiere a la previsi&oacute;n de capacidad en la interconexi&oacute;n [MW] con Portugal en el sentido ES-&gt;PT para cada hora del siguiente mes.</p><p><b>Publicaci&oacute;n:</b> No m&aacute;s tarde de las 13:00 horas del tercer (3.er) d&iacute;a laborable previo a la fecha de ejecuci&oacute;n de las subastas mensuales de capacidad de intercambio correspondientes al mes inmediato siguiente.</p>",prevista,2026-08-13
516,prevision,Capacidad de intercambio prevista (NTC) con Marruecos horizonte mensual exportación,"<p>M&aacute;ximo valor admisible del programa de intercambio de energ&iacute;a entre dos sistemas el&eacute;ctricos interconectados, compatible con el cumplimiento de los criterios de seguridad y con las posibles incertidumbres t&eacute;cnicas sobre las condiciones futuras de funcionamiento.</p><p>El proceso de c&aacute;lculo de la capacidad de intercambio se recoge en el P.O.-4.0</p><p>En concreto este indicador se refiere a la previsi&oacute;n de capacidad en la interconexi&oacute;n [MW] con Marruecos en el sentido ES-&gt;MA para cada hora del siguiente mes.</p><p><b>Publicaci&oacute;n:</b> No m&aacute;s tarde de las 13:00 horas del tercer (3.er) d&iacute;a laborable previo a la fecha de ejecuci&oacute;n de las subastas mensuales de capacidad de intercambio correspondientes al mes inmediato siguiente.</p>",prevista,2026-08-13
517,prevision,Capacidad de intercambio prevista (NTC) con Andorra horizonte mensual exportación,"<p>M&aacute;ximo valor admisible del programa de intercambio de energ&iacute;a entre dos sistemas el&eacute;ctricos interconectados, compatible con el cumplimiento de los criterios de seguridad y con las posibles incertidumbres t&eacute;cnicas sobre las condiciones futuras de funcionamiento.</p><p>El proceso de c&aacute;lculo de la capacidad de intercambio se recoge en el P.O.-4.0</p><p>En concreto este indicador se refiere a la previsi&oacute;n de capacidad en la interconexi&oacute;n [MW] con Andorra en el sentido ES-&gt;AN para cada hora del siguiente mes.</p><p><b>Publicaci&oacute;n:</b> No m&aacute;s tarde de las 13:00 horas del tercer (3.er) d&iacute;a laborable previo a la fecha de ejecuci&oacute;n de las subastas mensuales de capacidad de intercambio correspondientes al mes inmediato siguiente.</p>",prevista,2026-08-13
518,prevision,Capacidad de intercambio prevista (NTC) con Francia horizonte año móvil importación,"<p>M&aacute;ximo valor admisible del programa de intercambio de energ&iacute;a entre dos sistemas el&eacute;ctricos interconectados, compatible con el cumplimiento de los criterios de seguridad y con las posibles incertidumbres t&eacute;cnicas sobre las condiciones futuras de funcionamiento.</p><p>El proceso de c&aacute;lculo de la capacidad de intercambio se recoge en el P.O.-4.0</p><p>En concreto este indicador se refiere a la previsi&oacute;n de capacidad en la interconexi&oacute;n [MW] con Francia en el sentido FR-&gt;ES para cada hora del siguiente año.</p><p><b>Publicaci&oacute;n:</b> No m&aacute;s tarde del d&eacute;cimo d&iacute;a previo a la fecha de ejecuci&oacute;n de las subastas anuales de capacidad de intercambio correspondientes al año inmediato siguiente y mensualmente con la información de la capacidad mensual.</p>",prevista,2026-08-13
519,prevision,Capacidad de intercambio prevista (NTC) con Portugal horizonte año móvil importación,"<p>M&aacute;ximo valor admisible del programa de intercambio de energ&iacute;a entre dos sistemas el&eacute;ctricos interconectados, compatible con el cumplimiento de los criterios de seguridad y con las posibles incertidumbres t&eacute;cnicas sobre las condiciones futuras de funcionamiento.</p><p>El proceso de c&aacute;lculo de la capacidad de intercambio se recoge en el P.O.-4.0</p><p>En concreto este indicador se refiere a la previsi&oacute;n de capacidad en la interconexi&oacute;n [MW] con Portugal en el sentido PT-&gt;ES para cada hora del siguiente año.</p><p><b>Publicaci&oacute;n:</b> No m&aacute;s tarde del d&eacute;cimo d&iacute;a previo a la fecha de ejecuci&oacute;n de las subastas anuales de capacidad de intercambio correspondientes al año inmediato siguiente y mensualmente con la información de la capacidad mensual.</p>",prevista,2026-08-13
520,prevision,Capacidad de intercambio prevista (NTC) con Marruecos horizonte año móvil importación,"<p>M&aacute;ximo valor admisible del programa de intercambio de energ&iacute;a entre dos sistemas el&eacute;ctricos interconectados, compatible con el cumplimiento de los criterios de seguridad y con las posibles incertidumbres t&eacute;cnicas sobre las condiciones futuras de funcionamiento.</p><p>El proceso de c&aacute;lculo de la capacidad de intercambio se recoge en el P.O.-4.0</p><p>En concreto este indicador se refiere a la previsi&oacute;n de capacidad en la interconexi&oacute;n [MW] con Marruecos en el sentido MA-&gt;ES para cada hora del siguiente año.</p><p><b>Publicaci&oacute;n:</b> No m&aacute;s tarde del d&eacute;cimo d&iacute;a previo a la fecha de ejecuci&oacute;n de las subastas anuales de capacidad de intercambio correspondientes al año inmediato siguiente y mensualmente con la información de la capacidad mensual.</p>",prevista,2026-08-13
521,prevision,Capacidad de intercambio prevista (NTC) con Andorra horizonte año móvil importación,"<p>M&aacute;ximo valor admisible del programa de intercambio de energ&iacute;a entre dos sistemas el&eacute;ctricos interconectados, compatible con el cumplimiento de los criterios de seguridad y con las posibles incertidumbres t&eacute;cnicas sobre las condiciones futuras de funcionamiento.</p><p>El proceso de c&aacute;lculo de la capacidad de intercambio se recoge en el P.O.-4.0</p><p>En concreto este indicador se refiere a la previsi&oacute;n de capacidad en la interconexi&oacute;n [MW] con Andorra en el sentido AN-&gt;ES para cada hora del siguiente año.</p><p><b>Publicaci&oacute;n:</b> No m&aacute;s tarde del d&eacute;cimo d&iacute;a previo a la fecha de ejecuci&oacute;n de las subastas anuales de capacidad de intercambio correspondientes al año inmediato siguiente y mensualmente con la información de la capacidad mensual.</p>",prevista,2026-08-13
522,prevision,Capacidad de intercambio prevista (NTC) con Francia horizonte año móvil exportación,"<p>M&aacute;ximo valor admisible del programa de intercambio de energ&iacute;a entre dos sistemas el&eacute;ctricos interconectados, compatible con el cumplimiento de los criterios de seguridad y con las posibles incertidumbres t&eacute;cnicas sobre las condiciones futuras de funcionamiento.</p><p>El proceso de c&aacute;lculo de la capacidad de intercambio se recoge en el P.O.-4.0</p><p>En concreto este indicador se refiere a la previsi&oacute;n de capacidad en la interconexi&oacute;n [MW] con Francia en el sentido ES-&gt;FR para cada hora del siguiente año.</p><p><b>Publicaci&oacute;n:</b> No m&aacute;s tarde del d&eacute;cimo d&iacute;a previo a la fecha de ejecuci&oacute;n de las subastas anuales de capacidad de intercambio correspondientes al año inmediato siguiente y mensualmente con la información de la capacidad mensual.</p>",prevista,2026-08-13
523,prevision,Capacidad de intercambio prevista (NTC) con Portugal horizonte año móvil exportación,"<p>M&aacute;ximo valor admisible del programa de intercambio de energ&iacute;a entre dos sistemas el&eacute;ctricos interconectados, compatible con el cumplimiento de los criterios de seguridad y con las posibles incertidumbres t&eacute;cnicas sobre las condiciones futuras de funcionamiento.</p><p>El proceso de c&aacute;lculo de la capacidad de intercambio se recoge en el P.O.-4.0</p><p>En concreto este indicador se refiere a la previsi&oacute;n de capacidad en la interconexi&oacute;n [MW] con Portugal en el sentido ES-&gt;PT para cada hora del siguiente año.</p><p><b>Publicaci&oacute;n:</b> No m&aacute;s tarde del d&eacute;cimo d&iacute;a previo a la fecha de ejecuci&oacute;n de las subastas anuales de capacidad de intercambio correspondientes al año inmediato siguiente y mensualmente con la información de la capacidad mensual.</p>",prevista,2026-08-13
524,prevision,Capacidad de intercambio prevista (NTC) con Marruecos horizonte año móvil exportación,"<p>M&aacute;ximo valor admisible del programa de intercambio de energ&iacute;a entre dos sistemas el&eacute;ctricos interconectados, compatible con el cumplimiento de los criterios de seguridad y con las posibles incertidumbres t&eacute;cnicas sobre las condiciones futuras de funcionamiento.</p><p>El proceso de c&aacute;lculo de la capacidad de intercambio se recoge en el P.O.-4.0</p><p>En concreto este indicador se refiere a la previsi&oacute;n de capacidad en la interconexi&oacute;n [MW] con Marruecos en el sentido ES-&gt;MA para cada hora del siguiente año.</p><p><b>Publicaci&oacute;n:</b> No m&aacute;s tarde del d&eacute;cimo d&iacute;a previo a la fecha de ejecuci&oacute;n de las subastas anuales de capacidad de intercambio correspondientes al año inmediato siguiente y mensualmente con la información de la capacidad mensual.</p>",prevista,2026-08-13
525,prevision,Capacidad de intercambio prevista (NTC) con Andorra horizonte año móvil exportación,"<p>M&aacute;ximo valor admisible del programa de intercambio de energ&iacute;a entre dos sistemas el&eacute;ctricos interconectados, compatible con el cumplimiento de los criterios de seguridad y con las posibles incertidumbres t&eacute;cnicas sobre las condiciones futuras de funcionamiento.</p><p>El proceso de c&aacute;lculo de la capacidad de intercambio se recoge en el P.O.-4.0</p><p>En concreto este indicador se refiere a la previsi&oacute;n de capacidad en la interconexi&oacute;n [MW] con Andorra en el sentido ES-&gt;AN para cada hora del siguiente año.</p><p><b>Publicaci&oacute;n:</b> No m&aacute;s tarde del d&eacute;cimo d&iacute;a previo a la fecha de ejecuci&oacute;n de las subastas anuales de capacidad de intercambio correspondientes al año inmediato siguiente y mensualmente con la información de la capacidad mensual.</p>",prevista,2026-08-13
541,prevision,Previsión de la producción eólica peninsular,"<p>Previsi&oacute;n horaria de energ&iacute;a e&oacute;lica seg&uacute;n el Modelo de Predicci&oacute;n E&oacute;lica del Operador del Sistema.</p>

<p><b>Publicaci&oacute;n:</b> cada hora con la previsi&oacute;n desde la hora en curso del d&iacute;a D hasta la &uacute;ltima hora del d&iacute;a D+1.</p>

<p>&nbsp;</p>",previsión,2026-08-13
542,prevision,Generación prevista Solar fotovoltaica,<p>Previsión horaria de generación de energía solar recibida de los Modelos de Predicción.</p><p>En concreto este indicador se refiere a la previsión de energía solar fotovoltaica.</p><p><b>Publicación:</b> cada hora con la información del día D desde la hora H+1 hasta el final del día y el día D+1 completo.</p>,previsión,2026-08-13
543,prevision,Generación prevista Solar térmica,<p>Previsión horaria de generación de energía solar recibida de los Modelos de Predicción.</p><p>En concreto este indicador se refiere a la previsión de energía solar térmica.</p><p><b>Publicación:</b> cada hora con la información del día D desde la hora H+1 hasta el final del día y el día D+1 completo.</p>,previsión,2026-08-13
544,prevision,Demanda prevista,"<p>Es la previsi&oacute;n de consumo que RE elabora teniendo en cuenta los valores de consumo registrados en periodos precedentes similares, as&iacute; como otros factores con influencia en el consumo el&eacute;ctrico como la laboralidad, la climatolog&iacute;a y la actividad econ&oacute;mica. Los valores cincominutales son representandos en forma de curva aplicando unos par&aacute;metros que parabolizan el valor constante horario.</p><p><b>Importante:</b> Esta curva incluye también la estimación del consumo alimentado por las instalaciones de autoconsumo.</p>
<p>Los datos representados en este indicador se refieren a datos Peninsulares.</p>
<p><b>Publicaci&oacute;n:</b> diariamente a las 0:00 horas con la informaci&oacute;n del d&iacute;a D y a las 13:30 horas con las tres primeras horas del d&iacute;a D+1. Un valor cada cinco minutos.</p>",prevista,2026-08-13
570,prevision,Capacidad prevista en el enlace Península - Baleares,<p>Es la capacidad disponible en el enlace HVDC Península-Baleares para la programación del intercambio de energía a través del enlace entre el sistema eléctrico peninsular y el balear.</p><p><b>Publicación:</b> diariamente sobre las 10:30 para el día D+1 y actualización durante el día D si existe un cambio en la previsión.</p>,previsión,2026-08-13
603,prevision,Previsión semanal de la demanda eléctrica peninsular,<p>Previsión de la demanda del sistema peninsular español.</p><p>En concreto este indicador muestra la previsión demanda actualizada semanalmente.</p><p><b>Publicación:</b> cada viernes con la información de la semana S+1 de lunes a domingo. Actualización los domingos.</p>,previsión,2026-08-13
604,prevision,Previsión máxima mensual de la demanda eléctrica peninsular,<p>Previsión de la demanda del sistema peninsular español.</p><p>En concreto este indicador muestra la previsión de la demanda máxima para cada semana del mes siguiente.</p><p><b>Publicación:</b> mensualmente antes del día 22 con la información de las semanas del mes siguiente. Una semana pertenece a un mes si el lunes de dicha semana está incluido en dicho mes.</p>,previsión,2026-08-13
619,prevision,Previsión mínima mensual de la demanda eléctrica peninsular,<p>Previsión de la demanda del sistema peninsular español.</p><p>En concreto este indicador muestra la previsión de la demanda mínima para cada semana del mes siguiente.</p><p><b>Publicación:</b> mensualmente antes del día 22 con la información de las semanas del mes siguiente. Una semana pertenece a un mes si el lunes de dicha semana está incluido en dicho mes.</p>,previsión,2026-08-13
620,prevision,Previsión máxima anual de la demanda eléctrica peninsular,<p>Previsión de la demanda del sistema peninsular español.</p><p>En concreto este indicador muestra la previsión de la demanda máxima para cada semana del año siguiente.</p><p><b>Publicación:</b> anualmente antes del 16 de Diciembre con la información de las semanas del año siguiente. Se publicarán las semanas que pertenezcan al año aaaa (según norma ISO 8601)</p>,previsión,2026-08-13
621,prevision,Previsión mínima anual de la demanda eléctrica peninsular,<p>Previsión de la demanda del sistema peninsular español.</p><p>En concreto este indicador muestra la previsión de la demanda mínima para cada semana del año siguiente.</p><p><b>Publicación:</b> anualmente antes del 16 de Diciembre con la información de las semanas del año siguiente. Se publicarán las semanas que pertenezcan al año aaaa (según norma ISO 8601)</p>,previsión,2026-08-13
622,prevision,Margen generación disponible - máxima demanda prevista,<p>Resta de la previsión de generación disponible menos la previsión de demanda para el año siguiente.</p><p><b>Publicación:</b> anualmente antes del día 15 a las 23:00 horas para el año A+1.</p>,previsión,2026-08-13
630,prevision,Requerimientos reserva de regulación secundaria a subir,"<p>La regulación secundaria es un servicio complementario de carácter potestativo que tiene por objeto el mantenimiento del equilibrio generación-demanda, corrigiendo los desvíos respecto a los programas de intercambio previstos en la interconexión España-Francia, y las desviaciones de la frecuencia.</p><p>Este servicio es retribuido mediante mecanismos de mercado por dos conceptos: disponibilidad (reservas de regulación) y utilización (energía).</p><p>Los Proveedores de Servicio habilitan sus Unidades de Programación para la prestación del servicio de regulación secundaria y envían sus ofertas de reservas de regulación en cada sentido (subir/bajar). La asignación se realiza a nivel Proveedor de Servicio, por criterios de mínimo coste hasta cubrir los requerimientos del sistema, estableciéndose así un precio marginal de reserva de regulación secundaria en cada sentido.</p><p>Este servicio se encuentra regulado en el P.O.-7.2.</p><p>En concreto este indicador se refiere a los requerimientos de regulación de secundaria a subir.</p><p><b>Publicación:</b> diariamente a partir de las 15:00 horas con la información del día D+1.</p>",previsto,2026-08-13
631,prevision,Requerimientos reserva de regulación secundaria a bajar,"<p>La regulación secundaria es un servicio complementario de carácter potestativo que tiene por objeto el mantenimiento del equilibrio generación-demanda, corrigiendo los desvíos respecto a los programas de intercambio previstos en la interconexión España-Francia, y las desviaciones de la frecuencia.</p><p>Este servicio es retribuido mediante mecanismos de mercado por dos conceptos: disponibilidad (reservas de regulación) y utilización (energía).</p><p>Los Proveedores de Servicio habilitan sus Unidades de Programación para la prestación del servicio de regulación secundaria y envían sus ofertas de reservas de regulación en cada sentido (subir/bajar). La asignación se realiza a nivel Proveedor de Servicio, por criterios de mínimo coste hasta cubrir los requerimientos del sistema, estableciéndose así un precio marginal de reserva de regulación secundaria en cada sentido.</p><p>Este servicio se encuentra regulado en el P.O.-7.2.</p><p>En concreto este indicador se refiere a los requerimientos de regulación de secundaria a bajar.</p><p><b>Publicación:</b> diariamente a partir de las 15:00 horas con la información del día D+1.</p>",previsto,2026-08-13
632,prevision,Asignación reserva de regulación secundaria a subir,"<p>La regulación secundaria es un servicio complementario de carácter potestativo que tiene por objeto el mantenimiento del equilibrio generación-demanda, corrigiendo los desvíos respecto a los programas de intercambio previstos en la interconexión España-Francia, y las desviaciones de la frecuencia.</p><p>Este servicio es retribuido mediante mecanismos de mercado por dos conceptos: disponibilidad (reservas de regulación) y utilización (energía).</p><p>Los Proveedores de Servicio habilitan sus Unidades de Programación para la prestación del servicio de regulación secundaria y envían sus ofertas de reservas de regulación en cada sentido (subir/bajar). La asignación se realiza a nivel Proveedor de Servicio, por criterios de mínimo coste hasta cubrir los requerimientos del sistema, estableciéndose así un precio marginal de reserva de regulación secundaria en cada sentido.</p><p>Este servicio se encuentra regulado en el P.O.-7.2.</p><p>En concreto este indicador se refiere a la asignación de las ofertas a subir.</p><p><b>Publicación:</b> diariamente a partir de las 16:30 horas con la información del día D+1.</p>",previsto,2026-08-13
633,prevision,Asignación reserva de regulación secundaria a bajar,"<p>La regulación secundaria es un servicio complementario de carácter potestativo que tiene por objeto el mantenimiento del equilibrio generación-demanda, corrigiendo los desvíos respecto a los programas de intercambio previstos en la interconexión España-Francia, y las desviaciones de la frecuencia.</p><p>Este servicio es retribuido mediante mecanismos de mercado por dos conceptos: disponibilidad (reservas de regulación) y utilización (energía).</p><p>Los Proveedores de Servicio habilitan sus Unidades de Programación para la prestación del servicio de regulación secundaria y envían sus ofertas de reservas de regulación en cada sentido (subir/bajar). La asignación se realiza a nivel Proveedor de Servicio, por criterios de mínimo coste hasta cubrir los requerimientos del sistema, estableciéndose así un precio marginal de reserva de regulación secundaria en cada sentido.</p><p>Este servicio se encuentra regulado en el P.O.-7.2.</p><p>En concreto este indicador se refiere a la asignación de las ofertas a bajar.</p><p><b>Publicación:</b> diariamente a partir de las 16:30 horas con la información del día D+1.</p>",previsto,2026-08-13
634,prevision,Precio reserva de regulación secundaria a bajar,"<p>La regulación secundaria es un servicio complementario de carácter potestativo que tiene por objeto el mantenimiento del equilibrio generación-demanda, corrigiendo los desvíos respecto a los programas de intercambio previstos en la interconexión España-Francia, y las desviaciones de la frecuencia.</p><p>Este servicio es retribuido mediante mecanismos de mercado por dos conceptos: disponibilidad (reservas de regulación) y utilización (energía).</p><p>Los Proveedores de Servicio habilitan sus Unidades de Programación para la prestación del servicio de regulación secundaria y envían sus ofertas de reservas de regulación en cada sentido (subir/bajar). La asignación se realiza a nivel Proveedor de Servicio, por criterios de mínimo coste hasta cubrir los requerimientos del sistema, estableciéndose así un precio marginal de reserva de regulación secundaria en cada sentido.</p><p>Este servicio se encuentra regulado en el P.O.-7.2.</p><p>En concreto este indicador se refiere al precio marginal resultante de reserva de regulación secundaria a bajar.</p><p><b>Publicación:</b> diariamente a partir de las 16:30 horas con la información del día D+1.</p>",previsto,2026-08-13
680,prevision,Energía activada  de regulación secundaria a subir en el sepe,"<p>La regulación secundaria es un servicio complementario de carácter potestativo que tiene por objeto el mantenimiento del equilibrio generación-demanda, corrigiendo los desvíos respecto a los programas de intercambio previstos en la interconexión España-Francia, y las desviaciones de la frecuencia.</p><p>Este servicio es retribuido mediante mecanismos de mercado por dos conceptos: disponibilidad (reservas de regulación) y utilización (energía).</p><p>Los Proveedores de Servicio habilitan sus Unidades de Programación para la prestación del servicio de regulación secundaria y envían sus ofertas de energía de regulación en cada sentido (subir/bajar). La asignación se realiza a nivel Proveedor de Servicio, por criterios de mínimo coste, estableciéndose así un precio marginal de energía de regulación secundaria en cada sentido.</p><p>Este servicio se encuentra regulado en el P.O.-7.2.</p><p>En concreto este indicador se refiere a la energía activada de regulación secundaria a subir en el sistema eléctrico peninsular español.</p><p><b>Publicación:</b> diariamente antes de las 13:00 horas con la información del día anterior.</p>",previsto,2026-08-13
681,prevision,Energía activada  de regulación secundaria a bajar en el sepe,"<p>La regulación secundaria es un servicio complementario de carácter potestativo que tiene por objeto el mantenimiento del equilibrio generación-demanda, corrigiendo los desvíos respecto a los programas de intercambio previstos en la interconexión España-Francia, y las desviaciones de la frecuencia.</p><p>Este servicio es retribuido mediante mecanismos de mercado por dos conceptos: disponibilidad (reservas de regulación) y utilización (energía).</p><p>Los Proveedores de Servicio habilitan sus Unidades de Programación para la prestación del servicio de regulación secundaria y envían sus ofertas de energía de regulación en cada sentido (subir/bajar). La asignación se realiza a nivel Proveedor de Servicio, por criterios de mínimo coste, estableciéndose así un precio marginal de energía de regulación secundaria en cada sentido.</p><p>Este servicio se encuentra regulado en el P.O.-7.2.</p><p>En concreto este indicador se refiere a la energía activada de regulación secundaria a bajar en el sistema eléctrico peninsular español.</p><p><b>Publicación:</b> diariamente antes de las 13:00 horas con la información del día anterior.</p>",previsto,2026-08-13
682,prevision,Precio de energía de regulación secundaria a subir,"<p>La regulación secundaria es un servicio complementario de carácter potestativo que tiene por objeto el mantenimiento del equilibrio generación-demanda, corrigiendo los desvíos respecto a los programas de intercambio previstos en la interconexión España-Francia, y las desviaciones de la frecuencia.</p><p>Este servicio es retribuido mediante mecanismos de mercado por dos conceptos: disponibilidad (reservas de regulación) y utilización (energía).</p><p>Los Proveedores de Servicio habilitan sus Unidades de Programación para la prestación del servicio de regulación secundaria y envían sus ofertas de energía de regulación en cada sentido (subir/bajar). La asignación se realiza a nivel Proveedor de Servicio, por criterios de mínimo coste, estableciéndose así un precio marginal de energía de regulación secundaria en cada sentido.</p><p>Este servicio se encuentra regulado en el P.O.-7.2.</p><p>En concreto este indicador se refiere al precio marginal resultante de energía de regulación secundaria a subir.</p><p><b>Publicación:</b> una vez al día antes de las 13:00 horas con la información del día anterior.</p>",previsto,2026-08-13
683,prevision,Precio de energía de regulación secundaria a bajar,"<p>La regulación secundaria es un servicio complementario de carácter potestativo que tiene por objeto el mantenimiento del equilibrio generación-demanda, corrigiendo los desvíos respecto a los programas de intercambio previstos en la interconexión España-Francia, y las desviaciones de la frecuencia.</p><p>Este servicio es retribuido mediante mecanismos de mercado por dos conceptos: disponibilidad (reservas de regulación) y utilización (energía).</p><p>Los Proveedores de Servicio habilitan sus Unidades de Programación para la prestación del servicio de regulación secundaria y envían sus ofertas de energía de regulación en cada sentido (subir/bajar). La asignación se realiza a nivel Proveedor de Servicio, por criterios de mínimo coste, estableciéndose así un precio marginal de energía de regulación secundaria en cada sentido.</p><p>Este servicio se encuentra regulado en el P.O.-7.2.</p><p>En concreto este indicador se refiere al precio marginal resultante de energía de regulación secundaria a bajar.</p><p><b>Publicación:</b> una vez al día antes de las 13:00 horas con la información del día anterior.</p>",previsto,2026-08-13
712,prevision,Coste de reserva de regulación secundaria a subir,"<p>La regulación secundaria es un servicio complementario de carácter potestativo que tiene por objeto el mantenimiento del equilibrio generación-demanda, corrigiendo los desvíos respecto a los programas de intercambio previstos en la interconexión España-Francia, y las desviaciones de la frecuencia.</p><p>Este servicio es retribuido mediante mecanismos de mercado por dos conceptos: disponibilidad (reservas de regulación) y utilización (energía).</p><p>Los Proveedores de Servicio habilitan sus Unidades de Programación para la prestación del servicio de regulación secundaria y envían sus ofertas de reservas de regulación en cada sentido (subir/bajar). La asignación se realiza a nivel Proveedor de Servicio, por criterios de mínimo coste hasta cubrir los requerimientos del sistema, estableciéndose así un precio marginal de reserva de regulación secundaria en cada sentido.</p><p>Este servicio se encuentra regulado en el P.O.-7.2.</p><p>En concreto este indicador se refiere al coste de asignación del servicio de reserva de regulación secundaria a subir.</p><p><b>Publicación:</b> diariamente a partir de las 19:30 horas con la información del día D+1, y cualquier día para días pasados según el calendario de liquidaciones.</p>",previsto,2026-08-13
713,prevision,Coste unitario soportado por la demanda de reserva de regulación secundaria,"<p>La regulación secundaria es un servicio complementario de carácter potestativo que tiene por objeto el mantenimiento del equilibrio generación-demanda, corrigiendo los desvíos respecto a los programas de intercambio previstos en la interconexión España-Francia, y las desviaciones de la frecuencia.</p><p>Este servicio es retribuido mediante mecanismos de mercado por dos conceptos: disponibilidad (reservas de regulación) y utilización (energía).</p><p>Los Proveedores de Servicio habilitan sus Unidades de Programación para la prestación del servicio de regulación secundaria y envían sus ofertas de reservas de regulación en cada sentido (subir/bajar). La asignación se realiza a nivel Proveedor de Servicio, por criterios de mínimo coste hasta cubrir los requerimientos del sistema, estableciéndose así un precio marginal de reserva de regulación secundaria en cada sentido.</p><p>Este servicio se encuentra regulado en el P.O.-7.2.</p><p>En concreto este indicador se refiere a al coste unitario soportado por la demanda de reserva de regulación secundaria.</p><p><b>Publicación:</b> diariamente a partir de las 19:30 horas con la información del día D+1, y cualquier día para días pasados según el calendario de liquidaciones.</p>",previsto,2026-08-13
718,prevision,Derechos de cobro por energía de regulación secundaria,"<p>La regulación secundaria es un servicio complementario de carácter potestativo que tiene por objeto el mantenimiento del equilibrio generación-demanda, corrigiendo los desvíos respecto a los programas de intercambio previstos en la interconexión España-Francia, y las desviaciones de la frecuencia.</p><p>Este servicio es retribuido mediante mecanismos de mercado por dos conceptos: disponibilidad (reservas de regulación) y utilización (energía).</p><p>Los Proveedores de Servicio habilitan sus Unidades de Programación para la prestación del servicio de regulación secundaria y envían sus ofertas de energía de regulación en cada sentido (subir/bajar). La asignación se realiza a nivel Proveedor de Servicio, por criterios de mínimo coste, estableciéndose así un precio marginal de energía de regulación secundaria en cada sentido.</p><p>Este servicio se encuentra regulado en el P.O.-7.2.</p><p>En concreto este indicador se refiere a los derechos de cobro asociados al proceso de activación de secundaria.</p><p><b>Publicación:</b> diariamente a las 07:45 horas con la información del día anterior y a partir de las 19:30 para días pasados según el calendario de liquidaciones.</p>",previsto,2026-08-13
719,prevision,Obligaciones de pago por energía de regulación secundaria,"<p>La regulación secundaria es un servicio complementario de carácter potestativo que tiene por objeto el mantenimiento del equilibrio generación-demanda, corrigiendo los desvíos respecto a los programas de intercambio previstos en la interconexión España-Francia, y las desviaciones de la frecuencia.</p><p>Este servicio es retribuido mediante mecanismos de mercado por dos conceptos: disponibilidad (reservas de regulación) y utilización (energía).</p><p>Los Proveedores de Servicio habilitan sus Unidades de Programación para la prestación del servicio de regulación secundaria y envían sus ofertas de energía de regulación en cada sentido (subir/bajar). La asignación se realiza a nivel Proveedor de Servicio, por criterios de mínimo coste, estableciéndose así un precio marginal de energía de regulación secundaria en cada sentido.</p><p>Este servicio se encuentra regulado en el P.O.-7.2.</p><p>En concreto este indicador se refiere a las obligaciones de pago asociados al proceso de activación de secundaria.</p><p><b>Publicación:</b> diariamente a las 07:45 horas con la información del día anterior y a partir de las 19:30 para días pasados según el calendario de liquidaciones.</p>",previsto,2026-08-13
899,prevision,Coste asignación de reserva de regulación secundaria a subir,"<p>La regulación secundaria es un servicio complementario de carácter potestativo que tiene por objeto el mantenimiento del equilibrio generación-demanda, corrigiendo los desvíos respecto a los programas de intercambio previstos en la interconexión España-Francia, y las desviaciones de la frecuencia.</p><p>Este servicio es retribuido mediante mecanismos de mercado por dos conceptos: disponibilidad (reservas de regulación) y utilización (energía).</p><p>Los Proveedores de Servicio habilitan sus Unidades de Programación para la prestación del servicio de regulación secundaria y envían sus ofertas de reservas de regulación en cada sentido (subir/bajar). La asignación se realiza a nivel Proveedor de Servicio, por criterios de mínimo coste hasta cubrir los requerimientos del sistema, estableciéndose así un precio marginal de reserva de regulación secundaria en cada sentido.</p><p>Este servicio se encuentra regulado en el P.O.-7.2.</p><p>En concreto este indicador se refiere al coste de asignación del servicio de reserva de regulación secundaria a subir.</p><p><b>Publicación:</b> diariamente a partir de las 19:30 horas con la información del día D+1, y cualquier día para días pasados según el calendario de liquidaciones.</p>",previsto,2026-08-13
1006,prevision,"Perfiles de consumo a efectos de facturación del PVPC Tarifa 2.0 GENERAL BAJA TENSIÓN, POTENCIA INFERIOR A 15 kW","<p>Perfil de carga que se utilizar&aacute; para calcular la facturaci&oacute;n en consumidores acogidos al PVPC cuando el suministro no disponga de equipo de medida con capacidad para telemedida y telegesti&oacute;n, y efectivamente integrado en los correspondientes sistemas, aplicando a las lecturas reales por periodos puestas a disposici&oacute;n de los comercializadores por los encargados de la lectura, dichos perfiles de consumo. Para el c&aacute;lculo de dichos perfiles se utiliza la demanda prevista por el Operador del Sistema.</p><p>En concreto este indicador se refiere a los perfiles de consumo para el c&aacute;lculo de la facturaci&oacute;n del PVPC para la Tarifa 2.0TD.</p><p><b>Publicaci&oacute;n:</b> diariamente sobre las 21:00 horas con la informaci&oacute;n del d&iacute;a D+1.</p>",prevista,2026-08-13
1335,prevision,Demanda del sistema a efectos del cálculo de perfiles,"<p>Perfil final es el perfil de carga que se utilizará para obtener las medidas horarias de los consumidores de un determinado tipo, a partir de registros de medida no horarios.</p><p>Los perfiles finales se calculan según el método de cálculo descrito en la <a href=http://www.boe.es/boe/dias/2015/12/30/pdfs/BOE-A-2015-14277.pdf target=_blank>Resolución de 23 de diciembre de 2015 (y corrección de errores de 30 de marzo de 2016)</a>, de la Dirección General de Política Energética y Minas. Para el cálculo de dichos perfiles se utiliza la demanda prevista por el Operador del Sistema.</p><p>En concreto este indicador se refiere a la demanda del sistema a efectos de la determinación de los perfiles finales de consumo, que se obtiene integrando horariamente los datos de demanda estimados en tiempo real por Red Eléctrica, a partir de telemedidas y valores programados.</p><p>  </p><p><b>Publicación:</b> el día 1 de cada mes antes con los datos del mes M-1 y se actualiza el día 5.</p>",prevista,2026-08-13
1742,prevision,Demanda prevista SNP,"<p>Es la previsi&oacute;n de consumo de los sistemas no peninsulares que REE elabora teniendo en cuenta los valores de consumo registrados en periodos precedentes similares, as&iacute; como otros factores con influencia en el consumo el&eacute;ctrico como la laboralidad, la climatol&oacute;gica y la actividad econ&oacute;mica. Los valores diezminutales son representandos en forma de curva aplicando unos par&aacute;metros que parabolizan el valor constante horario.</p>

<p><b>Publicaci&oacute;n:</b> diariamente a las 0:00 horas con la informaci&oacute;n del d&iacute;a D y a las 13:30 horas con las tres primeras horas del d&iacute;a D+1. Un valor cada cinco&nbsp;minutos.</p>",prevista,2026-08-13
1774,prevision,Previsión demanda anual,"<p>La Circular 4/2019 de la CNMC por la que se establece la metodolog&iacute;a de retribuci&oacute;n del Operador del Sistema, dispone la existencia de incentivos a la calidad de las previsiones de demanda para la pen&iacute;nsula realizadas por el Operador del Sistema, y establece la publicaci&oacute;n de dichas previsiones de demanda en tres horizontes: anual, diario e intradiario.</p>

<p>Este indicador corresponde a la predicci&oacute;n de la demanda peninsular anual realizada por el Operador del Sistema en el mes de diciembre del a&ntilde;o anterior y publicada en el informe de cobertura de dicho mes.</p>

<p><b>Publicaci&oacute;n:</b>&nbsp;anualmente en el mes de diciembre para el siguiente a&ntilde;o.</p>",previsión,2026-08-13
1775,prevision,Previsión diaria D+1 demanda,"<p>La Circular 4/2019 de la CNMC por la que se establece la metodolog&iacute;a de retribuci&oacute;n del Operador del Sistema, dispone la existencia de incentivos a la calidad de las previsiones de demanda para la pen&iacute;nsula realizadas por el Operador del Sistema, y establece la publicaci&oacute;n de dichas previsiones de demanda en tres horizontes: anual, diario e intradiario.</p>

<p>Este indicador corresponde a la predicci&oacute;n diaria de la demanda peninsular para el d&iacute;a siguiente, con desglose horario, publicada antes de las 11:00, una hora antes del cierre de ofertas al mercado diario (actualmente a las 12:00).</p>

<p><b>Publicaci&oacute;n:</b>&nbsp;diariamente a las 11:00 para D+1.</p>",previsión,2026-08-13
1776,prevision,Previsión intradiaria H+3 demanda,"<p>La Circular 4/2019 de la CNMC por la que se establece la metodolog&iacute;a de retribuci&oacute;n del Operador del Sistema, dispone la existencia de incentivos a la calidad de las previsiones de demanda para la pen&iacute;nsula realizadas por el Operador del Sistema, y establece la publicaci&oacute;n de dichas previsiones de demanda en tres horizontes: anual, diario e intradiario.</p>

<p>Este indicador corresponde a la predicci&oacute;n intradiaria de la demanda peninsular, realizada tres horas antes de cada hora.</p>

<p><b>Publicaci&oacute;n:</b>&nbsp;horariamente para el d&iacute;a en curso.</p>",previsión,2026-08-13
1777,prevision,Previsión diaria D+1 eólica,"<p>Este indicador corresponde a la predicci&oacute;n diaria de la generaci&oacute;n peninsular e&oacute;lica para el d&iacute;a siguiente, con desglose horario, publicada antes de las 11:00, una hora antes del cierre de ofertas al mercado diario (actualmente a las 12:00).</p>

<p><b>Publicaci&oacute;n:</b>&nbsp;diariamente a las 11:00 para D+1.</p>",previsión,2026-08-13
1778,prevision,Previsión intradiaria H+3 eólica,"<p>Este indicador corresponde a la predicci&oacute;n intradiaria de la generaci&oacute;n peninsular e&oacute;lica, realizada tres horas antes de cada hora.</p>

<p><b>Publicaci&oacute;n:</b>&nbsp;horariamente para el d&iacute;a en curso.</p>",previsión,2026-08-13
1779,prevision,Previsión diaria D+1 fotovoltaica,"<p>Este indicador corresponde a la predicci&oacute;n diaria de la generaci&oacute;n peninsular fotovoltaica para el d&iacute;a siguiente, con desglose horario, publicada antes de las 11:00, una hora antes del cierre de ofertas al mercado diario (actualmente a las 12:00).</p>

<p><b>Publicaci&oacute;n:</b>&nbsp;diariamente a las 11:00 para D+1.</p>",previsión,2026-08-13
1780,prevision,Previsión intradiaria H+3 fotovoltaica,"<p>Este indicador corresponde a la predicci&oacute;n intradiaria de la generaci&oacute;n peninsular fotovoltaica, realizada tres horas antes de cada hora.</p>

<p><b>Publicaci&oacute;n:</b>&nbsp;horariamente para el d&iacute;a en curso.</p>",previsión,2026-08-13
1844,prevision,Capacidad de intercambio prevista (NTC) con Francia horizonte diario importación,"<p>M&aacute;ximo valor admisible del programa de intercambio de energ&iacute;a entre dos sistemas el&eacute;ctricos interconectados, compatible con el cumplimiento de los criterios de seguridad y con las posibles incertidumbres t&eacute;cnicas sobre las condiciones futuras de funcionamiento.</p><p>El proceso de c&aacute;lculo de la capacidad de intercambio se recoge en el P.O.-4.0</p><p>En concreto este indicador se refiere a la previsi&oacute;n de capacidad en la interconexi&oacute;n [MW] con Francia en el sentido FR-&gt;ES para cada hora del siguiente d&iacute;a.</p><p><b>Publicaci&oacute;n:</b> El d&iacute;a inmediatamente anterior al d&iacute;a de programaci&oacute;n antes de las 11:00 horas</p>",prevista,2026-08-13
1845,prevision,Capacidad de intercambio prevista (NTC) con Portugal horizonte diario importación,"<p>M&aacute;ximo valor admisible del programa de intercambio de energ&iacute;a entre dos sistemas el&eacute;ctricos interconectados, compatible con el cumplimiento de los criterios de seguridad y con las posibles incertidumbres t&eacute;cnicas sobre las condiciones futuras de funcionamiento.</p><p>El proceso de c&aacute;lculo de la capacidad de intercambio se recoge en el P.O.-4.0</p><p>En concreto este indicador se refiere a la previsi&oacute;n de capacidad en la interconexi&oacute;n [MW] con Portugal en el sentido PT-&gt;ES para cada hora del siguiente d&iacute;a.</p><p><b>Publicaci&oacute;n:</b> El d&iacute;a inmediatamente anterior al d&iacute;a de programaci&oacute;n antes de las 11:00 horas</p>",prevista,2026-08-13
1846,prevision,Capacidad de intercambio prevista (NTC) con Marruecos horizonte diario importación,"<p>M&aacute;ximo valor admisible del programa de intercambio de energ&iacute;a entre dos sistemas el&eacute;ctricos interconectados, compatible con el cumplimiento de los criterios de seguridad y con las posibles incertidumbres t&eacute;cnicas sobre las condiciones futuras de funcionamiento.</p><p>El proceso de c&aacute;lculo de la capacidad de intercambio se recoge en el P.O.-4.0</p><p>En concreto este indicador se refiere a la previsi&oacute;n de capacidad en la interconexi&oacute;n [MW] con Marruecos en el sentido MA-&gt;ES para cada hora del siguiente d&iacute;a.</p><p><b>Publicaci&oacute;n:</b> El d&iacute;a inmediatamente anterior al d&iacute;a de programaci&oacute;n antes de las 11:00 horas</p>",prevista,2026-08-13
1848,prevision,Capacidad de intercambio prevista (NTC) con Francia horizonte diario exportación,"<p>M&aacute;ximo valor admisible del programa de intercambio de energ&iacute;a entre dos sistemas el&eacute;ctricos interconectados, compatible con el cumplimiento de los criterios de seguridad y con las posibles incertidumbres t&eacute;cnicas sobre las condiciones futuras de funcionamiento.</p><p>El proceso de c&aacute;lculo de la capacidad de intercambio se recoge en el P.O.-4.0</p><p>En concreto este indicador se refiere a la previsi&oacute;n de capacidad en la interconexi&oacute;n [MW] con Francia en el sentido ES-&gt;FR para cada hora del siguiente d&iacute;a.</p><p><b>Publicaci&oacute;n:</b> El d&iacute;a inmediatamente anterior al d&iacute;a de programaci&oacute;n antes de las 11:00 horas</p>",prevista,2026-08-13
1849,prevision,Capacidad de intercambio prevista (NTC) con Portugal horizonte diario exportación,"<p>M&aacute;ximo valor admisible del programa de intercambio de energ&iacute;a entre dos sistemas el&eacute;ctricos interconectados, compatible con el cumplimiento de los criterios de seguridad y con las posibles incertidumbres t&eacute;cnicas sobre las condiciones futuras de funcionamiento.</p><p>El proceso de c&aacute;lculo de la capacidad de intercambio se recoge en el P.O.-4.0</p><p>En concreto este indicador se refiere a la previsi&oacute;n de capacidad en la interconexi&oacute;n [MW] con Portugal en el sentido ES-&gt;PT para cada hora del siguiente d&iacute;a.</p><p><b>Publicaci&oacute;n:</b> El d&iacute;a inmediatamente anterior al d&iacute;a de programaci&oacute;n antes de las 11:00 horas</p>",prevista,2026-08-13
1850,prevision,Capacidad de intercambio prevista (NTC) con Marruecos horizonte diario exportación,"<p>M&aacute;ximo valor admisible del programa de intercambio de energ&iacute;a entre dos sistemas el&eacute;ctricos interconectados, compatible con el cumplimiento de los criterios de seguridad y con las posibles incertidumbres t&eacute;cnicas sobre las condiciones futuras de funcionamiento.</p><p>El proceso de c&aacute;lculo de la capacidad de intercambio se recoge en el P.O.-4.0</p><p>En concreto este indicador se refiere a la previsi&oacute;n de capacidad en la interconexi&oacute;n [MW] con Marruecos en el sentido ES-&gt;MA para cada hora del siguiente d&iacute;a.</p><p><b>Publicaci&oacute;n:</b> El d&iacute;a inmediatamente anterior al d&iacute;a de programaci&oacute;n antes de las 11:00 horas</p>",prevista,2026-08-13
1941,prevision,Demanda Programada Total Peninsular,<p>Es el resultado de la suma de la demanda programada y la previsión de la energía procedente de las instalaciones de autoconsumo fotovoltaico que no se oferta a través del mercado eléctrico.</p><p>Los datos representados en este indicador se refieren a datos peninsulares.</p><p><b>Publicación:</b> diariamente a las 0:00 horas con la información del día D y a las 13:30 horas con las tres primeras horas del día D+1. Un valor cada cinco minutos.</p>,previsión,2026-08-13
1942,prevision,Demanda Programada total territorios no peninsulares,<p>Es el resultado de la suma de la demanda programada y la previsión de la energía procedente de las instalaciones de autoconsumo fotovoltaico que no se oferta a través del mercado eléctrico.</p><p>Los datos representados en este indicador se refieren a datos peninsulares.</p><p><b>Publicaci&oacute;n:</b> diariamente a las 0:00 horas con la información del día D y a las 13:30 horas con las tres primeras horas del día D+1. Un valor cada cinco minutos.</p>,previsión,2026-08-13
2052,prevision,Demanda real prevista nacional,,prevista,2026-08-13
2117,prevision,Capacidad de intercambio comercial prevista en la interconexión con Francia horizonte intradiario importación,"<p>M&aacute;ximo valor admisible del programa de intercambio de energ&iacute;a entre dos sistemas el&eacute;ctricos interconectados, compatible con el cumplimiento de los criterios de seguridad y con las posibles incertidumbres t&eacute;cnicas sobre las condiciones futuras de funcionamiento.</p>

<p>Esta capacidad es calculada seg&uacute;n los criterios establecidos en el P.O.4.0.</p>

<p>En concreto este indicador se refiere a la capacidad en la interconexi&oacute;n con Francia en el sentido MA-&gt;ES para el d&iacute;a de programaci&oacute;n.</p>

<p><b>Publicaci&oacute;n:</b>&nbsp;el d&iacute;a inmediatamente anterior al d&iacute;a de programaci&oacute;n antes de las 11&nbsp;horas.</p>",prevista,2026-08-13
2118,prevision,Capacidad de intercambio comercial prevista en la interconexión con Francia horizonte intradiario exportación,"<p>M&aacute;ximo valor admisible del programa de intercambio de energ&iacute;a entre dos sistemas el&eacute;ctricos interconectados, compatible con el cumplimiento de los criterios de seguridad y con las posibles incertidumbres t&eacute;cnicas sobre las condiciones futuras de funcionamiento.</p>

<p>Esta capacidad es calculada seg&uacute;n los criterios establecidos en el P.O.4.0.</p>

<p>En concreto este indicador se refiere a la capacidad en la interconexi&oacute;n con Francia en el sentido MA-&gt;ES para el d&iacute;a de programaci&oacute;n.</p>

<p><b>Publicaci&oacute;n:</b>&nbsp;el d&iacute;a inmediatamente anterior al d&iacute;a de programaci&oacute;n antes de las 11&nbsp;horas.</p>",prevista,2026-08-13
2119,prevision,Capacidad de intercambio comercial prevista en la interconexión con Portugal horizonte intradiario importación,"<p>M&aacute;ximo valor admisible del programa de intercambio de energ&iacute;a entre dos sistemas el&eacute;ctricos interconectados, compatible con el cumplimiento de los criterios de seguridad y con las posibles incertidumbres t&eacute;cnicas sobre las condiciones futuras de funcionamiento.</p>

<p>Esta capacidad es calculada seg&uacute;n los criterios establecidos en el P.O.4.0.</p>

<p>En concreto este indicador se refiere a la capacidad en la interconexi&oacute;n con Portugal en el sentido MA-&gt;ES para el d&iacute;a de programaci&oacute;n.</p>

<p><b>Publicaci&oacute;n:</b>&nbsp;el d&iacute;a inmediatamente anterior al d&iacute;a de programaci&oacute;n antes de las 11&nbsp;horas.</p>",prevista,2026-08-13
2120,prevision,Capacidad de intercambio comercial prevista en la interconexión con Portugal horizonte intradiario exportación,"<p>M&aacute;ximo valor admisible del programa de intercambio de energ&iacute;a entre dos sistemas el&eacute;ctricos interconectados, compatible con el cumplimiento de los criterios de seguridad y con las posibles incertidumbres t&eacute;cnicas sobre las condiciones futuras de funcionamiento.</p>

<p>Esta capacidad es calculada seg&uacute;n los criterios establecidos en el P.O.4.0.</p>

<p>En concreto este indicador se refiere a la capacidad en la interconexi&oacute;n con Portugal en el sentido MA-&gt;ES para el d&iacute;a de programaci&oacute;n.</p>

<p><b>Publicaci&oacute;n:</b>&nbsp;el d&iacute;a inmediatamente anterior al d&iacute;a de programaci&oacute;n antes de las 11&nbsp;horas.</p>",prevista,2026-08-13
2127,prevision,Coste de reserva de regulación secundaria a bajar,"<p>La regulación secundaria es un servicio complementario de carácter potestativo que tiene por objeto el mantenimiento del equilibrio generación-demanda, corrigiendo los desvíos respecto a los programas de intercambio previstos en la interconexión España-Francia, y las desviaciones de la frecuencia.</p><p>Este servicio es retribuido mediante mecanismos de mercado por dos conceptos: disponibilidad (reservas de regulación) y utilización (energía).</p><p>Los Proveedores de Servicio habilitan sus Unidades de Programación para la prestación del servicio de regulación secundaria y envían sus ofertas de reservas de regulación en cada sentido (subir/bajar). La asignación se realiza a nivel Proveedor de Servicio, por criterios de mínimo coste hasta cubrir los requerimientos del sistema, estableciéndose así un precio marginal de reserva de regulación secundaria en cada sentido.</p><p>Este servicio se encuentra regulado en el P.O.-7.2.</p><p>En concreto este indicador se refiere al coste de asignación del servicio de reserva de regulación secundaria a bajar.</p><p><b>Publicación:</b> diariamente a partir de las 19:30 horas con la información del día D+1, y cualquier día para días pasados según el calendario de liquidaciones.</p>",previsto,2026-08-13
2129,prevision,Coste asignación de reserva de regulación secundaria a bajar,"<p>La regulación secundaria es un servicio complementario de carácter potestativo que tiene por objeto el mantenimiento del equilibrio generación-demanda, corrigiendo los desvíos respecto a los programas de intercambio previstos en la interconexión España-Francia, y las desviaciones de la frecuencia.</p><p>Este servicio es retribuido mediante mecanismos de mercado por dos conceptos: disponibilidad (reservas de regulación) y utilización (energía).</p><p>Los Proveedores de Servicio habilitan sus Unidades de Programación para la prestación del servicio de regulación secundaria y envían sus ofertas de reservas de regulación en cada sentido (subir/bajar). La asignación se realiza a nivel Proveedor de Servicio, por criterios de mínimo coste hasta cubrir los requerimientos del sistema, estableciéndose así un precio marginal de reserva de regulación secundaria en cada sentido.</p><p>Este servicio se encuentra regulado en el P.O.-7.2.</p><p>En concreto este indicador se refiere al coste de asignación del servicio de reserva de regulación secundaria a bajar.</p><p><b>Publicación:</b> diariamente a partir de las 19:30 horas con la información del día D+1, y cualquier día para días pasados según el calendario de liquidaciones.</p>",previsto,2026-08-13
2130,prevision,Precio Reserva de regulación secundaria a subir,"<p>La regulación secundaria es un servicio complementario de carácter potestativo que tiene por objeto el mantenimiento del equilibrio generación-demanda, corrigiendo los desvíos respecto a los programas de intercambio previstos en la interconexión España-Francia, y las desviaciones de la frecuencia.</p><p>Este servicio es retribuido mediante mecanismos de mercado por dos conceptos: disponibilidad (reservas de regulación) y utilización (energía).</p><p>Los Proveedores de Servicio habilitan sus Unidades de Programación para la prestación del servicio de regulación secundaria y envían sus ofertas de reservas de regulación en cada sentido (subir/bajar). La asignación se realiza a nivel Proveedor de Servicio, por criterios de mínimo coste hasta cubrir los requerimientos del sistema, estableciéndose así un precio marginal de reserva de regulación secundaria en cada sentido.</p><p>Este servicio se encuentra regulado en el P.O.-7.2.</p><p>En concreto este indicador se refiere al precio marginal resultante de reserva de regulación secundaria a subir.</p><p><b>Publicación:</b> diariamente a partir de las 16:30 horas con la información del día D+1.</p>",previsto,2026-08-13
2207,prevision,Necesidad de energía de regulación secundaria subir en el sepe,"<p>La regulación secundaria es un servicio complementario de carácter potestativo que tiene por objeto el mantenimiento del equilibrio generación-demanda, corrigiendo los desvíos respecto a los programas de intercambio previstos en la interconexión España-Francia, y las desviaciones de la frecuencia.</p><p>Este servicio es retribuido mediante mecanismos de mercado por dos conceptos: disponibilidad (reservas de regulación) y utilización (energía).</p><p>Los Proveedores de Servicio habilitan sus Unidades de Programación para la prestación del servicio de regulación secundaria y envían sus ofertas de energía de regulación en cada sentido (subir/bajar). La asignación se realiza a nivel Proveedor de Servicio, por criterios de mínimo coste, estableciéndose así un precio marginal de energía de regulación secundaria en cada sentido.</p><p>Este servicio se encuentra regulado en el P.O.-7.2.</p><p>En concreto este indicador se refiere a las necesidades de energía de regulación secundaria a subir en el sistema eléctrico peninsular español.</p><p><b>Publicación:</b> a más tardar, 30 minutos después del correspondiente periodo de programación.</p>",previsto,2026-08-13
2208,prevision,Necesidad de energía de regulación secundaria bajar en el sepe,"<p>La regulación secundaria es un servicio complementario de carácter potestativo que tiene por objeto el mantenimiento del equilibrio generación-demanda, corrigiendo los desvíos respecto a los programas de intercambio previstos en la interconexión España-Francia, y las desviaciones de la frecuencia.</p><p>Este servicio es retribuido mediante mecanismos de mercado por dos conceptos: disponibilidad (reservas de regulación) y utilización (energía).</p><p>Los Proveedores de Servicio habilitan sus Unidades de Programación para la prestación del servicio de regulación secundaria y envían sus ofertas de energía de regulación en cada sentido (subir/bajar). La asignación se realiza a nivel Proveedor de Servicio, por criterios de mínimo coste, estableciéndose así un precio marginal de energía de regulación secundaria en cada sentido.</p><p>Este servicio se encuentra regulado en el P.O.-7.2.</p><p>En concreto este indicador se refiere a las necesidades de energía de regulación secundaria a bajar en el sistema eléctrico peninsular español.</p><p><b>Publicación:</b> a más tardar, 30 minutos después del correspondiente periodo de programación.</p>",previsto,2026-08-13
2367,prevision,Capacidad de intercambio prevista (NTC) con Francia horizonte anual importación,"<p>M&aacute;ximo valor admisible del programa de intercambio de energ&iacute;a entre dos sistemas el&eacute;ctricos interconectados, compatible con el cumplimiento de los criterios de seguridad y con las posibles incertidumbres t&eacute;cnicas sobre las condiciones futuras de funcionamiento.</p><p>El proceso de c&aacute;lculo de la capacidad de intercambio se recoge en el P.O.-4.0</p><p>En concreto este indicador se refiere a la previsi&oacute;n de capacidad en la interconexi&oacute;n [MW] con Francia en el sentido FR-&gt;ES para cada hora del siguiente año.</p><p><b>Publicaci&oacute;n:</b> No m&aacute;s tarde del d&eacute;cimo d&iacute;a previo a la fecha de ejecuci&oacute;n de las subastas anuales de capacidad de intercambio correspondientes al año inmediato siguiente.</p>",prevista,2026-08-13
2368,prevision,Capacidad de intercambio prevista (NTC) con Portugal horizonte anual importación,"<p>M&aacute;ximo valor admisible del programa de intercambio de energ&iacute;a entre dos sistemas el&eacute;ctricos interconectados, compatible con el cumplimiento de los criterios de seguridad y con las posibles incertidumbres t&eacute;cnicas sobre las condiciones futuras de funcionamiento.</p><p>El proceso de c&aacute;lculo de la capacidad de intercambio se recoge en el P.O.-4.0</p><p>En concreto este indicador se refiere a la previsi&oacute;n de capacidad en la interconexi&oacute;n [MW] con Portugal en el sentido PT-&gt;ES para cada hora del siguiente año.</p><p><b>Publicaci&oacute;n:</b> No m&aacute;s tarde del d&eacute;cimo d&iacute;a previo a la fecha de ejecuci&oacute;n de las subastas anuales de capacidad de intercambio correspondientes al año inmediato siguiente.</p>",prevista,2026-08-13
2369,prevision,Capacidad de intercambio prevista (NTC) con Marruecos horizonte anual importación,"<p>M&aacute;ximo valor admisible del programa de intercambio de energ&iacute;a entre dos sistemas el&eacute;ctricos interconectados, compatible con el cumplimiento de los criterios de seguridad y con las posibles incertidumbres t&eacute;cnicas sobre las condiciones futuras de funcionamiento.</p><p>El proceso de c&aacute;lculo de la capacidad de intercambio se recoge en el P.O.-4.0</p><p>En concreto este indicador se refiere a la previsi&oacute;n de capacidad en la interconexi&oacute;n [MW] con Marruecos en el sentido MA-&gt;ES para cada hora del siguiente año.</p><p><b>Publicaci&oacute;n:</b> No m&aacute;s tarde del d&eacute;cimo d&iacute;a previo a la fecha de ejecuci&oacute;n de las subastas anuales de capacidad de intercambio correspondientes al año inmediato siguiente.</p>",prevista,2026-08-13
2370,prevision,Capacidad de intercambio prevista (NTC) con Andorra horizonte anual importación,"<p>M&aacute;ximo valor admisible del programa de intercambio de energ&iacute;a entre dos sistemas el&eacute;ctricos interconectados, compatible con el cumplimiento de los criterios de seguridad y con las posibles incertidumbres t&eacute;cnicas sobre las condiciones futuras de funcionamiento.</p><p>El proceso de c&aacute;lculo de la capacidad de intercambio se recoge en el P.O.-4.0</p><p>En concreto este indicador se refiere a la previsi&oacute;n de capacidad en la interconexi&oacute;n [MW] con Andorra en el sentido AN-&gt;ES para cada hora del siguiente año.</p><p><b>Publicaci&oacute;n:</b> No m&aacute;s tarde del d&eacute;cimo d&iacute;a previo a la fecha de ejecuci&oacute;n de las subastas anuales de capacidad de intercambio correspondientes al año inmediato siguiente.</p>",prevista,2026-08-13
2371,prevision,Capacidad de intercambio prevista (NTC) con Francia horizonte anual exportación,"<p>M&aacute;ximo valor admisible del programa de intercambio de energ&iacute;a entre dos sistemas el&eacute;ctricos interconectados, compatible con el cumplimiento de los criterios de seguridad y con las posibles incertidumbres t&eacute;cnicas sobre las condiciones futuras de funcionamiento.</p><p>El proceso de c&aacute;lculo de la capacidad de intercambio se recoge en el P.O.-4.0</p><p>En concreto este indicador se refiere a la previsi&oacute;n de capacidad en la interconexi&oacute;n [MW] con Francia en el sentido ES-&gt;FR para cada hora del siguiente año.</p><p><b>Publicaci&oacute;n:</b> No m&aacute;s tarde del d&eacute;cimo d&iacute;a previo a la fecha de ejecuci&oacute;n de las subastas anuales de capacidad de intercambio correspondientes al año inmediato siguiente.</p>",prevista,2026-08-13
2372,prevision,Capacidad de intercambio prevista (NTC) con Portugal horizonte anual exportación,"<p>M&aacute;ximo valor admisible del programa de intercambio de energ&iacute;a entre dos sistemas el&eacute;ctricos interconectados, compatible con el cumplimiento de los criterios de seguridad y con las posibles incertidumbres t&eacute;cnicas sobre las condiciones futuras de funcionamiento.</p><p>El proceso de c&aacute;lculo de la capacidad de intercambio se recoge en el P.O.-4.0</p><p>En concreto este indicador se refiere a la previsi&oacute;n de capacidad en la interconexi&oacute;n [MW] con Portugal en el sentido ES-&gt;PT para cada hora del siguiente año.</p><p><b>Publicaci&oacute;n:</b> No m&aacute;s tarde del d&eacute;cimo d&iacute;a previo a la fecha de ejecuci&oacute;n de las subastas anuales de capacidad de intercambio correspondientes al año inmediato siguiente.</p>",prevista,2026-08-13
2373,prevision,Capacidad de intercambio prevista (NTC) con Marruecos horizonte anual exportación,"<p>M&aacute;ximo valor admisible del programa de intercambio de energ&iacute;a entre dos sistemas el&eacute;ctricos interconectados, compatible con el cumplimiento de los criterios de seguridad y con las posibles incertidumbres t&eacute;cnicas sobre las condiciones futuras de funcionamiento.</p><p>El proceso de c&aacute;lculo de la capacidad de intercambio se recoge en el P.O.-4.0</p><p>En concreto este indicador se refiere a la previsi&oacute;n de capacidad en la interconexi&oacute;n [MW] con Marruecos en el sentido ES-&gt;MA para cada hora del siguiente año.</p><p><b>Publicaci&oacute;n:</b> No m&aacute;s tarde del d&eacute;cimo d&iacute;a previo a la fecha de ejecuci&oacute;n de las subastas anuales de capacidad de intercambio correspondientes al año inmediato siguiente.</p>",prevista,2026-08-13
2374,prevision,Capacidad de intercambio prevista (NTC) con Andorra horizonte anual exportación,"<p>M&aacute;ximo valor admisible del programa de intercambio de energ&iacute;a entre dos sistemas el&eacute;ctricos interconectados, compatible con el cumplimiento de los criterios de seguridad y con las posibles incertidumbres t&eacute;cnicas sobre las condiciones futuras de funcionamiento.</p><p>El proceso de c&aacute;lculo de la capacidad de intercambio se recoge en el P.O.-4.0</p><p>En concreto este indicador se refiere a la previsi&oacute;n de capacidad en la interconexi&oacute;n [MW] con Andorra en el sentido ES-&gt;AN para cada hora del siguiente año.</p><p><b>Publicaci&oacute;n:</b> No m&aacute;s tarde del d&eacute;cimo d&iacute;a previo a la fecha de ejecuci&oacute;n de las subastas anuales de capacidad de intercambio correspondientes al año inmediato siguiente.</p>",prevista,2026-08-13
2563,prevision,Previsión diaria de la demanda eléctrica peninsular en el mercado,"<p>Es la previsión de consumo que Red Eléctrica elabora teniendo en cuenta los valores de consumo registrados en periodos precedentes similares, así como otros factores con influencia en el consumo eléctrico como la laboralidad, la climatología y la actividad económica.</p>
<p><strong>Importante:</strong> Esta curva no incluye la estimación del consumo alimentado por las instalaciones de autoconsumo.</p>
<p><strong>Publicación:</strong> diariamente se actualiza la previsión del día D hasta D+7. Valores cuarto horarios.</p>",previsión,2026-08-13
10034,prevision,Generación prevista Solar,<p>Previsión horaria de generación de energía solar recibida de los Modelos de Predicción.</p><p>El desglose de este indicador muestra el detalle de las previsión de energía solar térmica y fotovoltaica.</p><p><b>Publicación:</b> cada hora con la información del día D desde la hora H+1 hasta el final del día y el día D+1 completo.</p>,previsión,2026-08-13
10056,prevision,Volumen absoluto de energía utilizada de regulación secundaria,"<p>La regulación secundaria es un servicio complementario de carácter potestativo que tiene por objeto el mantenimiento del equilibrio generación-demanda, corrigiendo los desvíos respecto a los programas de intercambio previstos en la interconexión España-Francia, y las desviaciones de la frecuencia.</p> <p>Este servicio es retribuido mediante mecanismos de mercado por dos conceptos: disponibilidad (reservas de regulación) y utilización (energía).</p> <p>Los Proveedores de Servicio habilitan sus Unidades de Programación para la prestación del servicio de regulación secundaria y envían sus ofertas de energía de regulación en cada sentido (subir/bajar). La asignación se realiza a nivel Proveedor de Servicio, por criterios de mínimo coste, estableciéndose así un precio marginal de energía de regulación secundaria en cada sentido.</p> <p>Este servicio se encuentra regulado en el P.O.-7.2.</p> <p>El desglose de este indicador muestra las energías asignadas a subir y a bajar en el proceso de utilización de secundaria, ambas en valor absoluto.</p> <p><b>Publicación:</b> una vez al día antes de las 13:00 horas con la información del día anterior.</p>",previsto,2026-08-13
10232,prevision,Potencia disponible de generación total horizonte año móvil,"<p>Calculada como el sumatorio de las potencias disponibles de generaci&oacute;n convencional de horizonte a&ntilde;o m&oacute;vil.</p>

<p>Para visualizar su composici&oacute;n por favor seleccione Desglose en la opci&oacute;n Comparar con.</p>

<p>El horizonte a&ntilde;o m&oacute;vil muestra la disponibilidad en funci&oacute;n del plan anual de mantenimiento del equipo generador previsto para los doce meses siguientes.</p>

<p>Este indicador se puede desglosar por provincias.</p>

<p><b>Publicaci&oacute;n:</b> el d&iacute;a 1 de cada mes a partir de las 4:30 horas con los datos por d&iacute;a del mes M hasta M+11.</p>",previsto,2026-08-13
10249,prevision,Previsión de la demanda residual,"<p>Previsión resultante de restar a la previsión de la demanda diaria las previsiones solares y eólicas.</p><p>El desglose de este indicador detalla las previsiones de generación eólica, generación solar y diaria de la demanda del sistema eléctrico peninsular.</p><p><b>Publicación:</b> diariamente cuando se publica la previsión de la demanda del día D hasta D+7 y se actualiza cada hora con las previsiones solar y eólica.</p>",previsión,2026-08-13
10252,prevision,Volumen neto de energía utilizada de regulación secundaria,"<p>La regulación secundaria es un servicio complementario de carácter potestativo que tiene por objeto el mantenimiento del equilibrio generación-demanda, corrigiendo los desvíos respecto a los programas de intercambio previstos en la interconexión España-Francia, y las desviaciones de la frecuencia.</p><p>Este servicio es retribuido mediante mecanismos de mercado por dos conceptos: disponibilidad (reservas de regulación) y utilización (energía).</p><p>Los Proveedores de Servicio habilitan sus Unidades de Programación para la prestación del servicio de regulación secundaria y envían sus ofertas de energía de regulación en cada sentido (subir/bajar). La asignación se realiza a nivel Proveedor de Servicio, por criterios de mínimo coste, estableciéndose así un precio marginal de energía de regulación secundaria en cada sentido.</p><p>Este servicio se encuentra regulado en el P.O.-7.2.</p><p>El desglose de este indicador muestra las energías asignadas a subir y a bajar en el proceso de utilización de secundaria, cada una de ellas con su signo.</p><p><b>Publicación:</b> una vez al día antes de las 13:00 horas con la información del día anterior.</p>",previsto,2026-08-13
10323,prevision,Energía de balance a subir,"<p>La regulaci&oacute;n secundaria es un servicio complementario de car&aacute;cter potestativo que tiene por objeto el mantenimiento del equilibrio generaci&oacute;n-demanda, corrigiendo los desv&iacute;os respecto a los programas de intercambio previstos en la interconexi&oacute;n Espa&ntilde;a-Francia, y las desviaciones de la frecuencia.</p>

<p>Este servicio es retribuido mediante mecanismos de mercado por dos conceptos: disponibilidad (banda de regulaci&oacute;n) y utilizaci&oacute;n (energ&iacute;a).</p>

<p>Los productores ofertan banda de regulaci&oacute;n con las Unidades de Programaci&oacute;n habilitadas para la prestaci&oacute;n del servicio que son asignadas por criterios de m&iacute;nimo coste hasta cubrir los requerimientos del sistema, estableci&eacute;ndose as&iacute; un precio marginal de banda de regulaci&oacute;n secundaria.</p>

<p>La regulaci&oacute;n terciaria es un servicio complementario de oferta obligatoria, gestionado y retribuido por mecanismos de mercado. Tiene por objeto la restituci&oacute;n de la reserva de regulaci&oacute;n secundaria que haya sido utilizada. La asignaci&oacute;n del servicio de regulaci&oacute;n terciaria se realiza teniendo en cuenta las ofertas enviadas a tal fin por las Unidades de Programaci&oacute;n habilitadas para la prestaci&oacute;n de este servicio; la valoraci&oacute;n de las modificaciones programadas por regulaci&oacute;n terciaria se realiza al precio marginal de las ofertas asignadas en cada periodo horario.</p>

<p>El mecanismo de gesti&oacute;n de desv&iacute;os es un servicio de car&aacute;cter potestativo que tiene por objeto resolver los desv&iacute;os entre generaci&oacute;n y consumo que pudieran aparecer con posterioridad al cierre de cada sesi&oacute;n del mercado intradiario y hasta el inicio del horizonte de efectividad de la siguiente sesi&oacute;n. La asignaci&oacute;n se basa en las ofertas de incremento y reducci&oacute;n del programa de las Unidades de Programaci&oacute;n habilitadas que participan en dicha convocatoria. La valoraci&oacute;n de las modificaciones programadas para la resoluci&oacute;n de los desv&iacute;os se realiza al precio marginal de las ofertas asignadas en cada periodo horario.</p>

<p>En concreto este indicador se refiere a la energ&iacute;a secundaria utilizada a subir, la energ&iacute;a de terciaria a subir y la energ&iacute;a de gesti&oacute;n de desvios a subir.</p>

<p><b>Publicaci&oacute;n:</b>&nbsp;en el d&iacute;a en curso cada hora para el periodo horario anterior y una vez al d&iacute;a antes de las 13:00 horas con la informaci&oacute;n del d&iacute;a anterior.</p>",previsto,2026-08-13
10324,prevision,Energía de balance a bajar,"<p>La regulaci&oacute;n secundaria es un servicio complementario de car&aacute;cter potestativo que tiene por objeto el mantenimiento del equilibrio generaci&oacute;n-demanda, corrigiendo los desv&iacute;os respecto a los programas de intercambio previstos en la interconexi&oacute;n Espa&ntilde;a-Francia, y las desviaciones de la frecuencia.</p>

<p>Este servicio es retribuido mediante mecanismos de mercado por dos conceptos: disponibilidad (banda de regulaci&oacute;n) y utilizaci&oacute;n (energ&iacute;a).</p>

<p>Los productores ofertan banda de regulaci&oacute;n con las Unidades de Programaci&oacute;n habilitadas para la prestaci&oacute;n del servicio que son asignadas por criterios de m&iacute;nimo coste hasta cubrir los requerimientos del sistema, estableci&eacute;ndose as&iacute; un precio marginal de banda de regulaci&oacute;n secundaria.</p>

<p>La regulaci&oacute;n terciaria es un servicio complementario de oferta obligatoria, gestionado y retribuido por mecanismos de mercado. Tiene por objeto la restituci&oacute;n de la reserva de regulaci&oacute;n secundaria que haya sido utilizada. La asignaci&oacute;n del servicio de regulaci&oacute;n terciaria se realiza teniendo en cuenta las ofertas enviadas a tal fin por las Unidades de Programaci&oacute;n habilitadas para la prestaci&oacute;n de este servicio; la valoraci&oacute;n de las modificaciones programadas por regulaci&oacute;n terciaria se realiza al precio marginal de las ofertas asignadas en cada periodo horario.</p>

<p>El mecanismo de gesti&oacute;n de desv&iacute;os es un servicio de car&aacute;cter potestativo que tiene por objeto resolver los desv&iacute;os entre generaci&oacute;n y consumo que pudieran aparecer con posterioridad al cierre de cada sesi&oacute;n del mercado intradiario y hasta el inicio del horizonte de efectividad de la siguiente sesi&oacute;n. La asignaci&oacute;n se basa en las ofertas de incremento y reducci&oacute;n del programa de las Unidades de Programaci&oacute;n habilitadas que participan en dicha convocatoria. La valoraci&oacute;n de las modificaciones programadas para la resoluci&oacute;n de los desv&iacute;os se realiza al precio marginal de las ofertas asignadas en cada periodo horario.</p>

<p>En concreto este indicador se refiere a la energ&iacute;a utilizada a bajar, la energ&iacute;a asignada de regulaci&oacute;n terciaria a subir y la energ&iacute;a asignada en el proceso de gesti&oacute;n de desv&iacute;os a bajar.</p>

<p><b>Publicaci&oacute;n:</b>&nbsp;en el d&iacute;a en curso cada hora para el periodo horario anterior y una vez al d&iacute;a antes de las 13:00 horas con la informaci&oacute;n del d&iacute;a anterior.</p>",previsto,2026-08-13
10325,prevision,Energía total asignada por seguridad y de balance,"<p>Proceso de soluci&oacute;n de restricciones t&eacute;cnicas PBF o Mercado de seguridad del diario es el proceso realizado por el Operador del sistema consistente en la resoluci&oacute;n de las restricciones t&eacute;cnicas identificadas en el Programa Diario Base de Funcionamiento (Fase I) mediante la modificaci&oacute;n de los programas de las Unidades de Programaci&oacute;n y el posterior proceso de reequilibrio generaci&oacute;n-demanda (Fase II).</p>

<p>El proceso de soluci&oacute;n de restricciones t&eacute;cnicas en Tiempo Real es realizado por el Operador del sistema que consiste en la resoluci&oacute;n de las restricciones t&eacute;cnicas identificadas durante la operaci&oacute;n en tiempo real mediante la modificaci&oacute;n de los programas de las Unidades de Programaci&oacute;n.</p>

<p>La regulaci&oacute;n secundaria es un servicio complementario de car&aacute;cter potestativo que tiene por objeto el mantenimiento del equilibrio generaci&oacute;n-demanda, corrigiendo los desv&iacute;os respecto a los programas de intercambio previstos en la interconexi&oacute;n Espa&ntilde;a-Francia, y las desviaciones de la frecuencia.</p>

<p>La regulaci&oacute;n terciaria es un servicio complementario de oferta obligatoria, gestionado y retribuido por mecanismos de mercado. Tiene por objeto la restituci&oacute;n de la reserva de regulaci&oacute;n secundaria que haya sido utilizada. La asignaci&oacute;n del servicio de regulaci&oacute;n terciaria se realiza teniendo en cuenta las ofertas enviadas a tal fin por las Unidades de Programaci&oacute;n habilitadas para la prestaci&oacute;n de este servicio; la valoraci&oacute;n de las modificaciones programadas por regulaci&oacute;n terciaria se realiza al precio marginal de las ofertas asignadas en cada periodo horario.</p>

<p>El mecanismo de gesti&oacute;n de desv&iacute;os es un servicio de car&aacute;cter potestativo que tiene por objeto resolver los desv&iacute;os entre generaci&oacute;n y consumo que pudieran aparecer con posterioridad al cierre de cada sesi&oacute;n del mercado intradiario y hasta el inicio del horizonte de efectividad de la siguiente sesi&oacute;n. La asignaci&oacute;n se basa en las ofertas de incremento y reducci&oacute;n del programa de las Unidades de Programaci&oacute;n habilitadas que participan en dicha convocatoria. La valoraci&oacute;n de las modificaciones programadas para la resoluci&oacute;n de los desv&iacute;os se realiza al precio marginal de las ofertas asignadas en cada periodo horario.</p>

<p>En concreto este indicador se refiere a la energ&iacute;a asignada en el mercado de seguridad del diario en la fase I,&nbsp;la energ&iacute;a asignada por restricciones en tiempo real,&nbsp;la energ&iacute;a de regulaci&oacute;n secundaria utilizada,&nbsp;la energ&iacute;a asignada de regulaci&oacute;n terciaria y&nbsp;la energ&iacute;a asignada en el proceso de gesti&oacute;n de desv&iacute;os.</p>

<p><b>Publicaci&oacute;n:</b>&nbsp;en el d&iacute;a en curso cada hora para el periodo horario anterior y una vez al d&iacute;a antes de las 13:00 horas con la informaci&oacute;n del d&iacute;a anterior.</p>",previsto,2026-08-13
10358,prevision,Previsión diaria D+1 eólica más fotovoltaica,"<p>La Circular 4/2019 de la CNMC por la que se establece la metodolog&iacute;a de retribuci&oacute;n del Operador del Sistema, dispone la existencia de incentivos a la calidad de las previsiones de generaci&oacute;n e&oacute;lica m&aacute;s fotovoltaica para la pen&iacute;nsula realizadas por el Operador del Sistema, y establece la publicaci&oacute;n de dichas previsiones de generaci&oacute;n renovable e&oacute;lica m&aacute;s fotovoltaica en dos horizontes: diario e intradiario.</p>

<p>Este indicador corresponde a la predicci&oacute;n diaria de la generaci&oacute;n peninsular e&oacute;lica m&aacute;s fotovoltaica para el d&iacute;a siguiente, con desglose horario, publicada antes de las 11:00, una hora antes del cierre de ofertas al mercado diario (actualmente a las 12:00).</p>

<p><b>Publicaci&oacute;n:</b>&nbsp;diariamente a las 11:00 para D+1.</p>",previsión,2026-08-13
10359,prevision,Previsión intradiaria H+3 eólica más fotovoltaica,"<p>La Circular 4/2019 de la CNMC por la que se establece la metodolog&iacute;a de retribuci&oacute;n del Operador del Sistema, dispone la existencia de incentivos a la calidad de las previsiones de generaci&oacute;n e&oacute;lica m&aacute;s fotovoltaica para la pen&iacute;nsula realizadas por el Operador del Sistema, y establece la publicaci&oacute;n de dichas previsiones de generaci&oacute;n renovable e&oacute;lica m&aacute;s fotovoltaica en dos horizontes: diario e intradiario.</p>

<p>Este indicador corresponde a la predicci&oacute;n intradiaria de la generaci&oacute;n peninsular e&oacute;lica m&aacute;s fotovoltaica, realizada tres horas antes de cada hora.</p>

<p><b>Publicaci&oacute;n:</b>&nbsp;horariamente para el d&iacute;a en curso.</p>",previsión,2026-08-13
10388,prevision,Precio medio ponderado reserva de regulación secundaria a subir,"<p>La regulación secundaria es un servicio complementario de carácter potestativo que tiene por objeto el mantenimiento del equilibrio generación-demanda, corrigiendo los desvíos respecto a los programas de intercambio previstos en la interconexión España-Francia, y las desviaciones de la frecuencia.</p><p>Este servicio es retribuido mediante mecanismos de mercado por dos conceptos: disponibilidad (reservas de regulación) y utilización (energía).</p><p>Los Proveedores de Servicio habilitan sus Unidades de Programación para la prestación del servicio de regulación secundaria y envían sus ofertas de reservas de regulación en cada sentido (subir/bajar). La asignación se realiza a nivel Proveedor de Servicio, por criterios de mínimo coste hasta cubrir los requerimientos del sistema, estableciéndose así un precio marginal de reserva de regulación secundaria en cada sentido.</p><p>Este servicio se encuentra regulado en el P.O.-7.2.</p><p>En concreto este indicador se refiere al precio medio ponderado resultante de la asignación de la banda de regulación secundaria a subir.</p><p><b>Publicación:</b> diariamente a partir de las 19:30 horas con la información del día D+1, y cualquier día para días pasados según el calendario de liquidaciones.</p>",previsto,2026-08-13
10389,prevision,Precio medio ponderado de energía de regulación secundaria a subir,"<p>La regulación secundaria es un servicio complementario de carácter potestativo que tiene por objeto el mantenimiento del equilibrio generación-demanda, corrigiendo los desvíos respecto a los programas de intercambio previstos en la interconexión España-Francia, y las desviaciones de la frecuencia.</p><p>Este servicio es retribuido mediante mecanismos de mercado por dos conceptos: disponibilidad (reservas de regulación) y utilización (energía).</p><p>Los Proveedores de Servicio habilitan sus Unidades de Programación para la prestación del servicio de regulación secundaria y envían sus ofertas de energía de regulación en cada sentido (subir/bajar). La asignación se realiza a nivel Proveedor de Servicio, por criterios de mínimo coste, estableciéndose así un precio marginal de energía de regulación secundaria en cada sentido.</p><p>Este servicio se encuentra regulado en el P.O.-7.2.</p><p>En concreto este indicador se refiere al precio medio ponderado resultante de la activación de energía de regulación secundaria a subir.</p><p><b>Publicación:</b> diariamente a las 07:45 horas con la información del día anterior y a partir de las 19:30 para días pasados según el calendario de liquidaciones.</p>",previsto,2026-08-13
10390,prevision,Precio medio ponderado de energía de regulación secundaria a bajar,"<p>La regulación secundaria es un servicio complementario de carácter potestativo que tiene por objeto el mantenimiento del equilibrio generación-demanda, corrigiendo los desvíos respecto a los programas de intercambio previstos en la interconexión España-Francia, y las desviaciones de la frecuencia.</p><p>Este servicio es retribuido mediante mecanismos de mercado por dos conceptos: disponibilidad (reservas de regulación) y utilización (energía).</p><p>Los Proveedores de Servicio habilitan sus Unidades de Programación para la prestación del servicio de regulación secundaria y envían sus ofertas de energía de regulación en cada sentido (subir/bajar). La asignación se realiza a nivel Proveedor de Servicio, por criterios de mínimo coste, estableciéndose así un precio marginal de energía de regulación secundaria en cada sentido.</p><p>Este servicio se encuentra regulado en el P.O.-7.2.</p><p>En concreto este indicador se refiere al precio medio ponderado resultante de la activación de energía de regulación secundaria a bajar.</p><p><b>Publicación:</b> diariamente a las 07:45 horas con la información del día anterior y a partir de las 19:30 para días pasados según el calendario de liquidaciones.</p>",previsto,2026-08-13
10463,prevision,Precio medio ponderado reserva de regulación secundaria a bajar,"<p>La regulación secundaria es un servicio complementario de carácter potestativo que tiene por objeto el mantenimiento del equilibrio generación-demanda, corrigiendo los desvíos respecto a los programas de intercambio previstos en la interconexión España-Francia, y las desviaciones de la frecuencia.</p><p>Este servicio es retribuido mediante mecanismos de mercado por dos conceptos: disponibilidad (reservas de regulación) y utilización (energía).</p><p>Los Proveedores de Servicio habilitan sus Unidades de Programación para la prestación del servicio de regulación secundaria y envían sus ofertas de reservas de regulación en cada sentido (subir/bajar). La asignación se realiza a nivel Proveedor de Servicio, por criterios de mínimo coste hasta cubrir los requerimientos del sistema, estableciéndose así un precio marginal de reserva de regulación secundaria en cada sentido.</p><p>Este servicio se encuentra regulado en el P.O.-7.2.</p><p>En concreto este indicador se refiere al precio medio ponderado resultante de la asignación de la banda de regulación secundaria a bajar.</p><p><b>Publicación:</b> diariamente a partir de las 19:30 horas con la información del día D+1, y cualquier día para días pasados según el calendario de liquidaciones.</p>",previsto,2026-08-13
